REPLACE INTO `creature_template` VALUE ("1776806", "0", "0", "53456", "0", "0", "0", "Heart of the Mountain", "", "", "", "0", "103", "103", "5", "0", "16", "0", "0", "2", "1.71429", "1.14286", "1.4", "1", "0", "6", "1500", "1500", "1", "1", "4", "1075839084", "0", "0", "0", "0", "0", "0", "0", "0", "0", "10", "1075839084", "0", "76806", "0", "0", "0", "0", "0", "0", "0", "0", "0", "0", "0", "0", "0", "0", "0", "0", "0", "2902", "0", "0", "", "0", "4", "1", "419.03", "1", "1", "1", "0", "115479", "0", "0", "0", "0", "0", "0", "0", "0", "1", "0", "617299839", "0", "", "0");
REPLACE INTO `creature_template` VALUE ("1776808", "0", "0", "53469", "0", "0", "0", "Heat Regulator", "", "", "", "0", "103", "103", "5", "0", "16", "0", "0", "4.8", "1.71429", "1.14286", "1", "1", "0", "1", "2000", "2000", "1", "1", "1", "2097228", "0", "0", "0", "0", "0", "0", "0", "0", "0", "9", "2097228", "0", "0", "0", "0", "0", "0", "0", "0", "0", "0", "0", "0", "0", "0", "0", "0", "0", "0", "0", "0", "0", "0", "", "0", "3", "1", "4.616", "1", "1", "1", "0", "0", "0", "0", "0", "0", "0", "0", "0", "0", "1", "0", "0", "0", "", "0");
REPLACE INTO `creature_template` VALUE ("1776809", "0", "0", "53470", "0", "0", "0", "Foreman Feldspar", "", "", "", "0", "103", "103", "5", "0", "16", "0", "0", "2.4", "1.71429", "1.14286", "1", "1", "0", "9", "1500", "1500", "1", "1", "1", "268435520", "0", "0", "0", "0", "0", "0", "0", "0", "0", "7", "270532684", "0", "0", "0", "0", "0", "0", "0", "0", "0", "0", "0", "0", "0", "0", "0", "0", "0", "0", "0", "0", "0", "0", "", "0", "3", "1", "221.49", "1", "1", "1", "0", "0", "0", "0", "0", "0", "0", "0", "0", "0", "1", "0", "550190975", "0", "", "0");
REPLACE INTO `creature_template` VALUE ("1776810", "0", "0", "53472", "0", "0", "0", "Furnace Engineer", "", "", "", "0", "102", "102", "5", "0", "16", "0", "0", "1.6", "1.71429", "1.14286", "1", "1", "0", "6", "2000", "2000", "1", "1", "2", "72", "0", "0", "0", "0", "0", "0", "0", "0", "0", "7", "2097224", "0", "0", "0", "0", "0", "0", "0", "0", "0", "0", "0", "0", "0", "0", "0", "0", "0", "0", "0", "0", "0", "0", "", "0", "3", "1", "20.291", "10", "1", "1", "0", "0", "0", "0", "0", "0", "0", "0", "0", "0", "1", "0", "0", "0", "", "19116");
REPLACE INTO `creature_template` VALUE ("1776811", "0", "0", "53473", "0", "0", "0", "Bellows Operator", "", "", "", "0", "102", "102", "5", "0", "16", "0", "0", "1.6", "1.71429", "1.14286", "1", "1", "0", "6", "2000", "2000", "1", "1", "1", "0", "0", "0", "0", "0", "0", "0", "0", "0", "0", "5", "2097224", "0", "0", "0", "0", "0", "0", "0", "0", "0", "0", "0", "0", "0", "0", "0", "0", "0", "0", "0", "0", "0", "0", "", "0", "3", "1", "38.93", "1", "1", "1", "0", "0", "0", "0", "0", "0", "0", "0", "0", "0", "1", "0", "0", "0", "", "19116");
REPLACE INTO `creature_template` VALUE ("1776812", "0", "0", "53474", "0", "0", "0", "Security Guard", "", "", "", "0", "102", "102", "5", "0", "16", "0", "0", "1.6", "1.71429", "1.14286", "1", "1", "0", "6", "2000", "2000", "1", "1", "1", "72", "0", "0", "0", "0", "0", "0", "0", "0", "0", "7", "2097224", "0", "0", "0", "0", "0", "0", "0", "0", "0", "0", "176143", "0", "0", "0", "0", "0", "0", "0", "0", "0", "0", "0", "", "0", "3", "1", "26.1", "1", "1", "1", "0", "0", "0", "0", "0", "0", "0", "0", "0", "0", "1", "0", "0", "0", "", "19116");
REPLACE INTO `creature_template` VALUE ("1776815", "0", "0", "53475", "0", "0", "0", "Primal Elementalist", "", "", "", "0", "102", "102", "5", "0", "16", "0", "0", "1", "1.14286", "1.14286", "1", "1", "0", "6", "2000", "2000", "1", "1", "1", "0", "2099200", "0", "0", "0", "0", "0", "0", "0", "0", "7", "2097228", "0", "0", "0", "0", "0", "0", "0", "0", "0", "0", "0", "0", "0", "0", "0", "0", "0", "0", "0", "0", "0", "0", "", "0", "3", "1", "86.96", "1", "1", "1", "0", "0", "0", "0", "0", "0", "0", "0", "0", "0", "1", "0", "617299839", "0", "", "19865");
REPLACE INTO `creature_template` VALUE ("1776821", "0", "0", "53477", "0", "0", "0", "Firecaller", "", "", "", "0", "102", "102", "5", "0", "16", "0", "0", "1", "1.14286", "1.14286", "1", "1", "0", "6", "2000", "2000", "1", "1", "1", "0", "0", "0", "0", "0", "0", "0", "0", "0", "0", "7", "2097224", "0", "0", "0", "0", "0", "0", "0", "0", "0", "0", "159115", "0", "0", "0", "0", "0", "0", "0", "0", "0", "0", "0", "", "0", "3", "1", "19.1313", "1", "1", "1", "0", "0", "0", "0", "0", "0", "0", "0", "0", "0", "1", "0", "0", "0", "", "19116");
REPLACE INTO `creature_template` VALUE ("1776877", "0", "0", "55050", "0", "0", "0", "Gruul", "", "", "", "0", "103", "103", "5", "0", "14", "0", "0", "1.6", "1.42857", "1.14286", "1", "3", "0", "11", "2500", "2500", "1", "1", "2", "2097260", "0", "0", "0", "0", "0", "0", "0", "0", "0", "5", "2097260", "0", "76877", "0", "0", "0", "0", "0", "0", "0", "0", "0", "0", "0", "0", "0", "0", "0", "0", "0", "2902", "0", "0", "", "0", "3", "1", "772.50", "0.00827678", "1", "1", "0", "0", "0", "0", "0", "0", "0", "0", "0", "0", "1", "0", "617299839", "0", "", "0");
REPLACE INTO `creature_template` VALUE ("1777182", "0", "0", "54317", "0", "0", "0", "Oregorger", "", "The Devourer", "", "0", "103", "103", "5", "0", "14", "0", "0", "4", "2.85714", "1.14286", "1", "1", "0", "9", "2000", "2000", "1", "1", "2", "2097260", "0", "0", "0", "0", "0", "0", "0", "0", "0", "7", "2097260", "0", "0", "0", "0", "0", "0", "0", "0", "0", "0", "0", "0", "0", "0", "0", "0", "0", "0", "0", "3367", "0", "0", "", "0", "3", "1", "648.89", "0.00827678", "1", "1", "0", "0", "0", "0", "0", "0", "0", "0", "0", "0", "1", "0", "550190975", "0", "", "0");
REPLACE INTO `creature_template` VALUE ('1777252','0','0','53763','0','0','0','Ore Crate','','','','0','100','100','5','0','14','0','0','1','1.14286','1.14286','1','6','0','1','2000','2000','1','1','1','33554432','2048','0','0','0','0','0','0','0','0','10','2098184','0','0','0','0','0','0','0','0','0','0','0','0','0','0','0','0','0','0','0','0','0','0','','0','3','1','1.482','1','1','1','0','0','0','0','0','0','0','0','0','0','1','0','0','0','','19116');
REPLACE INTO `creature_template` VALUE ("1777504", "0", "0", "54559", "0", "0", "0", "Slag Behemoth", "", "", "", "0", "102", "102", "5", "0", "16", "0", "0", "2", "1.42857", "1.14286", "1", "1", "0", "5", "2000", "2000", "1", "1", "1", "2097736", "0", "0", "0", "0", "0", "0", "0", "0", "0", "4", "2097736", "0", "0", "0", "0", "0", "0", "0", "0", "0", "0", "0", "0", "0", "0", "0", "0", "0", "0", "0", "0", "0", "0", "", "0", "3", "1", "296.4", "1", "1", "1", "0", "0", "0", "0", "0", "0", "0", "0", "0", "0", "1", "0", "0", "0", "", "0");
REPLACE INTO `creature_template` VALUE ("1778233", "0", "0", "54379", "0", "0", "0", "Darkshard Crystalback", "", "", "", "0", "102", "102", "5", "0", "14", "0", "0", "0.666668", "0.992063", "1.14286", "1", "1", "0", "2", "2000", "2000", "1", "1", "1", "2097224", "0", "0", "0", "0", "0", "0", "0", "0", "0", "7", "2097224", "0", "78233", "0", "0", "0", "0", "0", "0", "0", "0", "0", "0", "0", "0", "0", "0", "0", "0", "0", "0", "0", "0", "", "0", "3", "1", "35.568", "1", "1", "1", "0", "0", "0", "0", "0", "0", "0", "0", "0", "0", "1", "0", "0", "0", "", "0");
REPLACE INTO `creature_template` VALUE ("1778801", "0", "0", "54720", "0", "0", "0", "Darkshard Acidback", "", "", "", "0", "102", "102", "5", "0", "14", "0", "0", "0.666668", "1.42857", "1.14286", "1", "1", "0", "2", "2000", "2000", "1", "1", "1", "2097224", "0", "0", "0", "0", "0", "0", "0", "0", "0", "7", "2097224", "0", "78801", "0", "0", "0", "0", "0", "0", "0", "0", "0", "0", "0", "0", "0", "0", "0", "0", "0", "0", "0", "0", "", "0", "3", "1", "3", "1", "14.672", "1", "0", "0", "0", "0", "0", "0", "0", "0", "0", "0", "1", "0", "0", "0", "", "0");
REPLACE INTO `creature_template` VALUE ("1778917", "0", "0", "54766", "54767", "54768", "54769", "Iron Laborer", "", "", "", "0", "102", "102", "5", "0", "14", "0", "0", "1", "1.14286", "1.14286", "1", "0", "0", "2", "2000", "2000", "1", "1", "1", "2097224", "0", "0", "0", "0", "0", "0", "0", "0", "0", "7", "2097224", "0", "0", "0", "0", "0", "0", "0", "0", "0", "0", "0", "0", "0", "0", "0", "0", "0", "0", "0", "3491", "0", "0", "", "0", "3", "1", "1", "1", "1", "1", "0", "0", "0", "0", "0", "0", "0", "0", "0", "0", "1", "0", "0", "0", "", "0");
REPLACE INTO `creature_template` VALUE ("1778977", "0", "0", "54766", "54767", "54768", "54769", "Iron Laborer", "", "", "", "0", "102", "102", "5", "0", "14", "0", "0", "1", "1.14286", "1.14286", "1", "0", "0", "2", "2000", "2000", "1", "1", "1", "3145800", "0", "0", "0", "0", "0", "0", "0", "0", "0", "7", "3145800", "0", "0", "0", "0", "0", "0", "0", "0", "0", "0", "0", "0", "0", "0", "0", "0", "0", "0", "0", "0", "0", "0", "", "0", "3", "1", "1", "1", "1", "1", "0", "0", "0", "0", "0", "0", "0", "0", "0", "0", "1", "0", "0", "0", "", "0");
REPLACE INTO `creature_template` VALUE ("1778978", "0", "0", "54802", "0", "0", "0", "Darkshard Gnasher", "", "", "", "0", "102", "102", "5", "0", "14", "0", "0", "0.666668", "1.71429", "1.14286", "1", "1", "0", "2", "2000", "2000", "1", "1", "1", "2097224", "0", "0", "0", "0", "0", "0", "0", "0", "0", "7", "2097224", "0", "78978", "0", "0", "0", "0", "0", "0", "0", "0", "0", "0", "0", "0", "0", "0", "0", "0", "0", "0", "0", "0", "", "0", "3", "1", "29.64", "1", "1", "1", "0", "0", "0", "0", "0", "0", "0", "0", "0", "0", "1", "0", "0", "0", "", "0");
REPLACE INTO `creature_template` VALUE ("1780677", "0", "0", "55909", "0", "0", "0", "Iron Journeyman", "", "", "", "0", "101", "101", "5", "0", "16", "0", "0", "1", "1.14286", "1.14286", "1", "1", "0", "5", "2000", "2000", "1", "1", "1", "2097224", "0", "0", "0", "0", "0", "0", "0", "0", "0", "7", "2097224", "0", "80677", "0", "0", "0", "0", "0", "0", "0", "0", "0", "0", "0", "0", "0", "0", "0", "0", "0", "0", "0", "0", "", "0", "3", "1", "3", "1", "22.35", "1", "0", "0", "0", "0", "0", "0", "0", "0", "0", "0", "1", "0", "0", "0", "", "0");
REPLACE INTO `creature_template` VALUE ("1781114", "0", "0", "0", "56634", "0", "0", "Gronnling Laborer", "", "", "", "0", "102", "102", "5", "0", "16", "0", "0", "1", "1.14286", "1.14286", "1", "1", "0", "5", "2000", "2000", "1", "1", "1", "2097224", "0", "0", "0", "0", "0", "0", "0", "0", "0", "7", "2097224", "0", "0", "0", "0", "0", "0", "0", "0", "0", "0", "0", "0", "0", "0", "0", "0", "0", "0", "0", "0", "0", "0", "", "0", "3", "1", "99.70", "1", "1", "1", "0", "0", "0", "0", "0", "0", "0", "0", "0", "0", "1", "0", "0", "0", "", "0");
REPLACE INTO `creature_template` VALUE ("1781117", "0", "0", "56217", "0", "0", "0", "Karnor the Cruel", "", "", "", "0", "102", "102", "5", "0", "16", "0", "0", "0.777776", "1.85714", "1.14286", "1", "1", "0", "5", "2000", "2000", "1", "1", "1", "2097224", "0", "0", "0", "0", "0", "0", "0", "0", "0", "7", "2097224", "0", "0", "0", "0", "0", "0", "0", "0", "0", "0", "0", "0", "0", "0", "0", "0", "0", "0", "0", "0", "0", "0", "", "2", "3", "1", "88.92", "0.009542", "1", "1", "0", "0", "0", "0", "0", "0", "0", "0", "0", "0", "1", "0", "0", "0", "", "0");
REPLACE INTO `creature_template` VALUE ("1787411", "0", "0", "60191", "58491", "0", "0", "Workshop Guardian", "", "", "", "0", "101", "101", "5", "0", "16", "0", "0", "1", "1.71429", "1.14286", "1", "1", "0", "5", "2000", "2000", "1", "1", "1", "2097224", "0", "0", "0", "0", "0", "0", "0", "0", "0", "7", "2097224", "0", "87411", "0", "0", "0", "0", "0", "0", "0", "0", "0", "0", "0", "0", "0", "0", "0", "0", "0", "0", "0", "0", "", "0", "3", "1", "38.625", "1", "1", "1", "0", "0", "0", "0", "0", "0", "0", "0", "0", "0", "1", "0", "0", "0", "", "0");
REPLACE INTO `creature_template` VALUE ("1787448", "0", "0", "60630", "0", "60318", "0", "Ironworker", "", "", "", "0", "100", "100", "5", "0", "14", "0", "0", "1", "1.71429", "1.14286", "1", "1", "0", "5", "2000", "2000", "1", "1", "1", "0", "0", "0", "0", "0", "0", "0", "0", "0", "0", "7", "0", "0", "87448", "0", "0", "0", "0", "0", "0", "0", "0", "0", "0", "0", "0", "0", "0", "0", "0", "0", "0", "0", "0", "", "0", "3", "1", "9.633", "1", "1", "1", "0", "0", "0", "0", "0", "0", "0", "0", "0", "0", "1", "0", "0", "0", "", "0");
REPLACE INTO `creature_template` VALUE ("1787515", "0", "0", "60369", "60368", "0", "0", "Iron Flame Binder", "", "", "", "0", "101", "101", "5", "0", "16", "0", "0", "1", "1.71429", "1.14286", "1", "1", "0", "5", "2000", "2000", "1", "1", "2", "2097224", "0", "0", "0", "0", "0", "0", "0", "0", "0", "7", "2097224", "0", "87515", "0", "0", "0", "0", "0", "0", "0", "0", "0", "0", "0", "0", "0", "0", "0", "0", "0", "0", "0", "0", "", "0", "3", "1", "29.64", "1", "1", "1", "0", "0", "0", "0", "0", "0", "0", "0", "0", "0", "1", "0", "0", "0", "", "0");
REPLACE INTO `creature_template` VALUE ('1787520','0','0','60375','0','0','0','Animated Slag','','','','0','100','100','5','0','16','0','0','1','1.14286','1.14286','1','0','0','2','1000','1000','1','1','1','32768','2099200','0','0','0','0','0','0','0','0','4','0','0','0','0','0','0','0','0','0','0','0','0','0','0','0','0','0','0','0','0','0','0','0','','0','3','1','2.964','1','1','1','0','0','0','0','0','0','0','164','0','0','1','0','0','0','','19116');
REPLACE INTO `creature_template` VALUE ("1787521", "0", "0", "60370", "0", "0", "0", "Iron Slag-Shaper", "", "", "", "0", "101", "101", "5", "0", "16", "0", "0", "1", "1.71429", "1.14286", "1", "1", "0", "2", "2000", "2000", "1", "1", "2", "2097224", "0", "0", "0", "0", "0", "0", "0", "0", "0", "7", "2097224", "0", "0", "0", "0", "0", "0", "0", "0", "0", "0", "0", "0", "0", "0", "0", "0", "0", "0", "0", "0", "0", "0", "", "0", "3", "1", "29.64", "1", "1", "1", "0", "0", "0", "0", "0", "0", "0", "0", "0", "0", "1", "0", "0", "0", "", "0");
REPLACE INTO `creature_template` VALUE ("1787719", "0", "0", "57543", "0", "0", "0", "Ogron Hauler", "", "", "", "0", "102", "102", "5", "0", "16", "0", "0", "2.4", "1.71429", "1.14286", "1", "1", "0", "7", "1500", "1500", "1", "1", "1", "2097224", "0", "0", "0", "0", "0", "0", "0", "0", "0", "5", "2097224", "0", "0", "0", "0", "0", "0", "0", "0", "0", "0", "0", "0", "0", "0", "0", "0", "0", "0", "0", "0", "0", "0", "", "0", "3", "1", "148.2", "1", "1", "1", "0", "0", "0", "0", "0", "0", "0", "0", "0", "0", "1", "0", "0", "0", "", "0");
REPLACE INTO `creature_template` VALUE ("1787771", "0", "0", "60310", "60311", "60308", "60309", "Slagshop Worker", "", "", "", "0", "101", "101", "5", "0", "16", "0", "0", "1", "1.71429", "1.14286", "1", "0", "0", "3", "2000", "2000", "1", "1", "1", "2097224", "0", "0", "0", "0", "0", "0", "0", "0", "0", "7", "2097224", "0", "87771", "0", "0", "0", "0", "0", "0", "0", "0", "0", "0", "0", "0", "0", "0", "0", "0", "0", "0", "0", "0", "", "0", "3", "1", "11.115", "1", "1", "1", "0", "0", "0", "0", "0", "0", "0", "0", "0", "0", "1", "0", "0", "0", "", "0");
REPLACE INTO `creature_template` VALUE ("1787780", "0", "0", "58663", "59491", "0", "0", "Slagshop Brute", "", "", "", "0", "102", "102", "5", "0", "16", "0", "0", "1.28", "1.71429", "1.14286", "1", "1", "0", "5", "2000", "2000", "1", "1", "1", "2097224", "0", "0", "0", "0", "0", "0", "0", "0", "0", "7", "2097224", "0", "0", "0", "0", "0", "0", "0", "0", "0", "0", "0", "0", "0", "0", "0", "0", "0", "0", "0", "0", "0", "0", "", "0", "3", "1", "81.184", "1", "1", "1", "0", "0", "0", "0", "0", "0", "0", "0", "0", "0", "1", "0", "0", "0", "", "0");
REPLACE INTO `creature_template` VALUE ("1788818", "0", "0", "53474", "0", "0", "0", "Security Guard", "", "", "", "0", "102", "102", "5", "0", "16", "0", "0", "1.6", "1.71429", "1.14286", "1", "1", "0", "6", "2000", "2000", "1", "1", "1", "2097224", "0", "0", "0", "0", "0", "0", "0", "0", "0", "7", "2097224", "0", "0", "0", "0", "0", "0", "0", "0", "0", "0", "176143", "0", "0", "0", "0", "0", "0", "0", "0", "0", "0", "0", "", "0", "3", "1", "25.024", "1", "1", "1", "0", "0", "0", "0", "0", "0", "0", "0", "0", "0", "1", "0", "0", "0", "", "0");
REPLACE INTO `creature_template` VALUE ("1788820", "0", "0", "53472", "0", "0", "0", "Furnace Engineer", "", "", "", "0", "102", "102", "5", "0", "16", "0", "0", "1.6", "1.71429", "1.14286", "1", "1", "0", "6", "2000", "2000", "1", "1", "2", "2097224", "0", "0", "0", "0", "0", "0", "0", "0", "0", "7", "2097224", "0", "0", "0", "0", "0", "0", "0", "0", "0", "0", "0", "0", "0", "0", "0", "0", "0", "0", "0", "0", "0", "0", "", "0", "3", "1", "20.291", "10", "1", "1", "0", "0", "0", "0", "0", "0", "0", "0", "0", "0", "1", "0", "0", "0", "", "0");
REPLACE INTO `creature_template` VALUE ("1788821", "0", "0", "53473", "0", "0", "0", "Bellows Operator", "", "", "", "0", "102", "102", "5", "0", "16", "0", "0", "1.6", "1.71429", "1.14286", "1", "1", "0", "6", "2000", "2000", "1", "1", "1", "0", "0", "0", "0", "0", "0", "0", "0", "0", "0", "5", "2097224", "0", "0", "0", "0", "0", "0", "0", "0", "0", "0", "0", "0", "0", "0", "0", "0", "0", "0", "0", "0", "0", "0", "", "0", "3", "1", "38.93", "1", "1", "1", "0", "0", "0", "0", "0", "0", "0", "0", "0", "0", "1", "0", "0", "0", "", "19865");

DELETE FROM creature_template_difficulty WHERE difficulty_entry IN (1776806, 1776808, 1776809, 1776877, 1777182, 1777504, 1778233, 1778801, 1778917, 1778977, 1778978, 1780677, 1781114, 1781117, 1787411, 1787448);
DELETE FROM creature_template_difficulty WHERE difficulty_entry IN (1787515, 1787521, 1787719, 1787771, 1787780, 1788818, 1788820, 1788821, 1776810, 1776811, 1776812, 1776815, 1776821, 1777252, 1787520);
INSERT INTO creature_template_difficulty VALUES
(76806, 'DIFFICULTY_ENTRY_17', 1776806),
(76808, 'DIFFICULTY_ENTRY_17', 1776808),
(76809, 'DIFFICULTY_ENTRY_17', 1776809),
(76877, 'DIFFICULTY_ENTRY_17', 1776877),
(77182, 'DIFFICULTY_ENTRY_17', 1777182),
(77504, 'DIFFICULTY_ENTRY_17', 1777504),
(78233, 'DIFFICULTY_ENTRY_17', 1778233),
(78801, 'DIFFICULTY_ENTRY_17', 1778801),
(78917, 'DIFFICULTY_ENTRY_17', 1778917),
(78977, 'DIFFICULTY_ENTRY_17', 1778977),
(78978, 'DIFFICULTY_ENTRY_17', 1778978),
(80677, 'DIFFICULTY_ENTRY_17', 1780677),
(81114, 'DIFFICULTY_ENTRY_17', 1781114),
(81117, 'DIFFICULTY_ENTRY_17', 1781117),
(87411, 'DIFFICULTY_ENTRY_17', 1787411),
(87448, 'DIFFICULTY_ENTRY_17', 1787448),
(87515, 'DIFFICULTY_ENTRY_17', 1787515),
(87521, 'DIFFICULTY_ENTRY_17', 1787521),
(87719, 'DIFFICULTY_ENTRY_17', 1787719),
(87771, 'DIFFICULTY_ENTRY_17', 1787771),
(87780, 'DIFFICULTY_ENTRY_17', 1787780),
(88818, 'DIFFICULTY_ENTRY_17', 1788818),
(88820, 'DIFFICULTY_ENTRY_17', 1788820),
(88821, 'DIFFICULTY_ENTRY_17', 1788821),
(76810, 'DIFFICULTY_ENTRY_17', 1776810),
(76811, 'DIFFICULTY_ENTRY_17', 1776811),
(76812, 'DIFFICULTY_ENTRY_17', 1776812),
(76815, 'DIFFICULTY_ENTRY_17', 1776815),
(76821, 'DIFFICULTY_ENTRY_17', 1776821),
(77252, 'DIFFICULTY_ENTRY_17', 1777252),
(87520, 'DIFFICULTY_ENTRY_17', 1787520);

DELETE FROM access_requirement WHERE mapId = 1205 AND difficulty = 17;
INSERT INTO access_requirement (mapId, difficulty, level_min, level_max, itemlevel_min, itemlevel_max, COMMENT) VALUE
(1205, 17, 100, 100, 635, 0, "Blackrock Foundry - LFR");
UPDATE lfr_access_requirement SET ilvl_min = 635, ilvl_max = 0 WHERE dungeon_id = 847;

DELETE FROM lfg_entrances WHERE dungeonId IN (847, 846, 848);
INSERT INTO lfg_entrances VALUES
(847, 'Blackrock Foundry - Slagworks', 131.171875, 3429.481, 319.8291, 0.00135),
(846, 'Blackrock Foundry - Black Forge', 131.171875, 3429.481, 319.8291, 0.00135),
(848, 'Blackrock Foundry - Iron Assembly', 131.171875, 3429.481, 319.8291, 0.00135);

SET @REF_GRUUL_LFR = 1776877;
SET @REF_OREGORGER_LFR = 1777182;
SET @REF_MOUNTAIN_LFR = 1776806;

DELETE FROM reference_loot_template WHERE entry = @REF_GRUUL_LFR;
INSERT INTO reference_loot_template (entry, item, ChanceOrQuestChance, lootmode, groupid, mincountOrRef, maxcount) VALUES
(@REF_GRUUL_LFR, 116242, 0, 1, 1, 1, 1),
(@REF_GRUUL_LFR, 116009, 0, 1, 1, 1, 1),
(@REF_GRUUL_LFR, 116018, 0, 1, 1, 1, 1),
(@REF_GRUUL_LFR, 116229, 0, 1, 1, 1, 1),
(@REF_GRUUL_LFR, 116299, 0, 1, 1, 1, 1),
(@REF_GRUUL_LFR, 116216, 0, 1, 1, 1, 1),
(@REF_GRUUL_LFR, 116307, 0, 1, 1, 1, 1),
(@REF_GRUUL_LFR, 116039, 0, 1, 1, 1, 1),
(@REF_GRUUL_LFR, 116045, 0, 1, 1, 1, 1);

DELETE FROM creature_loot_template WHERE entry = @REF_GRUUL_LFR;
INSERT INTO creature_loot_template (entry, item, ChanceOrQuestChance, lootmode, groupid, mincountOrRef, maxcount) VALUE (@REF_GRUUL_LFR, 1, 100, 1, 0, -@REF_GRUUL_LFR, 6);

UPDATE creature_template SET lootid = @REF_GRUUL_LFR WHERE entry = @REF_GRUUL_LFR;

DELETE FROM reference_loot_template WHERE entry = @REF_OREGORGER_LFR;
INSERT INTO reference_loot_template (entry, item, ChanceOrQuestChance, lootmode, groupid, mincountOrRef, maxcount) VALUES
(@REF_OREGORGER_LFR, 116215, 0, 1, 1, 1, 1),
(@REF_OREGORGER_LFR, 116240, 0, 1, 1, 1, 1),
(@REF_OREGORGER_LFR, 116257, 0, 1, 1, 1, 1),
(@REF_OREGORGER_LFR, 116033, 0, 1, 1, 1, 1),
(@REF_OREGORGER_LFR, 116046, 0, 1, 1, 1, 1),
(@REF_OREGORGER_LFR, 116007, 0, 1, 1, 1, 1),
(@REF_OREGORGER_LFR, 116310, 0, 1, 1, 1, 1),
(@REF_OREGORGER_LFR, 116021, 0, 1, 1, 1, 1),
(@REF_OREGORGER_LFR, 116308, 0, 1, 1, 1, 1),
(@REF_OREGORGER_LFR, 116380, 0, 1, 1, 1, 1),
(@REF_OREGORGER_LFR, 116381, 0, 1, 1, 1, 1);

DELETE FROM creature_loot_template WHERE entry = @REF_OREGORGER_LFR;
INSERT INTO creature_loot_template (entry, item, ChanceOrQuestChance, lootmode, groupid, mincountOrRef, maxcount) VALUE (@REF_OREGORGER_LFR, 1, 100, 1, 0, -@REF_OREGORGER_LFR, 6);

UPDATE creature_template SET lootid = @REF_OREGORGER_LFR WHERE entry = @REF_OREGORGER_LFR;

DELETE FROM reference_loot_template WHERE entry = @REF_MOUNTAIN_LFR;
INSERT INTO reference_loot_template (entry, item, ChanceOrQuestChance, lootmode, groupid, mincountOrRef, maxcount) VALUES
(@REF_MOUNTAIN_LFR, 116241, 0, 1, 1, 1, 1),
(@REF_MOUNTAIN_LFR, 120391, 0, 1, 1, 1, 1),
(@REF_MOUNTAIN_LFR, 116379, 0, 1, 1, 1, 1),
(@REF_MOUNTAIN_LFR, 120385, 0, 1, 1, 1, 1),
(@REF_MOUNTAIN_LFR, 120377, 0, 1, 1, 1, 1),
(@REF_MOUNTAIN_LFR, 116041, 0, 1, 1, 1, 1),
(@REF_MOUNTAIN_LFR, 116037, 0, 1, 1, 1, 1),
(@REF_MOUNTAIN_LFR, 116315, 0, 1, 1, 1, 1),
(@REF_MOUNTAIN_LFR, 120379, 0, 1, 1, 1, 1),
(@REF_MOUNTAIN_LFR, 116228, 0, 1, 1, 1, 1),
(@REF_MOUNTAIN_LFR, 116214, 0, 1, 1, 1, 1),
(@REF_MOUNTAIN_LFR, 116015, 0, 1, 1, 1, 1),
(@REF_MOUNTAIN_LFR, 116004, 0, 1, 1, 1, 1),
(@REF_MOUNTAIN_LFR, 116303, 0, 1, 1, 1, 1),
(@REF_MOUNTAIN_LFR, 116382, 0, 1, 1, 1, 1);

DELETE FROM creature_loot_template WHERE entry = @REF_MOUNTAIN_LFR;
INSERT INTO creature_loot_template (entry, item, ChanceOrQuestChance, lootmode, groupid, mincountOrRef, maxcount) VALUE (@REF_MOUNTAIN_LFR, 1, 100, 1, 0, -@REF_MOUNTAIN_LFR, 6);

UPDATE creature_template SET lootid = @REF_MOUNTAIN_LFR WHERE entry = @REF_MOUNTAIN_LFR;