REPLACE INTO `creature_template` VALUE ("1776794", "0", "0", "53450", "0", "0", "0", "Cinder Wolf", "", "", "", "0", "102", "102", "5", "0", "16", "0", "0", "2.8", "1", "1.14286", "1", "1", "0", "5", "1500", "1500", "1", "1", "1", "72", "128", "0", "0", "0", "0", "0", "0", "0", "0", "4", "2097224", "0", "0", "0", "0", "0", "0", "0", "0", "0", "0", "0", "0", "0", "0", "0", "0", "0", "0", "0", "0", "0", "0", "", "0", "3", "1", "40.17", "1", "1", "1", "0", "0", "0", "0", "0", "0", "0", "0", "0", "0", "1", "0", "0", "268435456", "npc_foundry_cinder_wolf", "0");
REPLACE INTO `creature_template` VALUE ("1776814", "0", "0", "53471", "0", "0", "0", "Flamebender Ka'graz", "", "Shaman of the Burning Blade", "", "0", "103", "103", "5", "0", "16", "0", "0", "1", "1.14286", "1.14286", "1", "1", "0", "11", "1500", "1500", "1", "1", "4", "268435560", "129", "0", "0", "0", "0", "0", "0", "0", "0", "7", "270532716", "1", "0", "0", "0", "0", "0", "0", "0", "0", "0", "0", "0", "0", "0", "0", "0", "0", "0", "0", "3366", "0", "0", "", "0", "3", "1", "642", "0.00827678", "1", "1", "0", "115493", "0", "0", "0", "0", "0", "0", "0", "0", "1", "0", "617299839", "0", "boss_flamebender_kagraz", "0");
REPLACE INTO `creature_template` VALUE ("1776973", "0", "0", "53575", "0", "0", "0", "Hans'gar", "", "", "", "0", "103", "103", "5", "0", "16", "0", "0", "2.8", "2", "1.14286", "1", "1", "0", "13", "1500", "1500", "1", "1", "4", "2097260", "128", "0", "0", "0", "0", "0", "0", "0", "0", "7", "2097260", "0", "76973", "0", "0", "0", "0", "0", "0", "0", "0", "0", "0", "0", "0", "0", "0", "0", "0", "0", "3351", "0", "0", "", "0", "3", "1", "843.96", "1", "1", "1", "0", "0", "0", "0", "0", "0", "0", "0", "0", "0", "1", "0", "617299839", "0", "boss_hansgar", "0");
REPLACE INTO `creature_template` VALUE ("1776974", "0", "0", "53576", "0", "0", "0", "Franzok", "", "", "", "0", "103", "103", "5", "0", "16", "0", "0", "2.8", "2", "1.14286", "1", "1", "0", "13", "1500", "1500", "1", "1", "4", "2097260", "128", "0", "0", "0", "0", "0", "0", "0", "0", "7", "2097260", "0", "0", "0", "0", "0", "0", "0", "0", "0", "0", "0", "0", "0", "0", "0", "0", "0", "0", "0", "3383", "0", "0", "", "0", "3", "1", "843.96", "1", "1", "1", "0", "0", "0", "0", "0", "0", "0", "0", "0", "0", "1", "0", "617299839", "0", "boss_franzok", "0");
REPLACE INTO `creature_template` VALUE ("1776996", "0", "0", "11686", "0", "0", "0", "Flamebender Ka'graz", "", "", "", "0", "1", "1", "5", "0", "14", "0", "0", "1", "1.14286", "1.14286", "1", "0", "0", "1", "2000", "2000", "1", "1", "1", "0", "128", "0", "0", "0", "0", "0", "0", "0", "0", "10", "0", "0", "0", "0", "0", "0", "0", "0", "0", "0", "0", "0", "0", "0", "0", "0", "0", "0", "0", "0", "0", "0", "0", "", "0", "3", "1", "0.01", "1", "1", "1", "0", "0", "0", "0", "0", "0", "0", "0", "0", "0", "1", "0", "0", "0", "npc_foundry_flamebender_kagraz_trigger", "0");
REPLACE INTO `creature_template` VALUE ("1777043", "0", "0", "11686", "0", "0", "0", "Lava Stalker", "", "", "", "0", "100", "100", "0", "0", "16", "0", "0", "1", "1.14286", "1.14286", "1", "0", "0", "1", "2000", "2000", "1", "1", "1", "1048576", "128", "0", "0", "0", "0", "0", "0", "0", "0", "10", "0", "0", "0", "0", "0", "0", "0", "0", "0", "0", "0", "0", "0", "0", "0", "0", "0", "0", "0", "0", "0", "0", "0", "", "0", "4", "1", "0.01", "1", "1", "1", "0", "0", "0", "0", "0", "0", "0", "0", "0", "0", "1", "0", "0", "0", "npc_foundry_lava_stalker", "0");
REPLACE INTO `creature_template` VALUE ("1777253", "0", "0", "11686", "0", "0", "0", "Molten Torrent Stalker", "", "", "", "0", "1", "1", "5", "0", "14", "0", "0", "1", "1.14286", "1.14286", "1", "0", "0", "1", "2000", "2000", "1", "1", "1", "0", "128", "0", "0", "0", "0", "0", "0", "0", "0", "10", "0", "0", "0", "0", "0", "0", "0", "0", "0", "0", "0", "0", "0", "0", "0", "0", "0", "0", "0", "0", "0", "0", "0", "", "0", "4", "1", "0.01", "1", "1", "1", "0", "0", "0", "0", "0", "0", "0", "0", "0", "0", "1", "0", "0", "128", "npc_foundry_molten_torrent_stalker", "0");
REPLACE INTO `creature_template` VALUE ("1777258", "0", "0", "59037", "0", "0", "0", "Forge Overdrive", "", "", "", "0", "100", "100", "5", "0", "2000", "0", "0", "1", "1", "1.14286", "1", "0", "0", "1", "2000", "2000", "1", "1", "1", "33554432", "0", "0", "0", "0", "0", "0", "0", "0", "0", "10", "0", "0", "0", "0", "0", "0", "0", "0", "0", "0", "0", "0", "0", "0", "0", "0", "0", "0", "0", "0", "0", "0", "0", "", "0", "3", "1", "1", "1", "1", "1", "0", "0", "0", "0", "0", "0", "0", "0", "0", "0", "1", "0", "0", "0", "npc_foundry_forge_overdrive", "0");
REPLACE INTO `creature_template` VALUE ("1777337", "0", "0", "53812", "0", "0", "0", "Aknor Steelbringer", "", "", "", "0", "102", "102", "5", "0", "16", "0", "0", "1", "1.14286", "1.14286", "1", "1", "0", "6", "1500", "1500", "1", "1", "1", "270532680", "128", "0", "0", "0", "0", "0", "0", "0", "0", "7", "270532680", "0", "0", "0", "0", "0", "0", "0", "0", "0", "0", "0", "0", "0", "0", "0", "0", "0", "0", "0", "0", "0", "0", "", "0", "3", "1", "44.8", "1", "1", "1", "0", "0", "0", "0", "0", "0", "0", "0", "0", "0", "1", "0", "617299839", "268435456", "npc_foundry_aknor_steelbringer", "0");
REPLACE INTO `creature_template` VALUE ("1777692", "0", "0", "56214", "0", "0", "0", "Kromog", "", "Legend of the Mountain", "", "0", "103", "103", "5", "0", "16", "0", "0", "1", "0.992063", "1.14286", "1", "3", "0", "11", "2000", "2000", "1", "1", "1", "2097260", "128", "0", "0", "0", "0", "0", "0", "0", "0", "5", "2097260", "0", "0", "0", "0", "0", "0", "0", "0", "0", "0", "0", "0", "0", "0", "0", "0", "0", "0", "0", "0", "0", "0", "", "0", "4", "1", "759.624", "50", "1", "1", "0", "0", "0", "0", "0", "0", "0", "0", "0", "0", "1", "0", "617299839", "1073741824", "boss_kromog", "0");
REPLACE INTO `creature_template` VALUE ("1777709", "0", "0", "15294", "0", "0", "0", "Enchanted Armament", "", "", "", "0", "102", "102", "5", "0", "14", "0", "0", "1", "0.357143", "1.14286", "1", "0", "0", "5", "2000", "2000", "1", "1", "1", "269484040", "0", "0", "0", "0", "0", "0", "0", "0", "0", "10", "269484040", "0", "0", "0", "0", "0", "0", "0", "0", "0", "0", "0", "0", "0", "0", "0", "0", "0", "0", "0", "3572", "0", "0", "", "0", "4", "1", "0.01", "1", "1", "1", "0", "0", "0", "0", "0", "0", "0", "0", "0", "0", "1", "0", "0", "0", "npc_foundry_kagraz_enchanted_armament", "0");
REPLACE INTO `creature_template` VALUE ("1777842", "0", "0", "46710", "0", "0", "0", "Stone Wall", "", "", "", "0", "1", "1", "5", "0", "35", "0", "0", "1", "1.14286", "1.14286", "1", "0", "0", "1", "2000", "2000", "1", "1", "1", "0", "0", "0", "0", "0", "0", "0", "0", "0", "0", "10", "1074791424", "0", "0", "0", "0", "0", "0", "0", "0", "0", "0", "0", "0", "0", "0", "0", "0", "0", "0", "0", "0", "0", "0", "", "0", "3", "1", "1", "1", "1", "1", "0", "0", "0", "0", "0", "0", "0", "84", "0", "0", "1", "0", "0", "0", "npc_foundry_stone_wall", "19116");
REPLACE INTO `creature_template` VALUE ("1777844", "0", "0", "11686", "0", "0", "0", "Rune of Crushing Earth", "", "", "", "0", "103", "103", "5", "0", "14", "0", "0", "1.6", "0.571429", "1.14286", "1", "0", "0", "1", "2000", "2000", "1", "1", "1", "1074791424", "0", "0", "0", "0", "0", "0", "0", "0", "0", "10", "1074791424", "0", "0", "0", "0", "0", "0", "0", "0", "0", "0", "0", "0", "0", "0", "0", "0", "0", "0", "0", "3414", "0", "0", "", "0", "3", "1", "1", "1", "1", "1", "0", "0", "0", "0", "0", "0", "0", "0", "0", "0", "1", "0", "0", "0", "npc_foundry_rune_of_crushing_earth", "0");
REPLACE INTO `creature_template` VALUE ("1777893", "0", "0", "55720", "0", "0", "0", "Grasping Earth", "", "", "", "0", "102", "102", "5", "0", "14", "0", "0", "1.6", "0.571429", "1.14286", "1", "1", "0", "1", "2000", "2000", "1", "1", "1", "64", "0", "0", "0", "0", "0", "0", "0", "0", "0", "10", "64", "0", "0", "0", "0", "0", "0", "0", "0", "0", "0", "0", "0", "0", "0", "0", "0", "0", "0", "0", "3417", "0", "0", "", "0", "3", "1", "3", "1", "1", "1", "0", "0", "0", "0", "0", "0", "0", "0", "0", "0", "1", "0", "0", "0", "npc_foundry_grasping_earth", "0");
REPLACE INTO `creature_template` VALUE ("1777929", "0", "0", "0", "46710", "0", "0", "Reverberation", "", "", "", "0", "103", "103", "5", "0", "14", "0", "0", "0.4", "1.14286", "1.14286", "0.1", "0", "0", "1", "5000", "5000", "1", "1", "1", "16778304", "32", "0", "0", "0", "0", "0", "0", "0", "0", "10", "16778304", "32", "0", "0", "0", "0", "0", "0", "0", "0", "0", "0", "0", "0", "0", "0", "0", "0", "0", "0", "0", "0", "0", "", "0", "4", "1", "9", "7", "1", "1", "0", "0", "0", "0", "0", "0", "0", "0", "0", "0", "1", "0", "0", "0", "npc_foundry_reverberation", "0");
REPLACE INTO `creature_template` VALUE ("1778055", "0", "0", "0", "46710", "0", "0", "Rippling Smash", "", "", "", "0", "103", "103", "5", "0", "14", "0", "0", "0.4", "1.14286", "1.14286", "1", "0", "0", "1", "5000", "5000", "1", "1", "1", "16778304", "32", "0", "0", "0", "0", "0", "0", "0", "0", "10", "16778304", "32", "0", "0", "0", "0", "0", "0", "0", "0", "0", "0", "0", "0", "0", "0", "0", "0", "0", "0", "0", "0", "0", "", "0", "4", "1", "9", "7", "1", "1", "0", "0", "0", "0", "0", "0", "0", "0", "0", "0", "1", "0", "0", "128", "npc_foundry_rippling_smash", "0");
REPLACE INTO `creature_template` VALUE ("1778358", "0", "0", "16925", "0", "0", "0", "Stamping Presses", "", "", "", "0", "100", "100", "5", "0", "2000", "0", "0", "1", "0.992063", "1.14286", "1", "0", "0", "1", "2000", "2000", "1", "1", "1", "32", "0", "0", "0", "0", "0", "0", "0", "0", "0", "10", "32", "0", "0", "0", "0", "0", "0", "0", "0", "0", "0", "0", "0", "0", "0", "0", "0", "0", "0", "0", "0", "0", "0", "", "0", "3", "1", "1", "1", "1", "1", "0", "0", "0", "0", "0", "0", "0", "0", "0", "0", "1", "0", "0", "0", "npc_foundry_stamping_presses", "0");
REPLACE INTO `creature_template` VALUE ("1778823", "0", "0", "11686", "0", "0", "0", "Scorching Burns", "", "", "", "0", "100", "100", "5", "0", "2000", "0", "0", "1", "0.992063", "1.14286", "1", "0", "0", "1", "2000", "2000", "1", "1", "1", "1048576", "0", "0", "0", "0", "0", "0", "0", "0", "0", "10", "1048576", "0", "0", "0", "0", "0", "0", "0", "0", "0", "0", "0", "0", "0", "0", "0", "0", "0", "0", "0", "0", "0", "0", "", "0", "4", "1", "1", "1", "1", "1", "0", "0", "0", "0", "0", "0", "0", "0", "0", "0", "1", "0", "0", "0", "npc_foundry_scorching_burns", "0");
REPLACE INTO `creature_template` VALUE ("1779200", "0", "0", "54946", "0", "0", "0", "Blackrock Forge Specialist", "", "", "", "0", "101", "101", "5", "0", "16", "0", "0", "1", "1.14286", "1.14286", "1", "1", "0", "5", "2000", "2000", "1", "1", "1", "2097224", "0", "0", "0", "0", "0", "0", "0", "0", "0", "7", "2097224", "0", "0", "79200", "0", "0", "0", "0", "0", "0", "0", "0", "0", "0", "0", "0", "0", "0", "0", "0", "0", "0", "0", "", "0", "3", "1", "38.63", "1", "1", "1", "0", "0", "0", "0", "0", "0", "0", "0", "0", "0", "1", "0", "0", "0", "npc_foundry_blackrock_forge_specialist", "0");
REPLACE INTO `creature_template` VALUE ("1779208", "0", "0", "54945", "0", "0", "0", "Blackrock Enforcer", "", "", "", "0", "101", "101", "5", "0", "16", "0", "0", "1", "1.14286", "1.14286", "1", "1", "0", "5", "2000", "2000", "1", "1", "1", "2097224", "0", "0", "0", "0", "0", "0", "0", "0", "0", "7", "2097224", "0", "0", "79208", "0", "0", "0", "0", "0", "0", "0", "0", "0", "0", "0", "0", "0", "0", "0", "0", "0", "0", "0", "", "0", "3", "1", "38.63", "1", "1", "1", "0", "0", "0", "0", "0", "0", "0", "0", "0", "0", "1", "0", "0", "0", "npc_foundry_blackrock_enforcer", "0");
REPLACE INTO `creature_template` VALUE ("1779806", "0", "0", "46710", "0", "0", "0", "Stone Wall", "", "", "", "0", "1", "1", "5", "0", "35", "0", "0", "1", "1.14286", "1.14286", "1", "0", "0", "1", "2000", "2000", "1", "1", "1", "0", "0", "0", "0", "0", "0", "0", "0", "0", "0", "10", "1074791424", "0", "0", "0", "0", "0", "0", "0", "0", "0", "0", "0", "0", "0", "0", "0", "0", "0", "0", "0", "0", "0", "0", "", "0", "3", "1", "1", "1", "1", "1", "0", "0", "0", "0", "0", "0", "0", "84", "0", "0", "1", "0", "0", "0", "npc_foundry_stone_wall", "19116");
REPLACE INTO `creature_template` VALUE ("1780676", "0", "0", "55908", "61193", "61194", "61195", "Iron Flametwister", "", "", "", "0", "101", "101", "5", "0", "16", "0", "0", "1", "1.14286", "1.14286", "1", "1", "0", "5", "2000", "2000", "1", "1", "2", "2097224", "0", "0", "0", "0", "0", "0", "0", "0", "0", "7", "2097224", "0", "80676", "80676", "0", "0", "0", "0", "0", "0", "0", "0", "0", "0", "0", "0", "0", "0", "0", "0", "0", "0", "0", "", "0", "3", "1", "40.02", "1", "1", "1", "0", "0", "0", "0", "0", "0", "0", "0", "0", "0", "1", "0", "0", "0", "npc_foundry_iron_flametwister", "0");
REPLACE INTO `creature_template` VALUE ("1780681", "0", "0", "11686", "0", "0", "0", "Flame Vents", "", "", "", "0", "95", "95", "5", "0", "14", "0", "0", "1", "1.14286", "1.14286", "1", "0", "0", "5", "2000", "2000", "1", "1", "1", "1049346", "0", "0", "0", "0", "0", "0", "0", "0", "0", "10", "1048576", "0", "0", "0", "0", "0", "0", "0", "0", "0", "0", "0", "0", "0", "0", "0", "0", "0", "0", "0", "0", "0", "0", "", "0", "4", "1", "0.01", "1", "1", "1", "0", "0", "0", "0", "0", "0", "0", "0", "0", "0", "1", "0", "0", "0", "npc_foundry_flame_vents", "0");
REPLACE INTO `creature_template` VALUE ("1780683", "0", "0", "15294", "0", "0", "0", "Enchanted Armament", "", "", "", "0", "102", "102", "5", "0", "14", "0", "0", "1", "0.357143", "1.14286", "1", "0", "0", "5", "2000", "2000", "1", "1", "1", "269484040", "0", "0", "0", "0", "0", "0", "0", "0", "0", "10", "269484040", "0", "0", "0", "0", "0", "0", "0", "0", "0", "0", "0", "0", "0", "0", "0", "0", "0", "0", "0", "3572", "0", "0", "", "0", "4", "1", "0.01", "1", "1", "1", "0", "0", "0", "0", "0", "0", "0", "0", "0", "0", "1", "0", "0", "0", "npc_foundry_enchanted_armament", "0");
REPLACE INTO `creature_template` VALUE ("1780708", "0", "0", "55930", "0", "0", "0", "Iron Taskmaster", "", "", "", "0", "101", "101", "5", "0", "16", "0", "0", "1", "1.64286", "1.14286", "1", "1", "0", "5", "2000", "2000", "1", "1", "1", "2097224", "0", "0", "0", "0", "0", "0", "0", "0", "0", "7", "2097224", "0", "0", "80708", "0", "0", "0", "0", "0", "0", "0", "0", "0", "0", "0", "0", "0", "0", "0", "0", "0", "0", "0", "", "0", "3", "1", "38.63", "1", "1", "1", "0", "0", "0", "0", "0", "0", "0", "0", "0", "0", "1", "0", "0", "0", "npc_foundry_iron_taskmaster", "0");
REPLACE INTO `creature_template` VALUE ("1780719", "0", "0", "55935", "61191", "61192", "0", "Iron Smith", "", "", "", "0", "101", "101", "5", "0", "16", "0", "0", "1", "1.14286", "1.14286", "1", "1", "0", "5", "2000", "2000", "1", "1", "1", "2097224", "0", "0", "0", "0", "0", "0", "0", "0", "0", "7", "2097224", "0", "80719", "80719", "0", "0", "0", "0", "0", "0", "0", "0", "0", "0", "0", "0", "0", "0", "0", "0", "0", "0", "0", "", "0", "3", "1", "41.2", "1", "1", "1", "0", "0", "0", "0", "0", "0", "0", "0", "0", "0", "1", "0", "0", "0", "npc_foundry_iron_smith", "0");
REPLACE INTO `creature_template` VALUE ("1780947", "0", "0", "11686", "0", "0", "0", "Firestorm Stalker", "", "", "", "0", "102", "102", "5", "0", "14", "0", "0", "1", "1.14286", "1.14286", "1", "0", "0", "1", "2000", "2000", "1", "1", "1", "0", "128", "0", "0", "0", "0", "0", "0", "0", "0", "10", "0", "0", "0", "0", "0", "0", "0", "0", "0", "0", "0", "0", "0", "0", "0", "0", "0", "0", "0", "0", "0", "0", "0", "", "0", "4", "1", "0.01", "1", "1", "1", "0", "0", "0", "0", "0", "0", "0", "0", "0", "0", "1", "0", "0", "0", "npc_foundry_firestorm_stalker", "0");
REPLACE INTO `creature_template` VALUE ("1788902", "0", "0", "61202", "0", "0", "0", "Mol'dana Two-Blade", "", "", "", "0", "102", "102", "5", "0", "16", "0", "0", "1", "1.14286", "1.14286", "1", "1", "0", "5", "1500", "1500", "1", "1", "1", "2097224", "0", "0", "0", "0", "0", "0", "0", "0", "0", "7", "2097224", "0", "0", "0", "0", "0", "0", "0", "0", "0", "0", "0", "0", "0", "0", "0", "0", "0", "0", "0", "0", "0", "0", "", "0", "3", "1", "51.87", "1", "1", "1", "0", "0", "0", "0", "0", "0", "0", "0", "0", "0", "1", "0", "0", "0", "npc_foundry_moldana_two_blade", "0");

DELETE FROM creature_template_difficulty WHERE difficulty_entry IN (1776794, 1776814, 1776973, 1776974, 1776996, 1777043, 1777253, 1777258, 1777337, 1777692, 1777709, 1777842, 1777844, 1777893);
DELETE FROM creature_template_difficulty WHERE difficulty_entry IN (1777929, 1778055, 1778358, 1778823, 1779200, 1779208, 1779806, 1780676, 1780681, 1780683, 1780708, 1780719, 1780947, 1788902);
INSERT INTO creature_template_difficulty VALUES
(76794, "DIFFICULTY_ENTRY_17", 1776794),
(76814, "DIFFICULTY_ENTRY_17", 1776814),
(76973, "DIFFICULTY_ENTRY_17", 1776973),
(76974, "DIFFICULTY_ENTRY_17", 1776974),
(76996, "DIFFICULTY_ENTRY_17", 1776996),
(77043, "DIFFICULTY_ENTRY_17", 1777043),
(77253, "DIFFICULTY_ENTRY_17", 1777253),
(77258, "DIFFICULTY_ENTRY_17", 1777258),
(77337, "DIFFICULTY_ENTRY_17", 1777337),
(77692, "DIFFICULTY_ENTRY_17", 1777692),
(77709, "DIFFICULTY_ENTRY_17", 1777709),
(77842, "DIFFICULTY_ENTRY_17", 1777842),
(77844, "DIFFICULTY_ENTRY_17", 1777844),
(77893, "DIFFICULTY_ENTRY_17", 1777893),
(77929, "DIFFICULTY_ENTRY_17", 1777929),
(78055, "DIFFICULTY_ENTRY_17", 1778055),
(78358, "DIFFICULTY_ENTRY_17", 1778358),
(78823, "DIFFICULTY_ENTRY_17", 1778823),
(79200, "DIFFICULTY_ENTRY_17", 1779200),
(79208, "DIFFICULTY_ENTRY_17", 1779208),
(79806, "DIFFICULTY_ENTRY_17", 1779806),
(80676, "DIFFICULTY_ENTRY_17", 1780676),
(80681, "DIFFICULTY_ENTRY_17", 1780681),
(80683, "DIFFICULTY_ENTRY_17", 1780683),
(80708, "DIFFICULTY_ENTRY_17", 1780708),
(80719, "DIFFICULTY_ENTRY_17", 1780719),
(80947, "DIFFICULTY_ENTRY_17", 1780947),
(88902, "DIFFICULTY_ENTRY_17", 1788902);

UPDATE lfr_access_requirement SET leader_achievement = 8989, ilvl_min = 635, ilvl_max = 0 WHERE dungeon_id = 846;

SET @REF_HANSGAR = 1776973;
SET @REF_KAGRAZ = 1776814;
SET @REF_KROMOG = 1777692;

DELETE FROM reference_loot_template WHERE entry = @REF_HANSGAR;
INSERT INTO reference_loot_template (entry, item, ChanceOrQuestChance, lootmode, groupid, mincountOrRef, maxcount) VALUES
(@REF_HANSGAR, 116034, 0, 1, 1, 1, 1),
(@REF_HANSGAR, 116012, 0, 1, 1, 1, 1),
(@REF_HANSGAR, 116238, 0, 1, 1, 1, 1),
(@REF_HANSGAR, 116305, 0, 1, 1, 1, 1),
(@REF_HANSGAR, 116256, 0, 1, 1, 1, 1),
(@REF_HANSGAR, 116227, 0, 1, 1, 1, 1),
(@REF_HANSGAR, 116217, 0, 1, 1, 1, 1),
(@REF_HANSGAR, 116311, 0, 1, 1, 1, 1);

DELETE FROM creature_loot_template WHERE entry = @REF_HANSGAR;
INSERT INTO creature_loot_template (entry, item, ChanceOrQuestChance, lootmode, groupid, mincountOrRef, maxcount) VALUE (@REF_HANSGAR, 1, 100, 1, 0, -@REF_HANSGAR, 6);

UPDATE creature_template SET lootid = @REF_HANSGAR WHERE entry = @REF_HANSGAR;

DELETE FROM reference_loot_template WHERE entry = @REF_KAGRAZ;
INSERT INTO reference_loot_template (entry, item, ChanceOrQuestChance, lootmode, groupid, mincountOrRef, maxcount) VALUES
(@REF_KAGRAZ, 116011, 0, 1, 1, 1, 1),
(@REF_KAGRAZ, 120375, 0, 1, 1, 1, 1),
(@REF_KAGRAZ, 120393, 0, 1, 1, 1, 1),
(@REF_KAGRAZ, 116245, 0, 1, 1, 1, 1),
(@REF_KAGRAZ, 116253, 0, 1, 1, 1, 1),
(@REF_KAGRAZ, 120389, 0, 1, 1, 1, 1),
(@REF_KAGRAZ, 120380, 0, 1, 1, 1, 1),
(@REF_KAGRAZ, 116040, 0, 1, 1, 1, 1),
(@REF_KAGRAZ, 116047, 0, 1, 1, 1, 1),
(@REF_KAGRAZ, 116264, 0, 1, 1, 1, 1),
(@REF_KAGRAZ, 116226, 0, 1, 1, 1, 1),
(@REF_KAGRAZ, 116316, 0, 1, 1, 1, 1),
(@REF_KAGRAZ, 116313, 0, 1, 1, 1, 1),
(@REF_KAGRAZ, 116385, 0, 1, 1, 1, 1),
(@REF_KAGRAZ, 116384, 0, 1, 1, 1, 1);

DELETE FROM creature_loot_template WHERE entry = @REF_KAGRAZ;
INSERT INTO creature_loot_template (entry, item, ChanceOrQuestChance, lootmode, groupid, mincountOrRef, maxcount) VALUE (@REF_KAGRAZ, 1, 100, 1, 0, -@REF_KAGRAZ, 6);

UPDATE creature_template SET lootid = @REF_KAGRAZ WHERE entry = @REF_KAGRAZ;

DELETE FROM reference_loot_template WHERE entry = @REF_KROMOG;
INSERT INTO reference_loot_template (entry, item, ChanceOrQuestChance, lootmode, groupid, mincountOrRef, maxcount) VALUES
(@REF_KROMOG, 120387, 0, 1, 1, 1, 1),
(@REF_KROMOG, 116387, 0, 1, 1, 1, 1),
(@REF_KROMOG, 120394, 0, 1, 1, 1, 1),
(@REF_KROMOG, 116218, 0, 1, 1, 1, 1),
(@REF_KROMOG, 116243, 0, 1, 1, 1, 1),
(@REF_KROMOG, 116386, 0, 1, 1, 1, 1),
(@REF_KROMOG, 120378, 0, 1, 1, 1, 1),
(@REF_KROMOG, 116044, 0, 1, 1, 1, 1),
(@REF_KROMOG, 116254, 0, 1, 1, 1, 1),
(@REF_KROMOG, 116300, 0, 1, 1, 1, 1),
(@REF_KROMOG, 116008, 0, 1, 1, 1, 1),
(@REF_KROMOG, 116035, 0, 1, 1, 1, 1),
(@REF_KROMOG, 116222, 0, 1, 1, 1, 1),
(@REF_KROMOG, 120383, 0, 1, 1, 1, 1),
(@REF_KROMOG, 116318, 0, 1, 1, 1, 1),
(@REF_KROMOG, 116006, 0, 1, 1, 1, 1);

DELETE FROM creature_loot_template WHERE entry = @REF_KROMOG;
INSERT INTO creature_loot_template (entry, item, ChanceOrQuestChance, lootmode, groupid, mincountOrRef, maxcount) VALUE (@REF_KROMOG, 1, 100, 1, 0, -@REF_KROMOG, 6);

UPDATE creature_template SET lootid = @REF_KROMOG WHERE entry = @REF_KROMOG;