DELETE FROM `creature` WHERE `map`=755 AND `id`=45379;
DELETE FROM `creature` WHERE `map`=755 AND `id`=43655;
DELETE FROM `creature` WHERE `map`=755 AND `id`=43658;
DELETE FROM `creature` WHERE `map`=755 AND `id`=44892;
DELETE FROM `creature` WHERE `map`=755 AND `id`=45378;
DELETE FROM `creature` WHERE `map`=755 AND `id`=48904;
DELETE FROM `creature` WHERE `map`=755 AND `id`=43817;
DELETE FROM `creature` WHERE `map`=755 AND `id`=43926;
DELETE FROM `creature` WHERE `map`=755 AND `id`=43934;
DELETE FROM `creature` WHERE `map`=755 AND `id`=48907;
DELETE FROM `creature` WHERE `map`=755 AND `id`=48906;
DELETE FROM `creature` WHERE `map`=755 AND `id`=43927;
DELETE FROM `creature` WHERE `map`=755 AND `id`=46598;
DELETE FROM `creature` WHERE `map`=755 AND `id`=44840;
DELETE FROM `creature` WHERE `map`=755 AND `id`=44586;
DELETE FROM `creature` WHERE `map`=755 AND `id`=44798;
DELETE FROM `creature` WHERE `map`=755 AND `id`=44711;
DELETE FROM `creature` WHERE `map`=755 AND `id`=44541;
DELETE FROM `creature` WHERE `map`=755 AND `id`=44704;
DELETE FROM `creature` WHERE `map`=755 AND `id`=44713;
DELETE FROM `creature` WHERE `map`=755 AND `id`=45269;
DELETE FROM `creature` WHERE `map`=755 AND `id`=44796;
DELETE FROM `creature` WHERE `map`=755 AND `id`=43655;
DELETE FROM `creature` WHERE `map`=755 AND `id`=43650;
DELETE FROM `creature` WHERE `map`=755 AND `id`=45268;
DELETE FROM `creature` WHERE `map`=755 AND `id`=45259;
DELETE FROM `creature` WHERE `map`=755 AND `id`=44713;

UPDATE `creature` SET `position_x`=-10867.68, `position_y`=-1365.11, `position_z`=15.354, `orientation`=3.28 WHERE `id`=44577 AND `map`=755;
/*---------------------------------------------------------------------------------------------------------------*/
/*              Затеряный город Тол'Вир, нормальный и героический режимы сложности.                              */
/*---------------------------------------------------------------------------------------------------------------*/
DELETE FROM `creature_template` WHERE `entry` IN
(
43612,43614,44577,44819,44896,44922,44924,44926,
44932,44976,44977,44980,44981,44982,45062,45097,
45122,48932,48951,49043,49317,49319,49321,49322,
49323,49324,49325,49326,49327,49328,49330,49333,
49334,51088,45377,49045,44586,45001,45007,45065,
45096,45124,47720,48092,48097,49725,49732,49743,
49835,50036,50037,50038,50490,50491,50496,44796,
44798,43934,45259,45268,45269,44704,43927,48954,
49256,49257,49258,49260,48953,48906
);
INSERT INTO `creature_template` (`entry`, `difficulty_entry_1`, `difficulty_entry_2`, `difficulty_entry_3`, `KillCredit1`, `KillCredit2`, `modelid1`, `modelid2`, `modelid3`, `modelid4`, `name`, `subname`, `IconName`, `gossip_menu_id`, `minlevel`, `maxlevel`, `exp`, `faction_A`, `faction_H`, `npcflag`, `speed_walk`, `speed_run`, `scale`, `rank`, `mindmg`, `maxdmg`, `dmgschool`, `attackpower`, `dmg_multiplier`, `baseattacktime`, `rangeattacktime`, `unit_class`, `unit_flags`, `dynamicflags`, `family`, `trainer_type`, `trainer_spell`, `trainer_class`, `trainer_race`, `minrangedmg`, `maxrangedmg`, `rangedattackpower`, `type`, `type_flags`, `lootid`, `pickpocketloot`, `skinloot`, `resistance1`, `resistance2`, `resistance3`, `resistance4`, `resistance5`, `resistance6`, `spell1`, `spell2`, `spell3`, `spell4`, `spell5`, `spell6`, `spell7`, `spell8`, `PetSpellDataId`, `VehicleId`, `mingold`, `maxgold`, `AIName`, `MovementType`, `InhabitType`, `Health_mod`, `Mana_mod`, `Armor_mod`, `RacialLeader`, `questItem1`, `questItem2`, `questItem3`, `questItem4`, `questItem5`, `questItem6`, `movementId`, `RegenHealth`, `equipment_id`, `mechanic_immune_mask`, `flags_extra`, `ScriptName`, `WDBVerified`) VALUES
(43612,48951,0,0,0,0,34744,0,0,0,"High Prophet Barim","","",0,87,87,3,16,16,0,3.6,1.28571,1,1,643.2,838.8,0,992,7.5,2000,0,2,32832,0,0,0,0,0,0,477.6,682.8,159,7,104,43612,0,0,0,0,0,0,0,0,82506,82622,89997,81947,82139,82320,88814,90010,0,0,15,33,"",1,1,21.4,14.77,1,0,0,0,0,0,0,0,138,1,43612,613097436,0,"boss_high_prophet_barim",1),
(43614,49043,0,0,0,0,33438,0,0,0,"Lockmaw","","",0,87,87,3,16,16,0,2.8,1.42857,1,1,643.2,838.8,0,992,7.5,2000,0,2,32832,12,0,0,0,0,0,477.6,682.8,159,1,104,43614,0,0,0,0,0,0,0,0,0,0,0,0,0,0,0,0,0,0,15,33,"",1,1,21.4,14.77,1,0,0,0,0,0,0,0,154,1,0,613097436,0,"boss_lockmaw",14480),
(44577,48932,0,0,0,0,34743,0,0,0,"General Husam","","",0,87,87,3,16,16,0,1,1.14286,1,1,1111.5,1430.7,0,1613,7.5,2000,0,1,0,0,0,0,0,0,0,989.9,1174.2,225,7,104,44577,0,0,0,0,0,0,0,0,0,0,0,0,0,0,0,0,0,1036,15,33,"",1,1,25,7,1,0,0,0,0,0,0,0,154,1,0,613097436,0,"boss_general_husam",14480),
(44819,51088,0,0,0,0,35231,0,0,0,"Siamat","Lord of the South Wind","",0,87,87,3,16,16,0,2.8,1.42857,1,1,643.2,838.8,0,992,7.5,2000,0,2,0,0,0,0,0,0,0,477.6,682.8,159,1,104,44819,0,0,0,0,0,0,0,0,0,0,0,0,0,0,0,0,0,0,15,33,"SmartAI",1,1,25,14.77,1,0,0,0,0,0,0,0,154,1,0,613097436,0,"boss_siamat",14480),
(44896,49317,0,0,0,0,32095,0,0,0,"Pygmy Brute","","",0,85,85,3,16,16,0,1,1.14286,1,1,435.6,606.1,0,411,7.5,2000,0,8,0,0,0,0,0,0,0,423.5,629.2,179,7,8,44896,0,0,0,0,0,0,0,0,83783,89990,83785,90024,0,0,0,0,0,1056,15,33,"",1,1,3.37,24.5,1,0,0,0,0,0,0,0,68,1,44896,1048576,0,"npc_pygmy_brute_tv",1),
(44922,49319,0,0,0,0,35831,0,0,0,"Oathsworn Axemaster","","",0,85,85,3,16,16,0,1,1.14286,1,1,1007,1354.7,0,1571,7.5,2000,0,1,0,0,0,0,0,0,0,758.1,1062.1,220,7,72,44922,0,0,0,0,0,0,0,0,84256,82763,0,0,0,0,0,0,0,0,15,33,"",1,1,4,1,1,0,0,0,0,0,0,0,0,1,44922,1048576,0,"",1),
(44924,49321,0,0,0,0,35826,0,0,0,"Oathsworn Myrmidon","","",0,85,85,3,16,16,0,1,1.14286,1,1,1007,1354.7,0,1571,7.5,2000,0,1,0,0,0,0,0,0,0,758.1,1062.1,220,7,72,44924,0,0,0,0,0,0,0,0,0,0,0,0,0,0,0,0,0,0,15,33,"",1,1,4,7,1,0,0,0,0,0,0,0,0,1,44924,1048576,0,"",1),
(44926,49322,0,0,0,0,35829,0,0,0,"Oathsworn Wanderer","","",0,85,85,3,16,16,0,1,1.14286,1,1,1007,1354.7,0,1571,7.5,2000,0,1,0,0,0,0,0,0,0,758.1,1062.1,220,7,72,44926,0,0,0,0,0,0,0,0,82791,82794,89992,83877,0,0,0,0,0,0,15,33,"SmartAI",1,1,4,1,1,0,0,0,0,0,0,0,0,1,44926,1048576,0,"",1),
(44932,49323,0,0,0,0,34741,0,0,0,"Oathsworn Pathfinder","","",0,85,85,2,16,16,0,1,1.14286,1,1,1007,1354.7,0,1571,7.5,2000,0,1,0,0,0,0,0,0,0,758.1,1062.1,220,7,72,44932,0,0,0,0,0,0,0,0,82792,82764,83877,0,0,0,0,0,0,0,15,33,"",1,1,4.2287,1,1,0,0,0,0,0,0,0,0,1,44932,1048576,0,"",1),
(44976,49324,0,0,0,0,34742,0,0,0,"Neferset Plaguebringer","","",0,85,85,3,16,16,0,1,1.14286,1,1,619.2,835.2,0,976,7.5,2000,0,2,0,0,0,0,0,0,0,466.8,654,156,7,72,44976,0,0,0,0,0,0,0,0,82768,73976,90005,0,0,0,0,0,0,0,15,33,"",1,1,4,14.133,1,0,0,0,0,0,0,0,0,1,44976,1048576,0,"",1),
(44977,49325,0,0,0,0,34731,0,0,0,"Neferset Torturer","","",0,85,85,3,16,16,0,1,1.14286,1,1,1007,1354.7,0,1571,7.5,2000,0,1,0,0,0,0,0,0,0,758.1,1062.1,220,7,72,44977,0,0,0,0,0,0,0,0,90037,82744,82750,89994,0,0,0,0,0,0,15,33,"",1,1,4.2287,1,1,0,0,0,0,0,0,0,0,1,44977,1048576,0,"",1),
(44980,49326,0,0,0,0,34619,0,0,0,"Neferset Theurgist","","",0,85,85,3,16,16,0,1,1.14286,1,1,619.2,835.2,0,976,7.5,2000,0,2,0,0,0,0,0,0,0,466.8,654,156,7,72,44980,0,0,0,0,0,0,0,0,82757,82759,89993,82753,0,0,0,0,0,0,15,33,"",1,1,4,14.133,1,0,0,0,0,0,0,0,0,1,44980,1048576,0,"",1),
(44981,49327,0,0,0,0,35828,0,0,0,"Oathsworn Skinner","","",0,85,85,3,16,16,0,1,1.14286,1,1,1007,1354.7,0,1571,7.5,2000,0,1,0,0,0,0,0,0,0,758.1,1062.1,220,7,72,44981,0,0,0,0,0,0,0,0,82789,90034,84031,0,0,0,0,0,0,0,15,33,"",1,1,4,1,1,0,0,0,0,0,0,0,0,1,44981,1048576,0,"",1),
(44982,49328,0,0,0,0,34732,0,0,0,"Neferset Darkcaster","","",0,85,85,3,16,16,0,1,1.14286,1,1,619.2,835.2,0,976,7.5,2000,0,2,0,0,0,0,0,0,0,466.8,654,156,7,72,44982,0,0,0,0,0,0,0,0,82760,90023,84032,90036,82765,0,0,0,0,0,15,33,"",1,1,4,14.133,1,0,0,0,0,0,0,0,0,1,44982,1048576,0,"",1),
(45062,49330,0,0,0,0,34747,0,0,0,"Oathsworn Scorpid Keeper","","",0,85,85,3,16,16,0,1,1.14286,1,1,619.2,835.2,0,976,7.5,2000,0,2,0,0,0,0,0,0,0,466.8,654,156,7,72,45062,0,0,0,0,0,0,0,0,0,0,0,0,0,0,0,0,0,0,15,33,"",1,1,4,14.133,1,0,0,0,0,0,0,0,0,1,45062,1048576,0,"",14480),
(45097,49333,0,0,0,0,34748,0,0,0,"Oathsworn Tamer","","",0,85,85,3,16,16,0,1,1.14286,1,1,1007,1354.7,0,1571,7.5,2000,0,1,0,0,0,0,0,0,0,758.1,1062.1,220,7,72,45097,0,0,0,0,0,0,0,0,0,0,0,0,0,0,0,0,0,0,15,33,"",1,1,4,7,1,0,0,0,0,0,0,0,0,1,0,1048576,0,"",14480),
(45122,49334,0,0,0,0,35830,0,0,0,"Oathsworn Captain","","",0,85,85,3,16,16,0,1,1.14286,1,1,1007,1354.7,0,1571,7.5,2000,0,1,0,0,0,0,0,0,0,758.1,1062.1,220,7,72,45122,0,0,0,0,0,0,0,0,82670,0,0,0,0,0,0,0,0,0,15,33,"",1,1,8,1,1,0,0,0,0,0,0,0,0,1,45122,1048576,0,"",1),
(48932,0,0,0,0,0,34743,0,0,0,"General Husam","","",0,87,87,3,14,14,0,1,1.14286,1,1,1111.5,1430.7,0,1613,13,0,0,1,0,0,0,0,0,0,0,989.9,1174.2,225,7,104,48932,0,0,0,0,0,0,0,0,0,0,0,0,0,0,0,0,0,0,6220,8046,"",0,3,27,7,1,0,0,0,0,0,0,0,154,1,0,613097436,1,"",14480),
(48951,0,0,0,0,0,34744,0,0,0,"High Prophet Barim","","",0,87,87,3,14,14,0,1,1.14286,1,1,643.2,838.8,0,992,7.5,0,0,2,0,0,0,0,0,0,0,477.6,682.8,159,7,104,48951,0,0,0,0,0,0,0,0,0,0,0,0,0,0,0,0,0,0,6220,8046,"",0,3,35.9212,29.3944,1,0,0,0,0,0,0,0,138,1,0,613097436,1,"",14480),
(49043,0,0,0,0,0,33438,0,0,0,"Lockmaw","","",0,87,87,3,14,14,0,1,1.14286,1,1,643.2,838.8,0,992,13,0,0,2,0,0,0,0,0,0,0,477.6,682.8,159,1,104,49043,0,0,0,0,0,0,0,0,0,0,0,0,0,0,0,0,0,0,0,0,"",0,3,36.8153,12.3944,1,0,0,0,0,0,0,0,154,1,0,613097436,1,"",14480),
(49317,0,0,0,0,0,32095,0,0,0,"Pygmy Brute","","",0,85,85,3,16,16,0,1,1.14286,1,1,435.6,606.1,0,411,13,1400,0,8,0,0,0,0,0,0,0,423.5,629.2,179,7,8,44896,0,0,0,0,0,0,0,0,0,0,0,0,0,0,0,0,0,0,10000,30000,"",1,1,4.25,35,1,0,0,0,0,0,0,0,68,1,0,1048576,0,"",1),
(49319,0,0,0,0,0,35831,0,0,0,"Oathsworn Axemaster","","",0,85,85,3,16,16,0,1,1.14286,1,1,1007,1354.7,0,1571,13,1400,0,1,0,0,0,0,0,0,0,758.1,1062.1,220,7,72,44922,0,0,0,0,0,0,0,0,0,0,0,0,0,0,0,0,0,0,10000,30000,"",1,1,4.25,7,1,0,0,0,0,0,0,0,0,1,0,1048576,0,"",1),
(49321,0,0,0,0,0,35826,0,0,0,"Oathsworn Myrmidon","","",0,85,85,3,16,16,0,1,1.14286,1,1,1007,1354.7,0,1571,13,1400,0,1,0,0,0,0,0,0,0,758.1,1062.1,220,7,72,44924,0,0,0,0,0,0,0,0,0,0,0,0,0,0,0,0,0,0,10000,30000,"",1,1,4.25,7,1,0,0,0,0,0,0,0,0,1,0,1048576,0,"",1),
(49322,0,0,0,0,0,35829,0,0,0,"Oathsworn Wanderer","","",0,85,85,3,16,16,0,1,1.14286,1,1,1007,1354.7,0,1571,13,1400,0,1,0,0,0,0,0,0,0,758.1,1062.1,220,7,72,44926,0,0,0,0,0,0,0,0,0,0,0,0,0,0,0,0,0,0,10000,30000,"",1,1,4.25,7,1,0,0,0,0,0,0,0,0,1,0,1048576,0,"",1),
(49323,0,0,0,0,0,34741,0,0,0,"Oathsworn Pathfinder","","",0,85,85,3,16,16,0,1,1.14286,1,1,1007,1354.7,0,1571,13,1400,0,1,0,0,0,0,0,0,0,758.1,1062.1,220,7,72,44932,0,0,0,0,0,0,0,0,0,0,0,0,0,0,0,0,0,0,10000,30000,"",1,1,4.25,7,1,0,0,0,0,0,0,0,0,1,0,1048576,0,"",1),
(49324,0,0,0,0,0,34742,0,0,0,"Neferset Plaguebringer","","",0,85,85,3,16,16,0,1,1.14286,1,1,619.2,835.2,0,976,13,1400,0,2,0,0,0,0,0,0,0,466.8,654,156,7,72,44976,0,0,0,0,0,0,0,0,0,0,0,0,0,0,0,0,0,0,10000,30000,"",1,1,4.25,15,1,0,0,0,0,0,0,0,0,1,0,1048576,0,"",1),
(49325,0,0,0,0,0,34731,0,0,0,"Neferset Torturer","","",0,85,85,3,16,16,0,1,1.14286,1,1,1007,1354.7,0,1571,13,1400,0,1,0,0,0,0,0,0,0,758.1,1062.1,220,7,72,44977,0,0,0,0,0,0,0,0,0,0,0,0,0,0,0,0,0,0,10000,30000,"",1,1,4.25,15,1,0,0,0,0,0,0,0,0,1,0,1048576,0,"",1),
(49326,0,0,0,0,0,34619,0,0,0,"Neferset Theurgist","","",0,85,85,3,16,16,0,1,1.14286,1,1,619.2,835.2,0,976,13,1400,0,2,0,0,0,0,0,0,0,466.8,654,156,7,72,44980,0,0,0,0,0,0,0,0,0,0,0,0,0,0,0,0,0,0,10000,30000,"",1,1,4.25,7,1,0,0,0,0,0,0,0,0,1,0,1048576,0,"",1),
(49327,0,0,0,0,0,35828,0,0,0,"Oathsworn Skinner","","",0,85,85,3,16,16,0,1,1.14286,1,1,1007,1354.7,0,1571,13,1400,0,1,0,0,0,0,0,0,0,758.1,1062.1,220,7,72,44981,0,0,0,0,0,0,0,0,0,0,0,0,0,0,0,0,0,0,10000,30000,"",1,1,4.25,7,1,0,0,0,0,0,0,0,0,1,0,1048576,0,"",1),
(49328,0,0,0,0,0,34732,0,0,0,"Neferset Darkcaster","","",0,85,85,3,16,16,0,1,1.14286,1,1,619.2,835.2,0,976,13,1400,0,2,0,0,0,0,0,0,0,466.8,654,156,7,72,44982,0,0,0,0,0,0,0,0,0,0,0,0,0,0,0,0,0,0,10000,30000,"",1,1,4.25,7,1,0,0,0,0,0,0,0,0,1,0,1048576,0,"",1),
(49330,0,0,0,0,0,34747,0,0,0,"Oathsworn Scorpid Keeper","","",0,85,85,3,16,16,0,1,1.14286,1,1,619.2,835.2,0,976,13,1400,0,2,0,0,0,0,0,0,0,466.8,654,156,7,72,45062,0,0,0,0,0,0,0,0,0,0,0,0,0,0,0,0,0,0,10000,30000,"",1,1,3.6,7,1,0,0,0,0,0,0,0,0,1,0,1048576,0,"",1),
(49333,0,0,0,0,0,34748,0,0,0,"Oathsworn Tamer","","",0,85,85,3,16,16,0,1,1.14286,1,1,1007,1354.7,0,1571,13,1400,0,1,0,0,0,0,0,0,0,758.1,1062.1,220,7,72,45097,0,0,0,0,0,0,0,0,0,0,0,0,0,0,0,0,0,0,10000,30000,"",1,1,3.6,7,1,0,0,0,0,0,0,0,0,1,0,1048576,0,"",1),
(49334,0,0,0,0,0,35830,0,0,0,"Oathsworn Captain","","",0,85,85,3,16,16,0,1,1.14286,1,1,1007,1354.7,0,1571,13,1400,0,1,0,0,0,0,0,0,0,758.1,1062.1,220,7,72,45122,0,0,0,0,0,0,0,0,0,0,0,0,0,0,0,0,0,0,10000,30000,"",1,1,8.5,7,1,0,0,0,0,0,0,0,0,1,0,1048576,0,"",1),
(51088,0,0,0,0,0,35231,0,0,0,"Siamat","Lord of the South Wind","",0,87,87,3,14,14,0,1,1.14286,1,1,643.2,838.8,0,992,13,0,0,2,0,0,0,0,0,0,0,477.6,682.8,159,4,104,51088,0,0,0,0,0,0,0,0,0,0,0,0,0,0,0,0,0,0,0,0,"",0,3,23.15,12.3944,1,0,0,0,0,0,0,0,154,1,0,613097436,1,"",14480),
(45377,0,0,0,0,0,37339,0,0,0,"Augh","","",0,87,87,3,16,16,0,2.4,0.857143,1,1,19545,3.8,0,46,1,1500,0,1,0,0,0,0,0,0,0,1.9,1.9,0,7,104,0,0,0,0,0,0,0,0,0,0,0,0,0,0,0,0,0,0,0,0,0,"",0,3,12,7,1,0,0,0,0,0,0,0,106,1,45377,613097436,0,"npc_augh_intro",1),
(49045,0,0,0,0,0,37339,0,0,0,"Augh","","",0,87,87,3,14,14,0,1,1.14286,1,1,1111.5,1430.7,0,1613,7.5,2000,0,1,0,0,0,0,0,0,0,989.9,1174.2,225,7,104,49045,0,0,0,0,0,0,0,0,0,0,0,0,0,0,0,0,0,0,15,33,"",0,3,19.3,7,1,0,0,0,0,0,0,0,150,1,49045,613097436,1,"boss_augh",14480),
(44586,0,0,0,0,0,27823,0,0,0,"Bad Intentions Target","","",0,85,85,0,35,35,0,1,1.14286,1,0,3.8,3.8,0,46,1,2000,0,1,33554432,0,0,0,0,0,0,1.9,1.9,0,10,0,0,0,0,0,0,0,0,0,0,0,0,0,0,0,0,0,0,0,1037,0,0,"",0,7,2,1,1,0,0,0,0,0,0,0,0,1,0,0,0,"npc_bad_intentios_target",1),
(45001,0,0,0,0,0,34026,0,0,0,"Enslaved Bandit","","",0,85,85,3,16,16,0,1,1.14286,1,0,1007,1354.7,0,1571,1,2000,0,1,0,0,0,0,0,0,0,758.1,1062.1,220,7,0,45001,45001,0,0,0,0,0,0,0,0,0,0,0,0,0,0,0,0,0,9540,14417,"SmartAI",1,1,1.31784,1,1,0,0,0,0,0,0,0,0,1,0,0,0,"",14480),
(45007,0,0,0,0,0,35832,35833,35834,0,"Enslaved Bandit","","",0,85,85,3,16,16,0,1,1.14286,1,0,1007,1354.7,0,1571,1,2000,0,1,0,0,0,0,0,0,0,758.1,1062.1,220,7,0,45007,45007,0,0,0,0,0,0,0,0,0,0,0,0,0,0,0,0,0,8940,12190,"SmartAI",1,3,1.1,1,1,0,0,0,0,0,0,0,0,1,0,0,0,"npc_enslaved_bandit_tv",1),
(45065,0,0,0,0,0,34741,34742,34806,34738,"Tol'vir Merchant","","",0,85,85,3,16,16,0,1,1.14286,1,0,1007,1354.7,0,1571,1,2000,0,1,0,0,0,0,0,0,0,758.1,1062.1,220,7,0,45065,0,0,0,0,0,0,0,0,0,0,0,0,0,0,0,0,0,0,15,33,"AggressorAI",1,1,1.1,1,1,0,0,0,0,0,0,0,0,1,0,0,0,"",1),
(45096,0,0,0,0,0,34248,0,0,0,"Tamed Tol'vir Prowler","","",0,85,85,3,16,16,0,1,1.14286,1,0,1007,1354.7,0,1571,1,2000,0,1,0,0,2,0,0,0,0,758.1,1062.1,220,1,1,45096,0,45096,0,0,0,0,0,0,0,0,0,0,0,0,0,0,0,0,15,33,"AggressorAI",1,1,1,7,1,0,0,0,0,0,0,0,0,1,0,0,0,"",14480),
(45124,0,0,0,0,0,11686,0,0,0,"Add Stalker","","",0,85,85,0,14,14,0,1,1.14286,1,0,3.8,3.8,0,46,1,2000,0,1,33554432,0,0,0,0,0,0,1.9,1.9,0,10,1049600,0,0,0,0,0,0,0,0,0,0,0,0,0,0,0,0,0,0,0,0,0,"",0,3,1,1,1,0,0,0,0,0,0,0,0,1,0,0,0,"",1),
(47720,0,0,0,0,0,35899,35900,35901,0,"Camel","","",0,85,85,3,7,7,0,1,1.14286,1,0,986.1,1316.7,0,1549,1,2000,0,1,0,0,0,0,0,0,0,729.6,1037.4,204,1,0,47720,0,47720,0,0,0,0,0,0,0,0,0,0,0,0,0,0,0,0,15,33,"",1,1,1,1,1,0,63541,0,0,0,0,0,0,1,0,0,0,"",14480),
(48092,0,0,0,0,0,34532,0,0,0,"Wind Tunnel","","vehichleCursor",0,85,85,3,35,35,16777216,1,0.992063,1,1,986.1,1316.7,0,1549,7.5,2000,0,1,0,0,0,0,0,0,0,729.6,1037.4,204,4,8,0,0,0,0,0,0,0,0,0,0,0,0,0,0,0,0,0,0,1303,0,0,"",0,3,1,1,1,0,0,0,0,0,0,0,0,1,0,613097436,0,"npc_wind_tunnel",14480),
(48097,0,0,0,0,0,11686,0,0,0,"Wind Tunnel","","",0,85,85,0,35,35,0,1,1.14286,1,1,3.8,3.8,0,46,7.5,0,0,1,0,0,0,0,0,0,0,1.9,1.9,0,4,8,0,0,0,0,0,0,0,0,0,0,0,0,0,0,0,0,0,0,1304,0,0,"",0,3,1,1,1,0,0,0,0,0,0,0,0,1,0,613097436,0,"",1),
(49725,0,0,0,0,0,36578,0,0,0,"Emerald Boa","","",0,85,85,0,188,188,0,1,1,1,0,3.8,3.8,0,46,1,2000,0,1,32768,2048,0,0,0,0,0,1.9,1.9,0,8,0,0,0,0,0,0,0,0,0,0,0,0,0,0,0,0,0,0,0,0,0,0,"",1,3,0.01,1,1,0,0,0,0,0,0,0,100,1,49725,0,0,"",1),
(49732,0,0,0,0,0,36583,0,36585,0,"Horned Lizard","","",0,85,85,0,188,188,0,1,1,1,0,3.8,3.8,0,46,1,2000,0,1,0,2048,0,0,0,0,0,1.9,1.9,0,8,0,0,0,0,0,0,0,0,0,0,0,0,0,0,0,0,0,0,0,0,0,0,"",1,3,1,1,1,0,0,0,0,0,0,0,0,1,49732,0,0,"",1),
(49743,0,0,0,0,0,7511,15467,8971,15468,"Dung Beetle","","",0,85,85,0,188,188,0,1,1,1,0,3.8,3.8,0,46,1,2000,0,1,0,2048,0,0,0,0,0,1.9,1.9,0,8,0,0,0,0,0,0,0,0,0,0,0,0,0,0,0,0,0,0,0,0,0,0,"",0,3,0.2,1,1,0,0,0,0,0,0,0,100,1,49743,0,0,"",1),
(49835,0,0,0,0,0,36638,34170,34169,34171,"Desert Spider","","",0,85,85,0,190,190,0,1,1,1,0,3.8,3.8,0,46,1,2000,0,1,32768,2048,0,0,0,0,0,1.9,1.9,0,8,0,0,0,0,0,0,0,0,0,0,0,0,0,0,0,0,0,0,0,0,0,0,"",1,3,0.2,1,1,0,0,0,0,0,0,0,100,1,49835,0,0,"",1),
(50036,0,0,0,0,0,35929,36171,0,0,"Ramkahen Scout","","",0,85,85,2,2331,2331,0,1,1.14286,1,0,927.2,1219.8,0,1486,1,2000,0,1,0,0,0,0,0,0,0,689.7,989.9,157,7,0,0,0,0,0,0,0,0,0,0,0,0,0,0,0,0,0,0,0,0,15,33,"",0,1,3.20394,8338,1,0,0,0,0,0,0,0,0,1,50036,0,0,"",1),
(50037,0,0,0,0,0,35929,36171,0,0,"Ramkahen Scout","","",0,85,85,2,2331,2331,0,1,1.14286,1,0,927.2,1219.8,0,1486,1,2000,0,1,0,0,0,0,0,0,0,689.7,989.9,157,7,0,0,0,0,0,0,0,0,0,0,0,0,0,0,0,0,0,0,0,0,15,33,"",0,1,3.20394,8338,1,0,0,0,0,0,0,0,0,1,50037,0,0,"",1),
(50038,0,0,0,0,0,35396,0,0,0,"Captain Hadan","","",0,85,85,3,2331,2331,11,1,1.14286,1,0,1007,1354.7,0,1571,1,2000,0,1,0,0,0,0,0,0,0,758.1,1062.1,220,8,1048576,0,0,0,0,0,0,0,0,0,0,0,0,0,0,0,0,0,0,0,15,33,"",0,1,0.99714,1,1,0,0,0,0,0,0,0,0,1,50038,0,0,"",14480),
(50490,0,0,0,0,0,2177,0,0,0,"Locust","","",0,85,85,0,35,35,0,1,1.14286,1,0,3.8,3.8,0,46,1,0,0,1,0,0,0,0,0,0,0,1.9,1.9,0,8,0,0,0,0,0,0,0,0,0,0,0,0,0,0,0,0,0,0,0,0,0,0,"",0,3,0.2,1,1,0,0,0,0,0,0,0,100,1,0,0,0,"",1),
(50491,0,0,0,0,0,6297,1924,6295,901,"Mac Frog","","",0,85,85,0,35,35,0,1,1.14286,1,0,3.8,3.8,0,46,1,0,0,1,0,0,0,0,0,0,0,1.9,1.9,0,8,0,0,0,0,0,0,0,0,0,0,0,0,0,0,0,0,0,0,0,0,0,0,"",0,3,1,1,1,0,0,0,0,0,0,0,121,1,0,0,0,"",1),
(50496,0,0,0,0,0,36944,36952,36956,36957,"Oasis Moth","","",0,85,85,0,35,35,0,1,1.14286,1,0,3.8,3.8,0,46,1,0,0,1,0,0,0,0,0,0,0,1.9,1.9,0,8,0,0,0,0,0,0,0,0,0,0,0,0,0,0,0,0,0,0,0,0,0,0,"",1,3,0.19,1,1,0,0,0,0,0,0,0,0,1,0,0,0,"",1),
(44796,0,0,0,0,0,34086,0,0,0,"Tol'vir Land Mine","","",0,85,85,0,14,14,0,1,1.14286,1,0,3.8,3.8,0,46,1,0,0,1,33686278,0,0,0,0,0,0,1.9,1.9,0,7,0,0,0,0,0,0,0,0,0,0,0,0,0,0,0,0,0,0,0,0,0,0,"",0,3,2,1,1,0,0,0,0,0,0,0,0,1,0,0,0,"npc_land_mine",1),
(44798,0,0,0,0,0,27823,0,0,0,"Tol'vir Land Mine Vehicle","","",0,1,1,0,14,14,0,1,1.14286,1,0,3.8,3.8,0,46,1,0,0,1,33686278,0,0,0,0,0,0,1.9,1.9,0,10,0,0,0,0,0,0,0,0,0,0,0,0,0,0,0,0,0,0,0,1050,0,0,"",0,3,2,1,1,0,0,0,0,0,0,0,0,1,0,0,0,"",1),
(43934,48954,0,0,0,0,33573,0,0,0,"Soul Fragment","","",0,85,85,3,16,16,0,1,0.428571,1,0,1007,1354.7,0,1571,1,2000,0,1,0,0,0,0,0,0,0,758.1,1062.1,220,10,0,0,0,0,0,0,0,0,0,0,0,0,0,0,0,0,0,0,0,0,15,33,"AggressorAI",1,1,0.71882,1,1,0,0,0,0,0,0,0,73,1,0,613097436,0,"npc_soul_fragment",14480),
(45259,49256,0,0,0,0,35773,0,0,0,"Servant of Siamat","","",0,85,85,3,16,16,0,1.55556,1.21429,1,1,1007,1354.7,0,1571,7.5,2000,0,1,64,0,0,0,0,0,0,758.1,1062.1,220,4,72,0,0,0,0,0,0,0,0,0,0,0,0,0,0,0,0,0,0,0,15,33,"AggressorAI",1,1,4.79213,7,1,0,0,0,0,0,0,0,130,1,0,613097436,0,"npc_servant_of_siamat",14480),
(45268,49257,0,0,0,0,35773,0,0,0,"Servant of Siamat","","",0,85,85,3,16,16,0,1.55556,1.21429,1,1,1007,1354.7,0,1571,7.5,2000,0,1,64,0,0,0,0,0,0,758.1,1062.1,220,4,72,0,0,0,0,0,0,0,0,0,0,0,0,0,0,0,0,0,0,0,123,431,"AggressorAI",1,1,4.79213,7,1,0,0,0,0,0,0,0,130,1,0,613097436,0,"npc_servant_of_siamat",14480),
(45269,49258,0,0,0,0,35773,0,0,0,"Servant of Siamat","","",0,85,85,3,16,16,0,1.55556,1.21429,1,1,1007,1354.7,0,1571,7.5,2000,0,1,64,0,0,0,0,0,0,758.1,1062.1,220,4,72,0,0,0,0,0,0,0,0,0,0,0,0,0,0,0,0,0,0,0,15,33,"AggressorAI",1,1,4.79213,7,1,0,0,0,0,0,0,0,130,1,0,613097436,0,"npc_servant_of_siamat",14480),
(44704,49260,0,0,0,0,35172,0,0,0,"Servant of Siamat","","",0,85,85,2,16,16,0,1.55556,1.21429,1,1,967.1,1297.7,0,1530,7.5,2000,0,1,0,0,0,0,0,0,0,704.9,1016.5,190,4,72,0,0,0,0,0,0,0,0,0,0,0,0,0,0,0,0,0,0,0,15,33,"AggressorAI",1,1,7.69896,7,1,0,0,0,0,0,0,0,130,1,0,613097436,0,"npc_siamat_minion",1),
(43927,48953,0,0,0,0,33570,0,0,0,"Harbinger of Darkness","","",0,87,87,3,16,16,0,1,1.14286,1,1,1111.5,1430.7,0,1613,7.5,2000,0,1,64,0,0,0,0,0,0,989.9,1174.2,225,4,72,0,0,0,0,0,0,0,0,0,0,0,0,0,0,0,0,0,0,0,15,33,"",1,1,12.8313,7,1,0,0,0,0,0,0,0,0,1,0,613097436,0,"npc_harbinger_of_darkness",14480),
(48954,0,0,0,0,0,33573,0,0,0,"Soul Fragment","","",0,85,85,3,16,16,0,1,1.14286,1,0,3.8,3.8,0,46,1,0,0,1,0,0,0,0,0,0,0,1.9,1.9,0,10,0,0,0,0,0,0,0,0,0,0,0,0,0,0,0,0,0,0,0,0,0,0,"",0,3,1,1,1,0,0,0,0,0,0,0,73,1,0,0,0,"",1),
(49256,0,0,0,0,0,35773,0,0,0,"Servant of Siamat","","",0,85,85,3,16,16,0,1,1.14286,1,1,3.8,3.8,0,46,7.5,0,0,1,0,0,0,0,0,0,0,1.9,1.9,0,4,72,0,0,0,0,0,0,0,0,0,0,0,0,0,0,0,0,0,0,0,0,0,"",0,3,6,7,1,0,0,0,0,0,0,0,130,1,0,613097436,0,"",1),
(49257,0,0,0,0,0,35773,0,0,0,"Servant of Siamat","","",0,85,85,3,16,16,0,1,1.14286,1,1,3.8,3.8,0,46,7.5,0,0,1,0,0,0,0,0,0,0,1.9,1.9,0,4,72,0,0,0,0,0,0,0,0,0,0,0,0,0,0,0,0,0,0,0,0,0,"",0,3,6,7,1,0,0,0,0,0,0,0,130,1,0,613097436,0,"",1),
(49258,0,0,0,0,0,35773,0,0,0,"Servant of Siamat","","",0,85,85,3,16,16,0,1,1.14286,1,1,3.8,3.8,0,46,7.5,0,0,1,0,0,0,0,0,0,0,1.9,1.9,0,4,72,0,0,0,0,0,0,0,0,0,0,0,0,0,0,0,0,0,0,0,0,0,"",0,3,6,7,1,0,0,0,0,0,0,0,130,1,0,613097436,0,"",1),
(49260,0,0,0,0,0,35172,0,0,0,"Minion of Siamat","","",0,85,85,3,16,16,0,1,1.14286,1,1,3.8,3.8,0,46,7.5,0,0,1,0,0,0,0,0,0,0,1.9,1.9,0,4,72,0,0,0,0,0,0,0,0,0,0,0,0,0,0,0,0,0,0,0,0,0,"",0,3,4,7,1,0,0,0,0,0,0,0,130,1,0,613097436,0,"",1),
(48953,0,0,0,0,0,33570,0,0,0,"Harbinger of Darkness","","",0,87,87,3,16,16,0,1,1.14286,1,1,3.8,3.8,0,46,7.5,0,0,1,0,0,0,0,0,0,0,1.9,1.9,0,4,72,0,0,0,0,0,0,0,0,0,0,0,0,0,0,0,0,0,0,0,0,0,"",0,3,15,7,1,0,0,0,0,0,0,0,0,1,0,613097436,0,"",1),
(48906,0,0,0,0,0,19682,0,0,0,"Blaze of the Heavens","","",0,87,87,3,16,16,0,1,1.14286,1,1,1111.5,1430.7,0,1613,7.5,2000,0,1,0,0,0,0,0,0,0,989.9,1174.2,225,4,72,0,0,0,0,0,0,0,0,0,0,0,0,0,0,0,0,0,0,0,15,33,"",1,1,8.9819,7,1,0,0,0,0,0,0,0,76,1,0,613097436,0,"npc_blaze_of_the_heavens",14480);
/*---------------------------------------------------------------------------------------------------------------*/

/*---------------------------------------------------------------------------------------------------------------*/
--  Add Stalker
DELETE FROM `creature` WHERE `id`=45124;
INSERT INTO `creature` ( `id`, `map`, `spawnMask`, `phaseMask`, `modelid`, `equipment_id`, `position_x`, `position_y`, `position_z`, `orientation`, `spawntimesecs`, `spawndist`, `currentwaypoint`, `curhealth`, `curmana`, `MovementType`, `npcflag`, `unit_flags`, `dynamicflags`) VALUES
(45124, 755, 3, 1, 0, 0, -11095.4, -1633.63, 2.356323, 5.846853, 7200, 0, 0, 14921, 0, 0, 0, 0, 0);
/*---------------------------------------------------------------------------------------------------------------*/

/*---------------------------------------------------------------------------------------------------------------*/
--  Верховный пророк Барим
REPLACE INTO `creature_equip_template` VALUES (43612, 58803, 0, 0);
UPDATE `creature_template` SET `equipment_id` = 43612 WHERE entry = 43612;

REPLACE INTO `creature_equip_template` VALUES (48951, 58803, 0, 0);
UPDATE `creature_template` SET `equipment_id` = 48951 WHERE entry = 48951;

UPDATE `creature_model_info` SET `bounding_radius` = 2.13, `combat_reach` = 3.75, `gender` = 0 WHERE `modelid` = 34744;
/*---------------------------------------------------------------------------------------------------------------*/

/*---------------------------------------------------------------------------------------------------------------*/
--  Зубохлоп
UPDATE `creature_template` SET `ScriptName` ='boss_lockmaw' where entry = 43614;

UPDATE `creature_model_info` SET `bounding_radius` = 0.62, `combat_reach` = 10, `gender` = 2 WHERE `modelid` = 33438;
/*---------------------------------------------------------------------------------------------------------------*/

/*---------------------------------------------------------------------------------------------------------------*/
--  Ауг
DELETE FROM `creature_template_addon` WHERE `entry` = 49045;
INSERT INTO `creature_template_addon` (`entry`, `emote`) VALUES
(49045, 469);

UPDATE `creature_template` SET `ScriptName` = 'boss_augh' where entry = 49045;

REPLACE INTO `creature_equip_template` VALUES (49045, 60957, 0, 0);
UPDATE `creature_template` SET `equipment_id` = 49045 WHERE entry = 49045;
/*---------------------------------------------------------------------------------------------------------------*/

/*---------------------------------------------------------------------------------------------------------------*/
--  Генерал Хусам
UPDATE `creature_template` SET `scriptname` = 'boss_general_husam' WHERE `entry` = 44577;
UPDATE `creature_template` SET `vehicleid` = 1036 WHERE `entry` = 44577;
UPDATE `creature_template` SET `vehicleid` = 1036 WHERE `entry` = 48932;

UPDATE `creature_model_info` SET `bounding_radius` = 2.13, `combat_reach` = 6, `gender` = 0 WHERE `modelid` = 34743;
/*---------------------------------------------------------------------------------------------------------------*/

/*---------------------------------------------------------------------------------------------------------------*/
--  Bad Intentions Target
DELETE FROM `creature` WHERE `id`=44586;
INSERT INTO `creature` (`id`, `map`, `spawnMask`, `phaseMask`, `modelid`, `equipment_id`, `position_x`, `position_y`, `position_z`, `orientation`, `spawntimesecs`, `spawndist`, `currentwaypoint`, `curhealth`, `curmana`, `MovementType`, `npcflag`, `unit_flags`, `dynamicflags`) VALUES
(44586, 755, 3, 1, 0, 0, -10869.8, -1389.6, 28.126, 0.0349066, 7200, 0, 0, 26962, 0, 0, 0, 0, 0),
(44586, 755, 3, 1, 0, 0, -10884.4, -1353.42, 27.9541, 4.99164, 7200, 0, 0, 26962, 0, 0, 0, 0, 0),
(44586, 755, 3, 1, 0, 0, -10872.4, -1394.33, 28.2015, 5.07891, 7200, 0, 0, 26962, 0, 0, 0, 0, 0),
(44586, 755, 3, 1, 0, 0, -10877.4, -1391.36, 27.9622, 3.47321, 7200, 0, 0, 26962, 0, 0, 0, 0, 0),
(44586, 755, 3, 1, 0, 0, -10889.8, -1350.47, 28.1352, 3.47321, 7200, 0, 0, 26962, 0, 0, 0, 0, 0),
(44586, 755, 3, 1, 0, 0, -10881.6, -1348.89, 27.9636, 0.279253, 7200, 0, 0, 26962, 0, 0, 0, 0, 0),
(44586, 755, 3, 1, 0, 0, -10874.1, -1386.26, 28.5751, 1.81514, 7200, 0, 0, 26962, 0, 0, 0, 0, 0),
(44586, 755, 3, 1, 0, 0, -10886.3, -1345.1, 28.0851, 1.88496, 7200, 0, 0, 26962, 0, 0, 0, 0, 0);

UPDATE `creature_template` SET `vehicleid` = 1037 WHERE `entry` = 44586;
UPDATE `creature_template` SET `modelid1` = 27823, `modelid2` = 0, `modelid3` = 0, `modelid4` = 0 WHERE `entry` = 44586;
UPDATE `creature_template` SET `InhabitType` = 7 WHERE `entry` = 44586;
UPDATE `creature_template` SET `faction_A` = 35, `faction_H` = 35 WHERE `entry` = 44586;
UPDATE `creature_template` SET `scriptname` = 'npc_bad_intentios_target' WHERE `entry` = 44586;

UPDATE `creature_model_info` SET `bounding_radius` = 0.25, `combat_reach` = 0.5, `gender` = 2 WHERE `modelid` = 27823;
/*---------------------------------------------------------------------------------------------------------------*/

/*---------------------------------------------------------------------------------------------------------------*/
--  Сиамат <Повелитель южного ветра>
UPDATE `creature_model_info` SET `bounding_radius` = 0.93, `combat_reach` = 9, `gender` = 0 WHERE `modelid` = 35231;
/*---------------------------------------------------------------------------------------------------------------*/

/*---------------------------------------------------------------------------------------------------------------*/
--  Ауг
REPLACE INTO `creature_equip_template` VALUES (45377, 60957, 0, 0);
UPDATE `creature_template` SET `equipment_id` = 45377 WHERE entry = 45377;

UPDATE `creature_model_info` SET `bounding_radius` = 0.62, `combat_reach` = 2, `gender` = 0 WHERE `modelid` = 37339;
/*---------------------------------------------------------------------------------------------------------------*/

/*---------------------------------------------------------------------------------------------------------------*/
--  Пигмей-дикарь
UPDATE `creature_template` SET `ScriptName` = 'npc_pygmy_brute_tv' WHERE entry = 44896;

REPLACE INTO `creature_equip_template` VALUES (44896, 60765, 0, 0);
UPDATE `creature_template` SET `equipment_id` = 44896 WHERE entry = 44896;

REPLACE INTO `creature_equip_template` VALUES (49317, 60765, 0, 0);
UPDATE `creature_template` SET `equipment_id` = 49317 WHERE entry = 49317;

UPDATE `creature_template` SET `flags_extra` = 0x20000000 WHERE `entry` = 44896;
UPDATE `creature_template` SET `flags_extra` = 0x20000000 WHERE `entry` = 49317;
UPDATE `creature_template` SET `vehicleid` = 1056 WHERE `entry` = 44896;
UPDATE `creature_template` SET `vehicleid` = 1056 WHERE `entry` = 49317;

UPDATE `creature_model_info` SET `bounding_radius` = 0.31, `combat_reach` = 1, `gender` = 0 WHERE `modelid` = 32095;
/*---------------------------------------------------------------------------------------------------------------*/

/*---------------------------------------------------------------------------------------------------------------*/
--  Пигмей-разведчик
REPLACE INTO `creature_equip_template` VALUES (44897, 0, 0, 60764);
UPDATE `creature_template` SET `equipment_id` = 44897 WHERE entry = 44897;

UPDATE `creature_template` SET `flags_extra` = 0x20000000 WHERE `entry` = 44897;
UPDATE `creature_template` SET `vehicleid` = 1058 WHERE `entry` = 44897;
/*---------------------------------------------------------------------------------------------------------------*/

/*---------------------------------------------------------------------------------------------------------------*/
-- Pygmy Scout
DELETE FROM `smart_scripts` WHERE `entryorguid`=44897 AND `source_type`=0;
UPDATE creature_template SET AIName="SmartAI" WHERE entry=44897;
INSERT INTO `smart_scripts` (`entryorguid`,`source_type`,`id`,`link`,`event_type`,`event_phase_mask`,`event_chance`,`event_flags`,`event_param1`,`event_param2`,`event_param3`,`event_param4`,`action_type`,`action_param1`,`action_param2`,`action_param3`,`action_param4`,`action_param5`,`action_param6`,`target_type`,`target_param1`,`target_param2`,`target_param3`,`target_x`,`target_y`,`target_z`,`target_o`,`comment`) VALUES 
(44897,0,0,0,0,0,100,0,2000,4000,7000,14000,11,83780,0,0,0,0,0,2,0,0,0,0.0,0.0,0.0,0.0,"Pygmy Scout");

UPDATE `creature_model_info` SET `bounding_radius` = 0.31, `combat_reach` = 1, `gender` = 0 WHERE `modelid` = 37141;

REPLACE INTO `creature_equip_template` VALUES (44898, 49423, 0, 0);
UPDATE `creature_template` SET `equipment_id` = 44898 WHERE entry = 44898;
/*---------------------------------------------------------------------------------------------------------------*/

/*---------------------------------------------------------------------------------------------------------------*/
-- Pygmy Firebreather
DELETE FROM `smart_scripts` WHERE `entryorguid`=44898 AND `source_type`=0;
UPDATE creature_template SET AIName="SmartAI" WHERE entry=44898;
INSERT INTO `smart_scripts` (`entryorguid`,`source_type`,`id`,`link`,`event_type`,`event_phase_mask`,`event_chance`,`event_flags`,`event_param1`,`event_param2`,`event_param3`,`event_param4`,`action_type`,`action_param1`,`action_param2`,`action_param3`,`action_param4`,`action_param5`,`action_param6`,`target_type`,`target_param1`,`target_param2`,`target_param3`,`target_x`,`target_y`,`target_z`,`target_o`,`comment`) VALUES 
(44898,0,0,0,0,0,100,0,2000,4000,4000,8000,11,83778,0,0,0,0,0,5,0,0,0,0.0,0.0,0.0,0.0,"Pygmy Firebreather"),
(44898,0,1,0,0,0,100,0,4000,7000,7000,14000,11,83776,0,0,0,0,0,2,0,0,0,0.0,0.0,0.0,0.0,"Pygmy Firebreather");

UPDATE `creature_model_info` SET `bounding_radius` = 0.31, `combat_reach` = 1, `gender` = 0 WHERE `modelid` = 32108;
/*---------------------------------------------------------------------------------------------------------------*/

/*---------------------------------------------------------------------------------------------------------------*/
--  Присягнувший мастер топоров
DELETE FROM `smart_scripts` WHERE `entryorguid`=44922 AND `source_type`=0;
UPDATE creature_template SET AIName="SmartAI" WHERE entry=44922;
INSERT INTO `smart_scripts` (`entryorguid`,`source_type`,`id`,`link`,`event_type`,`event_phase_mask`,`event_chance`,`event_flags`,`event_param1`,`event_param2`,`event_param3`,`event_param4`,`action_type`,`action_param1`,`action_param2`,`action_param3`,`action_param4`,`action_param5`,`action_param6`,`target_type`,`target_param1`,`target_param2`,`target_param3`,`target_x`,`target_y`,`target_z`,`target_o`,`comment`) VALUES 
(44922,0,0,0,0,0,100,0,1000,1000,4000,4000,11,84256,0,0,0,0,0,2,0,0,0,0.0,0.0,0.0,0.0,"Oathsworn Axemaster cast Skull Crush"),
(44922,0,1,0,0,0,100,0,3000,3000,5000,7000,11,82763,0,0,0,0,0,2,0,0,0,0.0,0.0,0.0,0.0,"Oathsworn Axemaster cast Slam");

REPLACE INTO `creature_equip_template` VALUES (44922, 57009, 0, 0);
UPDATE `creature_template` SET `equipment_id` = 44922 WHERE entry = 44922;

REPLACE INTO `creature_equip_template` VALUES (49319, 57009, 0, 0);
UPDATE `creature_template` SET `equipment_id` = 49319 WHERE entry = 49319;
/*---------------------------------------------------------------------------------------------------------------*/

/*---------------------------------------------------------------------------------------------------------------*/
--  Присягнувший мирмидон
DELETE FROM `smart_scripts` WHERE `entryorguid`=44924 AND `source_type`=0;
UPDATE creature_template SET AIName="SmartAI" WHERE entry=44924;
INSERT INTO `smart_scripts` (`entryorguid`,`source_type`,`id`,`link`,`event_type`,`event_phase_mask`,`event_chance`,`event_flags`,`event_param1`,`event_param2`,`event_param3`,`event_param4`,`action_type`,`action_param1`,`action_param2`,`action_param3`,`action_param4`,`action_param5`,`action_param6`,`target_type`,`target_param1`,`target_param2`,`target_param3`,`target_x`,`target_y`,`target_z`,`target_o`,`comment`) VALUES 
(44924,0,0,0,0,0,100,0,1000,1000,12000,17000,11,82673,0,0,0,0,0,1,0,0,0,0.0,0.0,0.0,0.0,"Oathsworn Myrmidon cast Resistance");

REPLACE INTO `creature_equip_template` VALUES (44924, 57025, 56175, 0);
UPDATE `creature_template` SET `equipment_id` = 44924 WHERE entry = 44924;

REPLACE INTO `creature_equip_template` VALUES (49321, 57025, 56175, 0);
UPDATE `creature_template` SET `equipment_id` = 49321 WHERE entry = 49321;

DELETE FROM `creature_template_addon` WHERE `entry` = 44924;
INSERT INTO `creature_template_addon` (`entry`, `auras`) VALUES
(44924, '82671 0');

DELETE FROM `creature_template_addon` WHERE `entry` = 49321;
INSERT INTO `creature_template_addon` (`entry`, `auras`) VALUES
(49321, '82671 0');

UPDATE `creature_model_info` SET `bounding_radius` = 0.71, `combat_reach` = 1.25, `gender` = 0 WHERE `modelid` = 35826;
/*---------------------------------------------------------------------------------------------------------------*/

/*---------------------------------------------------------------------------------------------------------------*/
--  Присягнувший странник
DELETE FROM `smart_scripts` WHERE `entryorguid`=0 AND `source_type`=0;
UPDATE creature_template SET AIName="SmartAI" WHERE entry=44926;
INSERT INTO `smart_scripts` (`entryorguid`,`source_type`,`id`,`link`,`event_type`,`event_phase_mask`,`event_chance`,`event_flags`,`event_param1`,`event_param2`,`event_param3`,`event_param4`,`action_type`,`action_param1`,`action_param2`,`action_param3`,`action_param4`,`action_param5`,`action_param6`,`target_type`,`target_param1`,`target_param2`,`target_param3`,`target_x`,`target_y`,`target_z`,`target_o`,`comment`) VALUES 
(44926,0,0,0,4,0,100,0,0,0,0,0,11,82791,0,0,0,0,0,1,0,0,0,0.0,0.0,0.0,0.0,"Oathsworn Wanderer cast Call Crocolisk"),
(44926,0,1,0,0,0,100,0,2000,4000,3000,7000,11,83877,0,0,0,0,0,5,0,0,0,0.0,0.0,0.0,0.0,"Oathsworn Wanderer cast Shoot"),
(44926,0,2,0,0,0,100,0,3000,6000,7000,14000,11,82794,0,0,0,0,0,2,0,0,0,0.0,0.0,0.0,0.0,"Oathsworn Wanderer cast Forked Fire-Shot");

REPLACE INTO `creature_equip_template` VALUES (44926, 0, 0, 60789);
UPDATE `creature_template` SET `equipment_id` = 44926 WHERE entry = 44926;

REPLACE INTO `creature_equip_template` VALUES (49322, 0, 0, 60789);
UPDATE `creature_template` SET `equipment_id` = 49322 WHERE entry = 49322;

UPDATE `creature_model_info` SET `bounding_radius` = 0.71, `combat_reach` = 1.25, `gender` = 0 WHERE `modelid` = 35829;
/*---------------------------------------------------------------------------------------------------------------*/

/*---------------------------------------------------------------------------------------------------------------*/
--  Присягнувший следопыт
DELETE FROM `smart_scripts` WHERE `entryorguid`=44932 AND `source_type`=0;
UPDATE creature_template SET AIName="SmartAI" WHERE entry=44932;
INSERT INTO `smart_scripts` (`entryorguid`,`source_type`,`id`,`link`,`event_type`,`event_phase_mask`,`event_chance`,`event_flags`,`event_param1`,`event_param2`,`event_param3`,`event_param4`,`action_type`,`action_param1`,`action_param2`,`action_param3`,`action_param4`,`action_param5`,`action_param6`,`target_type`,`target_param1`,`target_param2`,`target_param3`,`target_x`,`target_y`,`target_z`,`target_o`,`comment`) VALUES 
(44932,0,0,0,4,0,100,0,0,0,0,0,11,82792,0,0,0,0,0,1,0,0,0,0.0,0.0,0.0,0.0,"Oathsworn Pathfinder cast Call Falcon"),
(44932,0,1,0,0,0,100,0,3000,3000,5000,10000,11,83877,0,0,0,0,0,6,0,0,0,0.0,0.0,0.0,0.0,"Oathsworn Pathfinder cast Shoot"),
(44932,0,2,0,0,0,100,0,2000,5000,7000,7000,11,82764,0,0,0,0,0,2,0,0,0,0.0,0.0,0.0,0.0,"Oathsworn Pathfinder cast Wing Clip");

REPLACE INTO `creature_equip_template` VALUES (44932, 0, 0, 60790);
UPDATE `creature_template` SET `equipment_id` = 44932 WHERE entry = 44932;

REPLACE INTO `creature_equip_template` VALUES (49323, 0, 0, 60790);
UPDATE `creature_template` SET `equipment_id` = 49323 WHERE entry = 49323;

UPDATE `creature_model_info` SET `bounding_radius` = 0.71, `combat_reach` = 1.25, `gender` = 0 WHERE `modelid` = 34741;
/*---------------------------------------------------------------------------------------------------------------*/

/*---------------------------------------------------------------------------------------------------------------*/
--  Разносчик чумы из Неферсета
DELETE FROM `smart_scripts` WHERE `entryorguid`=44976 AND `source_type`=0;
UPDATE creature_template SET AIName="SmartAI" WHERE entry=44976;
INSERT INTO `smart_scripts` (`entryorguid`,`source_type`,`id`,`link`,`event_type`,`event_phase_mask`,`event_chance`,`event_flags`,`event_param1`,`event_param2`,`event_param3`,`event_param4`,`action_type`,`action_param1`,`action_param2`,`action_param3`,`action_param4`,`action_param5`,`action_param6`,`target_type`,`target_param1`,`target_param2`,`target_param3`,`target_x`,`target_y`,`target_z`,`target_o`,`comment`) VALUES 
(44976,0,0,0,0,0,100,0,2000,4000,7000,21000,11,44976,0,0,0,0,0,2,0,0,0,0.0,0.0,0.0,0.0,"Neferset Plaguebringer cast Disease Breath"),
(44976,0,1,0,0,0,100,0,5000,5000,11000,11000,11,82768,0,0,0,0,0,5,0,0,0,0.0,0.0,0.0,0.0,"Neferset Plaguebringer cast Infectious Plague");

REPLACE INTO `creature_equip_template` VALUES (44976, 58802, 0, 0);
UPDATE `creature_template` SET `equipment_id` = 44976 WHERE entry = 44976;

REPLACE INTO `creature_equip_template` VALUES (49324, 58802, 0, 0);
UPDATE `creature_template` SET `equipment_id` = 49324 WHERE entry = 49324;

UPDATE `creature_model_info` SET `bounding_radius` = 0.71, `combat_reach` = 1.25, `gender` = 0 WHERE `modelid` = 34742;
/*---------------------------------------------------------------------------------------------------------------*/

/*---------------------------------------------------------------------------------------------------------------*/
--  Мучитель из Неферсета
DELETE FROM `smart_scripts` WHERE `entryorguid`=44977 AND `source_type`=0;
UPDATE creature_template SET AIName="SmartAI" WHERE entry=44977;
INSERT INTO `smart_scripts` (`entryorguid`,`source_type`,`id`,`link`,`event_type`,`event_phase_mask`,`event_chance`,`event_flags`,`event_param1`,`event_param2`,`event_param3`,`event_param4`,`action_type`,`action_param1`,`action_param2`,`action_param3`,`action_param4`,`action_param5`,`action_param6`,`target_type`,`target_param1`,`target_param2`,`target_param3`,`target_x`,`target_y`,`target_z`,`target_o`,`comment`) VALUES 
(44977,0,0,0,0,0,100,0,2000,3000,7000,21000,11,82744,0,0,0,0,0,5,0,0,0,0.0,0.0,0.0,0.0,"Neferset Torturer cast Branded Tongue"),
(44977,0,1,0,0,0,100,0,4000,4000,5000,5000,11,82750,0,0,0,0,0,5,0,0,0,0.0,0.0,0.0,0.0,"Neferset Torturer cast Serum of Torment");

REPLACE INTO `creature_equip_template` VALUES (44977, 57113, 57113, 0);
UPDATE `creature_template` SET `equipment_id` = 44977 WHERE entry = 44977;

REPLACE INTO `creature_equip_template` VALUES (49325, 57113, 57113, 0);
UPDATE `creature_template` SET `equipment_id` = 49325 WHERE entry = 49325;

UPDATE `creature_model_info` SET `bounding_radius` = 0.71, `combat_reach` = 1.25, `gender` = 0 WHERE `modelid` = 34731;
/*---------------------------------------------------------------------------------------------------------------*/

/*---------------------------------------------------------------------------------------------------------------*/
--  Чудотворец из Неферсета
DELETE FROM `smart_scripts` WHERE `entryorguid`=44980 AND `source_type`=0;
UPDATE creature_template SET AIName="SmartAI" WHERE entry=44980;
INSERT INTO `smart_scripts` (`entryorguid`,`source_type`,`id`,`link`,`event_type`,`event_phase_mask`,`event_chance`,`event_flags`,`event_param1`,`event_param2`,`event_param3`,`event_param4`,`action_type`,`action_param1`,`action_param2`,`action_param3`,`action_param4`,`action_param5`,`action_param6`,`target_type`,`target_param1`,`target_param2`,`target_param3`,`target_x`,`target_y`,`target_z`,`target_o`,`comment`) VALUES 
(44980,0,0,0,0,0,100,0,1000,1000,20000,30000,11,82757,0,0,0,0,0,1,0,0,0,0.0,0.0,0.0,0.0,"Neferset Theurgist cast Summon Vicious Leeches"),
(44980,0,1,0,0,0,100,0,3000,5000,7000,7000,11,82753,0,0,0,0,0,5,0,0,0,0.0,0.0,0.0,0.0,"Neferset Theurgist cast Ritual of Bloodletting"),
(44980,0,2,0,2,0,100,0,0,30,0,0,11,82759,0,0,0,0,0,1,0,0,0,0.0,0.0,0.0,0.0,"Neferset Theurgist cast Mixture of Harnessed Rage");

REPLACE INTO `creature_equip_template` VALUES (44980, 57036, 0, 0);
UPDATE `creature_template` SET `equipment_id` = 44980 WHERE entry = 44980;

REPLACE INTO `creature_equip_template` VALUES (49326, 57036, 0, 0);
UPDATE `creature_template` SET `equipment_id` = 49326 WHERE entry = 49326;

UPDATE `creature_model_info` SET `bounding_radius` = 0.71, `combat_reach` = 1.25, `gender` = 0 WHERE `modelid` = 34619;
/*---------------------------------------------------------------------------------------------------------------*/

/*---------------------------------------------------------------------------------------------------------------*/
--  Присягнувший свежеватель
DELETE FROM `smart_scripts` WHERE `entryorguid`=44981 AND `source_type`=0;
UPDATE creature_template SET AIName="SmartAI" WHERE entry=44981;
INSERT INTO `smart_scripts` (`entryorguid`,`source_type`,`id`,`link`,`event_type`,`event_phase_mask`,`event_chance`,`event_flags`,`event_param1`,`event_param2`,`event_param3`,`event_param4`,`action_type`,`action_param1`,`action_param2`,`action_param3`,`action_param4`,`action_param5`,`action_param6`,`target_type`,`target_param1`,`target_param2`,`target_param3`,`target_x`,`target_y`,`target_z`,`target_o`,`comment`) VALUES 
(44981,0,0,0,0,0,100,0,2000,4000,4000,8000,11,84031,0,0,0,0,0,2,0,0,0,0.0,0.0,0.0,0.0,"Oathsworn Skinner cast Spinal Pierce"),
(44981,0,1,0,0,0,100,0,2000,5000,5000,15000,11,82789,0,0,0,0,0,1,0,0,0,0.0,0.0,0.0,0.0,"Oathsworn Skinner cast Fan of Knives");

REPLACE INTO `creature_equip_template` VALUES (44981, 56231, 57021, 0);
UPDATE `creature_template` SET `equipment_id` = 44981 WHERE entry = 44981;

REPLACE INTO `creature_equip_template` VALUES (49327, 56231, 57021, 0);
UPDATE `creature_template` SET `equipment_id` = 49327 WHERE entry = 49327;

UPDATE `creature_model_info` SET `bounding_radius` = 0.71, `combat_reach` = 1.25, `gender` = 0 WHERE `modelid` = 35828;
/*---------------------------------------------------------------------------------------------------------------*/

/*---------------------------------------------------------------------------------------------------------------*/
--  Черный маг Неферсета
DELETE FROM `smart_scripts` WHERE `entryorguid`=44982 AND `source_type`=0;
UPDATE creature_template SET AIName="SmartAI" WHERE entry=44982;
INSERT INTO `smart_scripts` (`entryorguid`,`source_type`,`id`,`link`,`event_type`,`event_phase_mask`,`event_chance`,`event_flags`,`event_param1`,`event_param2`,`event_param3`,`event_param4`,`action_type`,`action_param1`,`action_param2`,`action_param3`,`action_param4`,`action_param5`,`action_param6`,`target_type`,`target_param1`,`target_param2`,`target_param3`,`target_x`,`target_y`,`target_z`,`target_o`,`comment`) VALUES 
(44982,0,0,0,0,0,100,0,1000,3000,5000,10000,11,82765,0,0,0,0,0,5,0,0,0,0.0,0.0,0.0,0.0,"Neferset Darkcaster cast Shadow Bolt"),
(44982,0,1,0,0,0,100,0,4000,7000,7000,14000,11,84032,0,0,0,0,0,5,0,0,0,0.0,0.0,0.0,0.0,"Neferset Darkcaster cast Meteor"),
(44982,0,2,0,0,0,100,0,7000,10000,10000,25000,11,82760,0,0,0,0,0,5,0,0,0,0.0,0.0,0.0,0.0,"Neferset Darkcaster cast Hex");

REPLACE INTO `creature_equip_template` VALUES (44982, 58802, 0, 0);
UPDATE `creature_template` SET `equipment_id` = 44982 WHERE entry = 44982;

REPLACE INTO `creature_equip_template` VALUES (49328, 58802, 0, 0);
UPDATE `creature_template` SET `equipment_id` = 49328 WHERE entry = 49328;

UPDATE `creature_model_info` SET `bounding_radius` = 0.71, `combat_reach` = 1.25, `gender` = 0 WHERE `modelid` = 34732;
/*---------------------------------------------------------------------------------------------------------------*/

/*---------------------------------------------------------------------------------------------------------------*/
--  Порабощенный бандит
UPDATE `creature_model_info` SET `bounding_radius` = 0.306, `combat_reach` = 1.5, `gender` = 0 WHERE `modelid` = 34026;
/*---------------------------------------------------------------------------------------------------------------*/

/*---------------------------------------------------------------------------------------------------------------*/
--  Порабощенный бандит
REPLACE INTO `creature_equip_template` VALUES (45007, 2179, 2179, 0);
UPDATE `creature_template` SET `equipment_id` = 0 WHERE entry = 45007;
UPDATE `creature_template` SET `InhabitType` = 3 WHERE `entry` = 45007;
UPDATE `creature_template` SET `ScriptName` = 'npc_enslaved_bandit_tv' WHERE entry = 45007;

UPDATE `creature_model_info` SET `bounding_radius` = 0.306, `combat_reach` = 1.5, `gender` = 0 WHERE `modelid` = 35832;
/*---------------------------------------------------------------------------------------------------------------*/

/*---------------------------------------------------------------------------------------------------------------*/
DELETE FROM `smart_scripts` WHERE `entryorguid`=45062 AND `source_type`=0;
UPDATE creature_template SET AIName="SmartAI" WHERE entry=45062;
INSERT INTO `smart_scripts` (`entryorguid`,`source_type`,`id`,`link`,`event_type`,`event_phase_mask`,`event_chance`,`event_flags`,`event_param1`,`event_param2`,`event_param3`,`event_param4`,`action_type`,`action_param1`,`action_param2`,`action_param3`,`action_param4`,`action_param5`,`action_param6`,`target_type`,`target_param1`,`target_param2`,`target_param3`,`target_x`,`target_y`,`target_z`,`target_o`,`comment`) VALUES 
(45062,0,0,0,0,0,100,0,7000,12000,12000,24000,11,28401,0,0,0,0,0,6,0,0,0,0.0,0.0,0.0,0.0,"Oathsworn Scorpid Keeper cast Blink"),
(45062,0,1,0,31,0,100,0,28401,0,0,0,11,84123,0,0,0,0,0,1,0,0,0,0.0,0.0,0.0,0.0,"Oathsworn Scorpid Keeper trigger Blink"),
(45062,0,2,0,31,0,100,0,28401,0,0,0,13,100,0,0,0,0,0,21,0,0,0,0.0,0.0,0.0,0.0,"Oathsworn Scorpid Keeper add aggro"),
(45062,0,3,0,4,0,100,0,0,0,0,0,11,84126,0,0,0,0,0,1,0,0,0,0.0,0.0,0.0,0.0,"Oathsworn Scorpid Keeper cast Call Scorpid"),
(45062,0,4,0,0,0,100,0,5000,7000,15000,30000,11,84122,0,0,0,0,0,1,0,0,0,0.0,0.0,0.0,0.0,"Oathsworn Scorpid Keeper cast Evasion");

REPLACE INTO `creature_equip_template` VALUES (45062, 57008, 57037, 0);
UPDATE `creature_template` SET `equipment_id` = 45062 WHERE entry = 45062;

REPLACE INTO `creature_equip_template` VALUES (49330, 57008, 57037, 0);
UPDATE `creature_template` SET `equipment_id` = 49330 WHERE entry = 49330;

UPDATE `creature_model_info` SET `bounding_radius` = 0.71, `combat_reach` = 1.25, `gender` = 0 WHERE `modelid` = 34747;
/*---------------------------------------------------------------------------------------------------------------*/

/*---------------------------------------------------------------------------------------------------------------*/
--  Тол'вирский торговец
UPDATE `creature_model_info` SET `bounding_radius` = 0.71, `combat_reach` = 1.25, `gender` = 0 WHERE `modelid` = 34742;
/*---------------------------------------------------------------------------------------------------------------*/

/*---------------------------------------------------------------------------------------------------------------*/
--  Прирученный тол'вирский хищник
DELETE FROM `creature_template_addon` WHERE `entry` = 45096;
INSERT INTO `creature_template_addon` (`entry`, `auras`) VALUES
(45096, '84186 0');

UPDATE `creature_model_info` SET `bounding_radius` = 0.45, `combat_reach` = 1.5, `gender` = 2 WHERE `modelid` = 34248;

UPDATE `creature_template` SET `faction_A` = 16, `faction_H` = 16 WHERE `entry` = 45096;
/*---------------------------------------------------------------------------------------------------------------*/

/*---------------------------------------------------------------------------------------------------------------*/
--  Присягнувший дрессировщик
DELETE FROM `smart_scripts` WHERE `entryorguid`=45097 AND `source_type`=0;
UPDATE creature_template SET AIName="SmartAI" WHERE entry=45097;
INSERT INTO `smart_scripts` (`entryorguid`,`source_type`,`id`,`link`,`event_type`,`event_phase_mask`,`event_chance`,`event_flags`,`event_param1`,`event_param2`,`event_param3`,`event_param4`,`action_type`,`action_param1`,`action_param2`,`action_param3`,`action_param4`,`action_param5`,`action_param6`,`target_type`,`target_param1`,`target_param2`,`target_param3`,`target_x`,`target_y`,`target_z`,`target_o`,`comment`) VALUES 
(45097,0,0,0,4,0,100,0,0,0,0,0,11,84237,0,0,0,0,0,1,0,0,0,0.0,0.0,0.0,0.0,"Oathsworn Tamer cast Feral Spirit Link");

UPDATE `creature_model_info` SET `bounding_radius` = 0.71, `combat_reach` = 1.25, `gender` = 0 WHERE `modelid` = 34748;
/*---------------------------------------------------------------------------------------------------------------*/

/*---------------------------------------------------------------------------------------------------------------*/
--  Присягнувший капитан
SET @ENTRY := 45122;
SET @SOURCETYPE := 0;

DELETE FROM `smart_scripts` WHERE `entryorguid`=45122 AND `source_type`=0;
UPDATE creature_template SET AIName="SmartAI" WHERE entry=45122;
INSERT INTO `smart_scripts` (`entryorguid`,`source_type`,`id`,`link`,`event_type`,`event_phase_mask`,`event_chance`,`event_flags`,`event_param1`,`event_param2`,`event_param3`,`event_param4`,`action_type`,`action_param1`,`action_param2`,`action_param3`,`action_param4`,`action_param5`,`action_param6`,`target_type`,`target_param1`,`target_param2`,`target_param3`,`target_x`,`target_y`,`target_z`,`target_o`,`comment`) VALUES 
(45122,0,0,0,0,0,100,0,2000,2000,5000,10000,11,82670,0,0,0,0,0,2,0,0,0,0.0,0.0,0.0,0.0,"Oathsworn Captain cast Skull Crack"),
(45122,0,1,0,0,0,100,0,3000,5000,16000,16000,11,84248,0,0,0,0,0,1,0,0,0,0.0,0.0,0.0,0.0,"Oathsworn Captain cast Earthquake");

--  Earthquake
UPDATE `creature_template` SET `faction_A` = 14, `faction_H` = 14 WHERE `entry` = 45126;
UPDATE `creature_template` SET `unit_flags` = 33685510 WHERE `entry` = 45126;
UPDATE `creature_template` SET `modelid1` = 11686, `modelid2` = 0, `modelid3` = 0, `modelid4` = 0 WHERE `entry` = 45126;
DELETE FROM `creature_template_addon` WHERE `entry` = 45126;
INSERT INTO `creature_template_addon` (`entry`, `auras`) VALUES
(45126, '84249 0');

REPLACE INTO `creature_equip_template` VALUES (45122, 57009, 0, 0);
UPDATE `creature_template` SET `equipment_id` = 45122 WHERE entry = 45122;

REPLACE INTO `creature_equip_template` VALUES (49334, 57009, 0, 0);
UPDATE `creature_template` SET `equipment_id` = 49334 WHERE entry = 49334;

DELETE FROM `creature_addon` WHERE `guid` BETWEEN 331071 AND 331072;
INSERT INTO `creature_addon` (`guid`, `path_id`) VALUES
(331071, 331071 * 10),
(331072, 331072 * 10);

DELETE FROM `waypoint_data` WHERE `id` = 331071 * 10;
INSERT INTO `waypoint_data` (`id`, `point`, `position_x`, `position_y`, `position_z`) VALUES
(331071 * 10, 1, -10806.3, -1292.45, 15.3536),
(331071 * 10, 2, -10831.7, -1297.47, 15.3536),
(331071 * 10, 3, -10865.3, -1313.02, 15.3536),
(331071 * 10, 4, -10831.7, -1297.47, 15.3536);

DELETE FROM `waypoint_data` WHERE `id` = 331072 * 10;
INSERT INTO `waypoint_data` (`id`, `point`, `position_x`, `position_y`, `position_z`) VALUES
(331072 * 10, 1, -10776.7, -1390.41, 15.353),
(331072 * 10, 2, -10794.9, -1407.18, 15.353),
(331072 * 10, 3, -10807.3, -1412.78, 15.353),
(331072 * 10, 4, -10818.4, -1415.18, 15.353),
(331072 * 10, 5, -10832.9, -1412.51, 15.353),
(331072 * 10, 6, -10820.2, -1414.48, 15.353),
(331072 * 10, 7, -10809.5, -1413.07, 15.353),
(331072 * 10, 8, -10798, -1408.38, 15.353);

UPDATE `creature_model_info` SET `bounding_radius` = 1.42, `combat_reach` = 2.5, `gender` = 0 WHERE `modelid` = 35830;
/*---------------------------------------------------------------------------------------------------------------*/

/*---------------------------------------------------------------------------------------------------------------*/
--  Верблюд
UPDATE `creature_model_info` SET `bounding_radius` = 1.3, `combat_reach` = 1.95, `gender` = 2 WHERE `modelid` = 35899;
/*---------------------------------------------------------------------------------------------------------------*/

/*---------------------------------------------------------------------------------------------------------------*/
--  Ветряной туннель
DELETE FROM `npc_spellclick_spells` WHERE `npc_entry` = 48092;
INSERT INTO `npc_spellclick_spells` (`npc_entry`, `spell_id`, `cast_flags`, `user_type`)VALUES
(48092, 93970, 1, 0);

UPDATE `creature_template` SET `flags_extra` = 0x20000000 WHERE `entry` = 48092;
UPDATE `creature_template` SET `vehicleid` = 1303 WHERE `entry` = 48092;
UPDATE `creature_template` SET `modelid1` = 34532, `modelid2` = 0, `modelid3` = 0, `modelid4` = 0 WHERE `entry` = 48092;

DELETE FROM `creature_template_addon` WHERE `entry` = 48092;
INSERT INTO `creature_template_addon` (`entry`, `auras`) VALUES
(48092, '89698 0');

UPDATE `creature_model_info` SET `bounding_radius` = 16, `combat_reach` = 16, `gender` = 2 WHERE `modelid` = 34532;
/*---------------------------------------------------------------------------------------------------------------*/

/*---------------------------------------------------------------------------------------------------------------*/
--  Ветряной туннель
UPDATE `creature_template` SET `flags_extra` = 0x20000000 WHERE `entry` = 48097;
UPDATE `creature_template` SET `vehicleid` = 1304 WHERE `entry` = 48097;
UPDATE `creature_template` SET `modelid1` = 11686, `modelid2` = 0, `modelid3` = 0, `modelid4` = 0 WHERE `entry` = 48097;
UPDATE `creature_template` SET `faction_A` = 35, `faction_H` = 35 WHERE `entry` = 48097;

UPDATE `creature_model_info` SET `bounding_radius` = 0.5, `combat_reach` = 1, `gender` = 2 WHERE `modelid` = 11686;
/*---------------------------------------------------------------------------------------------------------------*/

/*---------------------------------------------------------------------------------------------------------------*/
--  Рамкахен-разведчик
REPLACE INTO `creature_equip_template` VALUES (50036, 43967, 0, 0);
UPDATE `creature_template` SET `equipment_id` = 50036 WHERE entry = 50036;

UPDATE `creature_model_info` SET `bounding_radius` = 0.71, `combat_reach` = 1.25, `gender` = 0 WHERE `modelid` = 35929;
/*---------------------------------------------------------------------------------------------------------------*/

/*---------------------------------------------------------------------------------------------------------------*/
--  Рамкахен-разведчик
REPLACE INTO `creature_equip_template` VALUES (50037, 43967, 0, 0);
UPDATE `creature_template` SET `equipment_id` = 50037 WHERE entry = 50037;

UPDATE `creature_model_info` SET `bounding_radius` = 0.71, `combat_reach` = 1.25, `gender` = 0 WHERE `modelid` = 36171;
/*---------------------------------------------------------------------------------------------------------------*/

/*---------------------------------------------------------------------------------------------------------------*/
--  Капитан Хадан
REPLACE INTO `creature_equip_template` VALUES (50038, 62798, 0, 0);
UPDATE `creature_template` SET `equipment_id` = 50038 WHERE entry = 50038;

UPDATE `creature_model_info` SET `bounding_radius` = 0.71, `combat_reach` = 1.25, `gender` = 0 WHERE `modelid` = 35396;

UPDATE `creature_template` SET `gossip_menu_id` = 12561 WHERE `entry` = 50038;
REPLACE INTO `gossip_menu` (`entry`, `text_id`) VALUES (12561, 17638);
REPLACE INTO `npc_text` (`ID`, `text0_0`, `text0_1`, `lang0`, `prob0`, `em0_0`, `em0_1`, `em0_2`, `em0_3`, `em0_4`, `em0_5`, `text1_0`, `text1_1`, `lang1`, `prob1`, `em1_0`, `em1_1`, `em1_2`, `em1_3`, `em1_4`, `em1_5`, `text2_0`, `text2_1`, `lang2`, `prob2`, `em2_0`, `em2_1`, `em2_2`, `em2_3`, `em2_4`, `em2_5`, `text3_0`, `text3_1`, `lang3`, `prob3`, `em3_0`, `em3_1`, `em3_2`, `em3_3`, `em3_4`, `em3_5`, `text4_0`, `text4_1`, `lang4`, `prob4`, `em4_0`, `em4_1`, `em4_2`, `em4_3`, `em4_4`, `em4_5`, `text5_0`, `text5_1`, `lang5`, `prob5`, `em5_0`, `em5_1`, `em5_2`, `em5_3`, `em5_4`, `em5_5`, `text6_0`, `text6_1`, `lang6`, `prob6`, `em6_0`, `em6_1`, `em6_2`, `em6_3`, `em6_4`, `em6_5`, `text7_0`, `text7_1`, `lang7`, `prob7`, `em7_0`, `em7_1`, `em7_2`, `em7_3`, `em7_4`, `em7_5`) VALUES
(17638, 'Most of my men were killed while infiltrating the Neferset borders.$B$BIt is my duty to make that sacrifice count for something.', '', 0, 1, 0, 0, 0, 0, 0, 0, '', '', 0, 0, 0, 0, 0, 0, 0, 0, '', '', 0, 0, 0, 0, 0, 0, 0, 0, '', '', 0, 0, 0, 0, 0, 0, 0, 0, '', '', 0, 0, 0, 0, 0, 0, 0, 0, '', '', 0, 0, 0, 0, 0, 0, 0, 0, '', '', 0, 0, 0, 0, 0, 0, 0, 0, '', '', 0, 0, 0, 0, 0, 0, 0, 0);
/*---------------------------------------------------------------------------------------------------------------*/

/*---------------------------------------------------------------------------------------------------------------*/
--  Add Stalker
UPDATE `creature_template` SET `faction_A` = 35, `faction_H` = 35 WHERE `entry` = 45124;
UPDATE `creature_template` SET `unit_flags` = 33685510 WHERE `entry` = 45124;
UPDATE `creature_template` SET `flags_extra` = 0 WHERE `entry` = 45124;
UPDATE `creature_template` SET `modelid1` = 11686, `modelid2` = 0, `modelid3` = 0, `modelid4` = 0 WHERE `entry` = 45124;
/*---------------------------------------------------------------------------------------------------------------*/
/*                                                     СКРИПТЫ                                                   */
/*---------------------------------------------------------------------------------------------------------------*/
DELETE FROM `script_texts` WHERE entry BETWEEN -1877027 AND -1877000;
INSERT INTO `script_texts`(`npc_entry`,`entry`,`content_default`,`content_loc8`,`sound`,`type`,`language`,`emote`,`comment`) VALUES
-- Husam
(44577,-1877000,'Siamat must not be freed! Turn back before it is too late!','Сиамата нельзя освобождать! Отступите, пока не поздно!',21885,1,0,0,'boss_general_husam'),
(44577,-1877001,'Invaders, you shall go no further!','Чужаки, вам не пройти дальше!',21886,1,0,0,'boss_general_husam'),
(44577,-1877002,'Murkash!','Муркаш!',21888,1,0,0,'boss_general_husam'),
(44577,-1877003,'|TInterface\\Icons\\spell_nature_earthquake.blp:20|t%s General Husam begins to cast |cFFFF0000|Hspell:83445|h[Shockwave]!|h|r','|TInterface\\Icons\\spell_nature_earthquake.blp:20|t%s начинает произносить заклинание |cFFFF0000|Hspell:83445|h[Ударная волна]!|h|r',0,3,0,0,'boss_general_husam'),
-- Barim
(43612,-1877004,'Begone infidels, you are not welcome here!','Прочь, нечестивцы, вам здесь не место!',19735,1,0,0,'boss_high_prophet_barim'),
(43612,-1877005,'Kneel before me and repent!','Преклоните колена и покайтесь!',19737,1,0,0,'boss_high_prophet_barim'),
(43612,-1877006,'Death is only the beginning!','Смерть – это только начало!',19733,1,0,0,'boss_high_prophet_barim'),
-- Augh Intro
(45377,-1877007,'Bwaaaah! You no take da treasure!!!','У-у-у! Сокровище тебе не достанется!!!',0,0,0,0,'boss_augh'),
(45377,-1877008,'Bwagauugh!!! Augh feed you to da crocs!','У-у-у! Я тебя отдам крокам!',0,0,0,0,'boss_augh'),
(43614,-1877009,'%s becomes enraged!','%s впадает в исступление!',0,2,0,0,'boss_lockmaw'),
-- Siamat
(44819,-1877010,'I. AM. UNLEASHED!','Я свободен.',20231,1,0,0,'boss_siamat'),
(44819,-1877011,'Winds of the south, rise and come to your master\'s aid!','Южные ветра, взвейтесь и придите на помощь господину!',20227,1,0,0,'boss_siamat'),
(44819,-1877012,'Cower before the tempest storm!','Трепещите: грядет буря!',20228,1,0,0,'boss_siamat'),
(44819,-1877013,'The sky... Beckons...','Небо зовет меня.',20226,1,0,0,'boss_siamat'),
-- Augh Boss
(49045,-1877014,'Augh appears from the distance!','Издалека до вас доносится чей-то смех!',0,3,0,0,'boss_siamat'),
(49045,-1877015,'GAAAH! How you kill croc?!','АААА! Как ты убить крока?',0,0,0,53,'boss_siamat'),
(49045,-1877016,'Augh smart! Augh already steal treasure while you no looking!','Ауг очень умный! Ауг уже украсть сокровище, пока ты отвлекся.',0,0,0,1,'boss_siamat'),
(49045,-1877017,'Augh da boss! Oh yeah!','Ауг лучший! Да, да!',0,0,0,1,'boss_siamat'),
(49045,-1877018,'Augh steal your treasure. Uhn uhn uhnnn!','Ауг украсть твое сокровище. Г-ы-ы-ы!',0,0,0,1,'boss_siamat'),
(49045,-1877019,'Who bad?! Augh bad!! Ugn!','Кто плохой? Ауг плохой! Г-ы-ы!',0,0,0,1,'boss_siamat'),
(49045,-1877020,'','А-а-а-а!',0,0,0,53,'boss_siamat'),
--  Husam mised script texts
(44577,-1877021,'Insolent rat!','Наглая крыса!',21889,1,0,0,'boss_general_husam'),
(44577,-1877022,'Tread Lightly.','Глядите под ноги.',21887,1,0,0,'boss_general_husam'),
--  Barim mised script texts
(43612,-1877023,'May peace find you now.','Мир да пребудет с тобой.',19738,1,0,0,'boss_high_prophet_barim'),
(43612,-1877024,'The heavens take you!','Да примут тебя небеса!',19736,1,0,0,'boss_high_prophet_barim'),
--  Siamat mised script texts
(44819,-1877025,'Nothing more than dust in the wind.','Просто пыль на ветру.',20232,1,0,0,'boss_siamat'),
(44819,-1877026,'Suffer the storm!','Встречайте: Шторм!',20229,1,0,0,'boss_siamat'),
(44819,-1877027,'Your city will be buried. Your lives forfeit to the elements!','Ваш город будет похоронен, а ваши жизни унесет стихия!',20230,1,0,0,'boss_siamat');

UPDATE `creature_template` SET `faction_A` = 35, `faction_H` = 35 WHERE `entry` = 37231;
UPDATE `creature_template` SET `modelid1` = 24719, `modelid2` = 0, `modelid3` = 0, `modelid4` = 0 WHERE `entry` = 37231;
/*---------------------------------------------------------------------------------------------------------------*/

/*---------------------------------------------------------------------------------------------------------------*/
--  Генерал Хусам
UPDATE `creature_template` SET `unit_flags` = 33555200 WHERE `entry` = 44840;
UPDATE `creature_template` SET `flags_extra` = 0 WHERE `entry` = 44840;
UPDATE `creature_template` SET `modelid1` = 27823, `modelid2` = 0, `modelid3` = 0, `modelid4` = 0 WHERE `entry` = 44840;

UPDATE `creature_template` SET `scriptname` = '' WHERE `entry` = 44798;
UPDATE `creature_template` SET `vehicleid` = 1050 WHERE `entry` = 44798;
UPDATE `creature_template` SET `flags_extra` = 0 WHERE `entry` = 44798;
UPDATE `creature_template` SET `faction_A` = 16, `faction_H` = 16 WHERE `entry` = 44798;
UPDATE `creature_template` SET `npcflag` = 0 WHERE `entry` = 44798;
UPDATE `creature_template` SET `minlevel` = 85, `maxlevel` = 85 WHERE `entry` = 44798;
UPDATE `creature_template` SET `modelid1` = 27823, `modelid2` = 0, `modelid3` = 0, `modelid4` = 0 WHERE `entry` = 44798;
UPDATE `creature_template` SET `unit_flags` = 33685510 WHERE `entry` = 44798;
DELETE FROM `creature_template_addon` WHERE `entry` = 44798;

UPDATE `creature_template` SET `modelid1` = 34086, `modelid2` = 0, `modelid3` = 0, `modelid4` = 0 WHERE `entry` = 44796;
UPDATE `creature_template` SET `scriptname` = 'npc_land_mine' WHERE `entry` = 44796;
UPDATE `creature_template` SET `minlevel` = 85, `maxlevel` = 85 WHERE `entry` = 44796;
UPDATE `creature_template` SET `faction_A` = 14, `faction_H` = 14 WHERE `entry` = 44796;
UPDATE `creature_template` SET `type` = 10 WHERE `entry` = 44796;
UPDATE `creature_template` SET `unit_flags` = 33685508 WHERE `entry` = 44796;

DELETE FROM `conditions` WHERE `SourceTypeOrReferenceId` = 13 AND `SourceEntry` = 83445;
INSERT INTO `conditions` (`SourceTypeOrReferenceId`, `SourceGroup`, `SourceEntry`, `ElseGroup`, `ConditionTypeOrReference`, `ConditionValue1`, `ConditionValue2`, `ConditionValue3`, `ErrorTextId`, `ScriptName`, `Comment`) VALUES
(13, 0, 83445, 0, 18, 1, 44711, 0, 0, '', '');
DELETE FROM `conditions` WHERE `SourceTypeOrReferenceId` = 13 AND `SourceEntry` = 91257;
INSERT INTO `conditions` (`SourceTypeOrReferenceId`, `SourceGroup`, `SourceEntry`, `ElseGroup`, `ConditionTypeOrReference`, `ConditionValue1`, `ConditionValue2`, `ConditionValue3`, `ErrorTextId`, `ScriptName`, `Comment`) VALUES
(13, 0, 91257, 0, 18, 1, 44711, 0, 0, '', '');

DELETE FROM `conditions` WHERE `SourceTypeOrReferenceId` = 13 AND `SourceEntry` = 83466;
INSERT INTO `conditions` (`SourceTypeOrReferenceId`, `SourceGroup`, `SourceEntry`, `ElseGroup`, `ConditionTypeOrReference`, `ConditionValue1`, `ConditionValue2`, `ConditionValue3`, `ErrorTextId`, `ScriptName`, `Comment`) VALUES
(13, 0, 83466, 0, 18, 1, 44712, 0, 0, '', '');

DELETE FROM `conditions` WHERE `SourceTypeOrReferenceId` = 13 AND `SourceEntry` = 83235;
INSERT INTO `conditions` (`SourceTypeOrReferenceId`, `SourceGroup`, `SourceEntry`, `ElseGroup`, `ConditionTypeOrReference`, `ConditionValue1`, `ConditionValue2`, `ConditionValue3`, `ErrorTextId`, `ScriptName`, `Comment`) VALUES
(13, 0, 83235, 0, 18, 1, 44586, 0, 0, '', '');

DELETE FROM `spell_script_names` WHERE `spell_id` IN (83113, 83236);
INSERT INTO `spell_script_names` VALUES
(83113, 'spell_bad_intentions'),
(83236, 'spell_hurl');

UPDATE `creature_template` SET `scriptname` = 'npc_shockwave_stalker' WHERE `entry` = 44711;
UPDATE `creature_template` SET `unit_flags` = 33555200 WHERE `entry` = 44711;
UPDATE `creature_template` SET `flags_extra` = 0 WHERE `entry` = 44711;
UPDATE `creature_template` SET `scale` = 1 WHERE entry = 44711;
UPDATE `creature_template` SET `speed_run` = 0.7, `speed_walk` = 0.7 WHERE entry = 44711;
UPDATE `creature_template` SET `faction_A` = 35, `faction_H` = 35 WHERE `entry` = 44711;
UPDATE `creature_template` SET `modelid1` = 27823, `modelid2` = 0, `modelid3` = 0, `modelid4` = 0 WHERE `entry` = 44711;
UPDATE `creature_model_info` SET `bounding_radius` = 0.25, `combat_reach` = 0.5, `gender` = 2 WHERE `modelid` = 27823;

DELETE FROM `creature_template_addon` WHERE `entry` = 44711;
INSERT INTO `creature_template_addon` (`entry`, `auras`) VALUES
(44711, '83127 0');

UPDATE `creature_template` SET `scriptname` = '' WHERE `entry` = 44712;
UPDATE `creature_template` SET `scale` = 1 WHERE entry = 44712;
UPDATE `creature_template` SET `speed_run` = 1.142857, `speed_walk` = 1 WHERE entry = 44712;
UPDATE `creature_template` SET `faction_A` = 14, `faction_H` = 14 WHERE `entry` = 44712;
UPDATE `creature_template` SET `baseattacktime` = 2000 WHERE `entry` = 44712;
UPDATE `creature_template` SET `unit_flags` = 33555200 WHERE `entry` = 44712;
UPDATE `creature_template` SET `flags_extra` = 0 WHERE `entry` = 44712;
UPDATE `creature_template` SET `modelid1` = 27823, `modelid2` = 0, `modelid3` = 0, `modelid4` = 0 WHERE `entry` = 44712;
DELETE FROM `creature_template_addon` WHERE `entry` = 44712;
/*---------------------------------------------------------------------------------------------------------------*/

/*---------------------------------------------------------------------------------------------------------------*/
--  Зубохлоп и Ауг
DELETE FROM `spell_script_names` WHERE `spell_id` = 81642;
INSERT INTO `spell_script_names` VALUES
(81642, 'spell_dust_flail');

UPDATE `creature_template` SET `equipment_id` = 45378 WHERE entry = 45378;
REPLACE INTO `creature_equip_template` VALUES (45378, 60957, 0, 0);
UPDATE `creature_template` SET `faction_A` = 16, `faction_H` = 16 WHERE `entry` = 45378;
UPDATE `creature_template` SET `minlevel` = 87, `maxlevel` = 87 WHERE `entry` = 45378;
UPDATE `creature_template` SET `ScriptName` ='npc_augh_whirlwind' where entry = 45378;
UPDATE `creature_template` SET `unit_flags` = 2 WHERE `entry` = 45378;

UPDATE `creature_template` SET `faction_A` = 14, `faction_H` = 14 WHERE `entry` = 43658;
UPDATE `creature_template` SET `ScriptName` ='npc_frenzied_croc' where entry = 43658;

UPDATE `creature_template` SET `equipment_id` = 45379 WHERE entry = 45379;
REPLACE INTO `creature_equip_template` VALUES (45379, 60957, 0, 60764);
UPDATE `creature_template` SET `speed_run` = 0.8571429, `speed_walk` = 2.4 WHERE entry = 45379;
UPDATE `creature_template` SET `faction_A` = 16, `faction_H` = 16 WHERE `entry` = 45379;
UPDATE `creature_template` SET `baseattacktime` = 1500 WHERE `entry` = 45379;
UPDATE `creature_template` SET `ScriptName` ='npc_augh_blow_dart' where entry = 45379;
UPDATE `creature_template` SET `minlevel` = 87, `maxlevel` = 87 WHERE `entry` = 45379;
UPDATE `creature_template` SET `unit_flags` = 2 WHERE `entry` = 45379;

UPDATE `creature_template` SET `speed_run` = 0.9920629, `speed_walk` = 1 WHERE entry = 44892;
UPDATE `creature_template` SET `faction_A` = 14, `faction_H` = 14 WHERE `entry` = 44892;
UPDATE `creature_template` SET `unit_flags` = 33554432 WHERE `entry` = 44892;
UPDATE `creature_template` SET `vehicleid` = 1054 WHERE `entry` = 44892;
UPDATE `creature_template` SET `equipment_id` = 44895 WHERE entry = 44895;
REPLACE INTO `creature_equip_template` VALUES (44895, 60957, 0, 0);
UPDATE `creature_template` SET `minlevel` = 87, `maxlevel` = 87 WHERE `entry` = 44895;
UPDATE `creature_template` SET `speed_run` = 0.8571429, `speed_walk` = 2.4 WHERE entry = 44895;
UPDATE `creature_template` SET `faction_A` = 16, `faction_H` = 16 WHERE `entry` = 44895;
UPDATE `creature_template` SET `unit_flags` = 32832 WHERE `entry` = 44895;
UPDATE `creature_template` SET `speed_run` = 0.8571429, `speed_walk` = 2.4 WHERE entry = 44895;
DELETE FROM `npc_spellclick_spells` WHERE `npc_entry` = 44892;
INSERT INTO `npc_spellclick_spells` (`npc_entry`, `spell_id`, `cast_flags`, `user_type`)VALUES
(44892, 46598, 1, 0);
DELETE FROM `vehicle_template_accessory` WHERE `entry` = 44892;
INSERT INTO `vehicle_template_accessory` (`entry`, `accessory_entry`, `seat_id`, `minion`, `description`) VALUES
(44892, 44895, 0, 0, '');
UPDATE `creature_template` SET `ScriptName` ='' WHERE entry = 44892;
UPDATE `creature_template` SET `ScriptName` ='npc_augh_dragons_breath' WHERE entry = 44895;
UPDATE `creature_template` SET `modelid1` = 33452, `modelid2` = 0, `modelid3` = 0, `modelid4` = 0 WHERE `entry` = 44892;
UPDATE `creature_template` SET `modelid1` = 37339, `modelid2` = 0, `modelid3` = 0, `modelid4` = 0 WHERE `entry` = 44895;
UPDATE `creature_template` SET `minlevel` = 87, `maxlevel` = 87 WHERE `entry` = 44892;
UPDATE `creature_template` SET `unit_flags` = 2 WHERE `entry` = 44895;

DELETE FROM `creature_template_addon` WHERE `entry` = 43650;
INSERT INTO `creature_template_addon` (`entry`, `auras`) VALUES
(43650, '81646 0');
UPDATE `creature_template` SET `unit_flags` = 33685510 WHERE `entry` = 43650;
UPDATE `creature_template` SET `faction_A` = 14, `faction_H` = 14 WHERE `entry` = 43650;
UPDATE `creature_template` SET `minlevel` = 87, `maxlevel` = 87 WHERE `entry` = 43650;
UPDATE `creature_template` SET `modelid1` = 23257, `modelid2` = 0, `modelid3` = 0, `modelid4` = 0 WHERE `entry` = 43650;

UPDATE `creature_template` SET `unit_flags` = 33685510 WHERE `entry` = 43655;
UPDATE `creature_template` SET `faction_A` = 14, `faction_H` = 14 WHERE `entry` = 43655;
UPDATE `creature_template` SET `minlevel` = 87, `maxlevel` = 87 WHERE `entry` = 43655;
UPDATE `creature_template` SET `modelid1` = 23257, `modelid2` = 0, `modelid3` = 0, `modelid4` = 0 WHERE `entry` = 43655;

UPDATE `creature_template` SET `minlevel` = 87, `maxlevel` = 87 WHERE `entry` = 45377;
UPDATE `creature_template` SET `dmg_multiplier` = 1 where entry = 45377;
UPDATE `creature_template` SET `mindmg` = 10434, `mindmg` = 19545 where entry = 45377;
UPDATE `creature_template` SET `ScriptName` ='npc_augh_intro' where entry = 45377;
UPDATE `creature_template` SET `unit_flags` = 0 WHERE `entry` = 45377;
UPDATE `creature_template` SET `equipment_id` = 45377 WHERE entry = 45377;
REPLACE INTO `creature_equip_template` VALUES (45377, 60957, 0, 0);
/*---------------------------------------------------------------------------------------------------------------*/

/*---------------------------------------------------------------------------------------------------------------*/
--  Верховный пророк Барим
DELETE FROM `spell_script_names` WHERE `spell_id` IN
(82168, 82009, 81960, 82220, 69893, 81947, 81958, 82215);
INSERT INTO `spell_script_names` VALUES
(82168, 'spell_repentance_pull_player'),
(82009, 'spell_repentance_trigger_clone_spell'),
(81960, 'spell_repentance_trigger_clone_spell'),
(82220, 'spell_repentance_trigger_clone_spell'),
(69893, 'spell_copy_melee_weapon'),
(81947, 'spell_repentance_player_kneel'),
(81958, 'spell_repentance_player_summon_mirror'),
(82215, 'spell_repentance_player_summon_mirror');

UPDATE `creature_template` SET `unit_class` = 1 WHERE `entry` = 43926;
UPDATE `creature_template` SET `scale` = 1 WHERE entry = 43926;
UPDATE `creature_template` SET `speed_run` = 0.9920629, `speed_walk` = 1 WHERE entry = 43926;
UPDATE `creature_template` SET `faction_A` = 35, `faction_H` = 35 WHERE `entry` = 43926;
UPDATE `creature_template` SET `baseattacktime` = 2000 WHERE `entry` = 43926;
UPDATE `creature_template` SET `unit_flags` = 33554432 WHERE `entry` = 43926;
DELETE FROM `creature_template_addon` WHERE `entry` = 43926;
INSERT INTO `creature_template_addon` (`entry`, `auras`) VALUES
(43926, '82197 0');

UPDATE `creature_template` SET `faction_A` = 35, `faction_H` = 35 WHERE `entry` = 43817;
UPDATE `creature_template` SET `unit_flags` = 33554432 WHERE `entry` = 43817;
UPDATE `creature_template` SET `ScriptName` = 'npc_repentance_mirror' WHERE `entry` = 43817;
UPDATE `creature_template` SET `modelid1` = 23767, `modelid2` = 0, `modelid3` = 0, `modelid4` = 0 WHERE `entry` = 43817;
UPDATE `creature_template` SET `RegenHealth` = 0 WHERE `entry` = 43817;
UPDATE `creature_template` SET `flags_extra` = 0 WHERE `entry` = 43817;

DELETE FROM `creature_template_addon` WHERE `entry` = 43801;
INSERT INTO `creature_template_addon` (`entry`, `auras`) VALUES
(43801, '81940 0 81941 0');
UPDATE `creature_template` SET `faction_A` = 16, `faction_H` = 16 WHERE `entry` = 43801;
UPDATE `creature_template` SET `modelid1` = 11686, `modelid2` = 0, `modelid3` = 0, `modelid4` = 0 WHERE `entry` = 43801;
UPDATE `creature_template` SET `unit_flags` = 33685510 WHERE `entry` = 43801;
UPDATE `creature_template` SET `minlevel` = 87, `maxlevel` = 87 WHERE `entry` = 43801;

UPDATE `creature_template` SET `ScriptName` = 'boss_high_prophet_barim' WHERE `entry` = 43612;
UPDATE `creature_template` SET `equipment_id` = 43612 WHERE entry = 43612;
REPLACE INTO `creature_equip_template` VALUES (43612, 58803, 0, 0);
UPDATE `creature_template` SET `speed_run` = 1.285714, `speed_walk` = 3.6 WHERE entry = 43612;
UPDATE `creature_template` SET `faction_A` = 16, `faction_H` = 16 WHERE `entry` = 43612;
UPDATE `creature_template` SET `unit_flags` = 32832 WHERE `entry` = 43612;

DELETE FROM `conditions` WHERE `SourceTypeOrReferenceId` = 13 AND `SourceEntry` = 91277;
INSERT INTO `conditions` (`SourceTypeOrReferenceId`, `SourceGroup`, `SourceEntry`, `ElseGroup`, `ConditionTypeOrReference`, `ConditionValue1`, `ConditionValue2`, `ConditionValue3`, `ErrorTextId`, `ScriptName`, `Comment`) VALUES
(13, 0, 91277, 0, 18, 1, 43934, 0, 0, '', '');

DELETE FROM `conditions` WHERE `SourceTypeOrReferenceId` = 13 AND `SourceEntry` = 82224;
INSERT INTO `conditions` (`SourceTypeOrReferenceId`, `SourceGroup`, `SourceEntry`, `ElseGroup`, `ConditionTypeOrReference`, `ConditionValue1`, `ConditionValue2`, `ConditionValue3`, `ErrorTextId`, `ScriptName`, `Comment`) VALUES
(13, 0, 82224, 0, 18, 1, 43927, 0, 0, '', '');

DELETE FROM `creature_template_addon` WHERE `entry` = 48904;
INSERT INTO `creature_template_addon` (`entry`, `auras`) VALUES
(48904, '91179 0');

DELETE FROM `creature_template_addon` WHERE `entry` = 48907;
INSERT INTO `creature_template_addon` (`entry`, `auras`) VALUES
(48907, '91195 0');
UPDATE `creature_template` SET `modelid1` = 11686, `modelid2` = 0, `modelid3` = 0, `modelid4` = 0 WHERE `entry` = 48907;
UPDATE `creature_template` SET `unit_flags` = 33685510 WHERE `entry` = 48907;
UPDATE `creature_template` SET `faction_A` = 16, `faction_H` = 16 WHERE `entry` = 48907;
UPDATE `creature_template` SET `minlevel` = 87, `maxlevel` = 87 WHERE `entry` = 48907;

UPDATE `creature_template` SET `ScriptName` = 'npc_blaze_of_the_heavens' WHERE `entry` = 48906;
UPDATE `creature_template` SET `speed_run` = 0.4285714, `speed_walk` = 1.2 WHERE entry = 48906;

UPDATE `creature_template` SET `modelid1` = 33573, `modelid2` = 0, `modelid3` = 0, `modelid4` = 0 WHERE `entry` = 43934;
UPDATE `creature_template` SET `faction_A` = 16, `faction_H` = 16 WHERE `entry` = 43934;
UPDATE `creature_template` SET `flags_extra` = 0 WHERE `entry` = 43934;
UPDATE `creature_template` SET `ScriptName` = 'npc_soul_fragment' WHERE `entry` = 43934;
UPDATE `creature_template` SET `unit_flags` = 0 WHERE `entry` = 43934;
UPDATE `creature_template` SET `mechanic_immune_mask` = 613097436 WHERE `entry` = 43934;

UPDATE `creature_template` SET `modelid1` = 33573, `modelid2` = 0, `modelid3` = 0, `modelid4` = 0 WHERE `entry` = 49219;
UPDATE `creature_template` SET `unit_flags` = 33685510 WHERE `entry` = 49219;

UPDATE `creature_template` SET `ScriptName` = 'npc_harbinger_of_darkness' WHERE `entry` = 43927;
UPDATE `creature_template` SET `faction_A` = 16, `faction_H` = 16 WHERE `entry` = 43927;
UPDATE `creature_template` SET `unit_flags` = 64 WHERE `entry` = 43927;
UPDATE `creature_template` SET `mechanic_immune_mask` = 613097436 WHERE `entry` = 43927;
/*---------------------------------------------------------------------------------------------------------------*/

/*---------------------------------------------------------------------------------------------------------------*/
--  Сиамат <Повелитель южного ветра>
UPDATE `achievement_criteria_data` SET `ScriptName` = 'achievement_headed_south' WHERE `criteria_id` = 15993;
UPDATE `achievement_criteria_data` SET `value1` = 93959 WHERE `criteria_id` = 15993;

UPDATE `creature_template` SET `ScriptName` = 'boss_siamat' WHERE `entry` = 44819;
UPDATE `creature_template` SET `speed_run` = 1.428571, `speed_walk` = 2.8 WHERE entry = 44819;
UPDATE `creature_template` SET `faction_A` = 16, `faction_H` = 16 WHERE `entry` = 44819;
UPDATE `creature_template` SET `unit_flags` = 0 WHERE `entry` = 44819;

DELETE FROM `creature_template_addon` WHERE `entry` = 44713;
INSERT INTO `creature_template_addon` (`entry`, `auras`) VALUES
(44713, '84512 0 83406 0 83406 1');
UPDATE `creature_template` SET `faction_A` = 16, `faction_H` = 16 WHERE `entry` = 44713;
UPDATE `creature_template` SET `minlevel` = 87, `maxlevel` = 87 WHERE `entry` = 44713;
UPDATE `creature_template` SET scriptname = '' where entry = 44713;
UPDATE `creature_template` SET flags_extra = 0 WHERE `entry` = 44713;
UPDATE `creature_template` SET unit_flags = 33554432 WHERE `entry` = 44713;
UPDATE `creature_template` SET type_flags = 0 WHERE `entry` = 44713;

UPDATE `creature_template` SET `ScriptName` = 'npc_siamat_minion' WHERE `entry` = 44704;
UPDATE `creature_template` SET `speed_run` = 1.214286, `speed_walk` = 1.555556 WHERE entry = 44704;
UPDATE `creature_template` SET `faction_A` = 16, `faction_H` = 16 WHERE `entry` = 44704;
UPDATE `creature_template` SET `unit_flags` = 0 WHERE `entry` = 44704;

UPDATE `creature_template` SET `ScriptName` = 'npc_servant_of_siamat' WHERE `entry` IN (45259, 45268, 45269);
UPDATE `creature_template` SET `speed_run` = 1.214286, `speed_walk` = 1.555556 WHERE entry IN (45259, 45268, 45269);
UPDATE `creature_template` SET `faction_A` = 16, `faction_H` = 16 WHERE `entry` IN (45259, 45268, 45269);
UPDATE `creature_template` SET `unit_flags` = 64 WHERE `entry` IN (45259, 45268, 45269);

DELETE FROM `creature_template_addon` WHERE `entry` = 44541;
INSERT INTO `creature_template_addon` (`entry`, `auras`) VALUES
(44541, '83048 0');
UPDATE `creature_template` SET `modelid1` = 31687, `modelid2` = 0, `modelid3` = 0, `modelid4` = 0 WHERE `entry` = 44541;
UPDATE `creature_template` SET `unit_flags` = 33685510 WHERE `entry` = 44541;
UPDATE `creature_template` SET `faction_A` = 14, `faction_H` = 14 WHERE `entry` = 44541;
UPDATE `creature_template` SET `minlevel` = 87, `maxlevel` = 87 WHERE `entry` = 44541;
UPDATE `creature_template` SET type_flags = 0 WHERE `entry` = 44541;
UPDATE `creature_template` SET `ScriptName` = 'npc_cloud_burst' WHERE `entry` = 44541;
UPDATE `creature_model_info` SET `bounding_radius` = 0.9, `combat_reach` = 1.8, `gender` = 2, `modelid_other_gender` = 0 WHERE `modelid` = 31687;

DELETE FROM `spell_script_names` WHERE `spell_id` IN
(83566, 84982, 91872, 91871);
INSERT INTO `spell_script_names` VALUES
(83566, 'spell_wailing_winds'),
(84982, 'spell_gathered_storms'),
(91872, 'spell_gathered_storms_trigger_cast'),
(91871, 'spell_gathered_storms_trigger_cast');

DELETE FROM `conditions` WHERE `SourceTypeOrReferenceId` = 13 AND `SourceEntry` = 83151;
INSERT INTO `conditions` (`SourceTypeOrReferenceId`, `SourceGroup`, `SourceEntry`, `ElseGroup`, `ConditionTypeOrReference`, `ConditionValue1`, `ConditionValue2`, `ConditionValue3`, `ErrorTextId`, `ScriptName`, `Comment`) VALUES
(13, 0, 83151, 0, 18, 1, 44713, 0, 0, '', '');
/*---------------------------------------------------------------------------------------------------------------*/

/*---------------------------------------------------------------------------------------------------------------*/
--  Остальное
UPDATE `gameobject_template` SET `flags` = 32 WHERE `entry` = 205365;
UPDATE `gameobject_template` SET `faction` = 1375 WHERE `entry` = 205365;

DELETE FROM `game_weather` WHERE zone = 5396;
INSERT INTO `game_weather` (`zone`, `spring_rain_chance`, `spring_snow_chance`, `spring_storm_chance`, `summer_rain_chance`, `summer_snow_chance`, `summer_storm_chance`, `fall_rain_chance`, `fall_snow_chance`, `fall_storm_chance`, `winter_rain_chance`, `winter_snow_chance`, `winter_storm_chance`) values('5396','0','0','0','0','0','0','0','0','0','0','0','0');

-- Restore heroic names
UPDATE `creature_template` SET `name` = 'Harbinger of Darkness (1)' WHERE `entry` = '48953';
UPDATE `creature_template` SET `name` = 'Soul Fragment (1)' WHERE `entry` = '48954';
UPDATE `creature_template` SET `name` = 'Servant of Siamat (1)' WHERE `entry` = '49256';
UPDATE `creature_template` SET `name` = 'Servant of Siamat (1)' WHERE `entry` = '49257';
UPDATE `creature_template` SET `name` = 'Servant of Siamat (1)' WHERE `entry` = '49258';
UPDATE `creature_template` SET `name` = 'Minion of Siamat (1)' WHERE `entry` = '49260';
UPDATE `creature_template` SET `name` = 'Pygmy Brute (1)' WHERE `entry` = '49317';
UPDATE `creature_template` SET `name` = 'Oathsworn Axemaster (1)' WHERE `entry` = '49319';
UPDATE `creature_template` SET `name` = 'Oathsworn Myrmidon (1)' WHERE `entry` = '49321';
UPDATE `creature_template` SET `name` = 'Oathsworn Wanderer (1)' WHERE `entry` = '49322';
UPDATE `creature_template` SET `name` = 'Oathsworn Pathfinder (1)' WHERE `entry` = '49323';
UPDATE `creature_template` SET `name` = 'Neferset Plaguebringer (1)' WHERE `entry` = '49324';
UPDATE `creature_template` SET `name` = 'Neferset Torturer (1)' WHERE `entry` = '49325';
UPDATE `creature_template` SET `name` = 'Neferset Theurgist (1)' WHERE `entry` = '49326';
UPDATE `creature_template` SET `name` = 'Oathsworn Skinner (1)' WHERE `entry` = '49327';
UPDATE `creature_template` SET `name` = 'Neferset Darkcaster (1)' WHERE `entry` = '49328';
UPDATE `creature_template` SET `name` = 'Oathsworn Scorpid Keeper (1)' WHERE `entry` = '49330';
UPDATE `creature_template` SET `name` = 'Oathsworn Tamer (1)' WHERE `entry` = '49333';
UPDATE `creature_template` SET `name` = 'Oathsworn Captain (1)' WHERE `entry` = '49334';

UPDATE `instance_template` SET `script`='instance_lost_city_of_the_tolvir', `allowMount` = 1 WHERE `map` = 755;

REPLACE INTO `creature_equip_template` VALUES (49317, 60765, 0, 0);
UPDATE `creature_template` SET `equipment_id` = 49317 WHERE entry = 49317;
 
UPDATE `creature_template` SET `flags_extra` = 0x20000000 WHERE `entry` = 44896;
UPDATE `creature_template` SET `flags_extra` = 0x20000000 WHERE `entry` = 49317;
UPDATE `creature_template` SET `vehicleid` = 1056 WHERE `entry` = 44896;
UPDATE `creature_template` SET `vehicleid` = 1056 WHERE `entry` = 49317;
REPLACE INTO `creature_equip_template` VALUES (44897, 0, 0, 60764);
UPDATE `creature_template` SET `equipment_id` = 44897 WHERE entry = 44897;
UPDATE `creature_template` SET `flags_extra` = 0x20000000 WHERE `entry` = 44897;
UPDATE `creature_template` SET `vehicleid` = 1058 WHERE `entry` = 44897;
UPDATE `creature_template` SET `flags_extra` = 0x20000000 WHERE `entry` = 48092;
UPDATE `creature_template` SET `vehicleid` = 1303 WHERE `entry` = 48092;
UPDATE `creature_template` SET `modelid1` = 34532, `modelid2` = 0, `modelid3` = 0, `modelid4` = 0 WHERE `entry` = 48092;
UPDATE `creature_template` SET `flags_extra` = 0x20000000 WHERE `entry` = 48097;
UPDATE `creature_template` SET `vehicleid` = 1304 WHERE `entry` = 48097;
UPDATE `creature_template` SET `modelid1` = 11686, `modelid2` = 0, `modelid3` = 0, `modelid4` = 0 WHERE `entry` = 48097;
UPDATE `creature_template` SET `faction_A` = 35, `faction_H` = 35 WHERE `entry` = 48097;
UPDATE `creature_template` SET `flags_extra` = 0x20000000 WHERE `entry` IN (48571, 45476);