REPLACE INTO `creature_template` (`entry`, `difficulty_entry_1`, `difficulty_entry_2`, `difficulty_entry_3`, `KillCredit1`, `KillCredit2`, `modelid1`, `modelid2`, `modelid3`, `modelid4`, `name`, `subname`, `IconName`, `gossip_menu_id`, `minlevel`, `maxlevel`, `exp`, `faction_A`, `faction_H`, `npcflag`, `speed_walk`, `speed_run`, `scale`, `rank`, `mindmg`, `maxdmg`, `dmgschool`, `attackpower`, `dmg_multiplier`, `baseattacktime`, `rangeattacktime`, `unit_class`, `unit_flags`, `unit_flags2`, `dynamicflags`, `family`, `trainer_type`, `trainer_spell`, `trainer_class`, `trainer_race`, `minrangedmg`, `maxrangedmg`, `rangedattackpower`, `type`, `type_flags`, `lootid`, `pickpocketloot`, `skinloot`, `resistance1`, `resistance2`, `resistance3`, `resistance4`, `resistance5`, `resistance6`, `spell1`, `spell2`, `spell3`, `spell4`, `spell5`, `spell6`, `spell7`, `spell8`, `PetSpellDataId`, `VehicleId`, `mingold`, `maxgold`, `AIName`, `MovementType`, `InhabitType`, `HoverHeight`, `Health_mod`, `Mana_mod`, `Armor_mod`, `RacialLeader`, `questItem1`, `questItem2`, `questItem3`, `questItem4`, `questItem5`, `questItem6`, `movementId`, `RegenHealth`, `mechanic_immune_mask`, `flags_extra`, `ScriptName`, `WDBVerified`) VALUES (39665, 39666, 39666, 0, 0, 0, 33147, 0, 0, 0, 'Rom\'ogg Bonecrusher', '', '', 0, 87, 87, 3, 16, 16, 0, 1.6, 1.71429, 1, 1, 532, 798, 0, 199, 95, 2000, 2000, 1, 32832, 2048, 12, 0, 0, 0, 0, 0, 426, 638, 159, 7, 104, 39665, 0, 0, 0, 0, 0, 0, 0, 0, 82137, 75539, 75272, 93453, 0, 0, 0, 0, 0, 0, 20003, 20003, '', 0, 3, 1, 20, 1, 1, 0, 0, 0, 0, 0, 0, 0, 167, 1, 617299967, 0, 'boss_romogg_bonecrusher', 15595);

DELETE FROM `creature_loot_template` WHERE (`entry`=39665);
INSERT INTO `creature_loot_template` VALUES 
(39665, 55278, 0, 1, 1, 1, 1),
(39665, 55279, 0, 1, 1, 1, 1),
(39665, 55776, 0, 1, 1, 1, 1),
(39665, 55777, 0, 1, 1, 1, 1),
(39665, 55778, 0, 1, 1, 1, 1);

REPLACE INTO `creature_template` (`entry`, `difficulty_entry_1`, `difficulty_entry_2`, `difficulty_entry_3`, `KillCredit1`, `KillCredit2`, `modelid1`, `modelid2`, `modelid3`, `modelid4`, `name`, `subname`, `IconName`, `gossip_menu_id`, `minlevel`, `maxlevel`, `exp`, `faction_A`, `faction_H`, `npcflag`, `speed_walk`, `speed_run`, `scale`, `rank`, `mindmg`, `maxdmg`, `dmgschool`, `attackpower`, `dmg_multiplier`, `baseattacktime`, `rangeattacktime`, `unit_class`, `unit_flags`, `unit_flags2`, `dynamicflags`, `family`, `trainer_type`, `trainer_spell`, `trainer_class`, `trainer_race`, `minrangedmg`, `maxrangedmg`, `rangedattackpower`, `type`, `type_flags`, `lootid`, `pickpocketloot`, `skinloot`, `resistance1`, `resistance2`, `resistance3`, `resistance4`, `resistance5`, `resistance6`, `spell1`, `spell2`, `spell3`, `spell4`, `spell5`, `spell6`, `spell7`, `spell8`, `PetSpellDataId`, `VehicleId`, `mingold`, `maxgold`, `AIName`, `MovementType`, `InhabitType`, `HoverHeight`, `Health_mod`, `Mana_mod`, `Armor_mod`, `RacialLeader`, `questItem1`, `questItem2`, `questItem3`, `questItem4`, `questItem5`, `questItem6`, `movementId`, `RegenHealth`, `mechanic_immune_mask`, `flags_extra`, `ScriptName`, `WDBVerified`) VALUES (39666, 0, 0, 0, 0, 0, 33147, 0, 0, 0, 'Rom\'ogg Bonecrusher (1)', '', '', 0, 87, 87, 3, 16, 16, 0, 1.6, 1.71429, 1, 1, 532, 798, 0, 199, 125, 2000, 2000, 1, 32832, 2048, 12, 0, 0, 0, 0, 0, 426, 638, 159, 7, 104, 39666, 0, 0, 0, 0, 0, 0, 0, 0, 82137, 75539, 75272, 93453, 0, 0, 0, 0, 0, 0, 20003, 20003, '', 0, 3, 1, 55, 1, 1, 0, 0, 0, 0, 0, 0, 0, 167, 1, 617299967, 1, '', 15595);


DELETE FROM `creature_loot_template` WHERE (`entry`=39666);
INSERT INTO `creature_loot_template` VALUES 
(39666, 56310, 0, 1, 1, 1, 1),
(39666, 56311, 0, 1, 1, 1, 1),
(39666, 56312, 0, 1, 1, 1, 1),
(39666, 56313, 0, 1, 1, 1, 1),
(39666, 56314, 0, 1, 1, 1, 1);

REPLACE INTO `creature_template` (`entry`, `difficulty_entry_1`, `difficulty_entry_2`, `difficulty_entry_3`, `KillCredit1`, `KillCredit2`, `modelid1`, `modelid2`, `modelid3`, `modelid4`, `name`, `subname`, `IconName`, `gossip_menu_id`, `minlevel`, `maxlevel`, `exp`, `faction_A`, `faction_H`, `npcflag`, `speed_walk`, `speed_run`, `scale`, `rank`, `mindmg`, `maxdmg`, `dmgschool`, `attackpower`, `dmg_multiplier`, `baseattacktime`, `rangeattacktime`, `unit_class`, `unit_flags`, `unit_flags2`, `dynamicflags`, `family`, `trainer_type`, `trainer_spell`, `trainer_class`, `trainer_race`, `minrangedmg`, `maxrangedmg`, `rangedattackpower`, `type`, `type_flags`, `lootid`, `pickpocketloot`, `skinloot`, `resistance1`, `resistance2`, `resistance3`, `resistance4`, `resistance5`, `resistance6`, `spell1`, `spell2`, `spell3`, `spell4`, `spell5`, `spell6`, `spell7`, `spell8`, `PetSpellDataId`, `VehicleId`, `mingold`, `maxgold`, `AIName`, `MovementType`, `InhabitType`, `HoverHeight`, `Health_mod`, `Mana_mod`, `Armor_mod`, `RacialLeader`, `questItem1`, `questItem2`, `questItem3`, `questItem4`, `questItem5`, `questItem6`, `movementId`, `RegenHealth`, `mechanic_immune_mask`, `flags_extra`, `ScriptName`, `WDBVerified`) VALUES (39679, 39680, 39680, 0, 0, 0, 31546, 0, 0, 0, 'Corla, Herald of Twilight', '', '', 0, 87, 87, 3, 16, 16, 0, 1.6, 1.14286, 1, 1, 990, 1484, 0, 371, 51.1, 2400, 4000, 2, 32832, 2048, 12, 0, 0, 0, 0, 0, 792, 1187, 297, 7, 104, 39679, 0, 0, 0, 0, 0, 0, 0, 0, 75817, 87376, 93462, 75823, 0, 0, 0, 0, 0, 0, 20000, 20000, '', 0, 3, 1, 20, 25, 1, 0, 0, 0, 0, 0, 0, 0, 125, 1, 617299967, 0, 'boss_corla_herald_of_twilight', 15595);

DELETE FROM `creature_loot_template` WHERE (`entry`=39679);
INSERT INTO `creature_loot_template` VALUES 
(39679, 55263, 0, 1, 1, 1, 1),
(39679, 55264, 0, 1, 1, 1, 1),
(39679, 55265, 0, 1, 1, 1, 1),
(39679, 55266, 0, 1, 1, 1, 1),
(39679, 55267, 0, 1, 1, 1, 1);

REPLACE INTO `creature_template` (`entry`, `difficulty_entry_1`, `difficulty_entry_2`, `difficulty_entry_3`, `KillCredit1`, `KillCredit2`, `modelid1`, `modelid2`, `modelid3`, `modelid4`, `name`, `subname`, `IconName`, `gossip_menu_id`, `minlevel`, `maxlevel`, `exp`, `faction_A`, `faction_H`, `npcflag`, `speed_walk`, `speed_run`, `scale`, `rank`, `mindmg`, `maxdmg`, `dmgschool`, `attackpower`, `dmg_multiplier`, `baseattacktime`, `rangeattacktime`, `unit_class`, `unit_flags`, `unit_flags2`, `dynamicflags`, `family`, `trainer_type`, `trainer_spell`, `trainer_class`, `trainer_race`, `minrangedmg`, `maxrangedmg`, `rangedattackpower`, `type`, `type_flags`, `lootid`, `pickpocketloot`, `skinloot`, `resistance1`, `resistance2`, `resistance3`, `resistance4`, `resistance5`, `resistance6`, `spell1`, `spell2`, `spell3`, `spell4`, `spell5`, `spell6`, `spell7`, `spell8`, `PetSpellDataId`, `VehicleId`, `mingold`, `maxgold`, `AIName`, `MovementType`, `InhabitType`, `HoverHeight`, `Health_mod`, `Mana_mod`, `Armor_mod`, `RacialLeader`, `questItem1`, `questItem2`, `questItem3`, `questItem4`, `questItem5`, `questItem6`, `movementId`, `RegenHealth`, `mechanic_immune_mask`, `flags_extra`, `ScriptName`, `WDBVerified`) VALUES (39680, 0, 0, 0, 0, 0, 31546, 0, 0, 0, 'Corla, Herald of Twilight (1)', '', '', 0, 87, 87, 3, 16, 16, 0, 1.6, 1.14286, 1, 1, 495, 742, 0, 186, 125, 2000, 2000, 2, 32832, 2048, 12, 0, 0, 0, 0, 0, 396, 594, 149, 7, 104, 39680, 0, 0, 0, 0, 0, 0, 0, 0, 75817, 87376, 93462, 75823, 0, 0, 0, 0, 0, 0, 20000, 20000, '', 0, 3, 1, 65, 25, 1, 0, 0, 0, 0, 0, 0, 0, 125, 1, 617299967, 1, '', 15595);


DELETE FROM `creature_loot_template` WHERE (`entry`=39680);
INSERT INTO `creature_loot_template` VALUES 
(39680, 56295, 0, 1, 1, 1, 1),
(39680, 56296, 0, 1, 1, 1, 1),
(39680, 56297, 0, 1, 1, 1, 1),
(39680, 56298, 0, 1, 1, 1, 1),
(39680, 56299, 0, 1, 1, 1, 1);

REPLACE INTO `creature_template` (`entry`, `difficulty_entry_1`, `difficulty_entry_2`, `difficulty_entry_3`, `KillCredit1`, `KillCredit2`, `modelid1`, `modelid2`, `modelid3`, `modelid4`, `name`, `subname`, `IconName`, `gossip_menu_id`, `minlevel`, `maxlevel`, `exp`, `faction_A`, `faction_H`, `npcflag`, `speed_walk`, `speed_run`, `scale`, `rank`, `mindmg`, `maxdmg`, `dmgschool`, `attackpower`, `dmg_multiplier`, `baseattacktime`, `rangeattacktime`, `unit_class`, `unit_flags`, `unit_flags2`, `dynamicflags`, `family`, `trainer_type`, `trainer_spell`, `trainer_class`, `trainer_race`, `minrangedmg`, `maxrangedmg`, `rangedattackpower`, `type`, `type_flags`, `lootid`, `pickpocketloot`, `skinloot`, `resistance1`, `resistance2`, `resistance3`, `resistance4`, `resistance5`, `resistance6`, `spell1`, `spell2`, `spell3`, `spell4`, `spell5`, `spell6`, `spell7`, `spell8`, `PetSpellDataId`, `VehicleId`, `mingold`, `maxgold`, `AIName`, `MovementType`, `InhabitType`, `HoverHeight`, `Health_mod`, `Mana_mod`, `Armor_mod`, `RacialLeader`, `questItem1`, `questItem2`, `questItem3`, `questItem4`, `questItem5`, `questItem6`, `movementId`, `RegenHealth`, `mechanic_immune_mask`, `flags_extra`, `ScriptName`, `WDBVerified`) VALUES (39698, 39699, 39699, 0, 0, 0, 31710, 0, 0, 0, 'Karsh Steelbender', 'Twilight Armorer', '', 0, 87, 87, 3, 16, 16, 0, 1.6, 1.71429, 1, 1, 532, 798, 0, 199, 95, 2000, 2000, 1, 32832, 2048, 12, 0, 0, 0, 0, 0, 426, 638, 159, 2, 104, 39698, 0, 0, 0, 0, 0, 0, 0, 0, 15284, 0, 0, 0, 0, 0, 0, 0, 0, 0, 20007, 20007, '', 0, 3, 1, 20, 1, 1, 0, 0, 0, 0, 0, 0, 0, 167, 1, 617299967, 0, 'boss_karsh_steelbender', 15595);

DELETE FROM `creature_loot_template` WHERE (`entry`=39698);
INSERT INTO `creature_loot_template` VALUES 
(39698, 55268, 0, 1, 1, 1, 1),
(39698, 55269, 0, 1, 1, 1, 1),
(39698, 55270, 0, 1, 1, 1, 1),
(39698, 55271, 0, 1, 1, 1, 1),
(39698, 55272, 0, 1, 1, 1, 1),
(39698, 71638, 0.5659, 1, 0, 1, 1);

REPLACE INTO `creature_template` (`entry`, `difficulty_entry_1`, `difficulty_entry_2`, `difficulty_entry_3`, `KillCredit1`, `KillCredit2`, `modelid1`, `modelid2`, `modelid3`, `modelid4`, `name`, `subname`, `IconName`, `gossip_menu_id`, `minlevel`, `maxlevel`, `exp`, `faction_A`, `faction_H`, `npcflag`, `speed_walk`, `speed_run`, `scale`, `rank`, `mindmg`, `maxdmg`, `dmgschool`, `attackpower`, `dmg_multiplier`, `baseattacktime`, `rangeattacktime`, `unit_class`, `unit_flags`, `unit_flags2`, `dynamicflags`, `family`, `trainer_type`, `trainer_spell`, `trainer_class`, `trainer_race`, `minrangedmg`, `maxrangedmg`, `rangedattackpower`, `type`, `type_flags`, `lootid`, `pickpocketloot`, `skinloot`, `resistance1`, `resistance2`, `resistance3`, `resistance4`, `resistance5`, `resistance6`, `spell1`, `spell2`, `spell3`, `spell4`, `spell5`, `spell6`, `spell7`, `spell8`, `PetSpellDataId`, `VehicleId`, `mingold`, `maxgold`, `AIName`, `MovementType`, `InhabitType`, `HoverHeight`, `Health_mod`, `Mana_mod`, `Armor_mod`, `RacialLeader`, `questItem1`, `questItem2`, `questItem3`, `questItem4`, `questItem5`, `questItem6`, `movementId`, `RegenHealth`, `mechanic_immune_mask`, `flags_extra`, `ScriptName`, `WDBVerified`) VALUES (39699, 0, 0, 0, 0, 0, 31710, 0, 0, 0, 'Karsh Steelbender (1)', 'Twilight Armorer', '', 0, 87, 87, 3, 16, 16, 0, 1.6, 1.71429, 1, 1, 532, 798, 0, 199, 125, 2000, 2000, 1, 32832, 2048, 12, 0, 0, 0, 0, 0, 426, 638, 159, 2, 104, 39699, 0, 0, 0, 0, 0, 0, 0, 0, 15284, 0, 0, 0, 0, 0, 0, 0, 0, 0, 20007, 20007, '', 0, 3, 1, 60, 1, 1, 0, 0, 0, 0, 0, 0, 0, 167, 1, 617299967, 1, '', 15595);

DELETE FROM `creature_loot_template` WHERE (`entry`=39699);
INSERT INTO `creature_loot_template` VALUES 
(39699, 56300, 0, 1, 1, 1, 1),
(39699, 56301, 0, 1, 1, 1, 1),
(39699, 56302, 0, 1, 1, 1, 1),
(39699, 56303, 0, 1, 1, 1, 1),
(39699, 56304, 0, 1, 1, 1, 1);

REPLACE INTO `creature_template` (`entry`, `difficulty_entry_1`, `difficulty_entry_2`, `difficulty_entry_3`, `KillCredit1`, `KillCredit2`, `modelid1`, `modelid2`, `modelid3`, `modelid4`, `name`, `subname`, `IconName`, `gossip_menu_id`, `minlevel`, `maxlevel`, `exp`, `faction_A`, `faction_H`, `npcflag`, `speed_walk`, `speed_run`, `scale`, `rank`, `mindmg`, `maxdmg`, `dmgschool`, `attackpower`, `dmg_multiplier`, `baseattacktime`, `rangeattacktime`, `unit_class`, `unit_flags`, `unit_flags2`, `dynamicflags`, `family`, `trainer_type`, `trainer_spell`, `trainer_class`, `trainer_race`, `minrangedmg`, `maxrangedmg`, `rangedattackpower`, `type`, `type_flags`, `lootid`, `pickpocketloot`, `skinloot`, `resistance1`, `resistance2`, `resistance3`, `resistance4`, `resistance5`, `resistance6`, `spell1`, `spell2`, `spell3`, `spell4`, `spell5`, `spell6`, `spell7`, `spell8`, `PetSpellDataId`, `VehicleId`, `mingold`, `maxgold`, `AIName`, `MovementType`, `InhabitType`, `HoverHeight`, `Health_mod`, `Mana_mod`, `Armor_mod`, `RacialLeader`, `questItem1`, `questItem2`, `questItem3`, `questItem4`, `questItem5`, `questItem6`, `movementId`, `RegenHealth`, `mechanic_immune_mask`, `flags_extra`, `ScriptName`, `WDBVerified`) VALUES (39700, 39701, 39701, 0, 0, 0, 34433, 0, 0, 0, 'Beauty', '', '', 0, 87, 87, 3, 16, 16, 0, 1.6, 1.71429, 1, 1, 532, 798, 0, 199, 95, 2000, 2000, 1, 67141696, 2048, 4, 0, 0, 0, 0, 0, 426, 638, 159, 1, 104, 39700, 39700, 39700, 0, 0, 0, 0, 0, 0, 82395, 93580, 76030, 76032, 0, 0, 0, 0, 0, 0, 20000, 20000, '', 0, 3, 1, 20, 1, 1, 0, 0, 0, 0, 0, 0, 0, 167, 1, 617299967, 0, 'boss_beauty', 15595);

DELETE FROM `creature_loot_template` WHERE (`entry`=39700);
INSERT INTO `creature_loot_template` VALUES 
(39700, 55273, 0, 1, 1, 1, 1),
(39700, 55274, 0, 1, 1, 1, 1),
(39700, 55275, 0, 1, 1, 1, 1),
(39700, 55276, 0, 1, 1, 1, 1),
(39700, 55277, 0, 1, 1, 1, 1);

DELETE FROM `pickpocketing_loot_template` WHERE (`entry`=39700);
INSERT INTO `pickpocketing_loot_template` VALUES 
(39700, 52976, 100, 1, 0, 1, 4),
(39700, 52977, 100, 1, 0, 1, 8);

DELETE FROM `skinning_loot_template` WHERE (`entry`=39700);
INSERT INTO `skinning_loot_template` VALUES 
(39700, 52976, 82.5745, 1, 0, 1, 1),
(39700, 52977, 53.8987, 1, 0, 1, 1);

REPLACE INTO `creature_template` (`entry`, `difficulty_entry_1`, `difficulty_entry_2`, `difficulty_entry_3`, `KillCredit1`, `KillCredit2`, `modelid1`, `modelid2`, `modelid3`, `modelid4`, `name`, `subname`, `IconName`, `gossip_menu_id`, `minlevel`, `maxlevel`, `exp`, `faction_A`, `faction_H`, `npcflag`, `speed_walk`, `speed_run`, `scale`, `rank`, `mindmg`, `maxdmg`, `dmgschool`, `attackpower`, `dmg_multiplier`, `baseattacktime`, `rangeattacktime`, `unit_class`, `unit_flags`, `unit_flags2`, `dynamicflags`, `family`, `trainer_type`, `trainer_spell`, `trainer_class`, `trainer_race`, `minrangedmg`, `maxrangedmg`, `rangedattackpower`, `type`, `type_flags`, `lootid`, `pickpocketloot`, `skinloot`, `resistance1`, `resistance2`, `resistance3`, `resistance4`, `resistance5`, `resistance6`, `spell1`, `spell2`, `spell3`, `spell4`, `spell5`, `spell6`, `spell7`, `spell8`, `PetSpellDataId`, `VehicleId`, `mingold`, `maxgold`, `AIName`, `MovementType`, `InhabitType`, `HoverHeight`, `Health_mod`, `Mana_mod`, `Armor_mod`, `RacialLeader`, `questItem1`, `questItem2`, `questItem3`, `questItem4`, `questItem5`, `questItem6`, `movementId`, `RegenHealth`, `mechanic_immune_mask`, `flags_extra`, `ScriptName`, `WDBVerified`) VALUES (39701, 0, 0, 0, 0, 0, 34433, 0, 0, 0, 'Beauty (1)', '', '', 0, 87, 87, 3, 16, 16, 0, 1.6, 1.71429, 1, 1, 532, 798, 0, 199, 125, 2000, 2000, 1, 67141696, 2048, 4, 0, 0, 0, 0, 0, 426, 638, 159, 1, 104, 39701, 39700, 39700, 0, 0, 0, 0, 0, 0, 82395, 93580, 76030, 76032, 0, 0, 0, 0, 0, 0, 20000, 20000, '', 0, 3, 1, 50, 1, 1, 0, 0, 0, 0, 0, 0, 0, 167, 1, 617299967, 1, '', 15595);

DELETE FROM `creature_loot_template` WHERE (`entry`=39701);
INSERT INTO `creature_loot_template` VALUES 
(39701, 56305, 0, 1, 1, 1, 1),
(39701, 56306, 0, 1, 1, 1, 1),
(39701, 56307, 0, 1, 1, 1, 1),
(39701, 56308, 0, 1, 1, 1, 1),
(39701, 56309, 0, 1, 1, 1, 1);

REPLACE INTO `creature_template` (`entry`, `difficulty_entry_1`, `difficulty_entry_2`, `difficulty_entry_3`, `KillCredit1`, `KillCredit2`, `modelid1`, `modelid2`, `modelid3`, `modelid4`, `name`, `subname`, `IconName`, `gossip_menu_id`, `minlevel`, `maxlevel`, `exp`, `faction_A`, `faction_H`, `npcflag`, `speed_walk`, `speed_run`, `scale`, `rank`, `mindmg`, `maxdmg`, `dmgschool`, `attackpower`, `dmg_multiplier`, `baseattacktime`, `rangeattacktime`, `unit_class`, `unit_flags`, `unit_flags2`, `dynamicflags`, `family`, `trainer_type`, `trainer_spell`, `trainer_class`, `trainer_race`, `minrangedmg`, `maxrangedmg`, `rangedattackpower`, `type`, `type_flags`, `lootid`, `pickpocketloot`, `skinloot`, `resistance1`, `resistance2`, `resistance3`, `resistance4`, `resistance5`, `resistance6`, `spell1`, `spell2`, `spell3`, `spell4`, `spell5`, `spell6`, `spell7`, `spell8`, `PetSpellDataId`, `VehicleId`, `mingold`, `maxgold`, `AIName`, `MovementType`, `InhabitType`, `HoverHeight`, `Health_mod`, `Mana_mod`, `Armor_mod`, `RacialLeader`, `questItem1`, `questItem2`, `questItem3`, `questItem4`, `questItem5`, `questItem6`, `movementId`, `RegenHealth`, `mechanic_immune_mask`, `flags_extra`, `ScriptName`, `WDBVerified`) VALUES (39705, 39706, 39706, 0, 0, 0, 36465, 0, 0, 0, 'Ascendant Lord Obsidius', '', '', 0, 87, 87, 3, 16, 16, 0, 1.6, 1.71429, 1, 1, 532, 798, 0, 199, 95, 2000, 2000, 1, 0, 2048, 0, 0, 0, 0, 0, 0, 426, 638, 159, 4, 104, 39705, 0, 0, 0, 0, 0, 0, 0, 0, 76185, 82393, 76186, 93613, 0, 0, 0, 0, 0, 0, 20026, 20026, '', 0, 3, 1, 18.75, 1, 1, 0, 52506, 0, 0, 0, 0, 0, 167, 1, 617299967, 0, 'boss_ascendant_lord_obsidius', 15595);

DELETE FROM `creature_loot_template` WHERE (`entry`=39705);
INSERT INTO `creature_loot_template` VALUES 
(39705, 55779, 0, 1, 2, 1, 1),
(39705, 55780, 0, 1, 2, 1, 1),
(39705, 55781, 0, 1, 1, 1, 1),
(39705, 55782, 0, 1, 1, 1, 1),
(39705, 55783, 0, 1, 1, 1, 1),
(39705, 55784, 0, 1, 2, 1, 1),
(39705, 55785, 0, 1, 2, 1, 1),
(39705, 55786, 0, 1, 2, 1, 1),
(39705, 55787, 0, 1, 1, 1, 1),
(39705, 55788, 0, 1, 1, 1, 1);

REPLACE INTO `creature_template` (`entry`, `difficulty_entry_1`, `difficulty_entry_2`, `difficulty_entry_3`, `KillCredit1`, `KillCredit2`, `modelid1`, `modelid2`, `modelid3`, `modelid4`, `name`, `subname`, `IconName`, `gossip_menu_id`, `minlevel`, `maxlevel`, `exp`, `faction_A`, `faction_H`, `npcflag`, `speed_walk`, `speed_run`, `scale`, `rank`, `mindmg`, `maxdmg`, `dmgschool`, `attackpower`, `dmg_multiplier`, `baseattacktime`, `rangeattacktime`, `unit_class`, `unit_flags`, `unit_flags2`, `dynamicflags`, `family`, `trainer_type`, `trainer_spell`, `trainer_class`, `trainer_race`, `minrangedmg`, `maxrangedmg`, `rangedattackpower`, `type`, `type_flags`, `lootid`, `pickpocketloot`, `skinloot`, `resistance1`, `resistance2`, `resistance3`, `resistance4`, `resistance5`, `resistance6`, `spell1`, `spell2`, `spell3`, `spell4`, `spell5`, `spell6`, `spell7`, `spell8`, `PetSpellDataId`, `VehicleId`, `mingold`, `maxgold`, `AIName`, `MovementType`, `InhabitType`, `HoverHeight`, `Health_mod`, `Mana_mod`, `Armor_mod`, `RacialLeader`, `questItem1`, `questItem2`, `questItem3`, `questItem4`, `questItem5`, `questItem6`, `movementId`, `RegenHealth`, `mechanic_immune_mask`, `flags_extra`, `ScriptName`, `WDBVerified`) VALUES (39706, 0, 0, 0, 0, 0, 36465, 0, 0, 0, 'Ascendant Lord Obsidius (1)', '', '', 0, 87, 87, 3, 16, 16, 0, 1.6, 1.71429, 1, 1, 532, 798, 0, 199, 125, 2000, 2000, 1, 0, 2048, 0, 0, 0, 0, 0, 0, 426, 638, 159, 4, 104, 39706, 0, 0, 0, 0, 0, 0, 0, 0, 76185, 82393, 76186, 93613, 0, 0, 0, 0, 0, 0, 20026, 20026, '', 0, 3, 1, 55, 1, 1, 0, 52506, 0, 0, 0, 0, 0, 167, 1, 617299967, 1, '', 15595);

DELETE FROM `creature_loot_template` WHERE (`entry`=39706);
INSERT INTO `creature_loot_template` VALUES 
(39706, 52078, 100, 1, 0, 1, 1),
(39706, 52506, -100, 1, 0, 1, 1),
(39706, 56315, 0, 1, 2, 1, 1),
(39706, 56316, 0, 1, 1, 1, 1),
(39706, 56317, 0, 1, 1, 1, 1),
(39706, 56318, 0, 1, 2, 1, 1),
(39706, 56319, 0, 1, 1, 1, 1),
(39706, 56320, 0, 1, 1, 1, 1),
(39706, 56321, 0, 1, 2, 1, 1),
(39706, 56322, 0, 1, 1, 1, 1),
(39706, 56323, 0, 1, 2, 1, 1),
(39706, 56324, 0, 1, 2, 1, 1);
