-- LEVEL 1

	INSERT INTO creature_template (`entry`, `name`, `subname`, `IconName`, `RacialLeader`, `family`, `type`, `modelid1`, `modelid2`, `modelid3`, `modelid4`, `questItem1`, `questItem2`, `questItem3`, `questItem4`, `questItem5`, `questItem6`, `unit_flags`, `unit_flags2`, `Health_mod`, `Mana_mod`, `Armor_mod`, `rank`, `KillCredit1`, `KillCredit2`, `movementId`, `scale`, `minlevel`, `maxlevel`, `faction`, `baseattacktime`, `rangeattacktime`, `unit_class`, `resistance1`, `resistance2`, `resistance3`, `resistance4`, `resistance5`, `resistance6`, `speed_walk`, `speed_run`, `spell1`, `spell2`, `spell3`, `spell4`, `spell5`, `spell6`, `spell7`, `spell8`, `BuildVerified`) VALUES(77356, "Costan Highwall", "Jewelcrafter", "trainer", 0, 0, 7, 53824, 0, 0, 0, 0, 0, 0, 0, 0, 0, 4096, 0, 1, 1, 1, 0, 0, 0, 0, 1, 90, 90, 1733, 2000, 2000, 1, 0, 0, 0, 0, 0, 0, 1, 1.142857, 0, 0, 0, 0, 0, 0, 0, 0, 19865) ON DUPLICATE KEY UPDATE `entry` = VALUES(`entry`), `name` = VALUES(`name`), `subname` = VALUES(`subname`), `IconName` = VALUES(`IconName`), `RacialLeader` = VALUES(`RacialLeader`), `family` = VALUES(`family`), `type` = VALUES(`type`), `modelid1` = VALUES(`modelid1`), `modelid2` = VALUES(`modelid2`), `modelid3` = VALUES(`modelid3`), `modelid4` = VALUES(`modelid4`), `questItem1` = VALUES(`questItem1`), `questItem2` = VALUES(`questItem2`), `questItem3` = VALUES(`questItem3`), `questItem4` = VALUES(`questItem4`), `questItem5` = VALUES(`questItem5`), `questItem6` = VALUES(`questItem6`), `unit_flags` = VALUES(`unit_flags`), `unit_flags2` = VALUES(`unit_flags2`), `Health_mod` = VALUES(`Health_mod`), `Mana_mod` = VALUES(`Mana_mod`), `Armor_mod` = VALUES(`Armor_mod`), `rank` = VALUES(`rank`), `KillCredit1` = VALUES(`KillCredit1`), `KillCredit2` = VALUES(`KillCredit2`), `movementId` = VALUES(`movementId`), `scale` = VALUES(`scale`), `minlevel` = VALUES(`minlevel`), `maxlevel` = VALUES(`maxlevel`), `faction` = VALUES(`faction`), `baseattacktime` = VALUES(`baseattacktime`), `rangeattacktime` = VALUES(`rangeattacktime`), `unit_class` = VALUES(`unit_class`), `resistance1` = VALUES(`resistance1`), `resistance2` = VALUES(`resistance2`), `resistance3` = VALUES(`resistance3`), `resistance4` = VALUES(`resistance4`), `resistance5` = VALUES(`resistance5`), `resistance6` = VALUES(`resistance6`), `speed_walk` = VALUES(`speed_walk`), `speed_run` = VALUES(`speed_run`), `spell1` = VALUES(`spell1`), `spell2` = VALUES(`spell2`), `spell3` = VALUES(`spell3`), `spell4` = VALUES(`spell4`), `spell5` = VALUES(`spell5`), `spell6` = VALUES(`spell6`), `spell7` = VALUES(`spell7`), `spell8` = VALUES(`spell8`), `BuildVerified` = VALUES(`BuildVerified`);
	INSERT INTO creature_template (`entry`, `name`, `subname`, `IconName`, `RacialLeader`, `family`, `type`, `modelid1`, `modelid2`, `modelid3`, `modelid4`, `questItem1`, `questItem2`, `questItem3`, `questItem4`, `questItem5`, `questItem6`, `unit_flags`, `unit_flags2`, `Health_mod`, `Mana_mod`, `Armor_mod`, `rank`, `KillCredit1`, `KillCredit2`, `movementId`, `scale`, `minlevel`, `maxlevel`, `faction`, `baseattacktime`, `rangeattacktime`, `unit_class`, `resistance1`, `resistance2`, `resistance3`, `resistance4`, `resistance5`, `resistance6`, `speed_walk`, `speed_run`, `spell1`, `spell2`, `spell3`, `spell4`, `spell5`, `spell6`, `spell7`, `spell8`, `BuildVerified`) VALUES(77775, "Kaya Solasen", "Work Orders", "workorders", 0, 0, 7, 54622, 0, 0, 0, 0, 0, 0, 0, 0, 0, 4096, 0, 1, 1, 1, 0, 0, 0, 0, 1, 90, 90, 1733, 2000, 2000, 1, 0, 0, 0, 0, 0, 0, 1, 1.142857, 0, 0, 0, 0, 0, 0, 0, 0, 19865) ON DUPLICATE KEY UPDATE `entry` = VALUES(`entry`), `name` = VALUES(`name`), `subname` = VALUES(`subname`), `IconName` = VALUES(`IconName`), `RacialLeader` = VALUES(`RacialLeader`), `family` = VALUES(`family`), `type` = VALUES(`type`), `modelid1` = VALUES(`modelid1`), `modelid2` = VALUES(`modelid2`), `modelid3` = VALUES(`modelid3`), `modelid4` = VALUES(`modelid4`), `questItem1` = VALUES(`questItem1`), `questItem2` = VALUES(`questItem2`), `questItem3` = VALUES(`questItem3`), `questItem4` = VALUES(`questItem4`), `questItem5` = VALUES(`questItem5`), `questItem6` = VALUES(`questItem6`), `unit_flags` = VALUES(`unit_flags`), `unit_flags2` = VALUES(`unit_flags2`), `Health_mod` = VALUES(`Health_mod`), `Mana_mod` = VALUES(`Mana_mod`), `Armor_mod` = VALUES(`Armor_mod`), `rank` = VALUES(`rank`), `KillCredit1` = VALUES(`KillCredit1`), `KillCredit2` = VALUES(`KillCredit2`), `movementId` = VALUES(`movementId`), `scale` = VALUES(`scale`), `minlevel` = VALUES(`minlevel`), `maxlevel` = VALUES(`maxlevel`), `faction` = VALUES(`faction`), `baseattacktime` = VALUES(`baseattacktime`), `rangeattacktime` = VALUES(`rangeattacktime`), `unit_class` = VALUES(`unit_class`), `resistance1` = VALUES(`resistance1`), `resistance2` = VALUES(`resistance2`), `resistance3` = VALUES(`resistance3`), `resistance4` = VALUES(`resistance4`), `resistance5` = VALUES(`resistance5`), `resistance6` = VALUES(`resistance6`), `speed_walk` = VALUES(`speed_walk`), `speed_run` = VALUES(`speed_run`), `spell1` = VALUES(`spell1`), `spell2` = VALUES(`spell2`), `spell3` = VALUES(`spell3`), `spell4` = VALUES(`spell4`), `spell5` = VALUES(`spell5`), `spell6` = VALUES(`spell6`), `spell7` = VALUES(`spell7`), `spell8` = VALUES(`spell8`), `BuildVerified` = VALUES(`BuildVerified`);

	INSERT INTO creature_model_info (`modelid`, `bounding_radius`, `combat_reach`, `gender`) VALUES(53824, 0.306, 1.5, 0) ON DUPLICATE KEY UPDATE `modelid` = VALUES(`modelid`), `bounding_radius` = VALUES(`bounding_radius`), `combat_reach` = VALUES(`combat_reach`), `gender` = VALUES(`gender`);
	INSERT INTO creature_model_info (`modelid`, `bounding_radius`, `combat_reach`, `gender`) VALUES(54622, 0.208, 1.5, 1) ON DUPLICATE KEY UPDATE `modelid` = VALUES(`modelid`), `bounding_radius` = VALUES(`bounding_radius`), `combat_reach` = VALUES(`combat_reach`), `gender` = VALUES(`gender`);

	UPDATE creature_template SET ScriptName="npc_CostanHighwall_Garr", npcFlag=131, npcFlag2=128, minlevel=90, maxlevel=90 WHERE entry=77356;
	UPDATE creature_template SET ScriptName="npc_KayaSolasen_Garr", npcFlag=3, npcFlag2=32, minlevel=90, maxlevel=90 WHERE entry=77775;

	UPDATE `creature_template` SET `npcflag`=`npcflag`|128 WHERE `entry`=77356;
	DELETE FROM `npc_vendor` WHERE `entry` = 77356 AND `type` = 1;
	INSERT INTO `npc_vendor` (`entry`, `slot`, `item`, `maxcount`, `incrtime`, `ExtendedCost`, `type`) VALUES
	(77356, 0, 52188, 0, 0, 0, 1),
	(77356, 0, 115359, 0, 0, 0, 1),
	(77356, 0, 116078, 0, 0, 5319, 1),
	(77356, 0, 116079, 0, 0, 5321, 1),
	(77356, 0, 116080, 0, 0, 5321, 1),
	(77356, 0, 116090, 0, 0, 5319, 1),
	(77356, 0, 116091, 0, 0, 5319, 1),
	(77356, 0, 116092, 0, 0, 5319, 1),
	(77356, 0, 116093, 0, 0, 5319, 1),
	(77356, 0, 116094, 0, 0, 5319, 1),
	(77356, 0, 116095, 0, 0, 5319, 1),
	(77356, 0, 116096, 0, 0, 5319, 1),
	(77356, 0, 116097, 0, 0, 5319, 1),
	(77356, 0, 116098, 0, 0, 5319, 1),
	(77356, 0, 116099, 0, 0, 5319, 1),
	(77356, 0, 116100, 0, 0, 5319, 1),
	(77356, 0, 116101, 0, 0, 5319, 1),
	(77356, 0, 116102, 0, 0, 5321, 1),
	(77356, 0, 116103, 0, 0, 5321, 1),
	(77356, 0, 116104, 0, 0, 5321, 1),
	(77356, 0, 116105, 0, 0, 5321, 1),
	(77356, 0, 116106, 0, 0, 5321, 1),
	(77356, 0, 116107, 0, 0, 5321, 1),
	(77356, 0, 116108, 0, 0, 5320, 1),
	(77356, 0, 116109, 0, 0, 5320, 1),
	(77356, 0, 116111, 0, 0, 5319, 1);

	DELETE FROM creature_queststarter WHERE id=77356 AND quest=36644;
	INSERT INTO creature_queststarter(`id`, `quest`) values('77356','36644');

	DELETE FROM creature_questender WHERE id=77775 AND quest=36644;
	INSERT INTO creature_questender(`id`, `quest`) values('77775','36644');

	INSERT INTO gameobject_template (`entry`, `type`, `displayId`, `name`, `IconName`, `castBarCaption`, `unk1`, `faction`, `flags`, `size`, `questItem1`, `questItem2`, `questItem3`, `questItem4`, `questItem5`, `questItem6`, `data0`, `data1`, `data2`, `data3`, `data4`, `data5`, `data6`, `data7`, `data8`, `data9`, `data10`, `data11`, `data12`, `data13`, `data14`, `data15`, `data16`, `data17`, `data18`, `data19`, `data20`, `data21`, `data22`, `data23`, `data24`, `data25`, `data26`, `data27`, `data28`, `data29`, `data30`, `data31`, `data32`, `unkInt32`, `BuildVerified`) VALUES(227693, 5, 15411, "Stack of books", "", "", "", 114, 0, 1, 0, 0, 0, 0, 0, 0, 0, 1, 0, 0, 0, 0, 0, 0, 0, 0, 0, 0, 0, 0, 0, 0, 0, 0, 0, 0, 0, 0, 0, 0, 0, 0, 0, 0, 0, 0, 0, 0, 0, 0, 19865) ON DUPLICATE KEY UPDATE `entry` = VALUES(`entry`), `type` = VALUES(`type`), `displayId` = VALUES(`displayId`), `name` = VALUES(`name`), `IconName` = VALUES(`IconName`), `castBarCaption` = VALUES(`castBarCaption`), `unk1` = VALUES(`unk1`), `faction` = VALUES(`faction`), `flags` = VALUES(`flags`), `size` = VALUES(`size`), `questItem1` = VALUES(`questItem1`), `questItem2` = VALUES(`questItem2`), `questItem3` = VALUES(`questItem3`), `questItem4` = VALUES(`questItem4`), `questItem5` = VALUES(`questItem5`), `questItem6` = VALUES(`questItem6`), `data0` = VALUES(`data0`), `data1` = VALUES(`data1`), `data2` = VALUES(`data2`), `data3` = VALUES(`data3`), `data4` = VALUES(`data4`), `data5` = VALUES(`data5`), `data6` = VALUES(`data6`), `data7` = VALUES(`data7`), `data8` = VALUES(`data8`), `data9` = VALUES(`data9`), `data10` = VALUES(`data10`), `data11` = VALUES(`data11`), `data12` = VALUES(`data12`), `data13` = VALUES(`data13`), `data14` = VALUES(`data14`), `data15` = VALUES(`data15`), `data16` = VALUES(`data16`), `data17` = VALUES(`data17`), `data18` = VALUES(`data18`), `data19` = VALUES(`data19`), `data20` = VALUES(`data20`), `data21` = VALUES(`data21`), `data22` = VALUES(`data22`), `data23` = VALUES(`data23`), `data24` = VALUES(`data24`), `data25` = VALUES(`data25`), `data26` = VALUES(`data26`), `data27` = VALUES(`data27`), `data28` = VALUES(`data28`), `data29` = VALUES(`data29`), `data30` = VALUES(`data30`), `data31` = VALUES(`data31`), `data32` = VALUES(`data32`), `unkInt32` = VALUES(`unkInt32`), `BuildVerified` = VALUES(`BuildVerified`);
	INSERT INTO gameobject_template (`entry`, `type`, `displayId`, `name`, `IconName`, `castBarCaption`, `unk1`, `faction`, `flags`, `size`, `questItem1`, `questItem2`, `questItem3`, `questItem4`, `questItem5`, `questItem6`, `data0`, `data1`, `data2`, `data3`, `data4`, `data5`, `data6`, `data7`, `data8`, `data9`, `data10`, `data11`, `data12`, `data13`, `data14`, `data15`, `data16`, `data17`, `data18`, `data19`, `data20`, `data21`, `data22`, `data23`, `data24`, `data25`, `data26`, `data27`, `data28`, `data29`, `data30`, `data31`, `data32`, `unkInt32`, `BuildVerified`) VALUES(227694, 7, 15407, "Stool", "", "", "", 0, 64, 1, 0, 0, 0, 0, 0, 0, 1, 2, 0, 0, 0, 0, 0, 0, 0, 0, 0, 0, 0, 0, 0, 0, 0, 0, 0, 0, 0, 0, 0, 0, 0, 0, 0, 0, 0, 0, 0, 0, 0, 0, 19865) ON DUPLICATE KEY UPDATE `entry` = VALUES(`entry`), `type` = VALUES(`type`), `displayId` = VALUES(`displayId`), `name` = VALUES(`name`), `IconName` = VALUES(`IconName`), `castBarCaption` = VALUES(`castBarCaption`), `unk1` = VALUES(`unk1`), `faction` = VALUES(`faction`), `flags` = VALUES(`flags`), `size` = VALUES(`size`), `questItem1` = VALUES(`questItem1`), `questItem2` = VALUES(`questItem2`), `questItem3` = VALUES(`questItem3`), `questItem4` = VALUES(`questItem4`), `questItem5` = VALUES(`questItem5`), `questItem6` = VALUES(`questItem6`), `data0` = VALUES(`data0`), `data1` = VALUES(`data1`), `data2` = VALUES(`data2`), `data3` = VALUES(`data3`), `data4` = VALUES(`data4`), `data5` = VALUES(`data5`), `data6` = VALUES(`data6`), `data7` = VALUES(`data7`), `data8` = VALUES(`data8`), `data9` = VALUES(`data9`), `data10` = VALUES(`data10`), `data11` = VALUES(`data11`), `data12` = VALUES(`data12`), `data13` = VALUES(`data13`), `data14` = VALUES(`data14`), `data15` = VALUES(`data15`), `data16` = VALUES(`data16`), `data17` = VALUES(`data17`), `data18` = VALUES(`data18`), `data19` = VALUES(`data19`), `data20` = VALUES(`data20`), `data21` = VALUES(`data21`), `data22` = VALUES(`data22`), `data23` = VALUES(`data23`), `data24` = VALUES(`data24`), `data25` = VALUES(`data25`), `data26` = VALUES(`data26`), `data27` = VALUES(`data27`), `data28` = VALUES(`data28`), `data29` = VALUES(`data29`), `data30` = VALUES(`data30`), `data31` = VALUES(`data31`), `data32` = VALUES(`data32`), `unkInt32` = VALUES(`unkInt32`), `BuildVerified` = VALUES(`BuildVerified`);
	INSERT INTO gameobject_template (`entry`, `type`, `displayId`, `name`, `IconName`, `castBarCaption`, `unk1`, `faction`, `flags`, `size`, `questItem1`, `questItem2`, `questItem3`, `questItem4`, `questItem5`, `questItem6`, `data0`, `data1`, `data2`, `data3`, `data4`, `data5`, `data6`, `data7`, `data8`, `data9`, `data10`, `data11`, `data12`, `data13`, `data14`, `data15`, `data16`, `data17`, `data18`, `data19`, `data20`, `data21`, `data22`, `data23`, `data24`, `data25`, `data26`, `data27`, `data28`, `data29`, `data30`, `data31`, `data32`, `unkInt32`, `BuildVerified`) VALUES(227695, 5, 15412, "Jewelry cabinet", "", "", "", 114, 0, 1, 0, 0, 0, 0, 0, 0, 0, 1, 0, 0, 0, 0, 0, 0, 0, 0, 0, 0, 0, 0, 0, 0, 0, 0, 0, 0, 0, 0, 0, 0, 0, 0, 0, 0, 0, 0, 0, 0, 0, 0, 19865) ON DUPLICATE KEY UPDATE `entry` = VALUES(`entry`), `type` = VALUES(`type`), `displayId` = VALUES(`displayId`), `name` = VALUES(`name`), `IconName` = VALUES(`IconName`), `castBarCaption` = VALUES(`castBarCaption`), `unk1` = VALUES(`unk1`), `faction` = VALUES(`faction`), `flags` = VALUES(`flags`), `size` = VALUES(`size`), `questItem1` = VALUES(`questItem1`), `questItem2` = VALUES(`questItem2`), `questItem3` = VALUES(`questItem3`), `questItem4` = VALUES(`questItem4`), `questItem5` = VALUES(`questItem5`), `questItem6` = VALUES(`questItem6`), `data0` = VALUES(`data0`), `data1` = VALUES(`data1`), `data2` = VALUES(`data2`), `data3` = VALUES(`data3`), `data4` = VALUES(`data4`), `data5` = VALUES(`data5`), `data6` = VALUES(`data6`), `data7` = VALUES(`data7`), `data8` = VALUES(`data8`), `data9` = VALUES(`data9`), `data10` = VALUES(`data10`), `data11` = VALUES(`data11`), `data12` = VALUES(`data12`), `data13` = VALUES(`data13`), `data14` = VALUES(`data14`), `data15` = VALUES(`data15`), `data16` = VALUES(`data16`), `data17` = VALUES(`data17`), `data18` = VALUES(`data18`), `data19` = VALUES(`data19`), `data20` = VALUES(`data20`), `data21` = VALUES(`data21`), `data22` = VALUES(`data22`), `data23` = VALUES(`data23`), `data24` = VALUES(`data24`), `data25` = VALUES(`data25`), `data26` = VALUES(`data26`), `data27` = VALUES(`data27`), `data28` = VALUES(`data28`), `data29` = VALUES(`data29`), `data30` = VALUES(`data30`), `data31` = VALUES(`data31`), `data32` = VALUES(`data32`), `unkInt32` = VALUES(`unkInt32`), `BuildVerified` = VALUES(`BuildVerified`);
	INSERT INTO gameobject_template (`entry`, `type`, `displayId`, `name`, `IconName`, `castBarCaption`, `unk1`, `faction`, `flags`, `size`, `questItem1`, `questItem2`, `questItem3`, `questItem4`, `questItem5`, `questItem6`, `data0`, `data1`, `data2`, `data3`, `data4`, `data5`, `data6`, `data7`, `data8`, `data9`, `data10`, `data11`, `data12`, `data13`, `data14`, `data15`, `data16`, `data17`, `data18`, `data19`, `data20`, `data21`, `data22`, `data23`, `data24`, `data25`, `data26`, `data27`, `data28`, `data29`, `data30`, `data31`, `data32`, `unkInt32`, `BuildVerified`) VALUES(228550, 5, 15574, "Workbench", "", "", "", 114, 0, 1, 0, 0, 0, 0, 0, 0, 0, 1, 0, 0, 0, 0, 0, 0, 0, 0, 0, 0, 0, 0, 0, 0, 0, 0, 0, 0, 0, 0, 0, 0, 0, 0, 0, 0, 0, 0, 0, 0, 0, 0, 19865) ON DUPLICATE KEY UPDATE `entry` = VALUES(`entry`), `type` = VALUES(`type`), `displayId` = VALUES(`displayId`), `name` = VALUES(`name`), `IconName` = VALUES(`IconName`), `castBarCaption` = VALUES(`castBarCaption`), `unk1` = VALUES(`unk1`), `faction` = VALUES(`faction`), `flags` = VALUES(`flags`), `size` = VALUES(`size`), `questItem1` = VALUES(`questItem1`), `questItem2` = VALUES(`questItem2`), `questItem3` = VALUES(`questItem3`), `questItem4` = VALUES(`questItem4`), `questItem5` = VALUES(`questItem5`), `questItem6` = VALUES(`questItem6`), `data0` = VALUES(`data0`), `data1` = VALUES(`data1`), `data2` = VALUES(`data2`), `data3` = VALUES(`data3`), `data4` = VALUES(`data4`), `data5` = VALUES(`data5`), `data6` = VALUES(`data6`), `data7` = VALUES(`data7`), `data8` = VALUES(`data8`), `data9` = VALUES(`data9`), `data10` = VALUES(`data10`), `data11` = VALUES(`data11`), `data12` = VALUES(`data12`), `data13` = VALUES(`data13`), `data14` = VALUES(`data14`), `data15` = VALUES(`data15`), `data16` = VALUES(`data16`), `data17` = VALUES(`data17`), `data18` = VALUES(`data18`), `data19` = VALUES(`data19`), `data20` = VALUES(`data20`), `data21` = VALUES(`data21`), `data22` = VALUES(`data22`), `data23` = VALUES(`data23`), `data24` = VALUES(`data24`), `data25` = VALUES(`data25`), `data26` = VALUES(`data26`), `data27` = VALUES(`data27`), `data28` = VALUES(`data28`), `data29` = VALUES(`data29`), `data30` = VALUES(`data30`), `data31` = VALUES(`data31`), `data32` = VALUES(`data32`), `unkInt32` = VALUES(`unkInt32`), `BuildVerified` = VALUES(`BuildVerified`);
	INSERT INTO gameobject_template (`entry`, `type`, `displayId`, `name`, `IconName`, `castBarCaption`, `unk1`, `faction`, `flags`, `size`, `questItem1`, `questItem2`, `questItem3`, `questItem4`, `questItem5`, `questItem6`, `data0`, `data1`, `data2`, `data3`, `data4`, `data5`, `data6`, `data7`, `data8`, `data9`, `data10`, `data11`, `data12`, `data13`, `data14`, `data15`, `data16`, `data17`, `data18`, `data19`, `data20`, `data21`, `data22`, `data23`, `data24`, `data25`, `data26`, `data27`, `data28`, `data29`, `data30`, `data31`, `data32`, `unkInt32`, `BuildVerified`) VALUES(236651, 45, 15585, "Jewelcrafting Work Order", "", "", "", 0, 0, 1, 0, 0, 0, 0, 0, 0, 51, 0, 0, 0, 0, 0, 0, 0, 0, 0, 0, 0, 0, 0, 0, 0, 0, 0, 0, 0, 0, 0, 0, 0, 0, 0, 0, 0, 0, 0, 0, 0, 0, 0, 19865) ON DUPLICATE KEY UPDATE `entry` = VALUES(`entry`), `type` = VALUES(`type`), `displayId` = VALUES(`displayId`), `name` = VALUES(`name`), `IconName` = VALUES(`IconName`), `castBarCaption` = VALUES(`castBarCaption`), `unk1` = VALUES(`unk1`), `faction` = VALUES(`faction`), `flags` = VALUES(`flags`), `size` = VALUES(`size`), `questItem1` = VALUES(`questItem1`), `questItem2` = VALUES(`questItem2`), `questItem3` = VALUES(`questItem3`), `questItem4` = VALUES(`questItem4`), `questItem5` = VALUES(`questItem5`), `questItem6` = VALUES(`questItem6`), `data0` = VALUES(`data0`), `data1` = VALUES(`data1`), `data2` = VALUES(`data2`), `data3` = VALUES(`data3`), `data4` = VALUES(`data4`), `data5` = VALUES(`data5`), `data6` = VALUES(`data6`), `data7` = VALUES(`data7`), `data8` = VALUES(`data8`), `data9` = VALUES(`data9`), `data10` = VALUES(`data10`), `data11` = VALUES(`data11`), `data12` = VALUES(`data12`), `data13` = VALUES(`data13`), `data14` = VALUES(`data14`), `data15` = VALUES(`data15`), `data16` = VALUES(`data16`), `data17` = VALUES(`data17`), `data18` = VALUES(`data18`), `data19` = VALUES(`data19`), `data20` = VALUES(`data20`), `data21` = VALUES(`data21`), `data22` = VALUES(`data22`), `data23` = VALUES(`data23`), `data24` = VALUES(`data24`), `data25` = VALUES(`data25`), `data26` = VALUES(`data26`), `data27` = VALUES(`data27`), `data28` = VALUES(`data28`), `data29` = VALUES(`data29`), `data30` = VALUES(`data30`), `data31` = VALUES(`data31`), `data32` = VALUES(`data32`), `unkInt32` = VALUES(`unkInt32`), `BuildVerified` = VALUES(`BuildVerified`);

	UPDATE gameobject_template SET flags=0, ScriptName="go_garrison_shipment_container" WHERE TYPE=45;

	DELETE FROM garrison_plot_content WHERE plot_type_or_building=-96 AND faction_index = 1;
	insert into `garrison_plot_content` (`plot_type_or_building`, `faction_index`, `creature_or_gob`, `x`, `y`, `z`, `o`) values('-96','1','-236651','7.87959','-2.79371','0','1.38862');
	insert into `garrison_plot_content` (`plot_type_or_building`, `faction_index`, `creature_or_gob`, `x`, `y`, `z`, `o`) values('-96','1','-228550','0.609519','2.10986','0.772598','0.030667');
	insert into `garrison_plot_content` (`plot_type_or_building`, `faction_index`, `creature_or_gob`, `x`, `y`, `z`, `o`) values('-96','1','-227694','1.94279','2.13936','0.772606','3.19582');
	insert into `garrison_plot_content` (`plot_type_or_building`, `faction_index`, `creature_or_gob`, `x`, `y`, `z`, `o`) values('-96','1','-227693','1.64658','7.37304','2.52241','4.84515');
	insert into `garrison_plot_content` (`plot_type_or_building`, `faction_index`, `creature_or_gob`, `x`, `y`, `z`, `o`) values('-96','1','-227695','-3.65367','0.263912','0.754906','0.03537');
	insert into `garrison_plot_content` (`plot_type_or_building`, `faction_index`, `creature_or_gob`, `x`, `y`, `z`, `o`) values('-96','1','77356','3.18657','4.81055','1.25747','5.73736'); -- trainers
	insert into `garrison_plot_content` (`plot_type_or_building`, `faction_index`, `creature_or_gob`, `x`, `y`, `z`, `o`) values('-96','1','77775','3.38835','-0.812792','1.25761','0.428072'); -- work orders

	REPLACE INTO `creature_queststarter` (`id`, `quest`) VALUES
	('88546','37320'),
	('88546','37321'),
	('88546','37323'),
	('88546','37324'),
	('88546','37319'),
	('88546','37325'),
	('88545','37320'),
	('88545','37321'),
	('88545','37323'),
	('88545','37324'),
	('88545','37319'),
	('88545','37325');

	REPLACE INTO `creature_questender` (`id`, `quest`) VALUES
	('88546','37320'),
	('88546','37321'),
	('88546','37323'),
	('88546','37324'),
	('88546','37319'),
	('88546','37325'),
	('88545','37320'),
	('88545','37321'),
	('88545','37323'),
	('88545','37324'),
	('88545','37319'),
	('88545','37325');

	update creature_template set npcflag = npcflag | 1 | 2, minlevel = 100, maxlevel = 100 where entry in (88545, 88546);

	DELETE FROM pool_quest WHERE pool_entry = 30007;
	DELETE FROM pool_template WHERE entry = 30007;
	INSERT INTO pool_template VALUE (30007, 1, "Garrison Gem Boutique daily quests");
	INSERT INTO pool_quest VALUES
	(37320, 30007, "Jewelcrafting Special Order: A Fine Choker"),
	(37321, 30007, "Jewelcrafting Special Order: A Yellow Brighter Than Gold"),
	(37323, 30007, "Jewelcrafting Special Order: Blue the Shade of Sky and Sea"),
	(37319, 30007, "Jewelcrafting Special Order: Wedding Bands"),
	(37325, 30007, "Out of Stock: True Iron Ore"),
	(37324, 30007, "Out of Stock: Blackrock Ore");

-- LEVEL 2

	DELETE FROM garrison_plot_content WHERE plot_type_or_building=-131 AND faction_index = 1;
	insert into `garrison_plot_content` (`plot_type_or_building`, `faction_index`, `creature_or_gob`, `x`, `y`, `z`, `o`) values('-131','1','77775','3.08504','-1.53735','1.27167','0.322052');
	insert into `garrison_plot_content` (`plot_type_or_building`, `faction_index`, `creature_or_gob`, `x`, `y`, `z`, `o`) values('-131','1','77356','2.00509','-5.48272','1.27167','2.02243');
	insert into `garrison_plot_content` (`plot_type_or_building`, `faction_index`, `creature_or_gob`, `x`, `y`, `z`, `o`) values('-131','1','-228550','0.5779','2.17636','0.771561','6.2149');
	insert into `garrison_plot_content` (`plot_type_or_building`, `faction_index`, `creature_or_gob`, `x`, `y`, `z`, `o`) values('-131','1','-236651','4.60241','4.03468','0.77301','4.49882');

-- LEVEL 3

	DELETE FROM garrison_plot_content WHERE plot_type_or_building=-132 AND faction_index = 1;
	insert into `garrison_plot_content` (`plot_type_or_building`, `faction_index`, `creature_or_gob`, `x`, `y`, `z`, `o`) values('-132','1','-228550','1.43425','-6.26701','0.769791','1.66745');
	insert into `garrison_plot_content` (`plot_type_or_building`, `faction_index`, `creature_or_gob`, `x`, `y`, `z`, `o`) values('-132','1','77356','3.28106','-2.54661','1.27136','1.746');
	insert into `garrison_plot_content` (`plot_type_or_building`, `faction_index`, `creature_or_gob`, `x`, `y`, `z`, `o`) values('-132','1','77775','-0.04974','-1.10121','1.27156','0.049543');
