-- LEVEL 1

	INSERT INTO creature_template (`entry`, `name`, `subname`, `IconName`, `RacialLeader`, `family`, `type`, `modelid1`, `modelid2`, `modelid3`, `modelid4`, `questItem1`, `questItem2`, `questItem3`, `questItem4`, `questItem5`, `questItem6`, `unit_flags`, `unit_flags2`, `Health_mod`, `Mana_mod`, `Armor_mod`, `rank`, `KillCredit1`, `KillCredit2`, `movementId`, `scale`, `minlevel`, `maxlevel`, `faction`, `baseattacktime`, `rangeattacktime`, `unit_class`, `resistance1`, `resistance2`, `resistance3`, `resistance4`, `resistance5`, `resistance6`, `speed_walk`, `speed_run`, `spell1`, `spell2`, `spell3`, `spell4`, `spell5`, `spell6`, `spell7`, `spell8`, `BuildVerified`) VALUES(79813, "Albert de Hyde", "Alchemist", "trainer", 0, 0, 7, 56290, 0, 0, 0, 0, 0, 0, 0, 0, 0, 4096, 0, 1, 1, 1, 0, 0, 0, 0, 1, 1, 1, 35, 2000, 2000, 1, 0, 0, 0, 0, 0, 0, 1, 1, 0, 0, 0, 0, 0, 0, 0, 0, 19702) ON DUPLICATE KEY UPDATE `entry` = VALUES(`entry`), `name` = VALUES(`name`), `subname` = VALUES(`subname`), `IconName` = VALUES(`IconName`), `RacialLeader` = VALUES(`RacialLeader`), `family` = VALUES(`family`), `type` = VALUES(`type`), `modelid1` = VALUES(`modelid1`), `modelid2` = VALUES(`modelid2`), `modelid3` = VALUES(`modelid3`), `modelid4` = VALUES(`modelid4`), `questItem1` = VALUES(`questItem1`), `questItem2` = VALUES(`questItem2`), `questItem3` = VALUES(`questItem3`), `questItem4` = VALUES(`questItem4`), `questItem5` = VALUES(`questItem5`), `questItem6` = VALUES(`questItem6`), `unit_flags` = VALUES(`unit_flags`), `unit_flags2` = VALUES(`unit_flags2`), `Health_mod` = VALUES(`Health_mod`), `Mana_mod` = VALUES(`Mana_mod`), `Armor_mod` = VALUES(`Armor_mod`), `rank` = VALUES(`rank`), `KillCredit1` = VALUES(`KillCredit1`), `KillCredit2` = VALUES(`KillCredit2`), `movementId` = VALUES(`movementId`), `scale` = VALUES(`scale`), `minlevel` = VALUES(`minlevel`), `maxlevel` = VALUES(`maxlevel`), `faction` = VALUES(`faction`), `baseattacktime` = VALUES(`baseattacktime`), `rangeattacktime` = VALUES(`rangeattacktime`), `unit_class` = VALUES(`unit_class`), `resistance1` = VALUES(`resistance1`), `resistance2` = VALUES(`resistance2`), `resistance3` = VALUES(`resistance3`), `resistance4` = VALUES(`resistance4`), `resistance5` = VALUES(`resistance5`), `resistance6` = VALUES(`resistance6`), `speed_walk` = VALUES(`speed_walk`), `speed_run` = VALUES(`speed_run`), `spell1` = VALUES(`spell1`), `spell2` = VALUES(`spell2`), `spell3` = VALUES(`spell3`), `spell4` = VALUES(`spell4`), `spell5` = VALUES(`spell5`), `spell6` = VALUES(`spell6`), `spell7` = VALUES(`spell7`), `spell8` = VALUES(`spell8`), `BuildVerified` = VALUES(`BuildVerified`);
	INSERT INTO creature_template (`entry`, `name`, `subname`, `IconName`, `RacialLeader`, `family`, `type`, `modelid1`, `modelid2`, `modelid3`, `modelid4`, `questItem1`, `questItem2`, `questItem3`, `questItem4`, `questItem5`, `questItem6`, `unit_flags`, `unit_flags2`, `Health_mod`, `Mana_mod`, `Armor_mod`, `rank`, `KillCredit1`, `KillCredit2`, `movementId`, `scale`, `minlevel`, `maxlevel`, `faction`, `baseattacktime`, `rangeattacktime`, `unit_class`, `resistance1`, `resistance2`, `resistance3`, `resistance4`, `resistance5`, `resistance6`, `speed_walk`, `speed_run`, `spell1`, `spell2`, `spell3`, `spell4`, `spell5`, `spell6`, `spell7`, `spell8`, `BuildVerified`) VALUES(79814, "Keyana Tone", "Work Orders", "workorders", 0, 0, 7, 56557, 0, 0, 0, 0, 0, 0, 0, 0, 0, 4096, 0, 1, 1, 1, 0, 0, 0, 0, 1, 1, 1, 35, 2000, 2000, 1, 0, 0, 0, 0, 0, 0, 1, 1, 0, 0, 0, 0, 0, 0, 0, 0, 19702) ON DUPLICATE KEY UPDATE `entry` = VALUES(`entry`), `name` = VALUES(`name`), `subname` = VALUES(`subname`), `IconName` = VALUES(`IconName`), `RacialLeader` = VALUES(`RacialLeader`), `family` = VALUES(`family`), `type` = VALUES(`type`), `modelid1` = VALUES(`modelid1`), `modelid2` = VALUES(`modelid2`), `modelid3` = VALUES(`modelid3`), `modelid4` = VALUES(`modelid4`), `questItem1` = VALUES(`questItem1`), `questItem2` = VALUES(`questItem2`), `questItem3` = VALUES(`questItem3`), `questItem4` = VALUES(`questItem4`), `questItem5` = VALUES(`questItem5`), `questItem6` = VALUES(`questItem6`), `unit_flags` = VALUES(`unit_flags`), `unit_flags2` = VALUES(`unit_flags2`), `Health_mod` = VALUES(`Health_mod`), `Mana_mod` = VALUES(`Mana_mod`), `Armor_mod` = VALUES(`Armor_mod`), `rank` = VALUES(`rank`), `KillCredit1` = VALUES(`KillCredit1`), `KillCredit2` = VALUES(`KillCredit2`), `movementId` = VALUES(`movementId`), `scale` = VALUES(`scale`), `minlevel` = VALUES(`minlevel`), `maxlevel` = VALUES(`maxlevel`), `faction` = VALUES(`faction`), `baseattacktime` = VALUES(`baseattacktime`), `rangeattacktime` = VALUES(`rangeattacktime`), `unit_class` = VALUES(`unit_class`), `resistance1` = VALUES(`resistance1`), `resistance2` = VALUES(`resistance2`), `resistance3` = VALUES(`resistance3`), `resistance4` = VALUES(`resistance4`), `resistance5` = VALUES(`resistance5`), `resistance6` = VALUES(`resistance6`), `speed_walk` = VALUES(`speed_walk`), `speed_run` = VALUES(`speed_run`), `spell1` = VALUES(`spell1`), `spell2` = VALUES(`spell2`), `spell3` = VALUES(`spell3`), `spell4` = VALUES(`spell4`), `spell5` = VALUES(`spell5`), `spell6` = VALUES(`spell6`), `spell7` = VALUES(`spell7`), `spell8` = VALUES(`spell8`), `BuildVerified` = VALUES(`BuildVerified`);
	INSERT INTO creature_model_info (`modelid`, `bounding_radius`, `combat_reach`, `gender`) VALUES(56290, 0.389, 1.5, 0) ON DUPLICATE KEY UPDATE `modelid` = VALUES(`modelid`), `bounding_radius` = VALUES(`bounding_radius`), `combat_reach` = VALUES(`combat_reach`), `gender` = VALUES(`gender`);
	INSERT INTO creature_model_info (`modelid`, `bounding_radius`, `combat_reach`, `gender`) VALUES(79814, 0.389, 1.5, 0) ON DUPLICATE KEY UPDATE `modelid` = VALUES(`modelid`), `bounding_radius` = VALUES(`bounding_radius`), `combat_reach` = VALUES(`combat_reach`), `gender` = VALUES(`gender`);

	UPDATE creature_template SET ScriptName="npc_AlbertDeHyde_Garr", npcFlag=131, npcFlag2=128, minlevel=90, maxlevel=90 WHERE entry=79813;
	UPDATE creature_template SET ScriptName="npc_KeyanaTone_Garr", npcFlag=3, npcFlag2=32, minlevel=90, maxlevel=90 WHERE entry=79814;

	DELETE FROM `npc_vendor` WHERE `entry` = 79813 AND `type` = 1;
	INSERT INTO `npc_vendor` (`entry`, `slot`, `item`, `maxcount`, `incrtime`, `ExtendedCost`, `type`) VALUES
	(79813, 0, 3371, 0, 0, 0, 1), 
	(79813, 0, 109558, 0, 0, 0, 1), 
	(79813, 0, 112023, 0, 0, 5297, 1), 
	(79813, 0, 112024, 0, 0, 5297, 1), 
	(79813, 0, 112026, 0, 0, 5297, 1), 
	(79813, 0, 112027, 0, 0, 5297, 1), 
	(79813, 0, 112030, 0, 0, 5297, 1), 
	(79813, 0, 112031, 0, 0, 5279, 1), 
	(79813, 0, 112033, 0, 0, 5279, 1), 
	(79813, 0, 112034, 0, 0, 5279, 1), 
	(79813, 0, 112037, 0, 0, 5279, 1), 
	(79813, 0, 112038, 0, 0, 0, 1), 
	(79813, 0, 112039, 0, 0, 0, 1), 
	(79813, 0, 112040, 0, 0, 0, 1), 
	(79813, 0, 112041, 0, 0, 0, 1), 
	(79813, 0, 112042, 0, 0, 0, 1), 
	(79813, 0, 112043, 0, 0, 0, 1), 
	(79813, 0, 112045, 0, 0, 5297, 1), 
	(79813, 0, 112047, 0, 0, 5297, 1), 
	(79813, 0, 114028, 0, 0, 5297, 1);

	DELETE FROM creature_queststarter WHERE id=79813 AND quest=37568;
	INSERT INTO creature_queststarter(`id`, `quest`) values('79813','37568');

	DELETE FROM creature_questender WHERE id=79814 AND quest=37568;
	INSERT INTO creature_questender(`id`, `quest`) values('79814','37568');

	INSERT INTO gameobject_template (`entry`, `type`, `displayId`, `name`, `IconName`, `castBarCaption`, `unk1`, `size`, `questItem1`, `questItem2`, `questItem3`, `questItem4`, `questItem5`, `questItem6`, `data0`, `data1`, `data2`, `data3`, `data4`, `data5`, `data6`, `data7`, `data8`, `data9`, `data10`, `data11`, `data12`, `data13`, `data14`, `data15`, `data16`, `data17`, `data18`, `data19`, `data20`, `data21`, `data22`, `data23`, `data24`, `data25`, `data26`, `data27`, `data28`, `data29`, `data30`, `data31`, `data32`, `unkInt32`, `BuildVerified`) VALUES(237115, 5, 16738, "Cauldron", "", "", "", 1, 0, 0, 0, 0, 0, 0, 0, 0, 0, 0, 0, 0, 0, 0, 0, 0, 0, 0, 0, 0, 0, 0, 0, 0, 0, 0, 0, 0, 0, 0, 0, 0, 0, 0, 0, 0, 0, 0, 0, 0, 19702) ON DUPLICATE KEY UPDATE `entry` = VALUES(`entry`), `type` = VALUES(`type`), `displayId` = VALUES(`displayId`), `name` = VALUES(`name`), `IconName` = VALUES(`IconName`), `castBarCaption` = VALUES(`castBarCaption`), `unk1` = VALUES(`unk1`), `size` = VALUES(`size`), `questItem1` = VALUES(`questItem1`), `questItem2` = VALUES(`questItem2`), `questItem3` = VALUES(`questItem3`), `questItem4` = VALUES(`questItem4`), `questItem5` = VALUES(`questItem5`), `questItem6` = VALUES(`questItem6`), `data0` = VALUES(`data0`), `data1` = VALUES(`data1`), `data2` = VALUES(`data2`), `data3` = VALUES(`data3`), `data4` = VALUES(`data4`), `data5` = VALUES(`data5`), `data6` = VALUES(`data6`), `data7` = VALUES(`data7`), `data8` = VALUES(`data8`), `data9` = VALUES(`data9`), `data10` = VALUES(`data10`), `data11` = VALUES(`data11`), `data12` = VALUES(`data12`), `data13` = VALUES(`data13`), `data14` = VALUES(`data14`), `data15` = VALUES(`data15`), `data16` = VALUES(`data16`), `data17` = VALUES(`data17`), `data18` = VALUES(`data18`), `data19` = VALUES(`data19`), `data20` = VALUES(`data20`), `data21` = VALUES(`data21`), `data22` = VALUES(`data22`), `data23` = VALUES(`data23`), `data24` = VALUES(`data24`), `data25` = VALUES(`data25`), `data26` = VALUES(`data26`), `data27` = VALUES(`data27`), `data28` = VALUES(`data28`), `data29` = VALUES(`data29`), `data30` = VALUES(`data30`), `data31` = VALUES(`data31`), `data32` = VALUES(`data32`), `unkInt32` = VALUES(`unkInt32`), `BuildVerified` = VALUES(`BuildVerified`);
	INSERT INTO gameobject_template (`entry`, `type`, `displayId`, `name`, `IconName`, `castBarCaption`, `unk1`, `size`, `questItem1`, `questItem2`, `questItem3`, `questItem4`, `questItem5`, `questItem6`, `data0`, `data1`, `data2`, `data3`, `data4`, `data5`, `data6`, `data7`, `data8`, `data9`, `data10`, `data11`, `data12`, `data13`, `data14`, `data15`, `data16`, `data17`, `data18`, `data19`, `data20`, `data21`, `data22`, `data23`, `data24`, `data25`, `data26`, `data27`, `data28`, `data29`, `data30`, `data31`, `data32`, `unkInt32`, `BuildVerified`) VALUES(237913, 45, 20508, "Alchemy Work Order", "", "", "", 1, 0, 0, 0, 0, 0, 0, 57, 0, 0, 0, 0, 0, 0, 0, 0, 0, 0, 0, 0, 0, 0, 0, 0, 0, 0, 0, 0, 0, 0, 0, 0, 0, 0, 0, 0, 0, 0, 0, 0, 0, 19702) ON DUPLICATE KEY UPDATE `entry` = VALUES(`entry`), `type` = VALUES(`type`), `displayId` = VALUES(`displayId`), `name` = VALUES(`name`), `IconName` = VALUES(`IconName`), `castBarCaption` = VALUES(`castBarCaption`), `unk1` = VALUES(`unk1`), `size` = VALUES(`size`), `questItem1` = VALUES(`questItem1`), `questItem2` = VALUES(`questItem2`), `questItem3` = VALUES(`questItem3`), `questItem4` = VALUES(`questItem4`), `questItem5` = VALUES(`questItem5`), `questItem6` = VALUES(`questItem6`), `data0` = VALUES(`data0`), `data1` = VALUES(`data1`), `data2` = VALUES(`data2`), `data3` = VALUES(`data3`), `data4` = VALUES(`data4`), `data5` = VALUES(`data5`), `data6` = VALUES(`data6`), `data7` = VALUES(`data7`), `data8` = VALUES(`data8`), `data9` = VALUES(`data9`), `data10` = VALUES(`data10`), `data11` = VALUES(`data11`), `data12` = VALUES(`data12`), `data13` = VALUES(`data13`), `data14` = VALUES(`data14`), `data15` = VALUES(`data15`), `data16` = VALUES(`data16`), `data17` = VALUES(`data17`), `data18` = VALUES(`data18`), `data19` = VALUES(`data19`), `data20` = VALUES(`data20`), `data21` = VALUES(`data21`), `data22` = VALUES(`data22`), `data23` = VALUES(`data23`), `data24` = VALUES(`data24`), `data25` = VALUES(`data25`), `data26` = VALUES(`data26`), `data27` = VALUES(`data27`), `data28` = VALUES(`data28`), `data29` = VALUES(`data29`), `data30` = VALUES(`data30`), `data31` = VALUES(`data31`), `data32` = VALUES(`data32`), `unkInt32` = VALUES(`unkInt32`), `BuildVerified` = VALUES(`BuildVerified`);
	UPDATE gameobject_template SET flags=0, ScriptName="go_garrison_shipment_container" WHERE TYPE=45;

	DELETE FROM garrison_plot_content WHERE plot_type_or_building=-76 AND faction_index = 0;
	insert into `garrison_plot_content` (`plot_type_or_building`, `faction_index`, `creature_or_gob`, `x`, `y`, `z`, `o`) values('-76','0','-237115','-6.23381','-0.167185','2.02164','0.178891');
	insert into `garrison_plot_content` (`plot_type_or_building`, `faction_index`, `creature_or_gob`, `x`, `y`, `z`, `o`) values('-76','0','79813','3.84507','2.39018','1.18705','0.025746');
	insert into `garrison_plot_content` (`plot_type_or_building`, `faction_index`, `creature_or_gob`, `x`, `y`, `z`, `o`) values('-76','0','79814','3.45967','-2.45994','1.18701','0.481276');
	insert into `garrison_plot_content` (`plot_type_or_building`, `faction_index`, `creature_or_gob`, `x`, `y`, `z`, `o`) values('-76','0','-237913','8.83435','-5.5535','-0.001732','0.900677');

-- LEVEL 2

-- LEVEL 3-- LEVEL 1

	DELETE FROM garrison_plot_content WHERE plot_type_or_building=-24 AND faction_index = 0;
	INSERT INTO `garrison_plot_content` (`plot_type_or_building`, `faction_index`, `creature_or_gob`, `x`, `y`, `z`, `o`) VALUES
	('-24','0','-234186','2.89861','5.66747','0.113892','5.78927'), -- iron trap
	('-24','0','-238761','15.78','-2.32415','-0.000916','1.39927'), -- work order
	('-24','0','85044','14.269','-5.41791','0.500244','3.97223'), -- zlagk
	('-24','0','85048','20.0751','-5.15757','0.485855','3.23789'), -- farmer lok lub
	('-24','0','85047','17.3167','-9.62589','0.501129','2.44071'), -- farmer krella
	('-24','0','79816','10.0741','3.05366','0.633469','0.076652'); -- drokil

	#85048/NPC - Farmer Lok lub <Work Orders>

		INSERT INTO creature_template (`entry`, `name`, `subname`, `IconName`, `RacialLeader`, `family`, `type`, `modelid1`, `modelid2`, `modelid3`, `modelid4`, `questItem1`, `questItem2`, `questItem3`, `questItem4`, `questItem5`, `questItem6`, `unit_flags`, `unit_flags2`, `Health_mod`, `Mana_mod`, `Armor_mod`, `rank`, `KillCredit1`, `KillCredit2`, `movementId`, `scale`, `minlevel`, `maxlevel`, `faction`, `baseattacktime`, `rangeattacktime`, `unit_class`, `resistance1`, `resistance2`, `resistance3`, `resistance4`, `resistance5`, `resistance6`, `speed_walk`, `speed_run`, `spell1`, `spell2`, `spell3`, `spell4`, `spell5`, `spell6`, `spell7`, `spell8`, `BuildVerified`) VALUES(85048, "Fermier Lok'lub", "Commandes", "workorders", 0, 0, 7, 31438, 0, 0, 0, 0, 0, 0, 0, 0, 0, 0, 0, 1, 1, 1, 0, 0, 0, 5, 1, 3, 3, 1735, 2000, 2000, 1, 0, 0, 0, 0, 0, 0, 1, 1.142857, 0, 0, 0, 0, 0, 0, 0, 0, 0) ON DUPLICATE KEY UPDATE `entry` = VALUES(`entry`), `name` = VALUES(`name`), `subname` = VALUES(`subname`), `IconName` = VALUES(`IconName`), `RacialLeader` = VALUES(`RacialLeader`), `family` = VALUES(`family`), `type` = VALUES(`type`), `modelid1` = VALUES(`modelid1`), `modelid2` = VALUES(`modelid2`), `modelid3` = VALUES(`modelid3`), `modelid4` = VALUES(`modelid4`), `questItem1` = VALUES(`questItem1`), `questItem2` = VALUES(`questItem2`), `questItem3` = VALUES(`questItem3`), `questItem4` = VALUES(`questItem4`), `questItem5` = VALUES(`questItem5`), `questItem6` = VALUES(`questItem6`), `unit_flags` = VALUES(`unit_flags`), `unit_flags2` = VALUES(`unit_flags2`), `Health_mod` = VALUES(`Health_mod`), `Mana_mod` = VALUES(`Mana_mod`), `Armor_mod` = VALUES(`Armor_mod`), `rank` = VALUES(`rank`), `KillCredit1` = VALUES(`KillCredit1`), `KillCredit2` = VALUES(`KillCredit2`), `movementId` = VALUES(`movementId`), `scale` = VALUES(`scale`), `minlevel` = VALUES(`minlevel`), `maxlevel` = VALUES(`maxlevel`), `faction` = VALUES(`faction`), `baseattacktime` = VALUES(`baseattacktime`), `rangeattacktime` = VALUES(`rangeattacktime`), `unit_class` = VALUES(`unit_class`), `resistance1` = VALUES(`resistance1`), `resistance2` = VALUES(`resistance2`), `resistance3` = VALUES(`resistance3`), `resistance4` = VALUES(`resistance4`), `resistance5` = VALUES(`resistance5`), `resistance6` = VALUES(`resistance6`), `speed_walk` = VALUES(`speed_walk`), `speed_run` = VALUES(`speed_run`), `spell1` = VALUES(`spell1`), `spell2` = VALUES(`spell2`), `spell3` = VALUES(`spell3`), `spell4` = VALUES(`spell4`), `spell5` = VALUES(`spell5`), `spell6` = VALUES(`spell6`), `spell7` = VALUES(`spell7`), `spell8` = VALUES(`spell8`), `BuildVerified` = VALUES(`BuildVerified`);
		INSERT INTO creature_equip_template (`entry`, `id`, `itemEntry1`, `itemEntry2`, `itemEntry3`) VALUES(85048, 1, 3367, 0, 0) ON DUPLICATE KEY UPDATE `entry` = VALUES(`entry`), `id` = VALUES(`id`), `itemEntry1` = VALUES(`itemEntry1`), `itemEntry2` = VALUES(`itemEntry2`), `itemEntry3` = VALUES(`itemEntry3`);
		UPDATE creature_template SET npcflag = npcflag | 1, npcflag2 = 32, subname = "Work Orders", scriptname = "npc_FarmerLokLub_Garr" WHERE entry = 85048;
		INSERT INTO gossip_menu (`entry`, `text_id`) VALUES(16908, 24605) ON DUPLICATE KEY UPDATE `entry` = VALUES(`entry`), `text_id` = VALUES(`text_id`);
		REPLACE INTO creature_queststarter VALUES
		(85048, 36344),
		(85048, 36345),
		(85048, 36346);

		REPLACE INTO creature_questender VALUES
		(85048, 36344),
		(85048, 36345),
		(85048, 36346);

	#85044/NPC - Zlagk

		INSERT INTO creature_template (`entry`, `name`, `subname`, `IconName`, `RacialLeader`, `family`, `type`, `modelid1`, `modelid2`, `modelid3`, `modelid4`, `questItem1`, `questItem2`, `questItem3`, `questItem4`, `questItem5`, `questItem6`, `unit_flags`, `unit_flags2`, `Health_mod`, `Mana_mod`, `Armor_mod`, `rank`, `KillCredit1`, `KillCredit2`, `movementId`, `scale`, `minlevel`, `maxlevel`, `faction`, `baseattacktime`, `rangeattacktime`, `unit_class`, `resistance1`, `resistance2`, `resistance3`, `resistance4`, `resistance5`, `resistance6`, `speed_walk`, `speed_run`, `spell1`, `spell2`, `spell3`, `spell4`, `spell5`, `spell6`, `spell7`, `spell8`, `BuildVerified`) VALUES(85044, "Zlagk", "Boucher", "", 0, 0, 7, 3753, 0, 0, 0, 0, 0, 0, 0, 0, 0, 0, 0, 1.1, 1, 1, 0, 0, 0, 0, 1, 9, 9, 2110, 2000, 2000, 1, 0, 0, 0, 0, 0, 0, 1, 1.142857, 0, 0, 0, 0, 0, 0, 0, 0, 0) ON DUPLICATE KEY UPDATE `entry` = VALUES(`entry`), `name` = VALUES(`name`), `subname` = VALUES(`subname`), `IconName` = VALUES(`IconName`), `RacialLeader` = VALUES(`RacialLeader`), `family` = VALUES(`family`), `type` = VALUES(`type`), `modelid1` = VALUES(`modelid1`), `modelid2` = VALUES(`modelid2`), `modelid3` = VALUES(`modelid3`), `modelid4` = VALUES(`modelid4`), `questItem1` = VALUES(`questItem1`), `questItem2` = VALUES(`questItem2`), `questItem3` = VALUES(`questItem3`), `questItem4` = VALUES(`questItem4`), `questItem5` = VALUES(`questItem5`), `questItem6` = VALUES(`questItem6`), `unit_flags` = VALUES(`unit_flags`), `unit_flags2` = VALUES(`unit_flags2`), `Health_mod` = VALUES(`Health_mod`), `Mana_mod` = VALUES(`Mana_mod`), `Armor_mod` = VALUES(`Armor_mod`), `rank` = VALUES(`rank`), `KillCredit1` = VALUES(`KillCredit1`), `KillCredit2` = VALUES(`KillCredit2`), `movementId` = VALUES(`movementId`), `scale` = VALUES(`scale`), `minlevel` = VALUES(`minlevel`), `maxlevel` = VALUES(`maxlevel`), `faction` = VALUES(`faction`), `baseattacktime` = VALUES(`baseattacktime`), `rangeattacktime` = VALUES(`rangeattacktime`), `unit_class` = VALUES(`unit_class`), `resistance1` = VALUES(`resistance1`), `resistance2` = VALUES(`resistance2`), `resistance3` = VALUES(`resistance3`), `resistance4` = VALUES(`resistance4`), `resistance5` = VALUES(`resistance5`), `resistance6` = VALUES(`resistance6`), `speed_walk` = VALUES(`speed_walk`), `speed_run` = VALUES(`speed_run`), `spell1` = VALUES(`spell1`), `spell2` = VALUES(`spell2`), `spell3` = VALUES(`spell3`), `spell4` = VALUES(`spell4`), `spell5` = VALUES(`spell5`), `spell6` = VALUES(`spell6`), `spell7` = VALUES(`spell7`), `spell8` = VALUES(`spell8`), `BuildVerified` = VALUES(`BuildVerified`);
		INSERT INTO creature_equip_template (`entry`, `id`, `itemEntry1`, `itemEntry2`, `itemEntry3`) VALUES(85044, 1, 2827, 0, 0) ON DUPLICATE KEY UPDATE `entry` = VALUES(`entry`), `id` = VALUES(`id`), `itemEntry1` = VALUES(`itemEntry1`), `itemEntry2` = VALUES(`itemEntry2`), `itemEntry3` = VALUES(`itemEntry3`);
		UPDATE creature_template SET npcflag = npcflag | 1, gossip_menu_id = 90005 WHERE entry = 85044;
		REPLACE INTO gossip_menu VALUE (90005, 92003);
		REPLACE INTO npc_text (ID, text0_0, text0_1) VALUE (92003, "Meat for the meat god!", "Meat for the meat god!");
		REPLACE INTO locales_npc_text (entry, text0_0_loc2) VALUE (92003, "Du saignant et des carnes pour mon seigneur barbaque !");

	#234186/GameObject - Iron Trap

		INSERT INTO gameobject_template (`entry`, `type`, `displayId`, `name`, `IconName`, `castBarCaption`, `unk1`, `faction`, `flags`, `size`, `questItem1`, `questItem2`, `questItem3`, `questItem4`, `questItem5`, `questItem6`, `data0`, `data1`, `data2`, `data3`, `data4`, `data5`, `data6`, `data7`, `data8`, `data9`, `data10`, `data11`, `data12`, `data13`, `data14`, `data15`, `data16`, `data17`, `data18`, `data19`, `data20`, `data21`, `data22`, `data23`, `data24`, `data25`, `data26`, `data27`, `data28`, `data29`, `data30`, `data31`, `data32`, `unkInt32`, `BuildVerified`) VALUES(234186, 3, 14212, "Piиge de Fer", "", "", "", 94, 0, 0.2, 0, 0, 0, 0, 0, 0, 57, 55126, 0, 1, 0, 0, 0, 0, 0, 0, 0, 0, 0, 0, 0, 0, 0, 0, 0, 0, 0, 0, 0, 0, 0, 0, 0, 0, 0, 0, 0, 0, 0, 0, 0) ON DUPLICATE KEY UPDATE `entry` = VALUES(`entry`), `type` = VALUES(`type`), `displayId` = VALUES(`displayId`), `name` = VALUES(`name`), `IconName` = VALUES(`IconName`), `castBarCaption` = VALUES(`castBarCaption`), `unk1` = VALUES(`unk1`), `faction` = VALUES(`faction`), `flags` = VALUES(`flags`), `size` = VALUES(`size`), `questItem1` = VALUES(`questItem1`), `questItem2` = VALUES(`questItem2`), `questItem3` = VALUES(`questItem3`), `questItem4` = VALUES(`questItem4`), `questItem5` = VALUES(`questItem5`), `questItem6` = VALUES(`questItem6`), `data0` = VALUES(`data0`), `data1` = VALUES(`data1`), `data2` = VALUES(`data2`), `data3` = VALUES(`data3`), `data4` = VALUES(`data4`), `data5` = VALUES(`data5`), `data6` = VALUES(`data6`), `data7` = VALUES(`data7`), `data8` = VALUES(`data8`), `data9` = VALUES(`data9`), `data10` = VALUES(`data10`), `data11` = VALUES(`data11`), `data12` = VALUES(`data12`), `data13` = VALUES(`data13`), `data14` = VALUES(`data14`), `data15` = VALUES(`data15`), `data16` = VALUES(`data16`), `data17` = VALUES(`data17`), `data18` = VALUES(`data18`), `data19` = VALUES(`data19`), `data20` = VALUES(`data20`), `data21` = VALUES(`data21`), `data22` = VALUES(`data22`), `data23` = VALUES(`data23`), `data24` = VALUES(`data24`), `data25` = VALUES(`data25`), `data26` = VALUES(`data26`), `data27` = VALUES(`data27`), `data28` = VALUES(`data28`), `data29` = VALUES(`data29`), `data30` = VALUES(`data30`), `data31` = VALUES(`data31`), `data32` = VALUES(`data32`), `unkInt32` = VALUES(`unkInt32`), `BuildVerified` = VALUES(`BuildVerified`);
		REPLACE INTO gameobject_loot_template VALUE (55126, 113991, 100, 1, 0, 1, 1, ''); -- iron trap
		REPLACE INTO gameobject_loot_template VALUE (55126, 115009, 100, 1, 0, 1, 1, ''); -- improved iron trap
		REPLACE INTO gameobject_loot_template VALUE (55126, 115010, 100, 1, 0, 1, 1, ''); -- deadly iron trap


	-- 4 = CONDITION_SOURCE_TYPE_GAMEOBJECT_LOOT_TEMPLATE, 39 = CONDITION_HAS_BUILDING_TYPE, 3 = BuildingType::Type::Barn
	DELETE FROM conditions WHERE SourceTypeOrReferenceId = 4 AND SourceGroup = 55126;
	INSERT INTO conditions (SourceTypeOrReferenceId, SourceGroup, SourceEntry, ConditionTypeOrReference, ConditionValue1, ConditionValue2) VALUES (4, 55126, 113991, 39, 3, 1);
	INSERT INTO conditions (SourceTypeOrReferenceId, SourceGroup, SourceEntry, ConditionTypeOrReference, ConditionValue1, ConditionValue2) VALUES (4, 55126, 115009, 39, 3, 2);
	INSERT INTO conditions (SourceTypeOrReferenceId, SourceGroup, SourceEntry, ConditionTypeOrReference, ConditionValue1, ConditionValue2) VALUES (4, 55126, 115010, 39, 3, 3);

	#83925/NPC - Iron Trap

		UPDATE creature_template SET minlevel = 90, maxlevel = 90, faction = 35, unit_flags = unit_flags | 0x02000000, scriptname = "npc_IronTrap_Garr" WHERE entry IN (84773, 83925, 84774);

	#85093/NPC - Farmer Lok lub (Summoned after capture)

		UPDATE creature_template SET scriptname = "npc_FarmerLokLub_Trap" WHERE entry = 85093;
		DELETE FROM creature_text WHERE entry = 85093;
		INSERT INTO creature_text VALUES
		(85093, 0, 0, 'A mighty beast, well done! We will bring it back right away.', 12, 0, 100, 0, 0, 0, ''),
		(85093, 1, 0, 'A mighty kill, you should be quite proud!', 12, 0, 100, 0, 0, 0, ''),
		(85093, 2, 0, 'Ah, the air of Nagrand smells as I remember. Fresh, with a hint of blood!', 12, 0, 100, 0, 0, 0, ''),
		(85093, 3, 0, 'An excellent catch, commander, I will have it taken back to the stronghold.', 12, 0, 100, 0, 0, 0, ''),
		(85093, 4, 0, 'I smelled blood in the air, and was not disappointed!', 12, 0, 100, 0, 0, 0, ''),
		(85093, 5, 0, 'Quite a fine creature, it will surely produce many materials for us.', 12, 0, 100, 0, 0, 0, ''),
		(85093, 6, 0, 'The hide of this beast is like iron! I will sharpen my blades.', 12, 0, 100, 0, 0, 0, ''),
		(85093, 7, 0, 'The smell of this one reminds me of the boar farms in Durotar.', 12, 0, 100, 0, 0, 0, '');
		
		DELETE FROM locales_creature_text WHERE entry = 85093;
		-- frFR, esES, esMX, deDE, ruRU
		INSERT INTO locales_creature_text (entry, textgroup, id, text_loc2, text_loc6, text_loc7, text_loc3, text_loc8) VALUES
		(85093, 0, 0, 'Une belle bete, bien fait! Nous allons la ramener tout de suite.', 'Una bestia fuerte, bien hecho! La llevaremos enseguida.', 'Una bestia fuerte, bien hecho! La llevaremos enseguida.', 'So ein machtiges Biest, gut gemacht! Wir werden es sofort zuruckbringen.', "Могучий зверь, молодец! Мы сразу вернём его обратно."),
		(85093, 1, 0, 'Une belle prise, vous devriez etre sacrement fier !', 'Una muerte formidable, debes sentirte orgulloso!', 'Una muerte formidable, debes sentirte orgulloso!', 'So eine machtige Jagdbeute, du solltest au?erordentlich stolz sein!', "Это было добротное убийство, ты должен очень гордиться!"),
		(85093, 2, 0, "Ah, le parfum de l'air de Nagrand n'a pas change. Cette petite odeur de gibier !", 'Ah, el aire de Nagrand huele como lo recuerdo. Fresco, con un toque de sangre.', 'Ah, el aire de Nagrand huele como lo recuerdo. Fresco, con un toque de sangre.', 'Ah, die Luft in Nagrand riecht wie in meiner Erinnerung : frisch mit einer Spur Blut!', "Ах, запах воздуха Награнда такой же, каким я его помню. Свежий, с ноткой крови!"),
		(85093, 3, 0, 'Une belle prise, commandant. Je vais ramener зa а la forteresse.', 'Una captura excelente, comandante. ?La devolvere enseguida a la fortaleza!', 'Una captura excelente, comandante. ?La devolvere enseguida a la fortaleza!', 'Ein vorzuglicher Fang, Kommandant. Ich werde ihn nach dem Bollwerk zuruckbringen lassen.', "Отличный улов ,командир,он будет тут же переправлен в крепость"),
		(85093, 4, 0, "Il m'avait bien semble sentir l'odeur du sang flotter dans l'air, et je ne m'etais pas trompe !", 'Olia sangre en el aire, ?y no me equivocaba!', 'Olia sangre en el aire, ?y no me equivocaba!', 'Ich hatte Blut in der Luft gerochen, und ich war nicht enttauscht!', "Я почувствовал кровь в воздухе, и не был разочарован!"),
		(85093, 5, 0, 'Une tres belle creature, je vais sans aucun doute produire beaucoup avec.', 'Una buena criatura, ?seguro que produce muchos materiales para nosotros!', 'Una buena criatura, ?seguro que produce muchos materiales para nosotros!', 'So eine schone Kreatur, sie wird bestimmt viele Materialien fur uns ergeben.', "Довольно хорошее существо, из него выйдет много материалов для нас."),
		(85093, 6, 0, 'La peau de cette bete est dure comme de la pierre ! Je vais aiguiser mes lames.', '?La piel de esta bestia es como de hierro! Afilara mis espadas.', '?La piel de esta bestia es como de hierro! Afilara mis espadas.', 'Das Fell dieses Biestes ist wie Eisen! Ich werde meine Klingen schleifen.', "Шкура этого зверя словно железо! Я заострю мои ножи."),
		(85093, 7, 0, "L'odeur de celle-ci me rappelle les fermes de sangliers de Durotar.", 'EEl olor de esta me recuerda a las granjas de jabalies de Durotar.', 'El olor de esta me recuerda a las granjas de jabalies de Durotar.', 'Dieser Geruch erinnert mich an die Eberfarmen in Durotar.', "Запах вот от этого напоминает мне о свинофермах в Дуротаре.");

	#234186/GameObject - Iron Trap

		UPDATE gameobject_template SET scriptname = "gob_IronTrap_Garrison" WHERE entry = 234186;

	#238761/GameObject - Barn Work Order

		INSERT INTO gameobject_template (`entry`, `type`, `displayId`, `name`, `IconName`, `castBarCaption`, `unk1`, `faction`, `flags`, `size`, `questItem1`, `questItem2`, `questItem3`, `questItem4`, `questItem5`, `questItem6`, `data0`, `data1`, `data2`, `data3`, `data4`, `data5`, `data6`, `data7`, `data8`, `data9`, `data10`, `data11`, `data12`, `data13`, `data14`, `data15`, `data16`, `data17`, `data18`, `data19`, `data20`, `data21`, `data22`, `data23`, `data24`, `data25`, `data26`, `data27`, `data28`, `data29`, `data30`, `data31`, `data32`, `unkInt32`, `BuildVerified`) VALUES(238761, 45, 13845, "Barn Work Order", "", "", "", 0, 0, 1, 0, 0, 0, 0, 0, 0, 32, 0, 0, 0, 0, 0, 0, 0, 0, 0, 0, 0, 0, 0, 0, 0, 0, 0, 0, 0, 0, 0, 0, 0, 0, 0, 0, 0, 0, 0, 0, 0, 0, 0, 0) ON DUPLICATE KEY UPDATE `entry` = VALUES(`entry`), `type` = VALUES(`type`), `displayId` = VALUES(`displayId`), `name` = VALUES(`name`), `IconName` = VALUES(`IconName`), `castBarCaption` = VALUES(`castBarCaption`), `unk1` = VALUES(`unk1`), `faction` = VALUES(`faction`), `flags` = VALUES(`flags`), `size` = VALUES(`size`), `questItem1` = VALUES(`questItem1`), `questItem2` = VALUES(`questItem2`), `questItem3` = VALUES(`questItem3`), `questItem4` = VALUES(`questItem4`), `questItem5` = VALUES(`questItem5`), `questItem6` = VALUES(`questItem6`), `data0` = VALUES(`data0`), `data1` = VALUES(`data1`), `data2` = VALUES(`data2`), `data3` = VALUES(`data3`), `data4` = VALUES(`data4`), `data5` = VALUES(`data5`), `data6` = VALUES(`data6`), `data7` = VALUES(`data7`), `data8` = VALUES(`data8`), `data9` = VALUES(`data9`), `data10` = VALUES(`data10`), `data11` = VALUES(`data11`), `data12` = VALUES(`data12`), `data13` = VALUES(`data13`), `data14` = VALUES(`data14`), `data15` = VALUES(`data15`), `data16` = VALUES(`data16`), `data17` = VALUES(`data17`), `data18` = VALUES(`data18`), `data19` = VALUES(`data19`), `data20` = VALUES(`data20`), `data21` = VALUES(`data21`), `data22` = VALUES(`data22`), `data23` = VALUES(`data23`), `data24` = VALUES(`data24`), `data25` = VALUES(`data25`), `data26` = VALUES(`data26`), `data27` = VALUES(`data27`), `data28` = VALUES(`data28`), `data29` = VALUES(`data29`), `data30` = VALUES(`data30`), `data31` = VALUES(`data31`), `data32` = VALUES(`data32`), `unkInt32` = VALUES(`unkInt32`), `BuildVerified` = VALUES(`BuildVerified`);
		UPDATE gameobject_template SET scriptname = "go_garrison_shipment_container" WHERE entry = 238761;

-- LEVEL 2

	DELETE FROM garrison_plot_content WHERE plot_type_or_building=-25 AND faction_index = 0;
	INSERT INTO `garrison_plot_content` (`id`, `plot_type_or_building`, `faction_index`, `creature_or_gob`, `x`, `y`, `z`, `o`) VALUES
	('2843','-25','0','-238761','15.5945','2.38366','-0.125381','2.9245'),
    ('2844','-25','0','79816','12.0749','2.06138','0.469604','0.014597'),
    ('2845','-25','0','85048','16.58','4.98577','0.36731','4.82517'),
    ('2846','-25','0','85044','13.1936','-5.14766','0.489212','2.09985'),
    ('2847','-25','0','85047','10.1498','11.3051','0.90799','4.73878'),
    ('2849','-25','0','-234186','6.04173','6.11555','0.580612','5.59486');

-- LEVEL 3

	DELETE FROM garrison_plot_content WHERE plot_type_or_building=-133 AND faction_index = 0;
	INSERT INTO `garrison_plot_content` (`plot_type_or_building`, `faction_index`, `creature_or_gob`, `x`, `y`, `z`, `o`) VALUES
	('-133','0','85048','12.8026','4.88438','0.482361','0.036915'),
	('-133','0','-238761','12.0751','-2.77916','-0.008026','0.81446'),
	('-133','0','-234186','-9.53767','-0.463832','0.371262','0.457103'),
	('-133','0','85047','-6.74789','-6.29642','0.676895','3.10783'),
	('-133','0','85044','4.30868','9.45035','0.872009','1.35639'),
	('-133','0','79816','3.39922','-1.32076','0.872482','1.40352');
-- LEVEL 1

	DELETE FROM garrison_plot_content WHERE plot_type_or_building=-26 AND faction_index = 0;
	insert into `garrison_plot_content` (`plot_type_or_building`, `faction_index`, `creature_or_gob`, `x`, `y`, `z`, `o`) values('-26','0','-236297','9.67634','5.40804','0.341995','3.20233');
	insert into `garrison_plot_content` (`plot_type_or_building`, `faction_index`, `creature_or_gob`, `x`, `y`, `z`, `o`) values('-26','0','-236298','5.79037','1.52887','0.327194','3.20233');
	insert into `garrison_plot_content` (`plot_type_or_building`, `faction_index`, `creature_or_gob`, `x`, `y`, `z`, `o`) values('-26','0','-236300','3.52436','-1.60345','0.37439','3.20233');
	insert into `garrison_plot_content` (`plot_type_or_building`, `faction_index`, `creature_or_gob`, `x`, `y`, `z`, `o`) values('-26','0','-236299','3.7487','1.15613','0.389191','3.20233');
	insert into `garrison_plot_content` (`plot_type_or_building`, `faction_index`, `creature_or_gob`, `x`, `y`, `z`, `o`) values('-26','0','-238796','-1.7117','-6.91199','1.87849','3.20233');
	insert into `garrison_plot_content` (`plot_type_or_building`, `faction_index`, `creature_or_gob`, `x`, `y`, `z`, `o`) values('-26','0','-238791','2.70919','11.4337','0','1.69828');
	insert into `garrison_plot_content` (`plot_type_or_building`, `faction_index`, `creature_or_gob`, `x`, `y`, `z`, `o`) values('-26','0','-238790','-2.85684','8.36369','-0.000504','3.22016');
	insert into `garrison_plot_content` (`plot_type_or_building`, `faction_index`, `creature_or_gob`, `x`, `y`, `z`, `o`) values('-26','0','-238797','-11.7016','0.466348','-0.000504','5.59383');
	insert into `garrison_plot_content` (`plot_type_or_building`, `faction_index`, `creature_or_gob`, `x`, `y`, `z`, `o`) values('-26','0','-238798','-11.3172','-2.88753','-0.000504','1.20345');
	insert into `garrison_plot_content` (`plot_type_or_building`, `faction_index`, `creature_or_gob`, `x`, `y`, `z`, `o`) values('-26','0','80571','15.6903','-14.7941','0.632492','2.06349');
	insert into `garrison_plot_content` (`plot_type_or_building`, `faction_index`, `creature_or_gob`, `x`, `y`, `z`, `o`) values('-26','0','80569','17.0454','-11.0895','0.910492','2.06349');
	insert into `garrison_plot_content` (`plot_type_or_building`, `faction_index`, `creature_or_gob`, `x`, `y`, `z`, `o`) values('-26','0','80569','15.9307','-8.84553','0.910492','5.10922');
	insert into `garrison_plot_content` (`plot_type_or_building`, `faction_index`, `creature_or_gob`, `x`, `y`, `z`, `o`) values('-26','0','80571','14.6845','-6.70138','0.910492','4.63488');
	insert into `garrison_plot_content` (`plot_type_or_building`, `faction_index`, `creature_or_gob`, `x`, `y`, `z`, `o`) values('-26','0','80569','7.48836','-17.7236','0.910477','0.852407');
	insert into `garrison_plot_content` (`plot_type_or_building`, `faction_index`, `creature_or_gob`, `x`, `y`, `z`, `o`) values('-26','0','80572','21.269','5.97235','0.910492','-0.605292');
	insert into `garrison_plot_content` (`plot_type_or_building`, `faction_index`, `creature_or_gob`, `x`, `y`, `z`, `o`) values('-26','0','80569','1.37838','-12.9468','0.910492','1.2671');
	insert into `garrison_plot_content` (`plot_type_or_building`, `faction_index`, `creature_or_gob`, `x`, `y`, `z`, `o`) values('-26','0','79812','1.15819','-0.273279','0.875244','6.25752');
	insert into `garrison_plot_content` (`plot_type_or_building`, `faction_index`, `creature_or_gob`, `x`, `y`, `z`, `o`) values('-26','0','80571','16.2031','11.4336','0.500717','5.4996');

-- LEVEL 2

-- LEVEL 3-- LEVEL 1

	INSERT INTO creature_template (`entry`, `name`, `subname`, `IconName`, `RacialLeader`, `family`, `type`, `modelid1`, `modelid2`, `modelid3`, `modelid4`, `questItem1`, `questItem2`, `questItem3`, `questItem4`, `questItem5`, `questItem6`, `unit_flags`, `unit_flags2`, `Health_mod`, `Mana_mod`, `Armor_mod`, `rank`, `KillCredit1`, `KillCredit2`, `movementId`, `scale`, `minlevel`, `maxlevel`, `faction`, `baseattacktime`, `rangeattacktime`, `unit_class`, `resistance1`, `resistance2`, `resistance3`, `resistance4`, `resistance5`, `resistance6`, `speed_walk`, `speed_run`, `spell1`, `spell2`, `spell3`, `spell4`, `spell5`, `spell6`, `spell7`, `spell8`, `BuildVerified`) VALUES(79821, "Yukla Ombre-Verte", "Enchanter", "trainer", 0, 0, 7, 61485, 0, 0, 0, 0, 0, 0, 0, 0, 0, 4096, 0, 1, 1, 1, 0, 0, 0, 0, 1, 90, 90, 1734, 2000, 2000, 8, 0, 0, 0, 0, 0, 0, 1, 1.142857, 0, 0, 0, 0, 0, 0, 0, 0, 19831) ON DUPLICATE KEY UPDATE `entry` = VALUES(`entry`), `name` = VALUES(`name`), `subname` = VALUES(`subname`), `IconName` = VALUES(`IconName`), `RacialLeader` = VALUES(`RacialLeader`), `family` = VALUES(`family`), `type` = VALUES(`type`), `modelid1` = VALUES(`modelid1`), `modelid2` = VALUES(`modelid2`), `modelid3` = VALUES(`modelid3`), `modelid4` = VALUES(`modelid4`), `questItem1` = VALUES(`questItem1`), `questItem2` = VALUES(`questItem2`), `questItem3` = VALUES(`questItem3`), `questItem4` = VALUES(`questItem4`), `questItem5` = VALUES(`questItem5`), `questItem6` = VALUES(`questItem6`), `unit_flags` = VALUES(`unit_flags`), `unit_flags2` = VALUES(`unit_flags2`), `Health_mod` = VALUES(`Health_mod`), `Mana_mod` = VALUES(`Mana_mod`), `Armor_mod` = VALUES(`Armor_mod`), `rank` = VALUES(`rank`), `KillCredit1` = VALUES(`KillCredit1`), `KillCredit2` = VALUES(`KillCredit2`), `movementId` = VALUES(`movementId`), `scale` = VALUES(`scale`), `minlevel` = VALUES(`minlevel`), `maxlevel` = VALUES(`maxlevel`), `faction` = VALUES(`faction`), `baseattacktime` = VALUES(`baseattacktime`), `rangeattacktime` = VALUES(`rangeattacktime`), `unit_class` = VALUES(`unit_class`), `resistance1` = VALUES(`resistance1`), `resistance2` = VALUES(`resistance2`), `resistance3` = VALUES(`resistance3`), `resistance4` = VALUES(`resistance4`), `resistance5` = VALUES(`resistance5`), `resistance6` = VALUES(`resistance6`), `speed_walk` = VALUES(`speed_walk`), `speed_run` = VALUES(`speed_run`), `spell1` = VALUES(`spell1`), `spell2` = VALUES(`spell2`), `spell3` = VALUES(`spell3`), `spell4` = VALUES(`spell4`), `spell5` = VALUES(`spell5`), `spell6` = VALUES(`spell6`), `spell7` = VALUES(`spell7`), `spell8` = VALUES(`spell8`), `BuildVerified` = VALUES(`BuildVerified`);
	INSERT INTO creature_template (`entry`, `name`, `subname`, `IconName`, `RacialLeader`, `family`, `type`, `modelid1`, `modelid2`, `modelid3`, `modelid4`, `questItem1`, `questItem2`, `questItem3`, `questItem4`, `questItem5`, `questItem6`, `unit_flags`, `unit_flags2`, `Health_mod`, `Mana_mod`, `Armor_mod`, `rank`, `KillCredit1`, `KillCredit2`, `movementId`, `scale`, `minlevel`, `maxlevel`, `faction`, `baseattacktime`, `rangeattacktime`, `unit_class`, `resistance1`, `resistance2`, `resistance3`, `resistance4`, `resistance5`, `resistance6`, `speed_walk`, `speed_run`, `spell1`, `spell2`, `spell3`, `spell4`, `spell5`, `spell6`, `spell7`, `spell8`, `BuildVerified`) VALUES(79820, "Garra", "Work Orders", "workorders", 0, 0, 7, 56576, 0, 0, 0, 0, 0, 0, 0, 0, 0, 4096, 0, 1, 1, 1, 0, 0, 0, 0, 1, 90, 90, 1734, 2000, 2000, 8, 0, 0, 0, 0, 0, 0, 1, 1.142857, 156837, 0, 0, 0, 0, 0, 0, 0, 19831) ON DUPLICATE KEY UPDATE `entry` = VALUES(`entry`), `name` = VALUES(`name`), `subname` = VALUES(`subname`), `IconName` = VALUES(`IconName`), `RacialLeader` = VALUES(`RacialLeader`), `family` = VALUES(`family`), `type` = VALUES(`type`), `modelid1` = VALUES(`modelid1`), `modelid2` = VALUES(`modelid2`), `modelid3` = VALUES(`modelid3`), `modelid4` = VALUES(`modelid4`), `questItem1` = VALUES(`questItem1`), `questItem2` = VALUES(`questItem2`), `questItem3` = VALUES(`questItem3`), `questItem4` = VALUES(`questItem4`), `questItem5` = VALUES(`questItem5`), `questItem6` = VALUES(`questItem6`), `unit_flags` = VALUES(`unit_flags`), `unit_flags2` = VALUES(`unit_flags2`), `Health_mod` = VALUES(`Health_mod`), `Mana_mod` = VALUES(`Mana_mod`), `Armor_mod` = VALUES(`Armor_mod`), `rank` = VALUES(`rank`), `KillCredit1` = VALUES(`KillCredit1`), `KillCredit2` = VALUES(`KillCredit2`), `movementId` = VALUES(`movementId`), `scale` = VALUES(`scale`), `minlevel` = VALUES(`minlevel`), `maxlevel` = VALUES(`maxlevel`), `faction` = VALUES(`faction`), `baseattacktime` = VALUES(`baseattacktime`), `rangeattacktime` = VALUES(`rangeattacktime`), `unit_class` = VALUES(`unit_class`), `resistance1` = VALUES(`resistance1`), `resistance2` = VALUES(`resistance2`), `resistance3` = VALUES(`resistance3`), `resistance4` = VALUES(`resistance4`), `resistance5` = VALUES(`resistance5`), `resistance6` = VALUES(`resistance6`), `speed_walk` = VALUES(`speed_walk`), `speed_run` = VALUES(`speed_run`), `spell1` = VALUES(`spell1`), `spell2` = VALUES(`spell2`), `spell3` = VALUES(`spell3`), `spell4` = VALUES(`spell4`), `spell5` = VALUES(`spell5`), `spell6` = VALUES(`spell6`), `spell7` = VALUES(`spell7`), `spell8` = VALUES(`spell8`), `BuildVerified` = VALUES(`BuildVerified`);
	INSERT INTO creature_model_info (`modelid`, `bounding_radius`, `combat_reach`, `gender`) VALUES(61485, 0.389, 1.5, 0) ON DUPLICATE KEY UPDATE `modelid` = VALUES(`modelid`), `bounding_radius` = VALUES(`bounding_radius`), `combat_reach` = VALUES(`combat_reach`), `gender` = VALUES(`gender`);
	INSERT INTO creature_model_info (`modelid`, `bounding_radius`, `combat_reach`, `gender`) VALUES(56576, 0.389, 1.5, 0) ON DUPLICATE KEY UPDATE `modelid` = VALUES(`modelid`), `bounding_radius` = VALUES(`bounding_radius`), `combat_reach` = VALUES(`combat_reach`), `gender` = VALUES(`gender`);

	UPDATE creature_template SET ScriptName="npc_YuklaGreenshadow_Garr", npcFlag=131, npcFlag2=128, minlevel=90, maxlevel=90, gossip_menu_id = 0 WHERE entry=79821;
	UPDATE creature_template SET ScriptName="npc_Garra_Garr", npcFlag=3, npcFlag2=32, minlevel=90, maxlevel=90, gossip_menu_id = 0 WHERE entry=79820;

	DELETE FROM `npc_vendor` WHERE `entry` = 79821 AND `type` = 1;
	INSERT INTO `npc_vendor` (`entry`, `slot`, `item`, `maxcount`, `incrtime`, `ExtendedCost`, `type`) VALUES
	(79821, 0, 38682, 0, 0, 0, 1), 
	(79821, 0, 111922, 0, 0, 0, 1), 
	(79821, 0, 118394, 0, 0, 5470, 1), 
	(79821, 0, 118429, 0, 0, 5470, 1), 
	(79821, 0, 118430, 0, 0, 5470, 1), 
	(79821, 0, 118431, 0, 0, 5470, 1), 
	(79821, 0, 118432, 0, 0, 5470, 1), 
	(79821, 0, 118433, 0, 0, 5470, 1), 
	(79821, 0, 118434, 0, 0, 5470, 1), 
	(79821, 0, 118435, 0, 0, 5470, 1), 
	(79821, 0, 118436, 0, 0, 5470, 1), 
	(79821, 0, 118437, 0, 0, 5470, 1), 
	(79821, 0, 118438, 0, 0, 5470, 1), 
	(79821, 0, 118439, 0, 0, 5470, 1), 
	(79821, 0, 118440, 0, 0, 5470, 1), 
	(79821, 0, 118441, 0, 0, 5470, 1), 
	(79821, 0, 118442, 0, 0, 5470, 1), 
	(79821, 0, 118443, 0, 0, 5470, 1), 
	(79821, 0, 118444, 0, 0, 5470, 1), 
	(79821, 0, 118445, 0, 0, 5470, 1), 
	(79821, 0, 118446, 0, 0, 5470, 1), 
	(79821, 0, 118447, 0, 0, 5470, 1), 
	(79821, 0, 118453, 0, 0, 5470, 1), 
	(79821, 0, 118454, 0, 0, 5470, 1), 
	(79821, 0, 118455, 0, 0, 5470, 1), 
	(79821, 0, 118456, 0, 0, 5470, 1), 
	(79821, 0, 118457, 0, 0, 5470, 1), 
	(79821, 0, 118458, 0, 0, 5471, 1), 
	(79821, 0, 118460, 0, 0, 5471, 1), 
	(79821, 0, 118461, 0, 0, 5471, 1), 
	(79821, 0, 118462, 0, 0, 5471, 1), 
	(79821, 0, 118463, 0, 0, 5471, 1), 
	(79821, 0, 118464, 0, 0, 0, 1), 
	(79821, 0, 118467, 0, 0, 5471, 1);

	DELETE FROM creature_queststarter WHERE id=79821 AND quest=37570;
	INSERT INTO creature_queststarter(`id`, `quest`) values('79821','37570');

	DELETE FROM creature_questender WHERE id=79820 AND quest=37570;
	INSERT INTO creature_questender(`id`, `quest`) values('79820','37570');

	INSERT INTO gameobject_template (`entry`, `type`, `displayId`, `name`, `IconName`, `castBarCaption`, `unk1`, `faction`, `flags`, `size`, `questItem1`, `questItem2`, `questItem3`, `questItem4`, `questItem5`, `questItem6`, `data0`, `data1`, `data2`, `data3`, `data4`, `data5`, `data6`, `data7`, `data8`, `data9`, `data10`, `data11`, `data12`, `data13`, `data14`, `data15`, `data16`, `data17`, `data18`, `data19`, `data20`, `data21`, `data22`, `data23`, `data24`, `data25`, `data26`, `data27`, `data28`, `data29`, `data30`, `data31`, `data32`, `unkInt32`, `BuildVerified`) VALUES(237132, 22, 16754, "Container of gasoline", "", "", "", 0, 0, 0.93, 0, 0, 0, 0, 0, 0, 161735, -1, 0, 1, 0, 0, 1, 0, 0, 0, 0, 0, 0, 0, 0, 0, 0, 0, 0, 0, 0, 0, 0, 0, 0, 0, 0, 0, 0, 0, 0, 0, 0, 0, 19831) ON DUPLICATE KEY UPDATE `entry` = VALUES(`entry`), `type` = VALUES(`type`), `displayId` = VALUES(`displayId`), `name` = VALUES(`name`), `IconName` = VALUES(`IconName`), `castBarCaption` = VALUES(`castBarCaption`), `unk1` = VALUES(`unk1`), `faction` = VALUES(`faction`), `flags` = VALUES(`flags`), `size` = VALUES(`size`), `questItem1` = VALUES(`questItem1`), `questItem2` = VALUES(`questItem2`), `questItem3` = VALUES(`questItem3`), `questItem4` = VALUES(`questItem4`), `questItem5` = VALUES(`questItem5`), `questItem6` = VALUES(`questItem6`), `data0` = VALUES(`data0`), `data1` = VALUES(`data1`), `data2` = VALUES(`data2`), `data3` = VALUES(`data3`), `data4` = VALUES(`data4`), `data5` = VALUES(`data5`), `data6` = VALUES(`data6`), `data7` = VALUES(`data7`), `data8` = VALUES(`data8`), `data9` = VALUES(`data9`), `data10` = VALUES(`data10`), `data11` = VALUES(`data11`), `data12` = VALUES(`data12`), `data13` = VALUES(`data13`), `data14` = VALUES(`data14`), `data15` = VALUES(`data15`), `data16` = VALUES(`data16`), `data17` = VALUES(`data17`), `data18` = VALUES(`data18`), `data19` = VALUES(`data19`), `data20` = VALUES(`data20`), `data21` = VALUES(`data21`), `data22` = VALUES(`data22`), `data23` = VALUES(`data23`), `data24` = VALUES(`data24`), `data25` = VALUES(`data25`), `data26` = VALUES(`data26`), `data27` = VALUES(`data27`), `data28` = VALUES(`data28`), `data29` = VALUES(`data29`), `data30` = VALUES(`data30`), `data31` = VALUES(`data31`), `data32` = VALUES(`data32`), `unkInt32` = VALUES(`unkInt32`), `BuildVerified` = VALUES(`BuildVerified`);
	INSERT INTO gameobject_template (`entry`, `type`, `displayId`, `name`, `IconName`, `castBarCaption`, `unk1`, `faction`, `flags`, `size`, `questItem1`, `questItem2`, `questItem3`, `questItem4`, `questItem5`, `questItem6`, `data0`, `data1`, `data2`, `data3`, `data4`, `data5`, `data6`, `data7`, `data8`, `data9`, `data10`, `data11`, `data12`, `data13`, `data14`, `data15`, `data16`, `data17`, `data18`, `data19`, `data20`, `data21`, `data22`, `data23`, `data24`, `data25`, `data26`, `data27`, `data28`, `data29`, `data30`, `data31`, `data32`, `unkInt32`, `BuildVerified`) VALUES(237133, 45, 20508, "Enchanting Work Order", "", "", "", 0, 0, 1, 0, 0, 0, 0, 0, 0, 59, 0, 0, 0, 0, 0, 0, 0, 0, 0, 0, 0, 0, 0, 0, 0, 0, 0, 0, 0, 0, 0, 0, 0, 0, 0, 0, 0, 0, 0, 0, 0, 0, 0, 19831) ON DUPLICATE KEY UPDATE `entry` = VALUES(`entry`), `type` = VALUES(`type`), `displayId` = VALUES(`displayId`), `name` = VALUES(`name`), `IconName` = VALUES(`IconName`), `castBarCaption` = VALUES(`castBarCaption`), `unk1` = VALUES(`unk1`), `faction` = VALUES(`faction`), `flags` = VALUES(`flags`), `size` = VALUES(`size`), `questItem1` = VALUES(`questItem1`), `questItem2` = VALUES(`questItem2`), `questItem3` = VALUES(`questItem3`), `questItem4` = VALUES(`questItem4`), `questItem5` = VALUES(`questItem5`), `questItem6` = VALUES(`questItem6`), `data0` = VALUES(`data0`), `data1` = VALUES(`data1`), `data2` = VALUES(`data2`), `data3` = VALUES(`data3`), `data4` = VALUES(`data4`), `data5` = VALUES(`data5`), `data6` = VALUES(`data6`), `data7` = VALUES(`data7`), `data8` = VALUES(`data8`), `data9` = VALUES(`data9`), `data10` = VALUES(`data10`), `data11` = VALUES(`data11`), `data12` = VALUES(`data12`), `data13` = VALUES(`data13`), `data14` = VALUES(`data14`), `data15` = VALUES(`data15`), `data16` = VALUES(`data16`), `data17` = VALUES(`data17`), `data18` = VALUES(`data18`), `data19` = VALUES(`data19`), `data20` = VALUES(`data20`), `data21` = VALUES(`data21`), `data22` = VALUES(`data22`), `data23` = VALUES(`data23`), `data24` = VALUES(`data24`), `data25` = VALUES(`data25`), `data26` = VALUES(`data26`), `data27` = VALUES(`data27`), `data28` = VALUES(`data28`), `data29` = VALUES(`data29`), `data30` = VALUES(`data30`), `data31` = VALUES(`data31`), `data32` = VALUES(`data32`), `unkInt32` = VALUES(`unkInt32`), `BuildVerified` = VALUES(`BuildVerified`);

	UPDATE gameobject_template SET ScriptName="go_garrison_essence_font" WHERE entry IN (237335, 237132);

	DELETE FROM garrison_plot_content WHERE plot_type_or_building=-93 AND faction_index = 0;
	insert into `garrison_plot_content` (`plot_type_or_building`, `faction_index`, `creature_or_gob`, `x`, `y`, `z`, `o`) values('-93','0','-237132','0.265947','0.043638','0.790497','0.046769');
	insert into `garrison_plot_content` (`plot_type_or_building`, `faction_index`, `creature_or_gob`, `x`, `y`, `z`, `o`) values('-93','0','-237133','7.96201','-8.13545','0','5.54849');
	insert into `garrison_plot_content` (`plot_type_or_building`, `faction_index`, `creature_or_gob`, `x`, `y`, `z`, `o`) values('-93','0','79821','0.824182','-3.80684','1.3388','1.76365');
	insert into `garrison_plot_content` (`plot_type_or_building`, `faction_index`, `creature_or_gob`, `x`, `y`, `z`, `o`) values('-93','0','79820','2.66546','2.62247','1.3388','5.81239');

	UPDATE gameobject_template SET flags=0, ScriptName="go_garrison_shipment_container" WHERE TYPE=45;

-- LEVEL 2

-- LEVEL 3-- LEVEL 1

	DELETE FROM creature_template WHERE entry=79826;
	DELETE FROM creature_template WHERE entry=86696;
	INSERT INTO creature_template (`entry`, `name`, `subname`, `IconName`, `RacialLeader`, `family`, `type`, `modelid1`, `modelid2`, `modelid3`, `modelid4`, `questItem1`, `questItem2`, `questItem3`, `questItem4`, `questItem5`, `questItem6`, `unit_flags`, `unit_flags2`, `Health_mod`, `Mana_mod`, `Armor_mod`, `rank`, `KillCredit1`, `KillCredit2`, `movementId`, `scale`, `minlevel`, `maxlevel`, `faction`, `baseattacktime`, `rangeattacktime`, `unit_class`, `resistance1`, `resistance2`, `resistance3`, `resistance4`, `resistance5`, `resistance6`, `speed_walk`, `speed_run`, `spell1`, `spell2`, `spell3`, `spell4`, `spell5`, `spell6`, `spell7`, `spell8`, `BuildVerified`) VALUES(79826, "Pozzlow", "Engineer", "trainer", 0, 0, 7, 56936, 0, 0, 0, 0, 0, 0, 0, 0, 0, 4096, 0, 1, 1, 1, 0, 0, 0, 0, 1, 90, 90, 1734, 2000, 2000, 8, 0, 0, 0, 0, 0, 0, 1, 1.142857, 0, 0, 0, 0, 0, 0, 0, 0, 19865) ON DUPLICATE KEY UPDATE entry=entry;
	INSERT INTO creature_template (`entry`, `name`, `subname`, `IconName`, `RacialLeader`, `family`, `type`, `modelid1`, `modelid2`, `modelid3`, `modelid4`, `questItem1`, `questItem2`, `questItem3`, `questItem4`, `questItem5`, `questItem6`, `unit_flags`, `unit_flags2`, `Health_mod`, `Mana_mod`, `Armor_mod`, `rank`, `KillCredit1`, `KillCredit2`, `movementId`, `scale`, `minlevel`, `maxlevel`, `faction`, `baseattacktime`, `rangeattacktime`, `unit_class`, `resistance1`, `resistance2`, `resistance3`, `resistance4`, `resistance5`, `resistance6`, `speed_walk`, `speed_run`, `spell1`, `spell2`, `spell3`, `spell4`, `spell5`, `spell6`, `spell7`, `spell8`, `BuildVerified`) VALUES(86696, "Garbra Fizzwonk", "Work Orders", "workorders", 0, 0, 7, 36010, 0, 0, 0, 0, 0, 0, 0, 0, 0, 4096, 0, 1, 1, 1, 0, 0, 0, 0, 1, 90, 90, 1734, 2000, 2000, 8, 0, 0, 0, 0, 0, 0, 1, 1.142857, 0, 0, 0, 0, 0, 0, 0, 0, 19865) ON DUPLICATE KEY UPDATE entry=entry;

	DELETE FROM creature_model_info WHERE modelid=56936;
	DELETE FROM creature_model_info WHERE modelid=36010;
	INSERT INTO creature_model_info (`modelid`, `bounding_radius`, `combat_reach`, `gender`) VALUES(56936, 0.306, 1.5, 0) ON DUPLICATE KEY UPDATE modelid=modelid;
	INSERT INTO creature_model_info (`modelid`, `bounding_radius`, `combat_reach`, `gender`) VALUES(36010, 0.306, 1.5, 1) ON DUPLICATE KEY UPDATE modelid=modelid;

	UPDATE creature_template SET ScriptName="npc_Pozzlow_Garr", npcFlag=131, npcFlag2=128, minlevel=90, maxlevel=90, gossip_menu_id = 0 WHERE entry=79826;
	UPDATE creature_template SET ScriptName="npc_GarbraFizzwonk_Garr", npcFlag=3, npcFlag2=32, minlevel=90, maxlevel=90, gossip_menu_id = 0 WHERE entry=86696;

	DELETE FROM `npc_vendor` WHERE `entry` = 79826 AND `type` = 1;
	INSERT INTO `npc_vendor` (`entry`, `slot`, `item`, `maxcount`, `incrtime`, `ExtendedCost`, `type`) VALUES
	(79826, 0, 90146, 0, 0, 0, 1), 
	(79826, 0, 111921, 0, 0, 0, 1), 
	(79826, 0, 118476, 0, 0, 5476, 1), 
	(79826, 0, 118477, 0, 0, 5476, 1), 
	(79826, 0, 118478, 0, 0, 5476, 1), 
	(79826, 0, 118480, 0, 0, 5476, 1), 
	(79826, 0, 118481, 0, 0, 5476, 1), 
	(79826, 0, 118484, 0, 0, 5476, 1), 
	(79826, 0, 118485, 0, 0, 5476, 1), 
	(79826, 0, 118487, 0, 0, 5476, 1), 
	(79826, 0, 118488, 0, 0, 5476, 1), 
	(79826, 0, 118489, 0, 0, 5476, 1), 
	(79826, 0, 118490, 0, 0, 5476, 1), 
	(79826, 0, 118491, 0, 0, 5479, 1), 
	(79826, 0, 118492, 0, 0, 5479, 1), 
	(79826, 0, 118493, 0, 0, 5476, 1), 
	(79826, 0, 118495, 0, 0, 5476, 1), 
	(79826, 0, 118497, 0, 0, 5476, 1), 
	(79826, 0, 118498, 0, 0, 5476, 1), 
	(79826, 0, 118499, 0, 0, 5476, 1), 
	(79826, 0, 118500, 0, 0, 5476, 1), 
	(79826, 0, 119177, 0, 0, 5476, 1), 
	(79826, 0, 120267, 0, 0, 5479, 1), 
	(79826, 0, 120268, 0, 0, 5479, 1);

	DELETE FROM creature_queststarter WHERE id=79826 AND quest=37571;
	INSERT INTO creature_queststarter(`id`, `quest`) values('79826','37571');

	DELETE FROM creature_questender WHERE id=86696 AND quest=37571;
	INSERT INTO creature_questender(`id`, `quest`) values('86696','37571');

	DELETE FROM gameobject_template WHERE entry=237139;
	INSERT INTO gameobject_template (`entry`, `type`, `displayId`, `name`, `IconName`, `castBarCaption`, `unk1`, `faction`, `flags`, `size`, `questItem1`, `questItem2`, `questItem3`, `questItem4`, `questItem5`, `questItem6`, `data0`, `data1`, `data2`, `data3`, `data4`, `data5`, `data6`, `data7`, `data8`, `data9`, `data10`, `data11`, `data12`, `data13`, `data14`, `data15`, `data16`, `data17`, `data18`, `data19`, `data20`, `data21`, `data22`, `data23`, `data24`, `data25`, `data26`, `data27`, `data28`, `data29`, `data30`, `data31`, `data32`, `unkInt32`, `BuildVerified`) VALUES(237139, 45, 20508, "Engineering Work Order", "", "", "", 0, 0, 1, 0, 0, 0, 0, 0, 0, 60, 0, 0, 0, 0, 0, 0, 0, 0, 0, 0, 0, 0, 0, 0, 0, 0, 0, 0, 0, 0, 0, 0, 0, 0, 0, 0, 0, 0, 0, 0, 0, 0, 0, 19865) ON DUPLICATE KEY UPDATE entry=entry;
	UPDATE gameobject_template SET flags=0, ScriptName="go_garrison_shipment_container" WHERE TYPE=45;

	DELETE FROM garrison_plot_content WHERE plot_type_or_building=-91 AND faction_index = 0;
	insert into `garrison_plot_content` (`plot_type_or_building`, `faction_index`, `creature_or_gob`, `x`, `y`, `z`, `o`) values('-91','0','-237139','8.33867','-7.83219','0','5.56061');
	insert into `garrison_plot_content` (`plot_type_or_building`, `faction_index`, `creature_or_gob`, `x`, `y`, `z`, `o`) values('-91','0','86696','1.89719','-2.04317','1.33368','5.61557');
	insert into `garrison_plot_content` (`plot_type_or_building`, `faction_index`, `creature_or_gob`, `x`, `y`, `z`, `o`) values('-91','0','79826','3.17767','1.83158','1.33375','6.0122');

-- LEVEL 2

-- LEVEL 3-- LEVEL 1

UPDATE `creature_template` SET gossip_menu_id = 16986, `npcflag`=`npcflag`|17, trainer_type=2 WHERE `entry`=79892;
DELETE FROM `npc_trainer` WHERE `entry`=79892;
insert into `npc_trainer` (`entry`, `spell`, `spellcost`, `reqskill`, `reqskillvalue`, `reqlevel`) values
('79892','7733','100','356','0','1'),
('79892','7734','500','356','50','1'),
('79892','54083','10000','356','125','1'),
('79892','18249','25000','356','200','1'),
('79892','54084','100000','356','275','1'),
('79892','51293','150000','356','350','1'),
('79892','88869','250000','356','425','1'),
('79892','110412','300000','356','500','1');


UPDATE `creature_template` SET `npcflag`=`npcflag`|128 WHERE `entry`=79971;
DELETE FROM `npc_vendor` WHERE `entry` = 79971 AND `type` = 1;
INSERT INTO `npc_vendor` (`entry`, `slot`, `item`, `maxcount`, `incrtime`, `ExtendedCost`, `type`) VALUES
(79971, 0, 6256, 0, 0, 0, 1), 
(79971, 0, 6365, 1, 3600, 0, 1), 
(79971, 0, 6529, 0, 0, 0, 1), 
(79971, 0, 6530, 0, 0, 0, 1), 
(79971, 0, 6532, 0, 0, 0, 1), 
(79971, 0, 6533, 2, 3600, 0, 1);

DELETE FROM garrison_plot_content WHERE plot_type_or_building=-64 AND faction_index = 0;
INSERT INTO `garrison_plot_content` (`plot_type_or_building`, `faction_index`, `creature_or_gob`, `x`, `y`, `z`, `o`) VALUES('-64','0','79892','4.10929','-1.38352','0.583206','0.213478');
INSERT INTO `garrison_plot_content` (`plot_type_or_building`, `faction_index`, `creature_or_gob`, `x`, `y`, `z`, `o`) VALUES('-64','0','44880','2.56324','5.39814','4.2152','0.408808');
INSERT INTO `garrison_plot_content` (`plot_type_or_building`, `faction_index`, `creature_or_gob`, `x`, `y`, `z`, `o`) VALUES('-64','0','44880','1.28986','-0.327592','8.7592','6.09967');
INSERT INTO `garrison_plot_content` (`plot_type_or_building`, `faction_index`, `creature_or_gob`, `x`, `y`, `z`, `o`) VALUES('-64','0','79971','-0.343123','7.68761','0.713196','0.655077');
INSERT INTO `garrison_plot_content` (`plot_type_or_building`, `faction_index`, `creature_or_gob`, `x`, `y`, `z`, `o`) VALUES('-64','0','62953','25.7635','-22.1997','6.16921','1.42364');
INSERT INTO `garrison_plot_content` (`plot_type_or_building`, `faction_index`, `creature_or_gob`, `x`, `y`, `z`, `o`) VALUES('-64','0','44880','2.56324','5.39814','5.7152','0.408808');
INSERT INTO `garrison_plot_content` (`plot_type_or_building`, `faction_index`, `creature_or_gob`, `x`, `y`, `z`, `o`) VALUES('-64','0','-232440','8.77231','3.06427','0.000198','4.7124');
INSERT INTO `garrison_plot_content` (`plot_type_or_building`, `faction_index`, `creature_or_gob`, `x`, `y`, `z`, `o`) VALUES('-64','0','-230764','1.15135','7.00761','0.089203','0.633848');

-- Quest Chain : 34758, 36141, 36131, 36132
UPDATE quest_template SET PrevQuestId = 0, NextQuestId = 36141 WHERE Id = 34758;
UPDATE quest_template SET PrevQuestId = 34758, NextQuestId = 36131 WHERE Id = 36141;
UPDATE quest_template SET PrevQuestId = 36141, NextQuestId = 36132 WHERE Id = 36131;
UPDATE quest_template SET PrevQuestId = 36131, NextQuestId = 0 WHERE Id = 36132;
UPDATE quest_template SET RequiredSkillId = 0 WHERE id IN (34758, 36141, 36131, 36132);

REPLACE INTO `creature_queststarter` (`id`, `quest`) VALUES
('79892','34758'),
('79896','36131'),
('79896','36132'),
('79896','36141');

REPLACE INTO `creature_questender` (`id`, `quest`) VALUES
('79892','36132'),
('79896','34758'),
('79896','36131'),
('79896','36141');

-- Horde daily quests (35071, 35006, 35072, 35073, 35074, 35075)

UPDATE quest_template SET PrevQuestId = 36132 WHERE Id IN (35071, 35006, 35072, 35073, 35074, 35075);

DELETE FROM pool_quest WHERE pool_entry = 30005;
DELETE FROM pool_template WHERE entry = 30005;
INSERT INTO pool_template VALUE (30005, 1, "Horde Garrison Fishing daily quests");
INSERT INTO pool_quest VALUES
(35071, 30005, "Jawless Skulker"),
(35006, 30005, "Fire Ammonite"),
(35072, 30005, "Fat Sleeper"),
(35073, 30005, "Blind Lake Sturgeon"),
(35074, 30005, "Blackwater Whiptail"),
(35075, 30005, "Abyssal Gulper Eel");

-- Updates

UPDATE creature_template SET scriptname = "npc_MakJin_Garr" WHERE entry = 79892;

-- zone frostwall - 7004

-- LEVEL 2

	DELETE FROM garrison_plot_content WHERE plot_type_or_building = -134 AND faction_index = 0;
	insert into `garrison_plot_content` (`plot_type_or_building`, `faction_index`, `creature_or_gob`, `x`, `y`, `z`, `o`) values('-134','0','79971','0.614584','8.96304','0.892303','5.88444');
	insert into `garrison_plot_content` (`plot_type_or_building`, `faction_index`, `creature_or_gob`, `x`, `y`, `z`, `o`) values('-134','0','79892','0.87929','-0.074721','0.50116','6.08473');
	insert into `garrison_plot_content` (`plot_type_or_building`, `faction_index`, `creature_or_gob`, `x`, `y`, `z`, `o`) values('-134','0','-232440','7.55463','0.407227','0.00116','2.56614');
	insert into `garrison_plot_content` (`plot_type_or_building`, `faction_index`, `creature_or_gob`, `x`, `y`, `z`, `o`) values('-134','0','-230764','3.97624','7.17488','0.100479','3.04523');


-- LEVEL 3

	DELETE FROM garrison_plot_content WHERE plot_type_or_building = -135 AND faction_index = 0;
	insert into `garrison_plot_content` (`plot_type_or_building`, `faction_index`, `creature_or_gob`, `x`, `y`, `z`, `o`) values('-135','0','79971','1.62224','9.4448','0.949738','5.90643');
	insert into `garrison_plot_content` (`plot_type_or_building`, `faction_index`, `creature_or_gob`, `x`, `y`, `z`, `o`) values('-135','0','79892','0.171587','0.551334','0.503006','5.2035');
	insert into `garrison_plot_content` (`plot_type_or_building`, `faction_index`, `creature_or_gob`, `x`, `y`, `z`, `o`) values('-135','0','-232440','9.48394','1.06858','-0.000076','3.22037');
	insert into `garrison_plot_content` (`plot_type_or_building`, `faction_index`, `creature_or_gob`, `x`, `y`, `z`, `o`) values('-135','0','-230764','3.94956','7.22322','0.107117','3.22822');


-- Loots

DELIMITER @@

CREATE PROCEDURE `FillConditionAndLootsTables`(IN `p_ZoneID` INT, IN `p_GroupID` INT, IN `p_Level` INT, IN `p_ItemEntry` INT, IN `p_DropChance` FLOAT, IN `p_Reference` INT)
BEGIN

	REPLACE INTO reference_loot_template (`entry`, `item`, `ChanceOrQuestChance`, `lootmode`, `groupid`, `mincountOrRef`, `maxcount`, `itemBonuses`) VALUES (-`p_Reference`, p_ItemEntry, `p_DropChance`, 1, 1, 1, 1, '');

	-- 39 = CONDITION_HAS_BUILDING_TYPE, 24 = BuildingType::Type::FishingHut, p_Level = Building Level
	DELETE FROM conditions WHERE SourceTypeOrReferenceId = 1 AND SourceGroup = p_ZoneID AND SourceEntry = p_ItemEntry;
	INSERT INTO conditions (SourceTypeOrReferenceId, SourceGroup, SourceEntry, ConditionTypeOrReference, ConditionValue1, ConditionValue2) VALUES (1, p_ZoneID, p_ItemEntry, 39, 24, p_Level);
END @@
DELIMITER ;

	DELETE FROM fishing_loot_template  WHERE entry = 7004;

	-- Frostwall
	SET @l_ZoneID = 7004;

	-- little fishes

	SET @l_Reference = -111650;
	SET @l_BuildingLevel = 1;
	SET @l_GroupID       = 1;

	INSERT INTO fishing_loot_template (`entry`, `item`, `ChanceOrQuestChance`, `lootmode`, `groupid`, `mincountOrRef`, `maxcount`, `itemBonuses`) VALUES (@l_ZoneID, 1, 100, 1, @l_GroupID, @l_Reference, 1, '');

	SET @p_ItemEntry = 111650;
	SET @l_DropRate  = 0.9;
	CALL `FillConditionAndLootsTables` (@l_ZoneID, @l_GroupID, @l_BuildingLevel, @p_ItemEntry, @l_DropRate, @l_Reference);

	SET @p_ItemEntry = 111589;
	SET @l_DropRate = 8;
	CALL `FillConditionAndLootsTables` (@l_ZoneID, @l_GroupID, @l_BuildingLevel, @p_ItemEntry, @l_DropRate, @l_Reference);

	SET @p_ItemEntry = 111651;
	SET @l_DropRate = 0.9;
	CALL `FillConditionAndLootsTables` (@l_ZoneID, @l_GroupID, @l_BuildingLevel, @p_ItemEntry, @l_DropRate, @l_Reference);

	SET @p_ItemEntry = 111652;
	SET @l_DropRate = 0.9;
	CALL `FillConditionAndLootsTables` (@l_ZoneID, @l_GroupID, @l_BuildingLevel, @p_ItemEntry, @l_DropRate, @l_Reference);

	SET @p_ItemEntry = 111656;
	SET @l_DropRate = 1.4;
	CALL `FillConditionAndLootsTables` (@l_ZoneID, @l_GroupID, @l_BuildingLevel, @p_ItemEntry, @l_DropRate, @l_Reference);

	SET @p_ItemEntry = 111658;
	SET @l_DropRate = 0.7;
	CALL `FillConditionAndLootsTables` (@l_ZoneID, @l_GroupID, @l_BuildingLevel, @p_ItemEntry, @l_DropRate, @l_Reference);

	SET @p_ItemEntry = 111659;
	SET @l_DropRate = 1;
	CALL `FillConditionAndLootsTables` (@l_ZoneID, @l_GroupID, @l_BuildingLevel, @p_ItemEntry, @l_DropRate, @l_Reference);

	SET @p_ItemEntry = 111662;
	SET @l_DropRate = 0.8;
	CALL `FillConditionAndLootsTables` (@l_ZoneID, @l_GroupID, @l_BuildingLevel, @p_ItemEntry, @l_DropRate, @l_Reference);

	-- medium

	SET @l_Reference = -111595;
	SET @l_BuildingLevel = 2;
	SET @l_GroupID       = 2;

	INSERT INTO fishing_loot_template (`entry`, `item`, `ChanceOrQuestChance`, `lootmode`, `groupid`, `mincountOrRef`, `maxcount`, `itemBonuses`) VALUES (@l_ZoneID, 2, 100, 1, @l_GroupID, @l_Reference, 1, '');

	SET @p_ItemEntry = 111595;
	SET @l_DropRate = 15;
	CALL `FillConditionAndLootsTables` (@l_ZoneID, @l_GroupID, @l_BuildingLevel, @p_ItemEntry, @l_DropRate, @l_Reference);

	SET @p_ItemEntry = 111663;
	SET @l_DropRate = 2;
	CALL `FillConditionAndLootsTables` (@l_ZoneID, @l_GroupID, @l_BuildingLevel, @p_ItemEntry, @l_DropRate, @l_Reference);

	SET @p_ItemEntry = 111664;
	SET @l_DropRate = 3;
	CALL `FillConditionAndLootsTables` (@l_ZoneID, @l_GroupID, @l_BuildingLevel, @p_ItemEntry, @l_DropRate, @l_Reference);

	SET @p_ItemEntry = 111665;
	SET @l_DropRate = 1.9;
	CALL `FillConditionAndLootsTables` (@l_ZoneID, @l_GroupID, @l_BuildingLevel, @p_ItemEntry, @l_DropRate, @l_Reference);

	SET @p_ItemEntry = 111666;
	SET @l_DropRate = 3;
	CALL `FillConditionAndLootsTables` (@l_ZoneID, @l_GroupID, @l_BuildingLevel, @p_ItemEntry, @l_DropRate, @l_Reference);

	SET @p_ItemEntry = 111667;
	SET @l_DropRate = 3;
	CALL `FillConditionAndLootsTables` (@l_ZoneID, @l_GroupID, @l_BuildingLevel, @p_ItemEntry, @l_DropRate, @l_Reference);

	SET @p_ItemEntry = 111668;
	SET @l_DropRate = 3;
	CALL `FillConditionAndLootsTables` (@l_ZoneID, @l_GroupID, @l_BuildingLevel, @p_ItemEntry, @l_DropRate, @l_Reference);

	SET @p_ItemEntry = 111669;
	SET @l_DropRate = 2;
	CALL `FillConditionAndLootsTables` (@l_ZoneID, @l_GroupID, @l_BuildingLevel, @p_ItemEntry, @l_DropRate, @l_Reference);

	SET @p_ItemEntry = 112633;
	SET @l_DropRate = 1.6;
	CALL `FillConditionAndLootsTables` (@l_ZoneID, @l_GroupID, @l_BuildingLevel, @p_ItemEntry, @l_DropRate, @l_Reference);

	SET @p_ItemEntry = 116748;
	SET @l_DropRate = 0.2;
	CALL `FillConditionAndLootsTables` (@l_ZoneID, @l_GroupID, @l_BuildingLevel, @p_ItemEntry, @l_DropRate, @l_Reference);

	SET @p_ItemEntry = 116819;
	SET @l_DropRate = 0.1;
	CALL `FillConditionAndLootsTables` (@l_ZoneID, @l_GroupID, @l_BuildingLevel, @p_ItemEntry, @l_DropRate, @l_Reference);

	SET @p_ItemEntry = 116754;
	SET @l_DropRate = 0.1;
	CALL `FillConditionAndLootsTables` (@l_ZoneID, @l_GroupID, @l_BuildingLevel, @p_ItemEntry, @l_DropRate, @l_Reference);

	SET @p_ItemEntry = 118391;
	SET @l_DropRate = 0.1;
	CALL `FillConditionAndLootsTables` (@l_ZoneID, @l_GroupID, @l_BuildingLevel, @p_ItemEntry, @l_DropRate, @l_Reference);

	SET @p_ItemEntry = 118392;
	SET @l_DropRate = 0.2;
	CALL `FillConditionAndLootsTables` (@l_ZoneID, @l_GroupID, @l_BuildingLevel, @p_ItemEntry, @l_DropRate, @l_Reference);

	SET @p_ItemEntry = 118393;
	SET @l_DropRate = 0.1;
	CALL `FillConditionAndLootsTables` (@l_ZoneID, @l_GroupID, @l_BuildingLevel, @p_ItemEntry, @l_DropRate, @l_Reference);

	-- big

	SET @l_Reference = -111601;
	SET @l_BuildingLevel = 3;
	SET @l_GroupID       = 3;

	INSERT INTO fishing_loot_template (`entry`, `item`, `ChanceOrQuestChance`, `lootmode`, `groupid`, `mincountOrRef`, `maxcount`, `itemBonuses`) VALUES (@l_ZoneID, 3, 100, 1, @l_GroupID, @l_Reference, 1, '');

	SET @p_ItemEntry = 111601;
	SET @l_DropRate = 20;
	CALL `FillConditionAndLootsTables` (@l_ZoneID, @l_GroupID, @l_BuildingLevel, @p_ItemEntry, @l_DropRate, @l_Reference);

	SET @p_ItemEntry = 111670;
	SET @l_DropRate = 3;
	CALL `FillConditionAndLootsTables` (@l_ZoneID, @l_GroupID, @l_BuildingLevel, @p_ItemEntry, @l_DropRate, @l_Reference);

	SET @p_ItemEntry = 111671;
	SET @l_DropRate = 5;
	CALL `FillConditionAndLootsTables` (@l_ZoneID, @l_GroupID, @l_BuildingLevel, @p_ItemEntry, @l_DropRate, @l_Reference);

	SET @p_ItemEntry = 111672;
	SET @l_DropRate = 4;
	CALL `FillConditionAndLootsTables` (@l_ZoneID, @l_GroupID, @l_BuildingLevel, @p_ItemEntry, @l_DropRate, @l_Reference);

	SET @p_ItemEntry = 111673;
	SET @l_DropRate = 5;
	CALL `FillConditionAndLootsTables` (@l_ZoneID, @l_GroupID, @l_BuildingLevel, @p_ItemEntry, @l_DropRate, @l_Reference);

	SET @p_ItemEntry = 111674;
	SET @l_DropRate = 5;
	CALL `FillConditionAndLootsTables` (@l_ZoneID, @l_GroupID, @l_BuildingLevel, @p_ItemEntry, @l_DropRate, @l_Reference);

	SET @p_ItemEntry = 111675;
	SET @l_DropRate = 7;
	CALL `FillConditionAndLootsTables` (@l_ZoneID, @l_GroupID, @l_BuildingLevel, @p_ItemEntry, @l_DropRate, @l_Reference);

	SET @p_ItemEntry = 111676;
	SET @l_DropRate = 2;
	CALL `FillConditionAndLootsTables` (@l_ZoneID, @l_GroupID, @l_BuildingLevel, @p_ItemEntry, @l_DropRate, @l_Reference);

	-- hameГ§ons

	SET @l_Reference = -110274;
	SET @l_BuildingLevel = 0;
	SET @l_GroupID       = 4;

	INSERT INTO fishing_loot_template (`entry`, `item`, `ChanceOrQuestChance`, `lootmode`, `groupid`, `mincountOrRef`, `maxcount`, `itemBonuses`) VALUES (@l_ZoneID, 4, 100, 1, @l_GroupID, @l_Reference, 1, '');

	SET @p_ItemEntry = 110274;
	SET @l_DropRate = 0.5;
	CALL `FillConditionAndLootsTables` (@l_ZoneID, @l_GroupID, @l_BuildingLevel, @p_ItemEntry, @l_DropRate, @l_Reference);

	SET @p_ItemEntry = 110289;
	SET @l_DropRate = 0.7;
	CALL `FillConditionAndLootsTables` (@l_ZoneID, @l_GroupID, @l_BuildingLevel, @p_ItemEntry, @l_DropRate, @l_Reference);

	SET @p_ItemEntry = 110290;
	SET @l_DropRate = 0.6;
	CALL `FillConditionAndLootsTables` (@l_ZoneID, @l_GroupID, @l_BuildingLevel, @p_ItemEntry, @l_DropRate, @l_Reference);

	SET @p_ItemEntry = 110291;
	SET @l_DropRate = 0.7;
	CALL `FillConditionAndLootsTables` (@l_ZoneID, @l_GroupID, @l_BuildingLevel, @p_ItemEntry, @l_DropRate, @l_Reference);

	SET @p_ItemEntry = 110292;
	SET @l_DropRate = 0.6;
	CALL `FillConditionAndLootsTables` (@l_ZoneID, @l_GroupID, @l_BuildingLevel, @p_ItemEntry, @l_DropRate, @l_Reference);

	SET @p_ItemEntry = 110293;
	SET @l_DropRate = 0.7;
	CALL `FillConditionAndLootsTables` (@l_ZoneID, @l_GroupID, @l_BuildingLevel, @p_ItemEntry, @l_DropRate, @l_Reference);

	SET @p_ItemEntry = 110294;
	SET @l_DropRate = 0.5;
	CALL `FillConditionAndLootsTables` (@l_ZoneID, @l_GroupID, @l_BuildingLevel, @p_ItemEntry, @l_DropRate, @l_Reference);

	-- no specific level needed

	REPLACE INTO fishing_loot_template (`entry`, `item`, `ChanceOrQuestChance`, `lootmode`, `groupid`, `mincountOrRef`, `maxcount`, `itemBonuses`) VALUES (7004, 118424, 3, 1, 0, 1, 1, '');

	DROP PROCEDURE `FillConditionAndLootsTables`;-- LEVEL 1

	DELETE FROM garrison_plot_content WHERE plot_type_or_building=-61 AND faction_index = 0;

	-- old spawn datas
	
		-- Frostwall Goren Hatchling (summoned from script)
		/*insert into `garrison_plot_content` (`plot_type_or_building`, `faction_index`, `creature_or_gob`, `x`, `y`, `z`, `o`) values('-61','0','81398','3.91187','-30.7051','-30.9979','1.18066');
		insert into `garrison_plot_content` (`plot_type_or_building`, `faction_index`, `creature_or_gob`, `x`, `y`, `z`, `o`) values('-61','0','81398','2.46705','-36.6031','-30.6423','1.18066');
		insert into `garrison_plot_content` (`plot_type_or_building`, `faction_index`, `creature_or_gob`, `x`, `y`, `z`, `o`) values('-61','0','81398','-1.88602','-29.2526','-30.6014','1.18066');
		insert into `garrison_plot_content` (`plot_type_or_building`, `faction_index`, `creature_or_gob`, `x`, `y`, `z`, `o`) values('-61','0','81398','44.3235','-43.513','-28.5026','4.61736');
		insert into `garrison_plot_content` (`plot_type_or_building`, `faction_index`, `creature_or_gob`, `x`, `y`, `z`, `o`) values('-61','0','81398','47.583','-52.2979','31.5817','5.6653');
		insert into `garrison_plot_content` (`plot_type_or_building`, `faction_index`, `creature_or_gob`, `x`, `y`, `z`, `o`) values('-61','0','81398','50.6289','-49.2966','-27.9263','4.61736');
		insert into `garrison_plot_content` (`plot_type_or_building`, `faction_index`, `creature_or_gob`, `x`, `y`, `z`, `o`) values('-61','0','81398','44.6607','-49.5836','-28.1074','4.61736');
		insert into `garrison_plot_content` (`plot_type_or_building`, `faction_index`, `creature_or_gob`, `x`, `y`, `z`, `o`) values('-61','0','81398','44.5593','-84.949','-21.5312','5.6653');
		insert into `garrison_plot_content` (`plot_type_or_building`, `faction_index`, `creature_or_gob`, `x`, `y`, `z`, `o`) values('-61','0','81398','41.8397','-90.2661','-19.781','5.6653');
		insert into `garrison_plot_content` (`plot_type_or_building`, `faction_index`, `creature_or_gob`, `x`, `y`, `z`, `o`) values('-61','0','81398','19.7977','-109.887','-3.7043','5.6653');
		insert into `garrison_plot_content` (`plot_type_or_building`, `faction_index`, `creature_or_gob`, `x`, `y`, `z`, `o`) values('-61','0','81398','8.07403','-109.751','-0.293304','5.6653');
		insert into `garrison_plot_content` (`plot_type_or_building`, `faction_index`, `creature_or_gob`, `x`, `y`, `z`, `o`) values('-61','0','81398','-10.6161','-85.3503','16.4937','5.6653');
		insert into `garrison_plot_content` (`plot_type_or_building`, `faction_index`, `creature_or_gob`, `x`, `y`, `z`, `o`) values('-61','0','81398','-3.00287','-75.4234','21.7777','5.6653');
		insert into `garrison_plot_content` (`plot_type_or_building`, `faction_index`, `creature_or_gob`, `x`, `y`, `z`, `o`) values('-61','0','81398','29.4858','-64.5315','30.9737','5.6653');
		insert into `garrison_plot_content` (`plot_type_or_building`, `faction_index`, `creature_or_gob`, `x`, `y`, `z`, `o`) values('-61','0','81398','47.5833','-52.2983','31.0817','5.6653');
		insert into `garrison_plot_content` (`plot_type_or_building`, `faction_index`, `creature_or_gob`, `x`, `y`, `z`, `o`) values('-61','0','81398','47.825','-76.8389','30.2097','5.6653');
		insert into `garrison_plot_content` (`plot_type_or_building`, `faction_index`, `creature_or_gob`, `x`, `y`, `z`, `o`) values('-61','0','81398','54.7711','-55.82','30.3907','5.82629');*/

		-- Frostwall Goren (summoned from script)
		/*insert into `garrison_plot_content` (`plot_type_or_building`, `faction_index`, `creature_or_gob`, `x`, `y`, `z`, `o`) values('-61','0','81362','47.8288','-44.6977','-28.0493','1.6895');
		insert into `garrison_plot_content` (`plot_type_or_building`, `faction_index`, `creature_or_gob`, `x`, `y`, `z`, `o`) values('-61','0','81362','39.2111','-84.5936','-21.2953','1.45399');
		insert into `garrison_plot_content` (`plot_type_or_building`, `faction_index`, `creature_or_gob`, `x`, `y`, `z`, `o`) values('-61','0','81362','21.8813','-108.017','-3.53931','3.08481');
		insert into `garrison_plot_content` (`plot_type_or_building`, `faction_index`, `creature_or_gob`, `x`, `y`, `z`, `o`) values('-61','0','81362','15.5437','-105.079','-2.9113','0.782555');
		insert into `garrison_plot_content` (`plot_type_or_building`, `faction_index`, `creature_or_gob`, `x`, `y`, `z`, `o`) values('-61','0','81362','4.30848','-107.155','1.9527','3.07154');
		insert into `garrison_plot_content` (`plot_type_or_building`, `faction_index`, `creature_or_gob`, `x`, `y`, `z`, `o`) values('-61','0','81362','-10.9092','-77.7452','19.3737','3.56891');
		insert into `garrison_plot_content` (`plot_type_or_building`, `faction_index`, `creature_or_gob`, `x`, `y`, `z`, `o`) values('-61','0','81362','-1.94397','-78.6121','21.8927','0.325595');
		insert into `garrison_plot_content` (`plot_type_or_building`, `faction_index`, `creature_or_gob`, `x`, `y`, `z`, `o`) values('-61','0','81362','28.0191','-62.4507','31.3217','2.55127');
		insert into `garrison_plot_content` (`plot_type_or_building`, `faction_index`, `creature_or_gob`, `x`, `y`, `z`, `o`) values('-61','0','81362','29.77','-63.3582','31.1827','5.89228');
		insert into `garrison_plot_content` (`plot_type_or_building`, `faction_index`, `creature_or_gob`, `x`, `y`, `z`, `o`) values('-61','0','81362','29.77','-63.3582','31.1827','5.89228');
		insert into `garrison_plot_content` (`plot_type_or_building`, `faction_index`, `creature_or_gob`, `x`, `y`, `z`, `o`) values('-61','0','81362','38.6124','-70.0625','30.3677','2.80451');
		insert into `garrison_plot_content` (`plot_type_or_building`, `faction_index`, `creature_or_gob`, `x`, `y`, `z`, `o`) values('-61','0','81362','44.0328','-68.1909','30.2497','6.094');
		insert into `garrison_plot_content` (`plot_type_or_building`, `faction_index`, `creature_or_gob`, `x`, `y`, `z`, `o`) values('-61','0','81362','49.039','-70.8915','29.6147','5.11862');
		insert into `garrison_plot_content` (`plot_type_or_building`, `faction_index`, `creature_or_gob`, `x`, `y`, `z`, `o`) values('-61','0','81362','40.5404','-85.6739','31.6447','6.17879');
		insert into `garrison_plot_content` (`plot_type_or_building`, `faction_index`, `creature_or_gob`, `x`, `y`, `z`, `o`) values('-61','0','81362','28.7424','-79.5823','30.6327','4.26206');
		insert into `garrison_plot_content` (`plot_type_or_building`, `faction_index`, `creature_or_gob`, `x`, `y`, `z`, `o`) values('-61','0','81362','38.2381','-45.2519','32.0107','6.094');
		insert into `garrison_plot_content` (`plot_type_or_building`, `faction_index`, `creature_or_gob`, `x`, `y`, `z`, `o`) values('-61','0','81362','55.9101','-57.1221','30.1917','6.094');
		insert into `garrison_plot_content` (`plot_type_or_building`, `faction_index`, `creature_or_gob`, `x`, `y`, `z`, `o`) values('-61','0','81362','-0.85783','-33.2827','-30.7625','3.46918');
		insert into `garrison_plot_content` (`plot_type_or_building`, `faction_index`, `creature_or_gob`, `x`, `y`, `z`, `o`) values('-61','0','81362','32.1305','-44.8074','-28.9848','5.84822');*/

	-- Gorsol

	INSERT INTO creature_template (`entry`, `name`, `subname`, `IconName`, `RacialLeader`, `family`, `type`, `modelid1`, `modelid2`, `modelid3`, `modelid4`, `questItem1`, `questItem2`, `questItem3`, `questItem4`, `questItem5`, `questItem6`, `unit_flags`, `unit_flags2`, `Health_mod`, `Mana_mod`, `Armor_mod`, `rank`, `KillCredit1`, `KillCredit2`, `movementId`, `scale`, `minlevel`, `maxlevel`, `faction`, `baseattacktime`, `rangeattacktime`, `unit_class`, `resistance1`, `resistance2`, `resistance3`, `resistance4`, `resistance5`, `resistance6`, `speed_walk`, `speed_run`, `spell1`, `spell2`, `spell3`, `spell4`, `spell5`, `spell6`, `spell7`, `spell8`, `BuildVerified`) VALUES(81688, "Gorsol", "Mine Foreman", "workorders", 0, 0, 7, 23037, 23038, 23039, 0, 0, 0, 0, 0, 0, 0, 262144, 0, 0.8, 1, 1, 0, 0, 0, 0, 1, 90, 90, 2361, 2000, 2000, 1, 0, 0, 0, 0, 0, 0, 1, 1.142857, 0, 0, 0, 0, 0, 0, 0, 0, 0) ON DUPLICATE KEY UPDATE `entry` = VALUES(`entry`), `name` = VALUES(`name`), `subname` = VALUES(`subname`), `IconName` = VALUES(`IconName`), `RacialLeader` = VALUES(`RacialLeader`), `family` = VALUES(`family`), `type` = VALUES(`type`), `modelid1` = VALUES(`modelid1`), `modelid2` = VALUES(`modelid2`), `modelid3` = VALUES(`modelid3`), `modelid4` = VALUES(`modelid4`), `questItem1` = VALUES(`questItem1`), `questItem2` = VALUES(`questItem2`), `questItem3` = VALUES(`questItem3`), `questItem4` = VALUES(`questItem4`), `questItem5` = VALUES(`questItem5`), `questItem6` = VALUES(`questItem6`), `unit_flags` = VALUES(`unit_flags`), `unit_flags2` = VALUES(`unit_flags2`), `Health_mod` = VALUES(`Health_mod`), `Mana_mod` = VALUES(`Mana_mod`), `Armor_mod` = VALUES(`Armor_mod`), `rank` = VALUES(`rank`), `KillCredit1` = VALUES(`KillCredit1`), `KillCredit2` = VALUES(`KillCredit2`), `movementId` = VALUES(`movementId`), `scale` = VALUES(`scale`), `minlevel` = VALUES(`minlevel`), `maxlevel` = VALUES(`maxlevel`), `faction` = VALUES(`faction`), `baseattacktime` = VALUES(`baseattacktime`), `rangeattacktime` = VALUES(`rangeattacktime`), `unit_class` = VALUES(`unit_class`), `resistance1` = VALUES(`resistance1`), `resistance2` = VALUES(`resistance2`), `resistance3` = VALUES(`resistance3`), `resistance4` = VALUES(`resistance4`), `resistance5` = VALUES(`resistance5`), `resistance6` = VALUES(`resistance6`), `speed_walk` = VALUES(`speed_walk`), `speed_run` = VALUES(`speed_run`), `spell1` = VALUES(`spell1`), `spell2` = VALUES(`spell2`), `spell3` = VALUES(`spell3`), `spell4` = VALUES(`spell4`), `spell5` = VALUES(`spell5`), `spell6` = VALUES(`spell6`), `spell7` = VALUES(`spell7`), `spell8` = VALUES(`spell8`), `BuildVerified` = VALUES(`BuildVerified`);
	INSERT INTO creature_equip_template (`entry`, `id`, `itemEntry1`, `itemEntry2`, `itemEntry3`) VALUES(81688, 1, 2901, 0, 0) ON DUPLICATE KEY UPDATE `entry` = VALUES(`entry`), `id` = VALUES(`id`), `itemEntry1` = VALUES(`itemEntry1`), `itemEntry2` = VALUES(`itemEntry2`), `itemEntry3` = VALUES(`itemEntry3`);
	UPDATE creature_template SET ScriptName="npc_Gorsol_Garr", npcFlag=3, npcFlag2=32 WHERE entry = 81688;
	insert into `garrison_plot_content` (`plot_type_or_building`, `faction_index`, `creature_or_gob`, `x`, `y`, `z`, `o`) values('-61','0','81688','33.0959','-61.6844','30.7937','5.2669');

	-- Blixthraz Blastcharge (random useless)
	insert into `garrison_plot_content` (`plot_type_or_building`, `faction_index`, `creature_or_gob`, `x`, `y`, `z`, `o`) values('-61','0','85882','29.5876','-62.1713','30.9687','5.4367');

	-- Frostwall Grunt (quest helpers)
	insert into `garrison_plot_content` (`plot_type_or_building`, `faction_index`, `creature_or_gob`, `x`, `y`, `z`, `o`) values('-61','0','81368','41.093','-45.3698','31.8187','3.25023');
	insert into `garrison_plot_content` (`plot_type_or_building`, `faction_index`, `creature_or_gob`, `x`, `y`, `z`, `o`) values('-61','0','81368','58.1546','-57.486','29.6837','3.12951');
	insert into `garrison_plot_content` (`plot_type_or_building`, `faction_index`, `creature_or_gob`, `x`, `y`, `z`, `o`) values('-61','0','81368','51.6429','-72.7935','29.5277','2.87528');
	insert into `garrison_plot_content` (`plot_type_or_building`, `faction_index`, `creature_or_gob`, `x`, `y`, `z`, `o`) values('-61','0','81368','44.1935','-86.0602','31.6277','2.87528');
	insert into `garrison_plot_content` (`plot_type_or_building`, `faction_index`, `creature_or_gob`, `x`, `y`, `z`, `o`) values('-61','0','81368','35.6938','-67.9715','30.6827','2.87528');

	-- Chairs
	insert into `garrison_plot_content` (`plot_type_or_building`, `faction_index`, `creature_or_gob`, `x`, `y`, `z`, `o`) values('-61','0','-232449','37.7468','-61.3881','30.1227','5.72468');
	insert into `garrison_plot_content` (`plot_type_or_building`, `faction_index`, `creature_or_gob`, `x`, `y`, `z`, `o`) values('-61','0','-232450','35.8201','-61.8514','30.1967','4.12771');

	-- Thermal Anvil
	insert into `garrison_plot_content` (`plot_type_or_building`, `faction_index`, `creature_or_gob`, `x`, `y`, `z`, `o`) values('-61','0','-233443','30.1852','-61.202','30.4427','0.916295');

	-- Mine Shipment
	DELETE FROM gameobject WHERE id = 239237;
	insert into `garrison_plot_content` (`plot_type_or_building`, `faction_index`, `creature_or_gob`, `x`, `y`, `z`, `o`) values('-61','0','-239237','38.5198','-61.2837','30.0886','4.71848');

	-- Miners
	DELETE FROM creature_template_addon WHERE entry = 79837;
	insert into `creature_template_addon` (`entry`, `path_id`, `mount`, `bytes1`, `bytes2`, `emote`, `auras`, `animkit`) values('79837','0','0','0','2','233','','0');

-- LEVEL 2

-- LEVEL 3-- LEVEL 1

	-- Quests for cosmetic Rewards (20)

	REPLACE INTO `creature_queststarter` (`id`, `quest`) VALUES
	('87991','37152'),
	('87992','37153'),
	('87994','37157'),
	('87995','37155'),
	('87996','37156'),
	('87997','37154'),
	('87998','37158'),
	('87999','37159'),
	('88000','37161'),
	('88001','37162'),
	('88002','37163'),
	('88003','37164'),
	('88004','37165'),
	('88005','37166'),
	('88006','37167'),
	('88007','37160'),
	('88024','37148'),
	('88025','37150'),
	('88026','37151'),
	('88027','37149');

	REPLACE INTO `creature_questender` (`id`, `quest`) VALUES
	('87991','37152'),
	('87992','37153'),
	('87994','37157'),
	('87995','37155'),
	('87996','37156'),
	('87997','37154'),
	('87998','37158'),
	('87999','37159'),
	('88000','37161'),
	('88001','37162'),
	('88002','37163'),
	('88003','37164'),
	('88004','37165'),
	('88005','37166'),
	('88006','37167'),
	('88007','37160'),
	('88024','37148'),
	('88025','37150'),
	('88026','37151'),
	('88027','37149');

	-- Daily quests for Heroic Dungeons (15)

	REPLACE INTO `creature_queststarter` (`id`, `quest`) VALUES
	('87991','37228'),
	('87999','37235'),
	('87992','37229'),
	('88001','37237'),
	('88000','37236'),
	('87998','37234'),
	('88003','37239'),
	('88006','37242'),
	('88005','37241'),
	('88002','37238'),
	('87996','37232'),
	('87997','37233'),
	('88004','37240'),
	('87995','37231'),
	('88007','37243');

	REPLACE INTO `creature_questender` (`id`, `quest`) VALUES
	('87991','37228'),
	('87999','37235'),
	('87992','37229'),
	('88001','37237'),
	('88000','37236'),
	('87998','37234'),
	('88003','37239'),
	('88006','37242'),
	('88005','37241'),
	('88002','37238'),
	('87996','37232'),
	('87997','37233'),
	('88004','37240'),
	('87995','37231'),
	('88007','37243');

	-- Daily quests for Dungeons (8)

	REPLACE INTO `creature_queststarter` (`id`, `quest`) VALUES
	('88013','37142'),
	('88023','37147'),
	('88024','37244'),
	('88017','37145'),
	('88026','37209'),
	('88022','37146'),
	('88025','37227'),
	('88027','37245');

	REPLACE INTO `creature_questender` (`id`, `quest`) VALUES
	('88013','37142'),
	('88023','37147'),
	('88024','37244'),
	('88017','37145'),
	('88026','37209'),
	('88022','37146'),
	('88025','37227'),
	('88027','37245');


	INSERT INTO creature_template (`entry`, `name`, `subname`, `IconName`, `RacialLeader`, `family`, `type`, `modelid1`, `modelid2`, `modelid3`, `modelid4`, `questItem1`, `questItem2`, `questItem3`, `questItem4`, `questItem5`, `questItem6`, `unit_flags`, `unit_flags2`, `Health_mod`, `Mana_mod`, `Armor_mod`, `rank`, `KillCredit1`, `KillCredit2`, `movementId`, `scale`, `minlevel`, `maxlevel`, `faction`, `baseattacktime`, `rangeattacktime`, `unit_class`, `resistance1`, `resistance2`, `resistance3`, `resistance4`, `resistance5`, `resistance6`, `speed_walk`, `speed_run`, `spell1`, `spell2`, `spell3`, `spell4`, `spell5`, `spell6`, `spell7`, `spell8`, `BuildVerified`) VALUES(79828, "Murg", "Cook", "", 0, 0, 7, 56578, 0, 0, 0, 0, 0, 0, 0, 0, 0, 4096, 0, 1, 1, 1, 0, 0, 0, 0, 1, 90, 90, 1734, 2000, 2000, 1, 0, 0, 0, 0, 0, 0, 1, 1.142857, 0, 0, 0, 0, 0, 0, 0, 0, 0) ON DUPLICATE KEY UPDATE `entry` = VALUES(`entry`), `name` = VALUES(`name`), `subname` = VALUES(`subname`), `IconName` = VALUES(`IconName`), `RacialLeader` = VALUES(`RacialLeader`), `family` = VALUES(`family`), `type` = VALUES(`type`), `modelid1` = VALUES(`modelid1`), `modelid2` = VALUES(`modelid2`), `modelid3` = VALUES(`modelid3`), `modelid4` = VALUES(`modelid4`), `questItem1` = VALUES(`questItem1`), `questItem2` = VALUES(`questItem2`), `questItem3` = VALUES(`questItem3`), `questItem4` = VALUES(`questItem4`), `questItem5` = VALUES(`questItem5`), `questItem6` = VALUES(`questItem6`), `unit_flags` = VALUES(`unit_flags`), `unit_flags2` = VALUES(`unit_flags2`), `Health_mod` = VALUES(`Health_mod`), `Mana_mod` = VALUES(`Mana_mod`), `Armor_mod` = VALUES(`Armor_mod`), `rank` = VALUES(`rank`), `KillCredit1` = VALUES(`KillCredit1`), `KillCredit2` = VALUES(`KillCredit2`), `movementId` = VALUES(`movementId`), `scale` = VALUES(`scale`), `minlevel` = VALUES(`minlevel`), `maxlevel` = VALUES(`maxlevel`), `faction` = VALUES(`faction`), `baseattacktime` = VALUES(`baseattacktime`), `rangeattacktime` = VALUES(`rangeattacktime`), `unit_class` = VALUES(`unit_class`), `resistance1` = VALUES(`resistance1`), `resistance2` = VALUES(`resistance2`), `resistance3` = VALUES(`resistance3`), `resistance4` = VALUES(`resistance4`), `resistance5` = VALUES(`resistance5`), `resistance6` = VALUES(`resistance6`), `speed_walk` = VALUES(`speed_walk`), `speed_run` = VALUES(`speed_run`), `spell1` = VALUES(`spell1`), `spell2` = VALUES(`spell2`), `spell3` = VALUES(`spell3`), `spell4` = VALUES(`spell4`), `spell5` = VALUES(`spell5`), `spell6` = VALUES(`spell6`), `spell7` = VALUES(`spell7`), `spell8` = VALUES(`spell8`), `BuildVerified` = VALUES(`BuildVerified`);
	INSERT INTO creature_template (`entry`, `name`, `subname`, `IconName`, `RacialLeader`, `family`, `type`, `modelid1`, `modelid2`, `modelid3`, `modelid4`, `questItem1`, `questItem2`, `questItem3`, `questItem4`, `questItem5`, `questItem6`, `unit_flags`, `unit_flags2`, `Health_mod`, `Mana_mod`, `Armor_mod`, `rank`, `KillCredit1`, `KillCredit2`, `movementId`, `scale`, `minlevel`, `maxlevel`, `faction`, `baseattacktime`, `rangeattacktime`, `unit_class`, `resistance1`, `resistance2`, `resistance3`, `resistance4`, `resistance5`, `resistance6`, `speed_walk`, `speed_run`, `spell1`, `spell2`, `spell3`, `spell4`, `spell5`, `spell6`, `spell7`, `spell8`, `BuildVerified`) VALUES(87300, "Vora Strongarm", "Bartender", "", 0, 0, 7, 27957, 0, 0, 0, 0, 0, 0, 0, 0, 0, 4096, 0, 1, 1, 1, 0, 0, 0, 0, 1, 90, 90, 1734, 2000, 2000, 1, 0, 0, 0, 0, 0, 0, 1, 1.142857, 0, 0, 0, 0, 0, 0, 0, 0, 0) ON DUPLICATE KEY UPDATE `entry` = VALUES(`entry`), `name` = VALUES(`name`), `subname` = VALUES(`subname`), `IconName` = VALUES(`IconName`), `RacialLeader` = VALUES(`RacialLeader`), `family` = VALUES(`family`), `type` = VALUES(`type`), `modelid1` = VALUES(`modelid1`), `modelid2` = VALUES(`modelid2`), `modelid3` = VALUES(`modelid3`), `modelid4` = VALUES(`modelid4`), `questItem1` = VALUES(`questItem1`), `questItem2` = VALUES(`questItem2`), `questItem3` = VALUES(`questItem3`), `questItem4` = VALUES(`questItem4`), `questItem5` = VALUES(`questItem5`), `questItem6` = VALUES(`questItem6`), `unit_flags` = VALUES(`unit_flags`), `unit_flags2` = VALUES(`unit_flags2`), `Health_mod` = VALUES(`Health_mod`), `Mana_mod` = VALUES(`Mana_mod`), `Armor_mod` = VALUES(`Armor_mod`), `rank` = VALUES(`rank`), `KillCredit1` = VALUES(`KillCredit1`), `KillCredit2` = VALUES(`KillCredit2`), `movementId` = VALUES(`movementId`), `scale` = VALUES(`scale`), `minlevel` = VALUES(`minlevel`), `maxlevel` = VALUES(`maxlevel`), `faction` = VALUES(`faction`), `baseattacktime` = VALUES(`baseattacktime`), `rangeattacktime` = VALUES(`rangeattacktime`), `unit_class` = VALUES(`unit_class`), `resistance1` = VALUES(`resistance1`), `resistance2` = VALUES(`resistance2`), `resistance3` = VALUES(`resistance3`), `resistance4` = VALUES(`resistance4`), `resistance5` = VALUES(`resistance5`), `resistance6` = VALUES(`resistance6`), `speed_walk` = VALUES(`speed_walk`), `speed_run` = VALUES(`speed_run`), `spell1` = VALUES(`spell1`), `spell2` = VALUES(`spell2`), `spell3` = VALUES(`spell3`), `spell4` = VALUES(`spell4`), `spell5` = VALUES(`spell5`), `spell6` = VALUES(`spell6`), `spell7` = VALUES(`spell7`), `spell8` = VALUES(`spell8`), `BuildVerified` = VALUES(`BuildVerified`);
	INSERT INTO creature_template (`entry`, `name`, `subname`, `IconName`, `RacialLeader`, `family`, `type`, `modelid1`, `modelid2`, `modelid3`, `modelid4`, `questItem1`, `questItem2`, `questItem3`, `questItem4`, `questItem5`, `questItem6`, `unit_flags`, `unit_flags2`, `Health_mod`, `Mana_mod`, `Armor_mod`, `rank`, `KillCredit1`, `KillCredit2`, `movementId`, `scale`, `minlevel`, `maxlevel`, `faction`, `baseattacktime`, `rangeattacktime`, `unit_class`, `resistance1`, `resistance2`, `resistance3`, `resistance4`, `resistance5`, `resistance6`, `speed_walk`, `speed_run`, `spell1`, `spell2`, `spell3`, `spell4`, `spell5`, `spell6`, `spell7`, `spell8`, `BuildVerified`) VALUES(87305, "Akanja", "Headhunter", "", 0, 0, 7, 17419, 0, 0, 0, 0, 0, 0, 0, 0, 0, 0, 0, 1, 1, 1, 0, 0, 0, 0, 1, 90, 90, 35, 2000, 2000, 1, 0, 0, 0, 0, 0, 0, 1, 1.142857, 0, 0, 0, 0, 0, 0, 0, 0, 0) ON DUPLICATE KEY UPDATE `entry` = VALUES(`entry`), `name` = VALUES(`name`), `subname` = VALUES(`subname`), `IconName` = VALUES(`IconName`), `RacialLeader` = VALUES(`RacialLeader`), `family` = VALUES(`family`), `type` = VALUES(`type`), `modelid1` = VALUES(`modelid1`), `modelid2` = VALUES(`modelid2`), `modelid3` = VALUES(`modelid3`), `modelid4` = VALUES(`modelid4`), `questItem1` = VALUES(`questItem1`), `questItem2` = VALUES(`questItem2`), `questItem3` = VALUES(`questItem3`), `questItem4` = VALUES(`questItem4`), `questItem5` = VALUES(`questItem5`), `questItem6` = VALUES(`questItem6`), `unit_flags` = VALUES(`unit_flags`), `unit_flags2` = VALUES(`unit_flags2`), `Health_mod` = VALUES(`Health_mod`), `Mana_mod` = VALUES(`Mana_mod`), `Armor_mod` = VALUES(`Armor_mod`), `rank` = VALUES(`rank`), `KillCredit1` = VALUES(`KillCredit1`), `KillCredit2` = VALUES(`KillCredit2`), `movementId` = VALUES(`movementId`), `scale` = VALUES(`scale`), `minlevel` = VALUES(`minlevel`), `maxlevel` = VALUES(`maxlevel`), `faction` = VALUES(`faction`), `baseattacktime` = VALUES(`baseattacktime`), `rangeattacktime` = VALUES(`rangeattacktime`), `unit_class` = VALUES(`unit_class`), `resistance1` = VALUES(`resistance1`), `resistance2` = VALUES(`resistance2`), `resistance3` = VALUES(`resistance3`), `resistance4` = VALUES(`resistance4`), `resistance5` = VALUES(`resistance5`), `resistance6` = VALUES(`resistance6`), `speed_walk` = VALUES(`speed_walk`), `speed_run` = VALUES(`speed_run`), `spell1` = VALUES(`spell1`), `spell2` = VALUES(`spell2`), `spell3` = VALUES(`spell3`), `spell4` = VALUES(`spell4`), `spell5` = VALUES(`spell5`), `spell6` = VALUES(`spell6`), `spell7` = VALUES(`spell7`), `spell8` = VALUES(`spell8`), `BuildVerified` = VALUES(`BuildVerified`);
	INSERT INTO creature_template (`entry`, `name`, `subname`, `IconName`, `RacialLeader`, `family`, `type`, `modelid1`, `modelid2`, `modelid3`, `modelid4`, `questItem1`, `questItem2`, `questItem3`, `questItem4`, `questItem5`, `questItem6`, `unit_flags`, `unit_flags2`, `Health_mod`, `Mana_mod`, `Armor_mod`, `rank`, `KillCredit1`, `KillCredit2`, `movementId`, `scale`, `minlevel`, `maxlevel`, `faction`, `baseattacktime`, `rangeattacktime`, `unit_class`, `resistance1`, `resistance2`, `resistance3`, `resistance4`, `resistance5`, `resistance6`, `speed_walk`, `speed_run`, `spell1`, `spell2`, `spell3`, `spell4`, `spell5`, `spell6`, `spell7`, `spell8`, `BuildVerified`) VALUES(88013, "Lunk", "", "", 0, 0, 7, 6692, 0, 0, 0, 0, 0, 0, 0, 0, 0, 0, 0, 1, 1, 1, 0, 0, 0, 0, 1, 47, 47, 2110, 2000, 2000, 1, 0, 0, 0, 0, 0, 0, 1, 1.142857, 0, 0, 0, 0, 0, 0, 0, 0, 0) ON DUPLICATE KEY UPDATE `entry` = VALUES(`entry`), `name` = VALUES(`name`), `subname` = VALUES(`subname`), `IconName` = VALUES(`IconName`), `RacialLeader` = VALUES(`RacialLeader`), `family` = VALUES(`family`), `type` = VALUES(`type`), `modelid1` = VALUES(`modelid1`), `modelid2` = VALUES(`modelid2`), `modelid3` = VALUES(`modelid3`), `modelid4` = VALUES(`modelid4`), `questItem1` = VALUES(`questItem1`), `questItem2` = VALUES(`questItem2`), `questItem3` = VALUES(`questItem3`), `questItem4` = VALUES(`questItem4`), `questItem5` = VALUES(`questItem5`), `questItem6` = VALUES(`questItem6`), `unit_flags` = VALUES(`unit_flags`), `unit_flags2` = VALUES(`unit_flags2`), `Health_mod` = VALUES(`Health_mod`), `Mana_mod` = VALUES(`Mana_mod`), `Armor_mod` = VALUES(`Armor_mod`), `rank` = VALUES(`rank`), `KillCredit1` = VALUES(`KillCredit1`), `KillCredit2` = VALUES(`KillCredit2`), `movementId` = VALUES(`movementId`), `scale` = VALUES(`scale`), `minlevel` = VALUES(`minlevel`), `maxlevel` = VALUES(`maxlevel`), `faction` = VALUES(`faction`), `baseattacktime` = VALUES(`baseattacktime`), `rangeattacktime` = VALUES(`rangeattacktime`), `unit_class` = VALUES(`unit_class`), `resistance1` = VALUES(`resistance1`), `resistance2` = VALUES(`resistance2`), `resistance3` = VALUES(`resistance3`), `resistance4` = VALUES(`resistance4`), `resistance5` = VALUES(`resistance5`), `resistance6` = VALUES(`resistance6`), `speed_walk` = VALUES(`speed_walk`), `speed_run` = VALUES(`speed_run`), `spell1` = VALUES(`spell1`), `spell2` = VALUES(`spell2`), `spell3` = VALUES(`spell3`), `spell4` = VALUES(`spell4`), `spell5` = VALUES(`spell5`), `spell6` = VALUES(`spell6`), `spell7` = VALUES(`spell7`), `spell8` = VALUES(`spell8`), `BuildVerified` = VALUES(`BuildVerified`);
	INSERT INTO creature_equip_template (`entry`, `id`, `itemEntry1`, `itemEntry2`, `itemEntry3`) VALUES(88013, 1, 2202, 0, 0) ON DUPLICATE KEY UPDATE `entry` = VALUES(`entry`), `id` = VALUES(`id`), `itemEntry1` = VALUES(`itemEntry1`), `itemEntry2` = VALUES(`itemEntry2`), `itemEntry3` = VALUES(`itemEntry3`);

	DELETE FROM garrison_plot_content WHERE plot_type_or_building = -34 AND faction_index = 0;
	INSERT INTO `garrison_plot_content` (`plot_type_or_building`, `faction_index`, `creature_or_gob`, `x`, `y`, `z`, `o`) VALUES('-34','0','79828','2.81785','-0.262591','1.29671','6.24151');
	INSERT INTO `garrison_plot_content` (`plot_type_or_building`, `faction_index`, `creature_or_gob`, `x`, `y`, `z`, `o`) VALUES('-34','0','87305','11.3304','2.73706','1.26816','2.00821');
	INSERT INTO `garrison_plot_content` (`plot_type_or_building`, `faction_index`, `creature_or_gob`, `x`, `y`, `z`, `o`) VALUES('-34','0','87300','-1.03095','-0.3539','1.27022','0.174304');

	UPDATE creature_template SET scriptname = "npc_Murg_Garr" WHERE entry = 79828;

-- LEVEL 2

-- LEVEL 3-- LEVEL 1

	INSERT INTO creature_template (`entry`, `name`, `subname`, `IconName`, `RacialLeader`, `family`, `type`, `modelid1`, `modelid2`, `modelid3`, `modelid4`, `questItem1`, `questItem2`, `questItem3`, `questItem4`, `questItem5`, `questItem6`, `unit_flags`, `unit_flags2`, `Health_mod`, `Mana_mod`, `Armor_mod`, `rank`, `KillCredit1`, `KillCredit2`, `movementId`, `scale`, `minlevel`, `maxlevel`, `faction`, `baseattacktime`, `rangeattacktime`, `unit_class`, `resistance1`, `resistance2`, `resistance3`, `resistance4`, `resistance5`, `resistance6`, `speed_walk`, `speed_run`, `spell1`, `spell2`, `spell3`, `spell4`, `spell5`, `spell6`, `spell7`, `spell8`, `BuildVerified`) VALUES(79830, "Elrondir Surrion", "Work Orders", "workorders", 0, 0, 7, 56582, 0, 0, 0, 0, 0, 0, 0, 0, 0, 4096, 0, 1, 1, 1, 0, 0, 0, 0, 1, 90, 90, 1734, 2000, 2000, 1, 0, 0, 0, 0, 0, 0, 1, 1.142857, 0, 0, 0, 0, 0, 0, 0, 0, 19865) ON DUPLICATE KEY UPDATE `entry` = VALUES(`entry`), `name` = VALUES(`name`), `subname` = VALUES(`subname`), `IconName` = VALUES(`IconName`), `RacialLeader` = VALUES(`RacialLeader`), `family` = VALUES(`family`), `type` = VALUES(`type`), `modelid1` = VALUES(`modelid1`), `modelid2` = VALUES(`modelid2`), `modelid3` = VALUES(`modelid3`), `modelid4` = VALUES(`modelid4`), `questItem1` = VALUES(`questItem1`), `questItem2` = VALUES(`questItem2`), `questItem3` = VALUES(`questItem3`), `questItem4` = VALUES(`questItem4`), `questItem5` = VALUES(`questItem5`), `questItem6` = VALUES(`questItem6`), `unit_flags` = VALUES(`unit_flags`), `unit_flags2` = VALUES(`unit_flags2`), `Health_mod` = VALUES(`Health_mod`), `Mana_mod` = VALUES(`Mana_mod`), `Armor_mod` = VALUES(`Armor_mod`), `rank` = VALUES(`rank`), `KillCredit1` = VALUES(`KillCredit1`), `KillCredit2` = VALUES(`KillCredit2`), `movementId` = VALUES(`movementId`), `scale` = VALUES(`scale`), `minlevel` = VALUES(`minlevel`), `maxlevel` = VALUES(`maxlevel`), `faction` = VALUES(`faction`), `baseattacktime` = VALUES(`baseattacktime`), `rangeattacktime` = VALUES(`rangeattacktime`), `unit_class` = VALUES(`unit_class`), `resistance1` = VALUES(`resistance1`), `resistance2` = VALUES(`resistance2`), `resistance3` = VALUES(`resistance3`), `resistance4` = VALUES(`resistance4`), `resistance5` = VALUES(`resistance5`), `resistance6` = VALUES(`resistance6`), `speed_walk` = VALUES(`speed_walk`), `speed_run` = VALUES(`speed_run`), `spell1` = VALUES(`spell1`), `spell2` = VALUES(`spell2`), `spell3` = VALUES(`spell3`), `spell4` = VALUES(`spell4`), `spell5` = VALUES(`spell5`), `spell6` = VALUES(`spell6`), `spell7` = VALUES(`spell7`), `spell8` = VALUES(`spell8`), `BuildVerified` = VALUES(`BuildVerified`);
	INSERT INTO creature_template (`entry`, `name`, `subname`, `IconName`, `RacialLeader`, `family`, `type`, `modelid1`, `modelid2`, `modelid3`, `modelid4`, `questItem1`, `questItem2`, `questItem3`, `questItem4`, `questItem5`, `questItem6`, `unit_flags`, `unit_flags2`, `Health_mod`, `Mana_mod`, `Armor_mod`, `rank`, `KillCredit1`, `KillCredit2`, `movementId`, `scale`, `minlevel`, `maxlevel`, `faction`, `baseattacktime`, `rangeattacktime`, `unit_class`, `resistance1`, `resistance2`, `resistance3`, `resistance4`, `resistance5`, `resistance6`, `speed_walk`, `speed_run`, `spell1`, `spell2`, `spell3`, `spell4`, `spell5`, `spell6`, `spell7`, `spell8`, `BuildVerified`) VALUES(79832, "Dorogarr", "Jewelcrafter", "trainer", 0, 0, 7, 56660, 0, 0, 0, 0, 0, 0, 0, 0, 0, 4096, 0, 1, 1, 1, 0, 0, 0, 0, 1, 90, 90, 1734, 2000, 2000, 1, 0, 0, 0, 0, 0, 0, 1, 1.142857, 0, 0, 0, 0, 0, 0, 0, 0, 19865) ON DUPLICATE KEY UPDATE `entry` = VALUES(`entry`), `name` = VALUES(`name`), `subname` = VALUES(`subname`), `IconName` = VALUES(`IconName`), `RacialLeader` = VALUES(`RacialLeader`), `family` = VALUES(`family`), `type` = VALUES(`type`), `modelid1` = VALUES(`modelid1`), `modelid2` = VALUES(`modelid2`), `modelid3` = VALUES(`modelid3`), `modelid4` = VALUES(`modelid4`), `questItem1` = VALUES(`questItem1`), `questItem2` = VALUES(`questItem2`), `questItem3` = VALUES(`questItem3`), `questItem4` = VALUES(`questItem4`), `questItem5` = VALUES(`questItem5`), `questItem6` = VALUES(`questItem6`), `unit_flags` = VALUES(`unit_flags`), `unit_flags2` = VALUES(`unit_flags2`), `Health_mod` = VALUES(`Health_mod`), `Mana_mod` = VALUES(`Mana_mod`), `Armor_mod` = VALUES(`Armor_mod`), `rank` = VALUES(`rank`), `KillCredit1` = VALUES(`KillCredit1`), `KillCredit2` = VALUES(`KillCredit2`), `movementId` = VALUES(`movementId`), `scale` = VALUES(`scale`), `minlevel` = VALUES(`minlevel`), `maxlevel` = VALUES(`maxlevel`), `faction` = VALUES(`faction`), `baseattacktime` = VALUES(`baseattacktime`), `rangeattacktime` = VALUES(`rangeattacktime`), `unit_class` = VALUES(`unit_class`), `resistance1` = VALUES(`resistance1`), `resistance2` = VALUES(`resistance2`), `resistance3` = VALUES(`resistance3`), `resistance4` = VALUES(`resistance4`), `resistance5` = VALUES(`resistance5`), `resistance6` = VALUES(`resistance6`), `speed_walk` = VALUES(`speed_walk`), `speed_run` = VALUES(`speed_run`), `spell1` = VALUES(`spell1`), `spell2` = VALUES(`spell2`), `spell3` = VALUES(`spell3`), `spell4` = VALUES(`spell4`), `spell5` = VALUES(`spell5`), `spell6` = VALUES(`spell6`), `spell7` = VALUES(`spell7`), `spell8` = VALUES(`spell8`), `BuildVerified` = VALUES(`BuildVerified`);

	INSERT INTO creature_model_info (`modelid`, `bounding_radius`, `combat_reach`, `gender`) VALUES(56582, 0.383, 1.5, 0) ON DUPLICATE KEY UPDATE `modelid` = VALUES(`modelid`), `bounding_radius` = VALUES(`bounding_radius`), `combat_reach` = VALUES(`combat_reach`), `gender` = VALUES(`gender`);
	INSERT INTO creature_model_info (`modelid`, `bounding_radius`, `combat_reach`, `gender`) VALUES(56660, 0.383, 1.5, 1) ON DUPLICATE KEY UPDATE `modelid` = VALUES(`modelid`), `bounding_radius` = VALUES(`bounding_radius`), `combat_reach` = VALUES(`combat_reach`), `gender` = VALUES(`gender`);

	UPDATE creature_template SET ScriptName="npc_Dorogarr_Garr", npcFlag=131, npcFlag2=128, minlevel=90, maxlevel=90 WHERE entry=79832;
	UPDATE creature_template SET ScriptName="npc_ElrondirSurrion_Garr", npcFlag=3, npcFlag2=32, minlevel=90, maxlevel=90 WHERE entry=79830;
	UPDATE `creature_template` SET `npcflag`=`npcflag`|128 WHERE `entry`=79832;
	DELETE FROM `npc_vendor` WHERE `entry` = 79832 AND `type` = 1;
	INSERT INTO `npc_vendor` (`entry`, `slot`, `item`, `maxcount`, `incrtime`, `ExtendedCost`, `type`) VALUES
	(79832, 0, 52188, 0, 0, 0, 1),
	(79832, 0, 115359, 0, 0, 0, 1),
	(79832, 0, 116078, 0, 0, 5319, 1),
	(79832, 0, 116079, 0, 0, 5321, 1),
	(79832, 0, 116080, 0, 0, 5321, 1),
	(79832, 0, 116090, 0, 0, 5319, 1),
	(79832, 0, 116091, 0, 0, 5319, 1),
	(79832, 0, 116092, 0, 0, 5319, 1),
	(79832, 0, 116093, 0, 0, 5319, 1),
	(79832, 0, 116094, 0, 0, 5319, 1),
	(79832, 0, 116095, 0, 0, 5319, 1),
	(79832, 0, 116096, 0, 0, 5319, 1),
	(79832, 0, 116097, 0, 0, 5319, 1),
	(79832, 0, 116098, 0, 0, 5319, 1),
	(79832, 0, 116099, 0, 0, 5319, 1),
	(79832, 0, 116100, 0, 0, 5319, 1),
	(79832, 0, 116101, 0, 0, 5319, 1),
	(79832, 0, 116102, 0, 0, 5321, 1),
	(79832, 0, 116103, 0, 0, 5321, 1),
	(79832, 0, 116104, 0, 0, 5321, 1),
	(79832, 0, 116105, 0, 0, 5321, 1),
	(79832, 0, 116106, 0, 0, 5321, 1),
	(79832, 0, 116107, 0, 0, 5321, 1),
	(79832, 0, 116108, 0, 0, 5320, 1),
	(79832, 0, 116109, 0, 0, 5320, 1),
	(79832, 0, 116111, 0, 0, 5319, 1);

	DELETE FROM creature_queststarter WHERE id=79832 AND quest=37573;
	INSERT INTO creature_queststarter(`id`, `quest`) values('79832','37573');

	DELETE FROM creature_questender WHERE id=79830 AND quest=37573;
	INSERT INTO creature_questender(`id`, `quest`) values('79830','37573');

	INSERT INTO gameobject_template (`entry`, `type`, `displayId`, `name`, `IconName`, `castBarCaption`, `unk1`, `faction`, `flags`, `size`, `questItem1`, `questItem2`, `questItem3`, `questItem4`, `questItem5`, `questItem6`, `data0`, `data1`, `data2`, `data3`, `data4`, `data5`, `data6`, `data7`, `data8`, `data9`, `data10`, `data11`, `data12`, `data13`, `data14`, `data15`, `data16`, `data17`, `data18`, `data19`, `data20`, `data21`, `data22`, `data23`, `data24`, `data25`, `data26`, `data27`, `data28`, `data29`, `data30`, `data31`, `data32`, `unkInt32`, `BuildVerified`) VALUES(237067, 45, 20508, "Jewelcrafting Work Order", "", "", "", 0, 0, 1, 0, 0, 0, 0, 0, 0, 62, 0, 0, 0, 0, 0, 0, 0, 0, 0, 0, 0, 0, 0, 0, 0, 0, 0, 0, 0, 0, 0, 0, 0, 0, 0, 0, 0, 0, 0, 0, 0, 0, 0, 19865) ON DUPLICATE KEY UPDATE `entry` = VALUES(`entry`), `type` = VALUES(`type`), `displayId` = VALUES(`displayId`), `name` = VALUES(`name`), `IconName` = VALUES(`IconName`), `castBarCaption` = VALUES(`castBarCaption`), `unk1` = VALUES(`unk1`), `faction` = VALUES(`faction`), `flags` = VALUES(`flags`), `size` = VALUES(`size`), `questItem1` = VALUES(`questItem1`), `questItem2` = VALUES(`questItem2`), `questItem3` = VALUES(`questItem3`), `questItem4` = VALUES(`questItem4`), `questItem5` = VALUES(`questItem5`), `questItem6` = VALUES(`questItem6`), `data0` = VALUES(`data0`), `data1` = VALUES(`data1`), `data2` = VALUES(`data2`), `data3` = VALUES(`data3`), `data4` = VALUES(`data4`), `data5` = VALUES(`data5`), `data6` = VALUES(`data6`), `data7` = VALUES(`data7`), `data8` = VALUES(`data8`), `data9` = VALUES(`data9`), `data10` = VALUES(`data10`), `data11` = VALUES(`data11`), `data12` = VALUES(`data12`), `data13` = VALUES(`data13`), `data14` = VALUES(`data14`), `data15` = VALUES(`data15`), `data16` = VALUES(`data16`), `data17` = VALUES(`data17`), `data18` = VALUES(`data18`), `data19` = VALUES(`data19`), `data20` = VALUES(`data20`), `data21` = VALUES(`data21`), `data22` = VALUES(`data22`), `data23` = VALUES(`data23`), `data24` = VALUES(`data24`), `data25` = VALUES(`data25`), `data26` = VALUES(`data26`), `data27` = VALUES(`data27`), `data28` = VALUES(`data28`), `data29` = VALUES(`data29`), `data30` = VALUES(`data30`), `data31` = VALUES(`data31`), `data32` = VALUES(`data32`), `unkInt32` = VALUES(`unkInt32`), `BuildVerified` = VALUES(`BuildVerified`);
	UPDATE gameobject_template SET flags=0, ScriptName="go_garrison_shipment_container" WHERE TYPE=45;

	DELETE FROM garrison_plot_content WHERE plot_type_or_building=-96 AND faction_index = 0;
	insert into `garrison_plot_content` (`plot_type_or_building`, `faction_index`, `creature_or_gob`, `x`, `y`, `z`, `o`) values('-96','0','79830','2.55804','2.17175','1.39589','5.85254'); -- work orders
	insert into `garrison_plot_content` (`plot_type_or_building`, `faction_index`, `creature_or_gob`, `x`, `y`, `z`, `o`) values('-96','0','79832','2.28618','-2.32004','1.45116','0.287999'); -- jewelcrafting
	insert into `garrison_plot_content` (`plot_type_or_building`, `faction_index`, `creature_or_gob`, `x`, `y`, `z`, `o`) values('-96','0','-237067','9.75476','-3.63255','0.000183','1.39541');

-- LEVEL 2

	DELETE FROM garrison_plot_content WHERE plot_type_or_building=-131 AND faction_index = 0;
	insert into `garrison_plot_content` (`plot_type_or_building`, `faction_index`, `creature_or_gob`, `x`, `y`, `z`, `o`) values('-131','0','79832','2.24944','3.464','1.39201','4.71012');
	insert into `garrison_plot_content` (`plot_type_or_building`, `faction_index`, `creature_or_gob`, `x`, `y`, `z`, `o`) values('-131','0','79830','-0.060981','-4.02778','1.39009','0.861673');
	insert into `garrison_plot_content` (`plot_type_or_building`, `faction_index`, `creature_or_gob`, `x`, `y`, `z`, `o`) values('-131','0','-237067','9.90751','-3.90032','0.000023','5.86465');

-- LEVEL 3

	insert into `garrison_plot_content` (`plot_type_or_building`, `faction_index`, `creature_or_gob`, `x`, `y`, `z`, `o`) values('-132','0','79832','0.514124','-4.4743','1.39035','2.02799');
	insert into `garrison_plot_content` (`plot_type_or_building`, `faction_index`, `creature_or_gob`, `x`, `y`, `z`, `o`) values('-132','0','79830','2.88145','2.79548','1.39093','4.72583');
	insert into `garrison_plot_content` (`plot_type_or_building`, `faction_index`, `creature_or_gob`, `x`, `y`, `z`, `o`) values('-132','0','-237067','9.91948','-3.37288','-0.000305','6.1474');
-- LEVEL 1

	-- Vee <Master Fuselighter>
	-- Frostwall Engineer (87279)

	-- Plot content
	DELETE FROM garrison_plot_content WHERE plot_type_or_building = -162 AND faction_index = 0;
	INSERT INTO `garrison_plot_content` (`plot_type_or_building`, `faction_index`, `creature_or_gob`, `x`, `y`, `z`, `o`) VALUES
	('-162','0','87279','-6.20813','12.8778','2.41223','0.010684'),
	('-162','0','87279','4.45644','-6.09971','2.40456','5.05529'),
	('-162','0','85369','-11.1515','13.193','2.40927','2.94257');

	UPDATE creature_template SET faction = 35 WHERE entry IN (87279, 85369);

	-- 85369/Vee <Master Fuselighter>
	REPLACE INTO `creature_queststarter` (`id`, `quest`) VALUES('85369','37044');
	REPLACE INTO `creature_questender` (`id`, `quest`) VALUES('85369','37044');

	UPDATE creature_template SET scriptname = "npc_Vee_Garrison" WHERE entry = 85369;


	UPDATE gameobject_template SET type = 3, data1 = 114974, data0 = 57, data3 = 1, data5 = 0, data6 = 0, data17 = 27647 WHERE entry = 234095; -- before, type = 22, data0 = 169292, data3 = 0, data5 = 57647, data6 = 1, data17 = 0 and data1 = 2147483647
	REPLACE INTO `gameobject_loot_template` (`entry`, `item`, `ChanceOrQuestChance`, `lootmode`, `groupid`, `mincountOrRef`, `maxcount`, `itemBonuses`) VALUES('114974','114974','100','1','1','1','1','');
	REPLACE INTO `gameobject_loot_template` (`entry`, `item`, `ChanceOrQuestChance`, `lootmode`, `groupid`, `mincountOrRef`, `maxcount`, `itemBonuses`) VALUES('55106','114983','100','1','1','1','1','');
	REPLACE INTO `gameobject_loot_template` (`entry`, `item`, `ChanceOrQuestChance`, `lootmode`, `groupid`, `mincountOrRef`, `maxcount`, `itemBonuses`) VALUES('57269','119158','100','1','1','1','1','');
	REPLACE INTO `gameobject_loot_template` (`entry`, `item`, `ChanceOrQuestChance`, `lootmode`, `groupid`, `mincountOrRef`, `maxcount`, `itemBonuses`) VALUES('54946','114246','100','1','1','1','1','');

	REPLACE INTO spell_script_names VALUE (168655, "spell_aura_sticky_grenade");
	REPLACE INTO spell_script_names VALUE (168555, "spell_pneumatic_power_gauntlet");

-- LEVEL 2

-- LEVEL 3-- LEVEL 1

	DELETE FROM garrison_plot_content WHERE plot_type_or_building=-29 AND faction_index = 0;
	insert into `garrison_plot_content` (`plot_type_or_building`, `faction_index`, `creature_or_gob`, `x`, `y`, `z`, `o`) values('-29','0','85783','-9.16787','16.1029','2.29719','3.6194');
	insert into `garrison_plot_content` (`plot_type_or_building`, `faction_index`, `creature_or_gob`, `x`, `y`, `z`, `o`) values('-29','0','81981','-10.7658','-2.22524','0.3862','3.02969');
	insert into `garrison_plot_content` (`plot_type_or_building`, `faction_index`, `creature_or_gob`, `x`, `y`, `z`, `o`) values('-29','0','79916','-25.4734','23.7395','3.0022','3.92699');
	insert into `garrison_plot_content` (`plot_type_or_building`, `faction_index`, `creature_or_gob`, `x`, `y`, `z`, `o`) values('-29','0','-239238','-4.98841','11.0472','1.0202','3.75067');

	#81981/NPC - Tarnon

		DELETE FROM creature_queststarter WHERE quest = 34193;
		INSERT INTO creature_queststarter VALUE (81981, 34193);
		UPDATE creature_template SET scriptname = "npc_Tarnon_Garrison", npcflag = 131 WHERE entry = 81981;

	#85344/NPC - Naron Bloomthistle

		UPDATE creature_template SET npcflag = npcflag | 128 WHERE entry = 85344;

	#85783/NPC - Nali Softsoil

		UPDATE creature_template SET npcflag = npcflag | 1, npcflag2 = 32, scriptname = "npc_NaliSoftOil_Garr" WHERE entry = 85783;

-- LEVEL 2

-- LEVEL 3-- LEVEL 1

	DELETE FROM garrison_plot_content WHERE plot_type_or_building = -40 AND faction_index = 0;
	INSERT INTO `garrison_plot_content` (`plot_type_or_building`, `faction_index`, `creature_or_gob`, `x`, `y`, `z`, `o`) VALUES('-40','0','84247','-2.28769','0.578986','1.47505','1.4317');
	INSERT INTO `garrison_plot_content` (`plot_type_or_building`, `faction_index`, `creature_or_gob`, `x`, `y`, `z`, `o`) VALUES('-40','0','-233832','0.694003','0.907112','0.979095','3.80939');
	INSERT INTO `garrison_plot_content` (`plot_type_or_building`, `faction_index`, `creature_or_gob`, `x`, `y`, `z`, `o`) VALUES('-40','0','79835','5.49697','2.238','1.72977','1.17038');

	REPLACE INTO trinity_string (entry, content_default, content_loc2, content_loc6) VALUE (14112, "|cADFF2FFF+$1i Timber |r", "|cADFF2FFF+$1i Bois |r", "|cADFF2FFF+$1i Madera |r");
	DELETE FROM gameobject WHERE id = 234568 AND map = 1116; -- Stump, temp summoned when wood is taken

	#84247/NPC - Lumber Lord Oktron

		REPLACE INTO creature_template (`entry`, `name`, `subname`, `IconName`, `RacialLeader`, `family`, `type`, `modelid1`, `modelid2`, `modelid3`, `modelid4`, `questItem1`, `questItem2`, `questItem3`, `questItem4`, `questItem5`, `questItem6`, `unit_flags`, `unit_flags2`, `Health_mod`, `Mana_mod`, `Armor_mod`, `rank`, `KillCredit1`, `KillCredit2`, `movementId`, `scale`, `minlevel`, `maxlevel`, `faction`, `baseattacktime`, `rangeattacktime`, `unit_class`, `resistance1`, `resistance2`, `resistance3`, `resistance4`, `resistance5`, `resistance6`, `speed_walk`, `speed_run`, `spell1`, `spell2`, `spell3`, `spell4`, `spell5`, `spell6`, `spell7`, `spell8`, `BuildVerified`) VALUES(84247, "Lumber Lord Oktron", "Work Orders", "workorders", 0, 0, 7, 58229, 0, 0, 0, 0, 0, 0, 0, 0, 0, 0, 0, 1, 1, 1, 0, 0, 0, 0, 1, 95, 95, 29, 2000, 2000, 1, 0, 0, 0, 0, 0, 0, 1, 1.142857, 0, 0, 0, 0, 0, 0, 0, 0, 0);
		REPLACE INTO creature_equip_template (`entry`, `id`, `itemEntry1`, `itemEntry2`, `itemEntry3`) VALUES(84247, 1, 853, 0, 0);
		UPDATE creature_template SET npcflag = npcflag | 1 | 2, npcflag2 = 32, scriptname = "npc_LumberLordOktron_Garr" WHERE entry = 84247;
		REPLACE INTO creature_queststarter VALUE (84247, 36137);
		REPLACE INTO creature_queststarter VALUE (84247, 36138);

	#233832/Gob - Lumber Mill Work Order

		REPLACE INTO gameobject_template (`entry`, `type`, `displayId`, `name`, `IconName`, `castBarCaption`, `unk1`, `faction`, `flags`, `size`, `questItem1`, `questItem2`, `questItem3`, `questItem4`, `questItem5`, `questItem6`, `data0`, `data1`, `data2`, `data3`, `data4`, `data5`, `data6`, `data7`, `data8`, `data9`, `data10`, `data11`, `data12`, `data13`, `data14`, `data15`, `data16`, `data17`, `data18`, `data19`, `data20`, `data21`, `data22`, `data23`, `data24`, `data25`, `data26`, `data27`, `data28`, `data29`, `data30`, `data31`, `data32`, `unkInt32`, `BuildVerified`) VALUES(233832, 45, 15585, "Lumber Mill Work Order", "", "", "", 0, 0, 1, 0, 0, 0, 0, 0, 0, 36, 0, 0, 0, 0, 0, 0, 0, 0, 0, 0, 0, 0, 0, 0, 0, 0, 0, 0, 0, 0, 0, 0, 0, 0, 0, 0, 0, 0, 0, 0, 0, 0, 0, 0);
		UPDATE gameobject_template SET scriptname = "go_garrison_shipment_container" WHERE entry = 233832;

	#233604 - 234080/Gob - Small Timber

		UPDATE gameobject_template SET flags = flags & ~0x04, scriptname = "go_garrison_timber" WHERE entry IN (
		234193,
		234197,
		233604,
		234080,
		234122,
		234126,
		234109,
		234110,
		233922,
		234097,
		234000,
		234022,
		234098,
		234119,
		234123,
		234127,
		234194,
		234196,
		234198,
		233634,
		233635,
		234007,
		234099,
		234120,
		234124,
		234128,
		234195,
		234199);
		
	#83985/NPC - Peon

		INSERT INTO creature_template (`entry`, `name`, `subname`, `IconName`, `RacialLeader`, `family`, `type`, `modelid1`, `modelid2`, `modelid3`, `modelid4`, `questItem1`, `questItem2`, `questItem3`, `questItem4`, `questItem5`, `questItem6`, `unit_flags`, `unit_flags2`, `Health_mod`, `Mana_mod`, `Armor_mod`, `rank`, `KillCredit1`, `KillCredit2`, `movementId`, `scale`, `minlevel`, `maxlevel`, `faction`, `baseattacktime`, `rangeattacktime`, `unit_class`, `resistance1`, `resistance2`, `resistance3`, `resistance4`, `resistance5`, `resistance6`, `speed_walk`, `speed_run`, `spell1`, `spell2`, `spell3`, `spell4`, `spell5`, `spell6`, `spell7`, `spell8`, `BuildVerified`) VALUES(83985, "Peon", "", "", 0, 0, 7, 58069, 58070, 58071, 58072, 0, 0, 0, 0, 0, 0, 0, 0, 1, 1, 1, 0, 0, 0, 0, 1, 5, 5, 29, 2000, 2000, 1, 0, 0, 0, 0, 0, 0, 1, 1.142857, 167957, 168523, 170079, 167958, 0, 0, 0, 0, 0) ON DUPLICATE KEY UPDATE `entry` = VALUES(`entry`), `name` = VALUES(`name`), `subname` = VALUES(`subname`), `IconName` = VALUES(`IconName`), `RacialLeader` = VALUES(`RacialLeader`), `family` = VALUES(`family`), `type` = VALUES(`type`), `modelid1` = VALUES(`modelid1`), `modelid2` = VALUES(`modelid2`), `modelid3` = VALUES(`modelid3`), `modelid4` = VALUES(`modelid4`), `questItem1` = VALUES(`questItem1`), `questItem2` = VALUES(`questItem2`), `questItem3` = VALUES(`questItem3`), `questItem4` = VALUES(`questItem4`), `questItem5` = VALUES(`questItem5`), `questItem6` = VALUES(`questItem6`), `unit_flags` = VALUES(`unit_flags`), `unit_flags2` = VALUES(`unit_flags2`), `Health_mod` = VALUES(`Health_mod`), `Mana_mod` = VALUES(`Mana_mod`), `Armor_mod` = VALUES(`Armor_mod`), `rank` = VALUES(`rank`), `KillCredit1` = VALUES(`KillCredit1`), `KillCredit2` = VALUES(`KillCredit2`), `movementId` = VALUES(`movementId`), `scale` = VALUES(`scale`), `minlevel` = VALUES(`minlevel`), `maxlevel` = VALUES(`maxlevel`), `faction` = VALUES(`faction`), `baseattacktime` = VALUES(`baseattacktime`), `rangeattacktime` = VALUES(`rangeattacktime`), `unit_class` = VALUES(`unit_class`), `resistance1` = VALUES(`resistance1`), `resistance2` = VALUES(`resistance2`), `resistance3` = VALUES(`resistance3`), `resistance4` = VALUES(`resistance4`), `resistance5` = VALUES(`resistance5`), `resistance6` = VALUES(`resistance6`), `speed_walk` = VALUES(`speed_walk`), `speed_run` = VALUES(`speed_run`), `spell1` = VALUES(`spell1`), `spell2` = VALUES(`spell2`), `spell3` = VALUES(`spell3`), `spell4` = VALUES(`spell4`), `spell5` = VALUES(`spell5`), `spell6` = VALUES(`spell6`), `spell7` = VALUES(`spell7`), `spell8` = VALUES(`spell8`), `BuildVerified` = VALUES(`BuildVerified`);
		DELETE FROM creature_text WHERE entry = 83985;
		INSERT INTO creature_text (`entry`, `groupid`, `id`, `text`, `type`, `language`, `probability`) VALUES(83985, 0, 0, "Work complete!", 12, 0, 100) ON DUPLICATE KEY UPDATE `entry` = VALUES(`entry`), `groupid` = VALUES(`groupid`), `id` = VALUES(`id`), `text` = VALUES(`text`), `type` = VALUES(`type`), `language` = VALUES(`language`), `probability` = VALUES(`probability`);
		UPDATE creature_template SET scriptname = "npc_Timber_Peon" WHERE entry = 83985;
		REPLACE INTO creature_template_addon (entry, emote) VALUE(83985, 599);
		DELETE FROM smart_scripts WHERE entryorguid = 83985;
		INSERT INTO `smart_scripts` (`entryorguid`, `source_type`, `id`, `link`, `event_type`, `event_phase_mask`, `event_chance`, `event_flags`, `event_param1`, `event_param2`, `event_param3`, `event_param4`, `action_type`, `action_param1`, `action_param2`, `action_param3`, `action_param4`, `action_param5`, `action_param6`, `target_type`, `target_param1`, `target_param2`, `target_param3`, `target_x`, `target_y`, `target_z`, `target_o`, `comment`) VALUES('83985','0','0','0','25','0','100','0','0','0','0','0','1','0','4000','0','0','0','0','0','0','0','0','0','0','0','0','New Script');

-- LEVEL 2

	DELETE FROM garrison_plot_content WHERE plot_type_or_building = -41 AND faction_index = 0;
	INSERT INTO `garrison_plot_content` (`plot_type_or_building`, `faction_index`, `creature_or_gob`, `x`, `y`, `z`, `o`) VALUES('-41','0','84247','5.07749','4.08816','1.472','1.37066');
	INSERT INTO `garrison_plot_content` (`plot_type_or_building`, `faction_index`, `creature_or_gob`, `x`, `y`, `z`, `o`) VALUES('-41','0','79835','-3.38423','-1.59738','1.47354','4.30805');
	INSERT INTO `garrison_plot_content` (`plot_type_or_building`, `faction_index`, `creature_or_gob`, `x`, `y`, `z`, `o`) VALUES('-41','0','-233832','13.3513','3.26322','0.974777','3.27132');

-- LEVEL 3

	DELETE FROM garrison_plot_content WHERE plot_type_or_building = -138 AND faction_index = 0;
	INSERT INTO `garrison_plot_content` (`plot_type_or_building`, `faction_index`, `creature_or_gob`, `x`, `y`, `z`, `o`) VALUES('-138','0','-233832','9.90092','3.29341','0.974869','1.79477');
	INSERT INTO `garrison_plot_content` (`plot_type_or_building`, `faction_index`, `creature_or_gob`, `x`, `y`, `z`, `o`) VALUES('-138','0','84247','-0.977483','-4.90326','1.4749','4.14704');
	INSERT INTO `garrison_plot_content` (`plot_type_or_building`, `faction_index`, `creature_or_gob`, `x`, `y`, `z`, `o`) VALUES('-138','0','79835','-0.96153','4.85086','1.47467','2.21103');
-- LEVEL 1

	REPLACE INTO gameobject_template (`entry`, `type`, `displayId`, `name`, `IconName`, `castBarCaption`, `unk1`, `faction`, `flags`, `size`, `questItem1`, `questItem2`, `questItem3`, `questItem4`, `questItem5`, `questItem6`, `data0`, `data1`, `data2`, `data3`, `data4`, `data5`, `data6`, `data7`, `data8`, `data9`, `data10`, `data11`, `data12`, `data13`, `data14`, `data15`, `data16`, `data17`, `data18`, `data19`, `data20`, `data21`, `data22`, `data23`, `data24`, `data25`, `data26`, `data27`, `data28`, `data29`, `data30`, `data31`, `data32`, `unkInt32`, `BuildVerified`) VALUES(237172, 8, 22926, "L’Incinйrateur", "", "", "", 0, 0, 1, 0, 0, 0, 0, 0, 0, 1853, 8, 0, 0, 0, 0, 0, 0, 0, 0, 0, 0, 0, 0, 0, 0, 0, 0, 0, 0, 0, 0, 0, 0, 0, 0, 0, 0, 0, 0, 0, 0, 0, 0, 0);

	DELETE FROM garrison_plot_content WHERE plot_type_or_building = -52 AND faction_index = 0;
	insert into `garrison_plot_content` (`id`, `plot_type_or_building`, `faction_index`, `creature_or_gob`, `x`, `y`, `z`, `o`) values('676','-52','0','-237172','-1.62342','-0.523125','0.860039','0.107887');
	insert into `garrison_plot_content` (`id`, `plot_type_or_building`, `faction_index`, `creature_or_gob`, `x`, `y`, `z`, `o`) values('677','-52','0','79857','5.72437','-1.64478','1.36153','0.033265');

	UPDATE `creature_template` SET `npcflag`=`npcflag`|128 WHERE `entry`=79857;
	DELETE FROM `npc_vendor` WHERE `entry` = 79857 AND `type` = 1;
	INSERT INTO `npc_vendor` (`entry`, `slot`, `item`, `maxcount`, `incrtime`, `ExtendedCost`, `type`) VALUES
	(79857, 0, 2880, 0, 0, 0, 1), 
	(79857, 0, 2901, 0, 0, 0, 1), 
	(79857, 0, 3466, 0, 0, 0, 1), 
	(79857, 0, 3857, 0, 0, 0, 1), 
	(79857, 0, 5956, 0, 0, 0, 1), 
	(79857, 0, 18567, 0, 0, 0, 1);

-- LEVEL 2

	DELETE FROM garrison_plot_content WHERE plot_type_or_building = -140 AND faction_index = 0;
	insert into `garrison_plot_content` (`plot_type_or_building`, `faction_index`, `creature_or_gob`, `x`, `y`, `z`, `o`) values('-140','0','-237172','-0.448889','0.159776','0.866058','0.118112');
	insert into `garrison_plot_content` (`plot_type_or_building`, `faction_index`, `creature_or_gob`, `x`, `y`, `z`, `o`) values('-140','0','79857','5.37776','-0.845284','1.4438','0.106335');


-- LEVEL 3

	DELETE FROM garrison_plot_content WHERE plot_type_or_building = -141 AND faction_index = 0;
	insert into `garrison_plot_content` (`plot_type_or_building`, `faction_index`, `creature_or_gob`, `x`, `y`, `z`, `o`) values('-141','0','-237172','-0.867477','0.096983','1.77998','0.027806');
	insert into `garrison_plot_content` (`plot_type_or_building`, `faction_index`, `creature_or_gob`, `x`, `y`, `z`, `o`) values('-141','0','79857','5.94071','-0.009768','1.43906','6.24423');
-- LEVEL 1

	INSERT INTO creature_template (`entry`, `name`, `subname`, `IconName`, `RacialLeader`, `family`, `type`, `modelid1`, `modelid2`, `modelid3`, `modelid4`, `questItem1`, `questItem2`, `questItem3`, `questItem4`, `questItem5`, `questItem6`, `unit_flags`, `unit_flags2`, `Health_mod`, `Mana_mod`, `Armor_mod`, `rank`, `KillCredit1`, `KillCredit2`, `movementId`, `scale`, `minlevel`, `maxlevel`, `faction`, `baseattacktime`, `rangeattacktime`, `unit_class`, `resistance1`, `resistance2`, `resistance3`, `resistance4`, `resistance5`, `resistance6`, `speed_walk`, `speed_run`, `spell1`, `spell2`, `spell3`, `spell4`, `spell5`, `spell6`, `spell7`, `spell8`, `BuildVerified`) VALUES(79829, "Urgra", "Scribe", "trainer", 0, 0, 7, 56579, 0, 0, 0, 0, 0, 0, 0, 0, 0, 4096, 0, 1, 1, 1, 0, 0, 0, 0, 1, 90, 90, 1734, 2000, 2000, 8, 0, 0, 0, 0, 0, 0, 1, 1.142857, 0, 0, 0, 0, 0, 0, 0, 0, 19865) ON DUPLICATE KEY UPDATE `entry` = VALUES(`entry`), `name` = VALUES(`name`), `subname` = VALUES(`subname`), `IconName` = VALUES(`IconName`), `RacialLeader` = VALUES(`RacialLeader`), `family` = VALUES(`family`), `type` = VALUES(`type`), `modelid1` = VALUES(`modelid1`), `modelid2` = VALUES(`modelid2`), `modelid3` = VALUES(`modelid3`), `modelid4` = VALUES(`modelid4`), `questItem1` = VALUES(`questItem1`), `questItem2` = VALUES(`questItem2`), `questItem3` = VALUES(`questItem3`), `questItem4` = VALUES(`questItem4`), `questItem5` = VALUES(`questItem5`), `questItem6` = VALUES(`questItem6`), `unit_flags` = VALUES(`unit_flags`), `unit_flags2` = VALUES(`unit_flags2`), `Health_mod` = VALUES(`Health_mod`), `Mana_mod` = VALUES(`Mana_mod`), `Armor_mod` = VALUES(`Armor_mod`), `rank` = VALUES(`rank`), `KillCredit1` = VALUES(`KillCredit1`), `KillCredit2` = VALUES(`KillCredit2`), `movementId` = VALUES(`movementId`), `scale` = VALUES(`scale`), `minlevel` = VALUES(`minlevel`), `maxlevel` = VALUES(`maxlevel`), `faction` = VALUES(`faction`), `baseattacktime` = VALUES(`baseattacktime`), `rangeattacktime` = VALUES(`rangeattacktime`), `unit_class` = VALUES(`unit_class`), `resistance1` = VALUES(`resistance1`), `resistance2` = VALUES(`resistance2`), `resistance3` = VALUES(`resistance3`), `resistance4` = VALUES(`resistance4`), `resistance5` = VALUES(`resistance5`), `resistance6` = VALUES(`resistance6`), `speed_walk` = VALUES(`speed_walk`), `speed_run` = VALUES(`speed_run`), `spell1` = VALUES(`spell1`), `spell2` = VALUES(`spell2`), `spell3` = VALUES(`spell3`), `spell4` = VALUES(`spell4`), `spell5` = VALUES(`spell5`), `spell6` = VALUES(`spell6`), `spell7` = VALUES(`spell7`), `spell8` = VALUES(`spell8`), `BuildVerified` = VALUES(`BuildVerified`);
	INSERT INTO creature_template (`entry`, `name`, `subname`, `IconName`, `RacialLeader`, `family`, `type`, `modelid1`, `modelid2`, `modelid3`, `modelid4`, `questItem1`, `questItem2`, `questItem3`, `questItem4`, `questItem5`, `questItem6`, `unit_flags`, `unit_flags2`, `Health_mod`, `Mana_mod`, `Armor_mod`, `rank`, `KillCredit1`, `KillCredit2`, `movementId`, `scale`, `minlevel`, `maxlevel`, `faction`, `baseattacktime`, `rangeattacktime`, `unit_class`, `resistance1`, `resistance2`, `resistance3`, `resistance4`, `resistance5`, `resistance6`, `speed_walk`, `speed_run`, `spell1`, `spell2`, `spell3`, `spell4`, `spell5`, `spell6`, `spell7`, `spell8`, `BuildVerified`) VALUES(79831, "Y'rogg", "Work Orders", "workorders", 0, 0, 7, 56624, 0, 0, 0, 0, 0, 0, 0, 0, 0, 4096, 0, 1, 1, 1, 0, 0, 0, 0, 1, 90, 90, 1734, 2000, 2000, 8, 0, 0, 0, 0, 0, 0, 1, 1.142857, 0, 0, 0, 0, 0, 0, 0, 0, 19865) ON DUPLICATE KEY UPDATE `entry` = VALUES(`entry`), `name` = VALUES(`name`), `subname` = VALUES(`subname`), `IconName` = VALUES(`IconName`), `RacialLeader` = VALUES(`RacialLeader`), `family` = VALUES(`family`), `type` = VALUES(`type`), `modelid1` = VALUES(`modelid1`), `modelid2` = VALUES(`modelid2`), `modelid3` = VALUES(`modelid3`), `modelid4` = VALUES(`modelid4`), `questItem1` = VALUES(`questItem1`), `questItem2` = VALUES(`questItem2`), `questItem3` = VALUES(`questItem3`), `questItem4` = VALUES(`questItem4`), `questItem5` = VALUES(`questItem5`), `questItem6` = VALUES(`questItem6`), `unit_flags` = VALUES(`unit_flags`), `unit_flags2` = VALUES(`unit_flags2`), `Health_mod` = VALUES(`Health_mod`), `Mana_mod` = VALUES(`Mana_mod`), `Armor_mod` = VALUES(`Armor_mod`), `rank` = VALUES(`rank`), `KillCredit1` = VALUES(`KillCredit1`), `KillCredit2` = VALUES(`KillCredit2`), `movementId` = VALUES(`movementId`), `scale` = VALUES(`scale`), `minlevel` = VALUES(`minlevel`), `maxlevel` = VALUES(`maxlevel`), `faction` = VALUES(`faction`), `baseattacktime` = VALUES(`baseattacktime`), `rangeattacktime` = VALUES(`rangeattacktime`), `unit_class` = VALUES(`unit_class`), `resistance1` = VALUES(`resistance1`), `resistance2` = VALUES(`resistance2`), `resistance3` = VALUES(`resistance3`), `resistance4` = VALUES(`resistance4`), `resistance5` = VALUES(`resistance5`), `resistance6` = VALUES(`resistance6`), `speed_walk` = VALUES(`speed_walk`), `speed_run` = VALUES(`speed_run`), `spell1` = VALUES(`spell1`), `spell2` = VALUES(`spell2`), `spell3` = VALUES(`spell3`), `spell4` = VALUES(`spell4`), `spell5` = VALUES(`spell5`), `spell6` = VALUES(`spell6`), `spell7` = VALUES(`spell7`), `spell8` = VALUES(`spell8`), `BuildVerified` = VALUES(`BuildVerified`);
	INSERT INTO creature_model_info (`modelid`, `bounding_radius`, `combat_reach`, `gender`) VALUES(56579, 0.236, 1.5, 1) ON DUPLICATE KEY UPDATE `modelid` = VALUES(`modelid`), `bounding_radius` = VALUES(`bounding_radius`), `combat_reach` = VALUES(`combat_reach`), `gender` = VALUES(`gender`);
	INSERT INTO creature_model_info (`modelid`, `bounding_radius`, `combat_reach`, `gender`) VALUES(56624, 0.372, 1.5, 0) ON DUPLICATE KEY UPDATE `modelid` = VALUES(`modelid`), `bounding_radius` = VALUES(`bounding_radius`), `combat_reach` = VALUES(`combat_reach`), `gender` = VALUES(`gender`);

	UPDATE creature_template SET ScriptName="npc_Urgra_Garr", npcFlag=131, npcFlag2=128, minlevel=90, maxlevel=90, gossip_menu_id = 0 WHERE entry=79829;
	UPDATE creature_template SET ScriptName="npc_Yrogg_Garr", npcFlag=3, npcFlag2=32, minlevel=90, maxlevel=90, gossip_menu_id = 0 WHERE entry=79831;

	DELETE FROM `npc_vendor` WHERE `entry` = 79829 AND `type` = 1;
	INSERT INTO `npc_vendor` (`entry`, `slot`, `item`, `maxcount`, `incrtime`, `ExtendedCost`, `type`) VALUES
	(79829, 0, 38682, 0, 0, 0, 1), 
	(79829, 0, 111923, 0, 0, 0, 1), 
	(79829, 0, 118605, 0, 0, 5465, 1), 
	(79829, 0, 118606, 0, 0, 5466, 1), 
	(79829, 0, 118607, 0, 0, 5465, 1), 
	(79829, 0, 118608, 0, 0, 5466, 1), 
	(79829, 0, 118610, 0, 0, 5466, 1), 
	(79829, 0, 118613, 0, 0, 5465, 1), 
	(79829, 0, 118614, 0, 0, 5465, 1), 
	(79829, 0, 118615, 0, 0, 5465, 1), 
	(79829, 0, 120265, 0, 0, 5466, 1), 
	(79829, 0, 120266, 0, 0, 5466, 1);

	DELETE FROM creature_queststarter WHERE id=79829 AND quest=37572;
	INSERT INTO creature_queststarter(`id`, `quest`) values('79829','37572');

	DELETE FROM creature_questender WHERE id=79831 AND quest=37572;
	INSERT INTO creature_questender(`id`, `quest`) values('79831','37572');

	INSERT INTO gameobject_template (`entry`, `type`, `displayId`, `name`, `IconName`, `castBarCaption`, `unk1`, `faction`, `flags`, `size`, `questItem1`, `questItem2`, `questItem3`, `questItem4`, `questItem5`, `questItem6`, `data0`, `data1`, `data2`, `data3`, `data4`, `data5`, `data6`, `data7`, `data8`, `data9`, `data10`, `data11`, `data12`, `data13`, `data14`, `data15`, `data16`, `data17`, `data18`, `data19`, `data20`, `data21`, `data22`, `data23`, `data24`, `data25`, `data26`, `data27`, `data28`, `data29`, `data30`, `data31`, `data32`, `unkInt32`, `BuildVerified`) VALUES(237063, 45, 20508, "Inscription Work Order", "", "", "", 0, 0, 1, 0, 0, 0, 0, 0, 0, 61, 0, 0, 0, 0, 0, 0, 0, 0, 0, 0, 0, 0, 0, 0, 0, 0, 0, 0, 0, 0, 0, 0, 0, 0, 0, 0, 0, 0, 0, 0, 0, 0, 0, 19865) ON DUPLICATE KEY UPDATE `entry` = VALUES(`entry`), `type` = VALUES(`type`), `displayId` = VALUES(`displayId`), `name` = VALUES(`name`), `IconName` = VALUES(`IconName`), `castBarCaption` = VALUES(`castBarCaption`), `unk1` = VALUES(`unk1`), `faction` = VALUES(`faction`), `flags` = VALUES(`flags`), `size` = VALUES(`size`), `questItem1` = VALUES(`questItem1`), `questItem2` = VALUES(`questItem2`), `questItem3` = VALUES(`questItem3`), `questItem4` = VALUES(`questItem4`), `questItem5` = VALUES(`questItem5`), `questItem6` = VALUES(`questItem6`), `data0` = VALUES(`data0`), `data1` = VALUES(`data1`), `data2` = VALUES(`data2`), `data3` = VALUES(`data3`), `data4` = VALUES(`data4`), `data5` = VALUES(`data5`), `data6` = VALUES(`data6`), `data7` = VALUES(`data7`), `data8` = VALUES(`data8`), `data9` = VALUES(`data9`), `data10` = VALUES(`data10`), `data11` = VALUES(`data11`), `data12` = VALUES(`data12`), `data13` = VALUES(`data13`), `data14` = VALUES(`data14`), `data15` = VALUES(`data15`), `data16` = VALUES(`data16`), `data17` = VALUES(`data17`), `data18` = VALUES(`data18`), `data19` = VALUES(`data19`), `data20` = VALUES(`data20`), `data21` = VALUES(`data21`), `data22` = VALUES(`data22`), `data23` = VALUES(`data23`), `data24` = VALUES(`data24`), `data25` = VALUES(`data25`), `data26` = VALUES(`data26`), `data27` = VALUES(`data27`), `data28` = VALUES(`data28`), `data29` = VALUES(`data29`), `data30` = VALUES(`data30`), `data31` = VALUES(`data31`), `data32` = VALUES(`data32`), `unkInt32` = VALUES(`unkInt32`), `BuildVerified` = VALUES(`BuildVerified`);
	UPDATE gameobject_template SET flags=0, ScriptName="go_garrison_shipment_container" WHERE TYPE=45;

	DELETE FROM garrison_plot_content WHERE plot_type_or_building=-95 AND faction_index = 0;
	insert into `garrison_plot_content` (`plot_type_or_building`, `faction_index`, `creature_or_gob`, `x`, `y`, `z`, `o`) values('-95','0','-237063','8.97548','-7.91775','-0.081764','5.55271');
	insert into `garrison_plot_content` (`plot_type_or_building`, `faction_index`, `creature_or_gob`, `x`, `y`, `z`, `o`) values('-95','0','79829','3.37414','2.54048','1.31343','5.90222');
	insert into `garrison_plot_content` (`plot_type_or_building`, `faction_index`, `creature_or_gob`, `x`, `y`, `z`, `o`) values('-95','0','79831','3.65604','-1.4891','1.31343','0.090268');

-- LEVEL 2

-- LEVEL 3-- LEVEL 1

	INSERT INTO gameobject_template (`entry`, `type`, `displayId`, `name`, `IconName`, `castBarCaption`, `unk1`, `size`, `questItem1`, `questItem2`, `questItem3`, `questItem4`, `questItem5`, `questItem6`, `data0`, `data1`, `data2`, `data3`, `data4`, `data5`, `data6`, `data7`, `data8`, `data9`, `data10`, `data11`, `data12`, `data13`, `data14`, `data15`, `data16`, `data17`, `data18`, `data19`, `data20`, `data21`, `data22`, `data23`, `data24`, `data25`, `data26`, `data27`, `data28`, `data29`, `data30`, `data31`, `data32`, `unkInt32`, `BuildVerified`) VALUES(240601, 45, 20508, "Spirit Lodge Work Order", "", "", "", 0.75, 0, 0, 0, 0, 0, 0, 100, 0, 0, 0, 0, 0, 0, 0, 0, 0, 0, 0, 0, 0, 0, 0, 0, 0, 0, 0, 0, 0, 0, 0, 0, 0, 0, 0, 0, 0, 0, 0, 0, 0, 0) ON DUPLICATE KEY UPDATE `entry` = VALUES(`entry`), `type` = VALUES(`type`), `displayId` = VALUES(`displayId`), `name` = VALUES(`name`), `IconName` = VALUES(`IconName`), `castBarCaption` = VALUES(`castBarCaption`), `unk1` = VALUES(`unk1`), `size` = VALUES(`size`), `questItem1` = VALUES(`questItem1`), `questItem2` = VALUES(`questItem2`), `questItem3` = VALUES(`questItem3`), `questItem4` = VALUES(`questItem4`), `questItem5` = VALUES(`questItem5`), `questItem6` = VALUES(`questItem6`), `data0` = VALUES(`data0`), `data1` = VALUES(`data1`), `data2` = VALUES(`data2`), `data3` = VALUES(`data3`), `data4` = VALUES(`data4`), `data5` = VALUES(`data5`), `data6` = VALUES(`data6`), `data7` = VALUES(`data7`), `data8` = VALUES(`data8`), `data9` = VALUES(`data9`), `data10` = VALUES(`data10`), `data11` = VALUES(`data11`), `data12` = VALUES(`data12`), `data13` = VALUES(`data13`), `data14` = VALUES(`data14`), `data15` = VALUES(`data15`), `data16` = VALUES(`data16`), `data17` = VALUES(`data17`), `data18` = VALUES(`data18`), `data19` = VALUES(`data19`), `data20` = VALUES(`data20`), `data21` = VALUES(`data21`), `data22` = VALUES(`data22`), `data23` = VALUES(`data23`), `data24` = VALUES(`data24`), `data25` = VALUES(`data25`), `data26` = VALUES(`data26`), `data27` = VALUES(`data27`), `data28` = VALUES(`data28`), `data29` = VALUES(`data29`), `data30` = VALUES(`data30`), `data31` = VALUES(`data31`), `data32` = VALUES(`data32`), `unkInt32` = VALUES(`unkInt32`), `BuildVerified` = VALUES(`BuildVerified`);

	-- plot content

	DELETE FROM garrison_plot_content WHERE plot_type_or_building = -37 AND faction_index = 0; -- horde
	insert into `garrison_plot_content` (`plot_type_or_building`, `faction_index`, `creature_or_gob`, `x`, `y`, `z`, `o`) values('-37','0','79836','6.73913','-0.149402','2.188','6.25459'); -- Gez'la
	insert into `garrison_plot_content` (`plot_type_or_building`, `faction_index`, `creature_or_gob`, `x`, `y`, `z`, `o`) values('-37','0','87564','3.89666','-5.44055','2.38396','4.78983'); -- Frostwall Shaman
	insert into `garrison_plot_content` (`plot_type_or_building`, `faction_index`, `creature_or_gob`, `x`, `y`, `z`, `o`) values('-37','0','87564','-1.13302','3.74507','2.38443','2.44448'); -- Frostwall Shaman
	insert into `garrison_plot_content` (`plot_type_or_building`, `faction_index`, `creature_or_gob`, `x`, `y`, `z`, `o`) values('-37','0','-240601','24.2633','5.83074','-0.068878','0.068653'); -- work order
	insert into `garrison_plot_content` (`plot_type_or_building`, `faction_index`, `creature_or_gob`, `x`, `y`, `z`, `o`) values('-37','0','87760','14.4524','-15.1711','0.498535','5.46826'); -- Training Dummy
	insert into `garrison_plot_content` (`plot_type_or_building`, `faction_index`, `creature_or_gob`, `x`, `y`, `z`, `o`) values('-37','0','87761','18.5279','-12.338','0.498535','5.61591'); -- Dungeoneers Training Dummy
	insert into `garrison_plot_content` (`plot_type_or_building`, `faction_index`, `creature_or_gob`, `x`, `y`, `z`, `o`) values('-37','0','82571','16.5685','7.13024','2.27689','0.860329'); -- Atheeru Palestar
	insert into `garrison_plot_content` (`plot_type_or_building`, `faction_index`, `creature_or_gob`, `x`, `y`, `z`, `o`) values('-37','0','91577','23.0865','9.00142','0.493866','5.96116'); -- Varsha

	DELETE FROM quest_template_objective WHERE questID IN (38351, 38354);
	INSERT INTO quest_template_objective (QuestID, TYPE, ObjectID, Amount, Description) VALUES
	(38351, 3, 91574, 1, 'Speak with Varsha'),
	(38354, 3, 91574, 1, 'Speak with Var Nath');

	#79836/NPC - Gez la -- QuestGiver

		UPDATE creature_template SET npcflag = npcflag | 1 | 2 WHERE entry = 79836;
		DELETE FROM creature_queststarter WHERE id = 79836;
		DELETE FROM creature_questender WHERE id = 79836;
		INSERT INTO creature_queststarter VALUES (79836, 38351), (79836, 36848);
		INSERT INTO creature_questender VALUES (79836, 38351), (79836, 36848);

	#91577/NPC - Varsha -- Work Orders

		UPDATE creature_template SET npcflag = npcflag | 1, npcflag2 = 32, subname = "Work Orders", scriptname = "npc_Varsha_Garr" WHERE entry = 91577;

	-- Ancient Waygate Protector

	-- What business do you have here, mortal?

	-- My life is dedicated to protecting this ancient waygates. If you wish to activate them, you will need to procure a collection of ancient artifacts known as ogre waystones.

	DELETE FROM creature WHERE id IN (
	89233, -- Talador
	89236, -- Shadowmoon
	89234, -- Gorgrond
	89235, -- Frostfire Ridge
	89232, -- Spires of Arak
	89230); -- Nagrand
	-- 95976 (Tanaan Jungle)

	insert into `creature` (`id`, `map`, `zoneId`, `areaId`, `spawnMask`, `phaseMask`, `modelid`, `equipment_id`, `position_x`, `position_y`, `position_z`, `orientation`, `spawntimesecs`, `spawndist`, `currentwaypoint`, `curhealth`, `curmana`, `MovementType`, `npcflag`, `npcflag2`, `unit_flags`, `unit_flags2`, `unit_flags3`, `dynamicflags`, `WorldEffectID`, `isActive`, `protec_anti_doublet`) values('89230','1116','6755','6755','1','4294967295','0','1','3168.17','7478.21','6.23879','5.27425','120','0','0','1','0','0','1','0','0','0','0','0','0','0',NULL);
	insert into `creature` (`id`, `map`, `zoneId`, `areaId`, `spawnMask`, `phaseMask`, `modelid`, `equipment_id`, `position_x`, `position_y`, `position_z`, `orientation`, `spawntimesecs`, `spawndist`, `currentwaypoint`, `curhealth`, `curmana`, `MovementType`, `npcflag`, `npcflag2`, `unit_flags`, `unit_flags2`, `unit_flags3`, `dynamicflags`, `WorldEffectID`, `isActive`, `protec_anti_doublet`) values('89232','1116','6722','7035','1','4294967295','0','1','-694.908','1368.19','32.5861','0.869972','120','0','0','1','0','0','1','0','768','2048','0','0','0','0',NULL);
	insert into `creature` (`id`, `map`, `zoneId`, `areaId`, `spawnMask`, `phaseMask`, `modelid`, `equipment_id`, `position_x`, `position_y`, `position_z`, `orientation`, `spawntimesecs`, `spawndist`, `currentwaypoint`, `curhealth`, `curmana`, `MovementType`, `npcflag`, `npcflag2`, `unit_flags`, `unit_flags2`, `unit_flags3`, `dynamicflags`, `WorldEffectID`, `isActive`, `protec_anti_doublet`) values('89233','1116','6662','6662','1','4294967295','0','0','2503.86','2544.55','163.14','4.2176','300','0','0','40','0','0','0','0','0','2048','0','0','0','0',NULL);
	insert into `creature` (`id`, `map`, `zoneId`, `areaId`, `spawnMask`, `phaseMask`, `modelid`, `equipment_id`, `position_x`, `position_y`, `position_z`, `orientation`, `spawntimesecs`, `spawndist`, `currentwaypoint`, `curhealth`, `curmana`, `MovementType`, `npcflag`, `npcflag2`, `unit_flags`, `unit_flags2`, `unit_flags3`, `dynamicflags`, `WorldEffectID`, `isActive`, `protec_anti_doublet`) values('89234','1116','6721','7320','1','4294967295','0','1','7717.12','328.979','131.987','2.21534','120','0','0','1','0','0','1','0','768','2048','0','0','0','0',NULL);
	insert into `creature` (`id`, `map`, `zoneId`, `areaId`, `spawnMask`, `phaseMask`, `modelid`, `equipment_id`, `position_x`, `position_y`, `position_z`, `orientation`, `spawntimesecs`, `spawndist`, `currentwaypoint`, `curhealth`, `curmana`, `MovementType`, `npcflag`, `npcflag2`, `unit_flags`, `unit_flags2`, `unit_flags3`, `dynamicflags`, `WorldEffectID`, `isActive`, `protec_anti_doublet`) values('89235','1116','6720','6778','1','4294967295','0','0','6341.25','3858.31','92.1371','0.339622','300','0','0','40','0','0','0','0','0','2048','0','0','0','0',NULL);
	insert into `creature` (`id`, `map`, `zoneId`, `areaId`, `spawnMask`, `phaseMask`, `modelid`, `equipment_id`, `position_x`, `position_y`, `position_z`, `orientation`, `spawntimesecs`, `spawndist`, `currentwaypoint`, `curhealth`, `curmana`, `MovementType`, `npcflag`, `npcflag2`, `unit_flags`, `unit_flags2`, `unit_flags3`, `dynamicflags`, `WorldEffectID`, `isActive`, `protec_anti_doublet`) values('89236','1116','6719','7122','1','4294967295','0','1','1068.45','-1118.52','-81.8779','0.0155017','120','0','0','1','0','0','1','0','0','0','0','0','0','0',NULL);

	UPDATE creature_template SET npcflag = npcflag | 1, scriptname = "npc_AncientWaygateProtector_Garr" WHERE entry IN (89233, 89236, 89234, 89235, 89232, 89230);

	REPLACE INTO trinity_string (entry, content_default, content_loc2, content_loc3) VALUES
	(14113, "You have not enough Ogre Waystones.", "Vous n avez pas assez de Pierres d accГЁs Ogre.", "Du hast nicht genГјgend Ogerportalsteine."),
	(14114, "You already have the maximum activated portals count, depending of your Mage Tower/Spirit Lodge level.", "Vous avez dГ©jГ  le nombre maximum de portails actifs, correspondant au niveau de votre tour des mages.", "Sie haben bereits die maximale anzahl der aktivierten Portale, je nach der Stufe Ihres Magierturms/Geisterhauses."), 
	(14115, "You dont own the required building to use this portal yet.", "Vous n avez pas encore construit le bГўtiment nГ©cessaire pour utiliser ce portail.", "Sie besitzen nicht das erforderliche GebГ¤ude, um das Portal zu verwenden");

-- LEVEL 2

	DELETE FROM garrison_plot_content WHERE plot_type_or_building = -38 AND faction_index = 0; -- horde
	insert into `garrison_plot_content` (`plot_type_or_building`, `faction_index`, `creature_or_gob`, `x`, `y`, `z`, `o`) values('-38','0','87760','20.608','-11.9596','0.498398','5.55403');
	insert into `garrison_plot_content` (`plot_type_or_building`, `faction_index`, `creature_or_gob`, `x`, `y`, `z`, `o`) values('-38','0','87760','17.1056','-15.8797','0.498398','5.55403');
	insert into `garrison_plot_content` (`plot_type_or_building`, `faction_index`, `creature_or_gob`, `x`, `y`, `z`, `o`) values('-38','0','87761','18.8735','-13.9011','0.498398','5.55403');
	insert into `garrison_plot_content` (`plot_type_or_building`, `faction_index`, `creature_or_gob`, `x`, `y`, `z`, `o`) values('-38','0','82571','24.7577','-7.28306','0.43074','0.04839');
	insert into `garrison_plot_content` (`plot_type_or_building`, `faction_index`, `creature_or_gob`, `x`, `y`, `z`, `o`) values('-38','0','91577','25.6116','6.2611','0.423203','6.07739');
	insert into `garrison_plot_content` (`plot_type_or_building`, `faction_index`, `creature_or_gob`, `x`, `y`, `z`, `o`) values('-38','0','79836','8.04859','0.521322','1.78081','0.069091');
	insert into `garrison_plot_content` (`plot_type_or_building`, `faction_index`, `creature_or_gob`, `x`, `y`, `z`, `o`) values('-38','0','-240601','23.8425','7.43829','-0.014267','3.46201');


-- LEVEL 3

	DELETE FROM garrison_plot_content WHERE plot_type_or_building = -39 AND faction_index = 0; -- horde
	insert into `garrison_plot_content` (`plot_type_or_building`, `faction_index`, `creature_or_gob`, `x`, `y`, `z`, `o`) values('-39','0','87761','17.7293','-13.8664','0.499817','5.38994');
	insert into `garrison_plot_content` (`plot_type_or_building`, `faction_index`, `creature_or_gob`, `x`, `y`, `z`, `o`) values('-39','0','87760','19.9027','-11.9475','0.50206','5.5745');
	insert into `garrison_plot_content` (`plot_type_or_building`, `faction_index`, `creature_or_gob`, `x`, `y`, `z`, `o`) values('-39','0','87760','15.7348','-16.2334','0.500519','5.51167');
	insert into `garrison_plot_content` (`plot_type_or_building`, `faction_index`, `creature_or_gob`, `x`, `y`, `z`, `o`) values('-39','0','82571','24.4198','-9.07247','0.49794','6.22324');
	insert into `garrison_plot_content` (`plot_type_or_building`, `faction_index`, `creature_or_gob`, `x`, `y`, `z`, `o`) values('-39','0','79836','7.7958','0.242902','1.82927','6.08211');
	insert into `garrison_plot_content` (`plot_type_or_building`, `faction_index`, `creature_or_gob`, `x`, `y`, `z`, `o`) values('-39','0','-240601','24.2914','6.78726','-0.002365','2.88632');
	insert into `garrison_plot_content` (`plot_type_or_building`, `faction_index`, `creature_or_gob`, `x`, `y`, `z`, `o`) values('-39','0','91577','26.5759','6.86518','0.47229','5.87004');


-- Loots

DELIMITER @@

CREATE PROCEDURE `FillConditionTable`(IN `p_LootId` INT, IN `p_DropChance` FLOAT)
BEGIN

	REPLACE INTO creature_loot_template (`entry`, `item`, `ChanceOrQuestChance`, `lootmode`, `groupid`, `mincountOrRef`, `maxcount`, `itemBonuses`) VALUES (p_LootId, 117491, p_DropChance, 1, 0, 1, 3, '');
	-- 39 = CONDITION_HAS_BUILDING_TYPE, 13 = BuildingType::Type::MageTower
	DELETE FROM conditions WHERE SourceTypeOrReferenceId = 1 AND SourceGroup = p_LootId AND SourceEntry = 117491;
	INSERT INTO conditions (SourceTypeOrReferenceId, SourceGroup, SourceEntry, ConditionTypeOrReference, ConditionValue1) VALUES (1, p_LootId, 117491, 39, 13);
END @@
DELIMITER ;


	SET @l_Entry = 75194;
	SET @l_DropRate = 0.1;
	CALL `FillConditionTable` (@l_Entry, @l_DropRate);

	SET @l_Entry = 76101;
	SET @l_DropRate = 0;
	CALL `FillConditionTable` (@l_Entry, @l_DropRate);

	SET @l_Entry = 77036;
	SET @l_DropRate = 0;
	CALL `FillConditionTable` (@l_Entry, @l_DropRate);

	SET @l_Entry = 85241;
	SET @l_DropRate = 0;
	CALL `FillConditionTable` (@l_Entry, @l_DropRate);

	SET @l_Entry = 75211;
	SET @l_DropRate = 0;
	CALL `FillConditionTable` (@l_Entry, @l_DropRate);

	SET @l_Entry = 87619;
	SET @l_DropRate = 2.3;
	CALL `FillConditionTable` (@l_Entry, @l_DropRate);

	SET @l_Entry = 74254;
	SET @l_DropRate = 0.1;
	CALL `FillConditionTable` (@l_Entry, @l_DropRate);

	SET @l_Entry = 78728;
	SET @l_DropRate = 0.2;
	CALL `FillConditionTable` (@l_Entry, @l_DropRate);

	SET @l_Entry = 76181;
	SET @l_DropRate = 0;
	CALL `FillConditionTable` (@l_Entry, @l_DropRate);

	SET @l_Entry = 76157;
	SET @l_DropRate = 0.1;
	CALL `FillConditionTable` (@l_Entry, @l_DropRate);

	SET @l_Entry = 77035;
	SET @l_DropRate = 0.2;
	CALL `FillConditionTable` (@l_Entry, @l_DropRate);

	SET @l_Entry = 87910;
	SET @l_DropRate = 9.6;
	CALL `FillConditionTable` (@l_Entry, @l_DropRate);

	SET @l_Entry = 73472;
	SET @l_DropRate = 1.3;
	CALL `FillConditionTable` (@l_Entry, @l_DropRate);

	SET @l_Entry = 73763;
	SET @l_DropRate = 1.6;
	CALL `FillConditionTable` (@l_Entry, @l_DropRate);

	SET @l_Entry = 75820;
	SET @l_DropRate = 0.1;
	CALL `FillConditionTable` (@l_Entry, @l_DropRate);

	SET @l_Entry = 76176;
	SET @l_DropRate = 0.1;
	CALL `FillConditionTable` (@l_Entry, @l_DropRate);

	SET @l_Entry = 74707;
	SET @l_DropRate = 0.1;
	CALL `FillConditionTable` (@l_Entry, @l_DropRate);

	SET @l_Entry = 75500;
	SET @l_DropRate = 2.5;
	CALL `FillConditionTable` (@l_Entry, @l_DropRate);

	SET @l_Entry = 75406;
	SET @l_DropRate = 0.2;
	CALL `FillConditionTable` (@l_Entry, @l_DropRate);

	SET @l_Entry = 81750;
	SET @l_DropRate = 0.3;
	CALL `FillConditionTable` (@l_Entry, @l_DropRate);

	SET @l_Entry = 73470;
	SET @l_DropRate = 0.6;
	CALL `FillConditionTable` (@l_Entry, @l_DropRate);

	SET @l_Entry = 89824;
	SET @l_DropRate = 3.7;
	CALL `FillConditionTable` (@l_Entry, @l_DropRate);

	SET @l_Entry = 76846;
	SET @l_DropRate = 2.7;
	CALL `FillConditionTable` (@l_Entry, @l_DropRate);

	SET @l_Entry = 77037;
	SET @l_DropRate = 0.7;
	CALL `FillConditionTable` (@l_Entry, @l_DropRate);

	SET @l_Entry = 75814;
	SET @l_DropRate = 17.2;
	CALL `FillConditionTable` (@l_Entry, @l_DropRate);

	SET @l_Entry = 86290;
	SET @l_DropRate = 8.5;
	CALL `FillConditionTable` (@l_Entry, @l_DropRate);

	SET @l_Entry = 75057;
	SET @l_DropRate = 0.5;
	CALL `FillConditionTable` (@l_Entry, @l_DropRate);

	SET @l_Entry = 73373;
	SET @l_DropRate = 0.7;
	CALL `FillConditionTable` (@l_Entry, @l_DropRate);

	SET @l_Entry = 74475;
	SET @l_DropRate = 0.1;
	CALL `FillConditionTable` (@l_Entry, @l_DropRate);

	SET @l_Entry = 73371;
	SET @l_DropRate = 0.6;
	CALL `FillConditionTable` (@l_Entry, @l_DropRate);

	SET @l_Entry = 77020;
	SET @l_DropRate = 0.7;
	CALL `FillConditionTable` (@l_Entry, @l_DropRate);

	SET @l_Entry = 74706;
	SET @l_DropRate = 0.4;
	CALL `FillConditionTable` (@l_Entry, @l_DropRate);

	SET @l_Entry = 77927;
	SET @l_DropRate = 0.7;
	CALL `FillConditionTable` (@l_Entry, @l_DropRate);

	SET @l_Entry = 80335;
	SET @l_DropRate = 0.9;
	CALL `FillConditionTable` (@l_Entry, @l_DropRate);

	SET @l_Entry = 74704;
	SET @l_DropRate = 0.5;
	CALL `FillConditionTable` (@l_Entry, @l_DropRate);

	SET @l_Entry = 75240;
	SET @l_DropRate = 0.9;
	CALL `FillConditionTable` (@l_Entry, @l_DropRate);

	SET @l_Entry = 76918;
	SET @l_DropRate = 1.5;
	CALL `FillConditionTable` (@l_Entry, @l_DropRate);

	SET @l_Entry = 82900;
	SET @l_DropRate = 9.3;
	CALL `FillConditionTable` (@l_Entry, @l_DropRate);

	SET @l_Entry = 77351;
	SET @l_DropRate = 8.3;
	CALL `FillConditionTable` (@l_Entry, @l_DropRate);

	SET @l_Entry = 76696;
	SET @l_DropRate = 1;
	CALL `FillConditionTable` (@l_Entry, @l_DropRate);

	SET @l_Entry = 75209;
	SET @l_DropRate = 0.4;
	CALL `FillConditionTable` (@l_Entry, @l_DropRate);

	SET @l_Entry = 81269;
	SET @l_DropRate = 12.6;
	CALL `FillConditionTable` (@l_Entry, @l_DropRate);

	SET @l_Entry = 80312;
	SET @l_DropRate = 0.8;
	CALL `FillConditionTable` (@l_Entry, @l_DropRate);

	SET @l_Entry = 76876;
	SET @l_DropRate = 7.1;
	CALL `FillConditionTable` (@l_Entry, @l_DropRate);

	SET @l_Entry = 77034;
	SET @l_DropRate = 0.5;
	CALL `FillConditionTable` (@l_Entry, @l_DropRate);

	SET @l_Entry = 73469;
	SET @l_DropRate = 1.7;
	CALL `FillConditionTable` (@l_Entry, @l_DropRate);

	SET @l_Entry = 79651;
	SET @l_DropRate = 27.3;
	CALL `FillConditionTable` (@l_Entry, @l_DropRate);

	SET @l_Entry = 81780;
	SET @l_DropRate = 17.1;
	CALL `FillConditionTable` (@l_Entry, @l_DropRate);

	SET @l_Entry = 87846;
	SET @l_DropRate = 4.5;
	CALL `FillConditionTable` (@l_Entry, @l_DropRate);

	SET @l_Entry = 77349;
	SET @l_DropRate = 1.3;
	CALL `FillConditionTable` (@l_Entry, @l_DropRate);

	SET @l_Entry = 78003;
	SET @l_DropRate = 3.1;
	CALL `FillConditionTable` (@l_Entry, @l_DropRate);

	SET @l_Entry = 74787;
	SET @l_DropRate = 0.6;
	CALL `FillConditionTable` (@l_Entry, @l_DropRate);

	SET @l_Entry = 81808;
	SET @l_DropRate = 23.9;
	CALL `FillConditionTable` (@l_Entry, @l_DropRate);

	SET @l_Entry = 81807;
	SET @l_DropRate = 24.3;
	CALL `FillConditionTable` (@l_Entry, @l_DropRate);

	SET @l_Entry = 81810;
	SET @l_DropRate = 22.6;
	CALL `FillConditionTable` (@l_Entry, @l_DropRate);

	SET @l_Entry = 79267;
	SET @l_DropRate = 2.1;
	CALL `FillConditionTable` (@l_Entry, @l_DropRate);

	SET @l_Entry = 88459;
	SET @l_DropRate = 6.2;
	CALL `FillConditionTable` (@l_Entry, @l_DropRate);

	SET @l_Entry = 78778;
	SET @l_DropRate = 6.1;
	CALL `FillConditionTable` (@l_Entry, @l_DropRate);

	SET @l_Entry = 79927;
	SET @l_DropRate = 18.2;
	CALL `FillConditionTable` (@l_Entry, @l_DropRate);

	SET @l_Entry = 81809;
	SET @l_DropRate = 23.8;
	CALL `FillConditionTable` (@l_Entry, @l_DropRate);

	SET @l_Entry = 84260;
	SET @l_DropRate = 24.1;
	CALL `FillConditionTable` (@l_Entry, @l_DropRate);

	SET @l_Entry = 81811;
	SET @l_DropRate = 26.5;
	CALL `FillConditionTable` (@l_Entry, @l_DropRate);

	SET @l_Entry = 87538;
	SET @l_DropRate = 39.5;
	CALL `FillConditionTable` (@l_Entry, @l_DropRate);

	SET @l_Entry = 79024;
	SET @l_DropRate = 2.3;
	CALL `FillConditionTable` (@l_Entry, @l_DropRate);

	SET @l_Entry = 79266;
	SET @l_DropRate = 3.4;
	CALL `FillConditionTable` (@l_Entry, @l_DropRate);

	SET @l_Entry = 72873;
	SET @l_DropRate = 1.7;
	CALL `FillConditionTable` (@l_Entry, @l_DropRate);

	SET @l_Entry = 73676;
	SET @l_DropRate = 30.3;
	CALL `FillConditionTable` (@l_Entry, @l_DropRate);

	SET @l_Entry = 84675;
	SET @l_DropRate = 2.8;
	CALL `FillConditionTable` (@l_Entry, @l_DropRate);

	SET @l_Entry = 86256;
	SET @l_DropRate = 18.1;
	CALL `FillConditionTable` (@l_Entry, @l_DropRate);

	SET @l_Entry = 79107;
	SET @l_DropRate = 51.4;
	CALL `FillConditionTable` (@l_Entry, @l_DropRate);

	SET @l_Entry = 78437;
	SET @l_DropRate = 24.8;
	CALL `FillConditionTable` (@l_Entry, @l_DropRate);

	SET @l_Entry = 79623;
	SET @l_DropRate = 4.2;
	CALL `FillConditionTable` (@l_Entry, @l_DropRate);

	SET @l_Entry = 80295;
	SET @l_DropRate = 10.7;
	CALL `FillConditionTable` (@l_Entry, @l_DropRate);

	SET @l_Entry = 76694;
	SET @l_DropRate = 1;
	CALL `FillConditionTable` (@l_Entry, @l_DropRate);

	SET @l_Entry = 81806;
	SET @l_DropRate = 19.6;
	CALL `FillConditionTable` (@l_Entry, @l_DropRate);

	SET @l_Entry = 80294;
	SET @l_DropRate = 10.9;
	CALL `FillConditionTable` (@l_Entry, @l_DropRate);

	SET @l_Entry = 86330;
	SET @l_DropRate = 22.8;
	CALL `FillConditionTable` (@l_Entry, @l_DropRate);

	SET @l_Entry = 86326;
	SET @l_DropRate = 24.1;
	CALL `FillConditionTable` (@l_Entry, @l_DropRate);

	SET @l_Entry = 86329;
	SET @l_DropRate = 23.4;
	CALL `FillConditionTable` (@l_Entry, @l_DropRate);

	SET @l_Entry = 78174;
	SET @l_DropRate = 8;
	CALL `FillConditionTable` (@l_Entry, @l_DropRate);

	SET @l_Entry = 81270;
	SET @l_DropRate = 13.9;
	CALL `FillConditionTable` (@l_Entry, @l_DropRate);

	SET @l_Entry = 74349;
	SET @l_DropRate = 14.6;
	CALL `FillConditionTable` (@l_Entry, @l_DropRate);

	SET @l_Entry = 79629;
	SET @l_DropRate = 4.2;
	CALL `FillConditionTable` (@l_Entry, @l_DropRate);

	SET @l_Entry = 86275;
	SET @l_DropRate = 16.7;
	CALL `FillConditionTable` (@l_Entry, @l_DropRate);

	SET @l_Entry = 80292;
	SET @l_DropRate = 14.6;
	CALL `FillConditionTable` (@l_Entry, @l_DropRate);

	SET @l_Entry = 87095;
	SET @l_DropRate = 18.1;
	CALL `FillConditionTable` (@l_Entry, @l_DropRate);

	SET @l_Entry = 79626;
	SET @l_DropRate = 7.5;
	CALL `FillConditionTable` (@l_Entry, @l_DropRate);

	SET @l_Entry = 81272;
	SET @l_DropRate = 13.7;
	CALL `FillConditionTable` (@l_Entry, @l_DropRate);

	SET @l_Entry = 78782;
	SET @l_DropRate = 16.8;
	CALL `FillConditionTable` (@l_Entry, @l_DropRate);

	SET @l_Entry = 85225;
	SET @l_DropRate = 14.6;
	CALL `FillConditionTable` (@l_Entry, @l_DropRate);

	SET @l_Entry = 79650;
	SET @l_DropRate = 22.1;
	CALL `FillConditionTable` (@l_Entry, @l_DropRate);

	SET @l_Entry = 87223;
	SET @l_DropRate = 20.2;
	CALL `FillConditionTable` (@l_Entry, @l_DropRate);

	SET @l_Entry = 80283;
	SET @l_DropRate = 9.3;
	CALL `FillConditionTable` (@l_Entry, @l_DropRate);

	SET @l_Entry = 79621;
	SET @l_DropRate = 9.6;
	CALL `FillConditionTable` (@l_Entry, @l_DropRate);

	SET @l_Entry = 77995;
	SET @l_DropRate = 3.5;
	CALL `FillConditionTable` (@l_Entry, @l_DropRate);

	SET @l_Entry = 80948;
	SET @l_DropRate = 44.7;
	CALL `FillConditionTable` (@l_Entry, @l_DropRate);

	SET @l_Entry = 80949;
	SET @l_DropRate = 45.8;
	CALL `FillConditionTable` (@l_Entry, @l_DropRate);

	SET @l_Entry = 82619;
	SET @l_DropRate = 10.2;
	CALL `FillConditionTable` (@l_Entry, @l_DropRate);

	SET @l_Entry = 76935;
	SET @l_DropRate = 8.7;
	CALL `FillConditionTable` (@l_Entry, @l_DropRate);

	SET @l_Entry = 82528;
	SET @l_DropRate = 23.2;
	CALL `FillConditionTable` (@l_Entry, @l_DropRate);

	SET @l_Entry = 75426;
	SET @l_DropRate = 40.2;
	CALL `FillConditionTable` (@l_Entry, @l_DropRate);

	SET @l_Entry = 73555;
	SET @l_DropRate = 5.4;
	CALL `FillConditionTable` (@l_Entry, @l_DropRate);

	SET @l_Entry = 77033;
	SET @l_DropRate = 19.3;
	CALL `FillConditionTable` (@l_Entry, @l_DropRate);

	SET @l_Entry = 76599;
	SET @l_DropRate = 12.4;
	CALL `FillConditionTable` (@l_Entry, @l_DropRate);

	SET @l_Entry = 86155;
	SET @l_DropRate = 13.7;
	CALL `FillConditionTable` (@l_Entry, @l_DropRate);

	SET @l_Entry = 88207;
	SET @l_DropRate = 6.8;
	CALL `FillConditionTable` (@l_Entry, @l_DropRate);

	SET @l_Entry = 80172;
	SET @l_DropRate = 9.7;
	CALL `FillConditionTable` (@l_Entry, @l_DropRate);

	SET @l_Entry = 82519;
	SET @l_DropRate = 20.6;
	CALL `FillConditionTable` (@l_Entry, @l_DropRate);

	SET @l_Entry = 84765;
	SET @l_DropRate = 9.2;
	CALL `FillConditionTable` (@l_Entry, @l_DropRate);

	SET @l_Entry = 74746;
	SET @l_DropRate = 32.1;
	CALL `FillConditionTable` (@l_Entry, @l_DropRate);

	SET @l_Entry = 81767;
	SET @l_DropRate = 23.3;
	CALL `FillConditionTable` (@l_Entry, @l_DropRate);

	SET @l_Entry = 73490;
	SET @l_DropRate = 36.2;
	CALL `FillConditionTable` (@l_Entry, @l_DropRate);

	SET @l_Entry = 88437;
	SET @l_DropRate = 12.6;
	CALL `FillConditionTable` (@l_Entry, @l_DropRate);

	SET @l_Entry = 83848;
	SET @l_DropRate = 6;
	CALL `FillConditionTable` (@l_Entry, @l_DropRate);

	SET @l_Entry = 75272;
	SET @l_DropRate = 29.7;
	CALL `FillConditionTable` (@l_Entry, @l_DropRate);

	SET @l_Entry = 79402;
	SET @l_DropRate = 7;
	CALL `FillConditionTable` (@l_Entry, @l_DropRate);

	SET @l_Entry = 84764;
	SET @l_DropRate = 10.4;
	CALL `FillConditionTable` (@l_Entry, @l_DropRate);

	SET @l_Entry = 87309;
	SET @l_DropRate = 10.9;
	CALL `FillConditionTable` (@l_Entry, @l_DropRate);

	SET @l_Entry = 81764;
	SET @l_DropRate = 16.4;
	CALL `FillConditionTable` (@l_Entry, @l_DropRate);

	SET @l_Entry = 74697;
	SET @l_DropRate = 6.4;
	CALL `FillConditionTable` (@l_Entry, @l_DropRate);

	SET @l_Entry = 87221;
	SET @l_DropRate = 18.2;
	CALL `FillConditionTable` (@l_Entry, @l_DropRate);

	SET @l_Entry = 79022;
	SET @l_DropRate = 50.7;
	CALL `FillConditionTable` (@l_Entry, @l_DropRate);

	SET @l_Entry = 78578;
	SET @l_DropRate = 6.3;
	CALL `FillConditionTable` (@l_Entry, @l_DropRate);

	SET @l_Entry = 83641;
	SET @l_DropRate = 6.8;
	CALL `FillConditionTable` (@l_Entry, @l_DropRate);

	SET @l_Entry = 75198;
	SET @l_DropRate = 31.1;
	CALL `FillConditionTable` (@l_Entry, @l_DropRate);

	SET @l_Entry = 87222;
	SET @l_DropRate = 21;
	CALL `FillConditionTable` (@l_Entry, @l_DropRate);

	SET @l_Entry = 84760;
	SET @l_DropRate = 12.5;
	CALL `FillConditionTable` (@l_Entry, @l_DropRate);

	SET @l_Entry = 83640;
	SET @l_DropRate = 6.3;
	CALL `FillConditionTable` (@l_Entry, @l_DropRate);

	SET @l_Entry = 75210;
	SET @l_DropRate = 28.3;
	CALL `FillConditionTable` (@l_Entry, @l_DropRate);

	SET @l_Entry = 75193;
	SET @l_DropRate = 34.1;
	CALL `FillConditionTable` (@l_Entry, @l_DropRate);

	SET @l_Entry = 72967;
	SET @l_DropRate = 81.4;
	CALL `FillConditionTable` (@l_Entry, @l_DropRate);

	SET @l_Entry = 87310;
	SET @l_DropRate = 10.1;
	CALL `FillConditionTable` (@l_Entry, @l_DropRate);

	SET @l_Entry = 72752;
	SET @l_DropRate = 37.6;
	CALL `FillConditionTable` (@l_Entry, @l_DropRate);

	SET @l_Entry = 77993;
	SET @l_DropRate = 5.3;
	CALL `FillConditionTable` (@l_Entry, @l_DropRate);

	SET @l_Entry = 88187;
	SET @l_DropRate = 6.5;
	CALL `FillConditionTable` (@l_Entry, @l_DropRate);

	SET @l_Entry = 73698;
	SET @l_DropRate = 47.2;
	CALL `FillConditionTable` (@l_Entry, @l_DropRate);

	SET @l_Entry = 77992;
	SET @l_DropRate = 4.8;
	CALL `FillConditionTable` (@l_Entry, @l_DropRate);

	SET @l_Entry = 83577;
	SET @l_DropRate = 7;
	CALL `FillConditionTable` (@l_Entry, @l_DropRate);

	SET @l_Entry = 88657;
	SET @l_DropRate = 92.1;
	CALL `FillConditionTable` (@l_Entry, @l_DropRate);

	SET @l_Entry = 76706;
	SET @l_DropRate = 22.7;
	CALL `FillConditionTable` (@l_Entry, @l_DropRate);

	SET @l_Entry = 89127;
	SET @l_DropRate = 13.4;
	CALL `FillConditionTable` (@l_Entry, @l_DropRate);

	SET @l_Entry = 79023;
	SET @l_DropRate = 59;
	CALL `FillConditionTable` (@l_Entry, @l_DropRate);

	SET @l_Entry = 84978;
	SET @l_DropRate = 28.9;
	CALL `FillConditionTable` (@l_Entry, @l_DropRate);

	SET @l_Entry = 90620;
	SET @l_DropRate = 8.9;
	CALL `FillConditionTable` (@l_Entry, @l_DropRate);

	SET @l_Entry = 83575;
	SET @l_DropRate = 6.6;
	CALL `FillConditionTable` (@l_Entry, @l_DropRate);

	SET @l_Entry = 79070;
	SET @l_DropRate = 51.3;
	CALL `FillConditionTable` (@l_Entry, @l_DropRate);

	SET @l_Entry = 72833;
	SET @l_DropRate = 41.3;
	CALL `FillConditionTable` (@l_Entry, @l_DropRate);

	SET @l_Entry = 79234;
	SET @l_DropRate = 18.5;
	CALL `FillConditionTable` (@l_Entry, @l_DropRate);

	SET @l_Entry = 86279;
	SET @l_DropRate = 87.8;
	CALL `FillConditionTable` (@l_Entry, @l_DropRate);

	SET @l_Entry = 75191;
	SET @l_DropRate = 34.2;
	CALL `FillConditionTable` (@l_Entry, @l_DropRate);

	SET @l_Entry = 77991;
	SET @l_DropRate = 12.7;
	CALL `FillConditionTable` (@l_Entry, @l_DropRate);

	SET @l_Entry = 73643;
	SET @l_DropRate = 86.7;
	CALL `FillConditionTable` (@l_Entry, @l_DropRate);

	SET @l_Entry = 79231;
	SET @l_DropRate = 21.7;
	CALL `FillConditionTable` (@l_Entry, @l_DropRate);

	SET @l_Entry = 72987;
	SET @l_DropRate = 90.3;
	CALL `FillConditionTable` (@l_Entry, @l_DropRate);

	SET @l_Entry = 75835;
	SET @l_DropRate = 60.4;
	CALL `FillConditionTable` (@l_Entry, @l_DropRate);

	SET @l_Entry = 72953;
	SET @l_DropRate = 91.8;
	CALL `FillConditionTable` (@l_Entry, @l_DropRate);

	SET @l_Entry = 72955;
	SET @l_DropRate = 90.5;
	CALL `FillConditionTable` (@l_Entry, @l_DropRate);

	SET @l_Entry = 75819;
	SET @l_DropRate = 72.9;
	CALL `FillConditionTable` (@l_Entry, @l_DropRate);

	DROP PROCEDURE `FillConditionTable`;-- LEVEL 1

	-- Stables

		-- templates
		INSERT INTO creature_template (`entry`, `name`, `subname`, `IconName`, `RacialLeader`, `family`, `type`, `modelid1`, `modelid2`, `modelid3`, `modelid4`, `questItem1`, `questItem2`, `questItem3`, `questItem4`, `questItem5`, `questItem6`, `unit_flags`, `unit_flags2`, `Health_mod`, `Mana_mod`, `Armor_mod`, `rank`, `KillCredit1`, `KillCredit2`, `movementId`, `scale`, `minlevel`, `maxlevel`, `faction`, `baseattacktime`, `rangeattacktime`, `unit_class`, `resistance1`, `resistance2`, `resistance3`, `resistance4`, `resistance5`, `resistance6`, `speed_walk`, `speed_run`, `spell1`, `spell2`, `spell3`, `spell4`, `spell5`, `spell6`, `spell7`, `spell8`, `BuildVerified`) VALUES(81494, "KaвЂ™la", "", "", 0, 0, 7, 56419, 0, 0, 0, 0, 0, 0, 0, 0, 0, 262144, 0, 1, 1, 1, 0, 0, 0, 0, 1, 93, 93, 2110, 2000, 2000, 4, 0, 0, 0, 0, 0, 0, 1, 1.142857, 0, 0, 0, 0, 0, 0, 0, 0, 0) ON DUPLICATE KEY UPDATE `entry` = VALUES(`entry`), `name` = VALUES(`name`), `subname` = VALUES(`subname`), `IconName` = VALUES(`IconName`), `RacialLeader` = VALUES(`RacialLeader`), `family` = VALUES(`family`), `type` = VALUES(`type`), `modelid1` = VALUES(`modelid1`), `modelid2` = VALUES(`modelid2`), `modelid3` = VALUES(`modelid3`), `modelid4` = VALUES(`modelid4`), `questItem1` = VALUES(`questItem1`), `questItem2` = VALUES(`questItem2`), `questItem3` = VALUES(`questItem3`), `questItem4` = VALUES(`questItem4`), `questItem5` = VALUES(`questItem5`), `questItem6` = VALUES(`questItem6`), `unit_flags` = VALUES(`unit_flags`), `unit_flags2` = VALUES(`unit_flags2`), `Health_mod` = VALUES(`Health_mod`), `Mana_mod` = VALUES(`Mana_mod`), `Armor_mod` = VALUES(`Armor_mod`), `rank` = VALUES(`rank`), `KillCredit1` = VALUES(`KillCredit1`), `KillCredit2` = VALUES(`KillCredit2`), `movementId` = VALUES(`movementId`), `scale` = VALUES(`scale`), `minlevel` = VALUES(`minlevel`), `maxlevel` = VALUES(`maxlevel`), `faction` = VALUES(`faction`), `baseattacktime` = VALUES(`baseattacktime`), `rangeattacktime` = VALUES(`rangeattacktime`), `unit_class` = VALUES(`unit_class`), `resistance1` = VALUES(`resistance1`), `resistance2` = VALUES(`resistance2`), `resistance3` = VALUES(`resistance3`), `resistance4` = VALUES(`resistance4`), `resistance5` = VALUES(`resistance5`), `resistance6` = VALUES(`resistance6`), `speed_walk` = VALUES(`speed_walk`), `speed_run` = VALUES(`speed_run`), `spell1` = VALUES(`spell1`), `spell2` = VALUES(`spell2`), `spell3` = VALUES(`spell3`), `spell4` = VALUES(`spell4`), `spell5` = VALUES(`spell5`), `spell6` = VALUES(`spell6`), `spell7` = VALUES(`spell7`), `spell8` = VALUES(`spell8`), `BuildVerified` = VALUES(`BuildVerified`);
		INSERT INTO creature_equip_template (`entry`, `id`, `itemEntry1`, `itemEntry2`, `itemEntry3`) VALUES(81494, 1, 11922, 0, 44217) ON DUPLICATE KEY UPDATE `entry` = VALUES(`entry`), `id` = VALUES(`id`), `itemEntry1` = VALUES(`itemEntry1`), `itemEntry2` = VALUES(`itemEntry2`), `itemEntry3` = VALUES(`itemEntry3`);

		INSERT INTO creature_template (`entry`, `name`, `subname`, `IconName`, `RacialLeader`, `family`, `type`, `modelid1`, `modelid2`, `modelid3`, `modelid4`, `questItem1`, `questItem2`, `questItem3`, `questItem4`, `questItem5`, `questItem6`, `unit_flags`, `unit_flags2`, `Health_mod`, `Mana_mod`, `Armor_mod`, `rank`, `KillCredit1`, `KillCredit2`, `movementId`, `scale`, `minlevel`, `maxlevel`, `faction`, `baseattacktime`, `rangeattacktime`, `unit_class`, `resistance1`, `resistance2`, `resistance3`, `resistance4`, `resistance5`, `resistance6`, `speed_walk`, `speed_run`, `spell1`, `spell2`, `spell3`, `spell4`, `spell5`, `spell6`, `spell7`, `spell8`, `BuildVerified`) VALUES(86979, "Tormak the Scarred", "", "", 0, 0, 7, 24425, 0, 0, 0, 0, 0, 0, 0, 0, 0, 0, 0, 10, 1, 1, 0, 0, 0, 0, 1, 75, 75, 2110, 2000, 2000, 1, 0, 0, 0, 0, 0, 0, 1, 1.142857, 0, 0, 0, 0, 0, 0, 0, 0, 0) ON DUPLICATE KEY UPDATE `entry` = VALUES(`entry`), `name` = VALUES(`name`), `subname` = VALUES(`subname`), `IconName` = VALUES(`IconName`), `RacialLeader` = VALUES(`RacialLeader`), `family` = VALUES(`family`), `type` = VALUES(`type`), `modelid1` = VALUES(`modelid1`), `modelid2` = VALUES(`modelid2`), `modelid3` = VALUES(`modelid3`), `modelid4` = VALUES(`modelid4`), `questItem1` = VALUES(`questItem1`), `questItem2` = VALUES(`questItem2`), `questItem3` = VALUES(`questItem3`), `questItem4` = VALUES(`questItem4`), `questItem5` = VALUES(`questItem5`), `questItem6` = VALUES(`questItem6`), `unit_flags` = VALUES(`unit_flags`), `unit_flags2` = VALUES(`unit_flags2`), `Health_mod` = VALUES(`Health_mod`), `Mana_mod` = VALUES(`Mana_mod`), `Armor_mod` = VALUES(`Armor_mod`), `rank` = VALUES(`rank`), `KillCredit1` = VALUES(`KillCredit1`), `KillCredit2` = VALUES(`KillCredit2`), `movementId` = VALUES(`movementId`), `scale` = VALUES(`scale`), `minlevel` = VALUES(`minlevel`), `maxlevel` = VALUES(`maxlevel`), `faction` = VALUES(`faction`), `baseattacktime` = VALUES(`baseattacktime`), `rangeattacktime` = VALUES(`rangeattacktime`), `unit_class` = VALUES(`unit_class`), `resistance1` = VALUES(`resistance1`), `resistance2` = VALUES(`resistance2`), `resistance3` = VALUES(`resistance3`), `resistance4` = VALUES(`resistance4`), `resistance5` = VALUES(`resistance5`), `resistance6` = VALUES(`resistance6`), `speed_walk` = VALUES(`speed_walk`), `speed_run` = VALUES(`speed_run`), `spell1` = VALUES(`spell1`), `spell2` = VALUES(`spell2`), `spell3` = VALUES(`spell3`), `spell4` = VALUES(`spell4`), `spell5` = VALUES(`spell5`), `spell6` = VALUES(`spell6`), `spell7` = VALUES(`spell7`), `spell8` = VALUES(`spell8`), `BuildVerified` = VALUES(`BuildVerified`);
		INSERT INTO creature_equip_template (`entry`, `id`, `itemEntry1`, `itemEntry2`, `itemEntry3`) VALUES(86979, 1, 24512, 0, 0) ON DUPLICATE KEY UPDATE `entry` = VALUES(`entry`), `id` = VALUES(`id`), `itemEntry1` = VALUES(`itemEntry1`), `itemEntry2` = VALUES(`itemEntry2`), `itemEntry3` = VALUES(`itemEntry3`);
		UPDATE creature_template SET npcflag = npcflag | 1, scriptname = "npc_Tormak_Garr" WHERE entry = 86979;
		
		INSERT INTO creature_template (`entry`, `name`, `subname`, `IconName`, `RacialLeader`, `family`, `type`, `modelid1`, `modelid2`, `modelid3`, `modelid4`, `questItem1`, `questItem2`, `questItem3`, `questItem4`, `questItem5`, `questItem6`, `unit_flags`, `unit_flags2`, `Health_mod`, `Mana_mod`, `Armor_mod`, `rank`, `KillCredit1`, `KillCredit2`, `movementId`, `scale`, `minlevel`, `maxlevel`, `faction`, `baseattacktime`, `rangeattacktime`, `unit_class`, `resistance1`, `resistance2`, `resistance3`, `resistance4`, `resistance5`, `resistance6`, `speed_walk`, `speed_run`, `spell1`, `spell2`, `spell3`, `spell4`, `spell5`, `spell6`, `spell7`, `spell8`, `BuildVerified`) VALUES(87242, "Sage Paluna", "", "", 0, 0, 7, 23921, 0, 0, 0, 0, 0, 0, 0, 0, 0, 0, 0, 2, 1, 1, 0, 0, 0, 0, 1, 75, 75, 2110, 2000, 2000, 1, 0, 0, 0, 0, 0, 0, 1, 1.142857, 0, 0, 0, 0, 0, 0, 0, 0, 0) ON DUPLICATE KEY UPDATE `entry` = VALUES(`entry`), `name` = VALUES(`name`), `subname` = VALUES(`subname`), `IconName` = VALUES(`IconName`), `RacialLeader` = VALUES(`RacialLeader`), `family` = VALUES(`family`), `type` = VALUES(`type`), `modelid1` = VALUES(`modelid1`), `modelid2` = VALUES(`modelid2`), `modelid3` = VALUES(`modelid3`), `modelid4` = VALUES(`modelid4`), `questItem1` = VALUES(`questItem1`), `questItem2` = VALUES(`questItem2`), `questItem3` = VALUES(`questItem3`), `questItem4` = VALUES(`questItem4`), `questItem5` = VALUES(`questItem5`), `questItem6` = VALUES(`questItem6`), `unit_flags` = VALUES(`unit_flags`), `unit_flags2` = VALUES(`unit_flags2`), `Health_mod` = VALUES(`Health_mod`), `Mana_mod` = VALUES(`Mana_mod`), `Armor_mod` = VALUES(`Armor_mod`), `rank` = VALUES(`rank`), `KillCredit1` = VALUES(`KillCredit1`), `KillCredit2` = VALUES(`KillCredit2`), `movementId` = VALUES(`movementId`), `scale` = VALUES(`scale`), `minlevel` = VALUES(`minlevel`), `maxlevel` = VALUES(`maxlevel`), `faction` = VALUES(`faction`), `baseattacktime` = VALUES(`baseattacktime`), `rangeattacktime` = VALUES(`rangeattacktime`), `unit_class` = VALUES(`unit_class`), `resistance1` = VALUES(`resistance1`), `resistance2` = VALUES(`resistance2`), `resistance3` = VALUES(`resistance3`), `resistance4` = VALUES(`resistance4`), `resistance5` = VALUES(`resistance5`), `resistance6` = VALUES(`resistance6`), `speed_walk` = VALUES(`speed_walk`), `speed_run` = VALUES(`speed_run`), `spell1` = VALUES(`spell1`), `spell2` = VALUES(`spell2`), `spell3` = VALUES(`spell3`), `spell4` = VALUES(`spell4`), `spell5` = VALUES(`spell5`), `spell6` = VALUES(`spell6`), `spell7` = VALUES(`spell7`), `spell8` = VALUES(`spell8`), `BuildVerified` = VALUES(`BuildVerified`);
		INSERT INTO creature_equip_template (`entry`, `id`, `itemEntry1`, `itemEntry2`, `itemEntry3`) VALUES(87242, 1, 24512, 0, 0) ON DUPLICATE KEY UPDATE `entry` = VALUES(`entry`), `id` = VALUES(`id`), `itemEntry1` = VALUES(`itemEntry1`), `itemEntry2` = VALUES(`itemEntry2`), `itemEntry3` = VALUES(`itemEntry3`);
		UPDATE creature_template SET npcflag = npcflag | 1, scriptname = "npc_SagePaluna_Garr" WHERE entry = 87242;

		-- plot content (only fixed spawn are tormak and ka'la (81494), else is dynamic)

		DELETE FROM garrison_plot_content WHERE plot_type_or_building = -65 AND faction_index = 1; -- horde
		insert into `garrison_plot_content` (`plot_type_or_building`, `faction_index`, `creature_or_gob`, `x`, `y`, `z`, `o`) values('-65','1','86974','2.35014','0.122752','1.14831','0.745757');


		/* Quests list : 
		-- Elever un elekk
		36946
		Dressage d'elekk : 
		37063
		37064
		37065
		37066
		37067
		37068
		37069
		-- Capturer un sabot fourchu
		36912
		Dressage de Sabot-Fourchu
		37048
		37049
		37050
		37051
		37052
		37053
		37054
		37055
		37056
		37057
		37058
		37059
		Sangler un sanglier
		36944
		Dressage de Sanglier
		37032
		37033
		37034
		37035
		37036
		37037
		37038
		37039
		37040
		37041*/

		REPLACE INTO creature_queststarter VALUES
		(86979, 36912),
		(86979, 37068),
		(86979, 37067),
		(86979, 37069),
		(86979, 37066),
		(86979, 37063),
		(86979, 37065),
		(86979, 37064),
		(86979, 37052),
		(86979, 37058),
		(86979, 37050),
		(86979, 37057),
		(86979, 37051),
		(86979, 37048),
		(86979, 37059),
		(86979, 37056),
		(86979, 37053),
		(86979, 37055),
		(86979, 37049),
		(86979, 37054),
		(86979, 37034),
		(86979, 37040),
		(86979, 37032),
		(86979, 37039),
		(86979, 37033),
		(86979, 37041),
		(86979, 37038),
		(86979, 37035),
		(86979, 37037),
		(86979, 37036),
		(86979, 36946),
		(86979, 36944);

		REPLACE INTO creature_questender VALUES
		(86979, 36912),
		(86979, 37068),
		(86979, 37067),
		(86979, 37069),
		(86979, 37066),
		(86979, 37063),
		(86979, 37065),
		(86979, 37064),
		(86979, 37052),
		(86979, 37058),
		(86979, 37050),
		(86979, 37057),
		(86979, 37051),
		(86979, 37048),
		(86979, 37059),
		(86979, 37056),
		(86979, 37053),
		(86979, 37055),
		(86979, 37049),
		(86979, 37054),
		(86979, 37034),
		(86979, 37040),
		(86979, 37032),
		(86979, 37039),
		(86979, 37033),
		(86979, 37041),
		(86979, 37038),
		(86979, 37035),
		(86979, 37037),
		(86979, 37036),
		(86979, 36946),
		(86979, 36944);

		-- sage paluna


		/* Quests list : 
		-- Lier un Loup
		36950
		Dressage de loup : 
		37105 
		37106 
		37107 
		37108 
		37109 
		37110 
		37111
		-- Prendre un potamodonte
		36945
		Dressage de potamodonte
		37071
		37072
		37073
		37074
		37075
		37076
		37077
		37078
		37079
		Terrasser un Talbuk
		36917
		Dressage de Talbuk
		37093
		37094
		37095
		37096
		37097
		37098
		37099
		37100
		37101
		37102
		37103
		37104

		*/
		
		REPLACE INTO creature_queststarter VALUES
		(87242, 36950),
		(87242, 37105),
		(87242, 37106),
		(87242, 37107),
		(87242, 37108),
		(87242, 37109),
		(87242, 37110),
		(87242, 37111),
		(87242, 36945),
		(87242, 37071),
		(87242, 37072),
		(87242, 37073),
		(87242, 37074),
		(87242, 37075),
		(87242, 37076),
		(87242, 37077),
		(87242, 37078),
		(87242, 37079),
		(87242, 36917),
		(87242, 37093),
		(87242, 37094),
		(87242, 37095),
		(87242, 37096),
		(87242, 37097),
		(87242, 37098),
		(87242, 37099),
		(87242, 37100),
		(87242, 37101),
		(87242, 37102),
		(87242, 37103),
		(87242, 37104);

		REPLACE INTO creature_questender VALUES
		(87242, 36950),
		(87242, 37105),
		(87242, 37106),
		(87242, 37107),
		(87242, 37108),
		(87242, 37109),
		(87242, 37110),
		(87242, 37111),
		(87242, 36945),
		(87242, 37071),
		(87242, 37072),
		(87242, 37073),
		(87242, 37074),
		(87242, 37075),
		(87242, 37076),
		(87242, 37077),
		(87242, 37078),
		(87242, 37079),
		(87242, 36917),
		(87242, 37093),
		(87242, 37094),
		(87242, 37095),
		(87242, 37096),
		(87242, 37097),
		(87242, 37098),
		(87242, 37099),
		(87242, 37100),
		(87242, 37101),
		(87242, 37102),
		(87242, 37103),
		(87242, 37104);

-- LEVEL 2

-- LEVEL 3-- LEVEL 1

	-- Guild Vault - 205494
	INSERT INTO gameobject_template (`entry`, `type`, `displayId`, `name`, `IconName`, `castBarCaption`, `unk1`, `faction`, `flags`, `size`, `questItem1`, `questItem2`, `questItem3`, `questItem4`, `questItem5`, `questItem6`, `data0`, `data1`, `data2`, `data3`, `data4`, `data5`, `data6`, `data7`, `data8`, `data9`, `data10`, `data11`, `data12`, `data13`, `data14`, `data15`, `data16`, `data17`, `data18`, `data19`, `data20`, `data21`, `data22`, `data23`, `data24`, `data25`, `data26`, `data27`, `data28`, `data29`, `data30`, `data31`, `data32`, `unkInt32`, `BuildVerified`) VALUES(205494, 34, 7605, "Guild Vault", "", "", "", 2159, 0, 1.5, 0, 0, 0, 0, 0, 0, 0, 0, 0, 0, 0, 0, 0, 0, 0, 0, 0, 0, 0, 0, 0, 0, 0, 0, 0, 0, 0, 0, 0, 0, 0, 0, 0, 0, 0, 0, 0, 0, 0, 0, 0) ON DUPLICATE KEY UPDATE `entry` = VALUES(`entry`), `type` = VALUES(`type`), `displayId` = VALUES(`displayId`), `name` = VALUES(`name`), `IconName` = VALUES(`IconName`), `castBarCaption` = VALUES(`castBarCaption`), `unk1` = VALUES(`unk1`), `faction` = VALUES(`faction`), `flags` = VALUES(`flags`), `size` = VALUES(`size`), `questItem1` = VALUES(`questItem1`), `questItem2` = VALUES(`questItem2`), `questItem3` = VALUES(`questItem3`), `questItem4` = VALUES(`questItem4`), `questItem5` = VALUES(`questItem5`), `questItem6` = VALUES(`questItem6`), `data0` = VALUES(`data0`), `data1` = VALUES(`data1`), `data2` = VALUES(`data2`), `data3` = VALUES(`data3`), `data4` = VALUES(`data4`), `data5` = VALUES(`data5`), `data6` = VALUES(`data6`), `data7` = VALUES(`data7`), `data8` = VALUES(`data8`), `data9` = VALUES(`data9`), `data10` = VALUES(`data10`), `data11` = VALUES(`data11`), `data12` = VALUES(`data12`), `data13` = VALUES(`data13`), `data14` = VALUES(`data14`), `data15` = VALUES(`data15`), `data16` = VALUES(`data16`), `data17` = VALUES(`data17`), `data18` = VALUES(`data18`), `data19` = VALUES(`data19`), `data20` = VALUES(`data20`), `data21` = VALUES(`data21`), `data22` = VALUES(`data22`), `data23` = VALUES(`data23`), `data24` = VALUES(`data24`), `data25` = VALUES(`data25`), `data26` = VALUES(`data26`), `data27` = VALUES(`data27`), `data28` = VALUES(`data28`), `data29` = VALUES(`data29`), `data30` = VALUES(`data30`), `data31` = VALUES(`data31`), `data32` = VALUES(`data32`), `unkInt32` = VALUES(`unkInt32`), `BuildVerified` = VALUES(`BuildVerified`);

	UPDATE creature_template SET npcFlag = npcFlag | 131072 WHERE entry=79862;
	REPLACE INTO `gameobject_template` (`entry`, `type`, `displayId`, `name`, `IconName`, `castBarCaption`, `unk1`, `faction`, `flags`, `size`, `questItem1`, `questItem2`, `questItem3`, `questItem4`, `questItem5`, `questItem6`, `data0`, `data1`, `data2`, `data3`, `data4`, `data5`, `data6`, `data7`, `data8`, `data9`, `data10`, `data11`, `data12`, `data13`, `data14`, `data15`, `data16`, `data17`, `data18`, `data19`, `data20`, `data21`, `data22`, `data23`, `data24`, `data25`, `data26`, `data27`, `data28`, `data29`, `data30`, `data31`, `data32`, `unkInt32`, `AIName`, `ScriptName`, `BuildVerified`) VALUE('237257','3','17115','Crate of Surplus Material','questinteract','Gathering','','0','0','1.5','118417','0','0','0','0','0','43','-1','0','0','1','0','-1','0','37060','0','0','0','0','0','24982','0','0','29244','0','0','0','0','0','0','0','0','0','0','0','0','56620','1','0','0','','','1');

	REPLACE INTO creature_queststarter VALUE (79862, 37060);
	REPLACE INTO creature_questender VALUE (79862, 37060);
	UPDATE quest_template_objective SET flags = flags | 0x04 WHERE questid IN (37087, 37060); -- tempfix for first quest
	DELETE FROM garrison_plot_content WHERE plot_type_or_building=-51 AND faction_index = 0;
	INSERT INTO `garrison_plot_content` (`plot_type_or_building`, `faction_index`, `creature_or_gob`, `x`, `y`, `z`, `o`) VALUES('-51','0','79862','1.66546','-0.009018','1.31065','-0.01372');

-- LEVEL 2

	-- Guild Vault - 205494
	DELETE FROM garrison_plot_content WHERE plot_type_or_building = -142 AND faction_index = 0;
	INSERT INTO `garrison_plot_content` (`plot_type_or_building`, `faction_index`, `creature_or_gob`, `x`, `y`, `z`, `o`) VALUE('-142','0','-205494','2.30385','-5.72452','0.393913','2.54402');
	INSERT INTO `garrison_plot_content` (`plot_type_or_building`, `faction_index`, `creature_or_gob`, `x`, `y`, `z`, `o`) VALUE('-142','0','79862','1.97064','3.37736','0.893913','5.87175');


-- LEVEL 3

	DELETE FROM garrison_plot_content WHERE plot_type_or_building = -143 AND faction_index = 0;

	-- Gardien du coffre Maeelthas
	UPDATE creature_template SET npcFlag=npcFlag | 536870912 WHERE entry = 85288;

	-- Tisse-dimensions Farshlah
	UPDATE creature_template SET npcFlag=npcFlag | 268435456 WHERE entry = 85289;
	
	INSERT INTO `garrison_plot_content` (`plot_type_or_building`, `faction_index`, `creature_or_gob`, `x`, `y`, `z`, `o`) VALUE('-143','0','79862','3.18113','2.77264','1.22987','5.81442');
	INSERT INTO `garrison_plot_content` (`plot_type_or_building`, `faction_index`, `creature_or_gob`, `x`, `y`, `z`, `o`) VALUE('-143','0','-205494','0.577961','-2.4591','0.729866','1.64788');
	INSERT INTO `garrison_plot_content` (`plot_type_or_building`, `faction_index`, `creature_or_gob`, `x`, `y`, `z`, `o`) VALUE('-143','0','85288','-0.986507','5.12795','1.31058','5.15077');
	INSERT INTO `garrison_plot_content` (`plot_type_or_building`, `faction_index`, `creature_or_gob`, `x`, `y`, `z`, `o`) VALUE('-143','0','85289','-1.83379','-1.11583','1.31058','1.53402');

-- LEVEL 1

REPLACE INTO creature_template (`entry`, `name`, `subname`, `IconName`, `RacialLeader`, `family`, `type`, `modelid1`, `modelid2`, `modelid3`, `modelid4`, `questItem1`, `questItem2`, `questItem3`, `questItem4`, `questItem5`, `questItem6`, `unit_flags`, `unit_flags2`, `Health_mod`, `Mana_mod`, `Armor_mod`, `rank`, `KillCredit1`, `KillCredit2`, `movementId`, `scale`, `minlevel`, `maxlevel`, `faction`, `baseattacktime`, `rangeattacktime`, `unit_class`, `resistance1`, `resistance2`, `resistance3`, `resistance4`, `resistance5`, `resistance6`, `speed_walk`, `speed_run`, `spell1`, `spell2`, `spell3`, `spell4`, `spell5`, `spell6`, `spell7`, `spell8`, `BuildVerified`) VALUES(79864, "Warra the Weaver", "Tailor", "trainer", 0, 0, 7, 56711, 0, 0, 0, 0, 0, 0, 0, 0, 0, 4096, 0, 1, 1, 1, 0, 0, 0, 0, 1, 1, 1, 35, 2000, 2000, 1, 0, 0, 0, 0, 0, 0, 1, 1, 0, 0, 0, 0, 0, 0, 0, 0, 19702);
REPLACE INTO creature_template (`entry`, `name`, `subname`, `IconName`, `RacialLeader`, `family`, `type`, `modelid1`, `modelid2`, `modelid3`, `modelid4`, `questItem1`, `questItem2`, `questItem3`, `questItem4`, `questItem5`, `questItem6`, `unit_flags`, `unit_flags2`, `Health_mod`, `Mana_mod`, `Armor_mod`, `rank`, `KillCredit1`, `KillCredit2`, `movementId`, `scale`, `minlevel`, `maxlevel`, `faction`, `baseattacktime`, `rangeattacktime`, `unit_class`, `resistance1`, `resistance2`, `resistance3`, `resistance4`, `resistance5`, `resistance6`, `speed_walk`, `speed_run`, `spell1`, `spell2`, `spell3`, `spell4`, `spell5`, `spell6`, `spell7`, `spell8`, `BuildVerified`) VALUES(79863, "Turga", "Work Orders", "workorders", 0, 0, 7, 56710, 0, 0, 0, 0, 0, 0, 0, 0, 0, 4096, 0, 1, 1, 1, 0, 0, 0, 0, 1, 1, 1, 35, 2000, 2000, 1, 0, 0, 0, 0, 0, 0, 1, 1, 0, 0, 0, 0, 0, 0, 0, 0, 19702);
REPLACE INTO creature_model_info (`modelid`, `bounding_radius`, `combat_reach`, `gender`) VALUES(56711, 0.389, 1.5, 0);
REPLACE INTO creature_model_info (`modelid`, `bounding_radius`, `combat_reach`, `gender`) VALUES(56710, 0.389, 1.5, 0);

UPDATE creature_template SET ScriptName="npc_WarraTheWeaver_Garr", npcFlag=3, minlevel=90, maxlevel=90 WHERE entry=79864;
UPDATE creature_template SET ScriptName="npc_Turga_Garr", npcFlag=3, npcFlag2=32, minlevel=90, maxlevel=90 WHERE entry=79863;

DELETE FROM creature_queststarter    WHERE id=79864 AND quest=37575;
DELETE FROM creature_questender WHERE id=79863 AND quest=37575;
INSERT INTO `creature_queststarter` (`id`, `quest`) values('79864','37575');
INSERT INTO `creature_questender` (`id`, `quest`) values('79863','37575');

REPLACE INTO gameobject_template (`entry`, `type`, `displayId`, `name`, `IconName`, `castBarCaption`, `unk1`, `size`, `questItem1`, `questItem2`, `questItem3`, `questItem4`, `questItem5`, `questItem6`, `data0`, `data1`, `data2`, `data3`, `data4`, `data5`, `data6`, `data7`, `data8`, `data9`, `data10`, `data11`, `data12`, `data13`, `data14`, `data15`, `data16`, `data17`, `data18`, `data19`, `data20`, `data21`, `data22`, `data23`, `data24`, `data25`, `data26`, `data27`, `data28`, `data29`, `data30`, `data31`, `data32`, `unkInt32`, `BuildVerified`) VALUES(237181, 45, 20508, "Tailoring Work Order", "", "", "", 1, 0, 0, 0, 0, 0, 0, 64, 0, 0, 0, 0, 0, 0, 0, 0, 0, 0, 0, 0, 0, 0, 0, 0, 0, 0, 0, 0, 0, 0, 0, 0, 0, 0, 0, 0, 0, 0, 0, 0, 0, 19702);

DELETE FROM garrison_plot_content WHERE plot_type_or_building=-94 AND faction_index = 0;
insert into `garrison_plot_content` (`plot_type_or_building`, `faction_index`, `creature_or_gob`, `x`, `y`, `z`, `o`) values('-94','0','79864','2.44121','-1.80831','1.18031','0.552143');
insert into `garrison_plot_content` (`plot_type_or_building`, `faction_index`, `creature_or_gob`, `x`, `y`, `z`, `o`) values('-94','0','79863','0.99776','0.836435','1.18031','6.22665');
insert into `garrison_plot_content` (`plot_type_or_building`, `faction_index`, `creature_or_gob`, `x`, `y`, `z`, `o`) values('-94','0','-237181','8.26871','-7.67436','-0.058136','0.849014');

UPDATE gameobject_template SET flags=0, ScriptName="go_garrison_shipment_container" WHERE TYPE=45;

-- LEVEL 2

	DELETE FROM garrison_plot_content WHERE plot_type_or_building=-127 AND faction_index = 0;
	insert into `garrison_plot_content` (`plot_type_or_building`, `faction_index`, `creature_or_gob`, `x`, `y`, `z`, `o`) values('-127','0','79864','2.16999','3.46194','1.22659','4.29232');
	insert into `garrison_plot_content` (`plot_type_or_building`, `faction_index`, `creature_or_gob`, `x`, `y`, `z`, `o`) values('-127','0','79863','0.616883','-3.59242','1.22659','0.934741');
	insert into `garrison_plot_content` (`plot_type_or_building`, `faction_index`, `creature_or_gob`, `x`, `y`, `z`, `o`) values('-127','0','-237181','10.9672','-2.36038','0.000267','5.91024');


-- LEVEL 3

	DELETE FROM garrison_plot_content WHERE plot_type_or_building=-128 AND faction_index = 0;
	insert into `garrison_plot_content` (`plot_type_or_building`, `faction_index`, `creature_or_gob`, `x`, `y`, `z`, `o`) values('-128','0','79863','2.457','4.96839','0.705803','3.60117');
	insert into `garrison_plot_content` (`plot_type_or_building`, `faction_index`, `creature_or_gob`, `x`, `y`, `z`, `o`) values('-128','0','79864','1.10638','-4.90766','0.705803','1.79083');
	insert into `garrison_plot_content` (`plot_type_or_building`, `faction_index`, `creature_or_gob`, `x`, `y`, `z`, `o`) values('-128','0','-237181','10.996','-2.17787','0.001602','6.14586');
-- LEVEL 1

	INSERT INTO creature_template (`entry`, `name`, `subname`, `IconName`, `RacialLeader`, `family`, `type`, `modelid1`, `modelid2`, `modelid3`, `modelid4`, `questItem1`, `questItem2`, `questItem3`, `questItem4`, `questItem5`, `questItem6`, `unit_flags`, `unit_flags2`, `Health_mod`, `Mana_mod`, `Armor_mod`, `rank`, `KillCredit1`, `KillCredit2`, `movementId`, `scale`, `minlevel`, `maxlevel`, `faction`, `baseattacktime`, `rangeattacktime`, `unit_class`, `resistance1`, `resistance2`, `resistance3`, `resistance4`, `resistance5`, `resistance6`, `speed_walk`, `speed_run`, `spell1`, `spell2`, `spell3`, `spell4`, `spell5`, `spell6`, `spell7`, `spell8`, `BuildVerified`) VALUES(79817, "Kinja", "Blacksmith's Assistant", "pickup", 0, 0, 7, 56567, 0, 0, 0, 0, 0, 0, 0, 0, 0, 4096, 0, 1, 1, 1, 0, 0, 0, 0, 1, 90, 90, 1734, 2000, 2000, 1, 0, 0, 0, 0, 0, 0, 1, 1.142857, 0, 0, 0, 0, 0, 0, 0, 0, 19342) ON DUPLICATE KEY UPDATE `entry` = VALUES(`entry`), `name` = VALUES(`name`), `subname` = VALUES(`subname`), `IconName` = VALUES(`IconName`), `RacialLeader` = VALUES(`RacialLeader`), `family` = VALUES(`family`), `type` = VALUES(`type`), `modelid1` = VALUES(`modelid1`), `modelid2` = VALUES(`modelid2`), `modelid3` = VALUES(`modelid3`), `modelid4` = VALUES(`modelid4`), `questItem1` = VALUES(`questItem1`), `questItem2` = VALUES(`questItem2`), `questItem3` = VALUES(`questItem3`), `questItem4` = VALUES(`questItem4`), `questItem5` = VALUES(`questItem5`), `questItem6` = VALUES(`questItem6`), `unit_flags` = VALUES(`unit_flags`), `unit_flags2` = VALUES(`unit_flags2`), `Health_mod` = VALUES(`Health_mod`), `Mana_mod` = VALUES(`Mana_mod`), `Armor_mod` = VALUES(`Armor_mod`), `rank` = VALUES(`rank`), `KillCredit1` = VALUES(`KillCredit1`), `KillCredit2` = VALUES(`KillCredit2`), `movementId` = VALUES(`movementId`), `scale` = VALUES(`scale`), `minlevel` = VALUES(`minlevel`), `maxlevel` = VALUES(`maxlevel`), `faction` = VALUES(`faction`), `baseattacktime` = VALUES(`baseattacktime`), `rangeattacktime` = VALUES(`rangeattacktime`), `unit_class` = VALUES(`unit_class`), `resistance1` = VALUES(`resistance1`), `resistance2` = VALUES(`resistance2`), `resistance3` = VALUES(`resistance3`), `resistance4` = VALUES(`resistance4`), `resistance5` = VALUES(`resistance5`), `resistance6` = VALUES(`resistance6`), `speed_walk` = VALUES(`speed_walk`), `speed_run` = VALUES(`speed_run`), `spell1` = VALUES(`spell1`), `spell2` = VALUES(`spell2`), `spell3` = VALUES(`spell3`), `spell4` = VALUES(`spell4`), `spell5` = VALUES(`spell5`), `spell6` = VALUES(`spell6`), `spell7` = VALUES(`spell7`), `spell8` = VALUES(`spell8`), `BuildVerified` = VALUES(`BuildVerified`);
	INSERT INTO creature_equip_template (`entry`, `id`, `itemEntry1`, `itemEntry2`, `itemEntry3`) VALUES(79817, 1, 74776, 0, 0) ON DUPLICATE KEY UPDATE `entry` = VALUES(`entry`), `id` = VALUES(`id`), `itemEntry1` = VALUES(`itemEntry1`), `itemEntry2` = VALUES(`itemEntry2`), `itemEntry3` = VALUES(`itemEntry3`);

	INSERT INTO creature_template (`entry`, `name`, `subname`, `IconName`, `RacialLeader`, `family`, `type`, `modelid1`, `modelid2`, `modelid3`, `modelid4`, `questItem1`, `questItem2`, `questItem3`, `questItem4`, `questItem5`, `questItem6`, `unit_flags`, `unit_flags2`, `Health_mod`, `Mana_mod`, `Armor_mod`, `rank`, `KillCredit1`, `KillCredit2`, `movementId`, `scale`, `minlevel`, `maxlevel`, `faction`, `baseattacktime`, `rangeattacktime`, `unit_class`, `resistance1`, `resistance2`, `resistance3`, `resistance4`, `resistance5`, `resistance6`, `speed_walk`, `speed_run`, `spell1`, `spell2`, `spell3`, `spell4`, `spell5`, `spell6`, `spell7`, `spell8`, `BuildVerified`) VALUES(79867, "Orgek Ironhand", "Blacksmith", "trainer", 0, 0, 7, 56716, 0, 0, 0, 0, 0, 0, 0, 0, 0, 4096, 0, 1, 1, 1, 0, 0, 0, 0, 1, 90, 90, 1734, 2000, 2000, 1, 0, 0, 0, 0, 0, 0, 1, 1.142857, 154786, 0, 0, 0, 0, 0, 0, 0, 19342) ON DUPLICATE KEY UPDATE `entry` = VALUES(`entry`), `name` = VALUES(`name`), `subname` = VALUES(`subname`), `IconName` = VALUES(`IconName`), `RacialLeader` = VALUES(`RacialLeader`), `family` = VALUES(`family`), `type` = VALUES(`type`), `modelid1` = VALUES(`modelid1`), `modelid2` = VALUES(`modelid2`), `modelid3` = VALUES(`modelid3`), `modelid4` = VALUES(`modelid4`), `questItem1` = VALUES(`questItem1`), `questItem2` = VALUES(`questItem2`), `questItem3` = VALUES(`questItem3`), `questItem4` = VALUES(`questItem4`), `questItem5` = VALUES(`questItem5`), `questItem6` = VALUES(`questItem6`), `unit_flags` = VALUES(`unit_flags`), `unit_flags2` = VALUES(`unit_flags2`), `Health_mod` = VALUES(`Health_mod`), `Mana_mod` = VALUES(`Mana_mod`), `Armor_mod` = VALUES(`Armor_mod`), `rank` = VALUES(`rank`), `KillCredit1` = VALUES(`KillCredit1`), `KillCredit2` = VALUES(`KillCredit2`), `movementId` = VALUES(`movementId`), `scale` = VALUES(`scale`), `minlevel` = VALUES(`minlevel`), `maxlevel` = VALUES(`maxlevel`), `faction` = VALUES(`faction`), `baseattacktime` = VALUES(`baseattacktime`), `rangeattacktime` = VALUES(`rangeattacktime`), `unit_class` = VALUES(`unit_class`), `resistance1` = VALUES(`resistance1`), `resistance2` = VALUES(`resistance2`), `resistance3` = VALUES(`resistance3`), `resistance4` = VALUES(`resistance4`), `resistance5` = VALUES(`resistance5`), `resistance6` = VALUES(`resistance6`), `speed_walk` = VALUES(`speed_walk`), `speed_run` = VALUES(`speed_run`), `spell1` = VALUES(`spell1`), `spell2` = VALUES(`spell2`), `spell3` = VALUES(`spell3`), `spell4` = VALUES(`spell4`), `spell5` = VALUES(`spell5`), `spell6` = VALUES(`spell6`), `spell7` = VALUES(`spell7`), `spell8` = VALUES(`spell8`), `BuildVerified` = VALUES(`BuildVerified`);
	INSERT INTO creature_equip_template (`entry`, `id`, `itemEntry1`, `itemEntry2`, `itemEntry3`) VALUES(79867, 1, 74776, 0, 0) ON DUPLICATE KEY UPDATE `entry` = VALUES(`entry`), `id` = VALUES(`id`), `itemEntry1` = VALUES(`itemEntry1`), `itemEntry2` = VALUES(`itemEntry2`), `itemEntry3` = VALUES(`itemEntry3`);

	INSERT INTO creature_model_info (`modelid`, `bounding_radius`, `combat_reach`, `gender`) VALUES(56567, 0.236, 1.5, 1) ON DUPLICATE KEY UPDATE `modelid` = VALUES(`modelid`), `bounding_radius` = VALUES(`bounding_radius`), `combat_reach` = VALUES(`combat_reach`), `gender` = VALUES(`gender`);
	INSERT INTO creature_model_info (`modelid`, `bounding_radius`, `combat_reach`, `gender`) VALUES(56716, 0.372, 1.5, 0) ON DUPLICATE KEY UPDATE `modelid` = VALUES(`modelid`), `bounding_radius` = VALUES(`bounding_radius`), `combat_reach` = VALUES(`combat_reach`), `gender` = VALUES(`gender`);

	UPDATE `creature_template_addon` SET `bytes1`='0',`bytes2`='0' WHERE `entry`='79817';
	UPDATE `creature_template_addon` SET `bytes1`='0',`bytes2`='0' WHERE `entry`='79867';

	UPDATE creature_template SET ScriptName="npc_OrgekIronhand_Garr", npcFlag=131, npcFlag2=128, minlevel=90, maxlevel=90, gossip_menu_id = 0 WHERE entry = 79867;
	UPDATE creature_template SET ScriptName="npc_Kinja_Garr", npcFlag=3, npcFlag2=32, minlevel=90, maxlevel=90, gossip_menu_id = 0 WHERE entry = 79817;

	DELETE FROM `npc_vendor` WHERE `entry` = 79867 AND `type` = 1;
	INSERT INTO `npc_vendor` (`entry`, `slot`, `item`, `maxcount`, `incrtime`, `ExtendedCost`, `type`) VALUES
	(79867, 0, 115356, 0, 0, 0, 1), 
	(79867, 0, 116726, 0, 0, 0, 1), 
	(79867, 0, 116727, 0, 0, 0, 1), 
	(79867, 0, 116728, 0, 0, 0, 1), 
	(79867, 0, 116729, 0, 0, 5336, 1), 
	(79867, 0, 116730, 0, 0, 5336, 1), 
	(79867, 0, 116731, 0, 0, 5336, 1), 
	(79867, 0, 116732, 0, 0, 5336, 1), 
	(79867, 0, 116733, 0, 0, 5336, 1), 
	(79867, 0, 116734, 0, 0, 5336, 1), 
	(79867, 0, 116735, 0, 0, 5336, 1), 
	(79867, 0, 116736, 0, 0, 5336, 1), 
	(79867, 0, 116737, 0, 0, 5336, 1), 
	(79867, 0, 116738, 0, 0, 5336, 1), 
	(79867, 0, 116739, 0, 0, 5336, 1), 
	(79867, 0, 116740, 0, 0, 5336, 1), 
	(79867, 0, 116741, 0, 0, 5336, 1), 
	(79867, 0, 116742, 0, 0, 5336, 1), 
	(79867, 0, 116743, 0, 0, 5337, 1), 
	(79867, 0, 116744, 0, 0, 5337, 1), 
	(79867, 0, 116745, 0, 0, 5337, 1), 
	(79867, 0, 116746, 0, 0, 5337, 1), 
	(79867, 0, 116764, 0, 0, 5336, 1), 
	(79867, 0, 118044, 0, 0, 5336, 1), 
	(79867, 0, 119329, 0, 0, 5336, 1), 
	(79867, 0, 120260, 0, 0, 5336, 1), 
	(79867, 0, 120262, 0, 0, 5336, 1);

	DELETE FROM creature_queststarter WHERE id=79867 AND quest=37569;
	INSERT INTO creature_queststarter(`id`, `quest`) values('79867','37569');

	DELETE FROM creature_questender WHERE id=79817 AND quest=37569;
	INSERT INTO creature_questender(`id`, `quest`) values('79817','37569');

	INSERT INTO gameobject_template (`entry`, `type`, `displayId`, `name`, `IconName`, `castBarCaption`, `unk1`, `faction`, `flags`, `size`, `questItem1`, `questItem2`, `questItem3`, `questItem4`, `questItem5`, `questItem6`, `data0`, `data1`, `data2`, `data3`, `data4`, `data5`, `data6`, `data7`, `data8`, `data9`, `data10`, `data11`, `data12`, `data13`, `data14`, `data15`, `data16`, `data17`, `data18`, `data19`, `data20`, `data21`, `data22`, `data23`, `data24`, `data25`, `data26`, `data27`, `data28`, `data29`, `data30`, `data31`, `data32`, `unkInt32`, `BuildVerified`) VALUES(225952, 8, 14650, "Anvil", "", "", "", 0, 96, 1, 0, 0, 0, 0, 0, 0, 1, 10, 0, 0, 0, 1, 0, 0, 0, 0, 0, 0, 0, 0, 0, 0, 0, 0, 0, 0, 0, 0, 0, 0, 0, 0, 0, 0, 0, 0, 0, 0, 0, 0, 19342) ON DUPLICATE KEY UPDATE `entry` = VALUES(`entry`), `type` = VALUES(`type`), `displayId` = VALUES(`displayId`), `name` = VALUES(`name`), `IconName` = VALUES(`IconName`), `castBarCaption` = VALUES(`castBarCaption`), `unk1` = VALUES(`unk1`), `faction` = VALUES(`faction`), `flags` = VALUES(`flags`), `size` = VALUES(`size`), `questItem1` = VALUES(`questItem1`), `questItem2` = VALUES(`questItem2`), `questItem3` = VALUES(`questItem3`), `questItem4` = VALUES(`questItem4`), `questItem5` = VALUES(`questItem5`), `questItem6` = VALUES(`questItem6`), `data0` = VALUES(`data0`), `data1` = VALUES(`data1`), `data2` = VALUES(`data2`), `data3` = VALUES(`data3`), `data4` = VALUES(`data4`), `data5` = VALUES(`data5`), `data6` = VALUES(`data6`), `data7` = VALUES(`data7`), `data8` = VALUES(`data8`), `data9` = VALUES(`data9`), `data10` = VALUES(`data10`), `data11` = VALUES(`data11`), `data12` = VALUES(`data12`), `data13` = VALUES(`data13`), `data14` = VALUES(`data14`), `data15` = VALUES(`data15`), `data16` = VALUES(`data16`), `data17` = VALUES(`data17`), `data18` = VALUES(`data18`), `data19` = VALUES(`data19`), `data20` = VALUES(`data20`), `data21` = VALUES(`data21`), `data22` = VALUES(`data22`), `data23` = VALUES(`data23`), `data24` = VALUES(`data24`), `data25` = VALUES(`data25`), `data26` = VALUES(`data26`), `data27` = VALUES(`data27`), `data28` = VALUES(`data28`), `data29` = VALUES(`data29`), `data30` = VALUES(`data30`), `data31` = VALUES(`data31`), `data32` = VALUES(`data32`), `unkInt32` = VALUES(`unkInt32`), `BuildVerified` = VALUES(`BuildVerified`);
	INSERT INTO gameobject_template (`entry`, `type`, `displayId`, `name`, `IconName`, `castBarCaption`, `unk1`, `faction`, `flags`, `size`, `questItem1`, `questItem2`, `questItem3`, `questItem4`, `questItem5`, `questItem6`, `data0`, `data1`, `data2`, `data3`, `data4`, `data5`, `data6`, `data7`, `data8`, `data9`, `data10`, `data11`, `data12`, `data13`, `data14`, `data15`, `data16`, `data17`, `data18`, `data19`, `data20`, `data21`, `data22`, `data23`, `data24`, `data25`, `data26`, `data27`, `data28`, `data29`, `data30`, `data31`, `data32`, `unkInt32`, `BuildVerified`) VALUES(237122, 8, 16747, "Forge", "", "", "", 0, 0, 0.9900001, 0, 0, 0, 0, 0, 0, 3, 10, 0, 0, 0, 0, 0, 0, 0, 0, 0, 0, 0, 0, 0, 0, 0, 0, 0, 0, 0, 0, 0, 0, 0, 0, 0, 0, 0, 0, 0, 0, 0, 0, 19342) ON DUPLICATE KEY UPDATE `entry` = VALUES(`entry`), `type` = VALUES(`type`), `displayId` = VALUES(`displayId`), `name` = VALUES(`name`), `IconName` = VALUES(`IconName`), `castBarCaption` = VALUES(`castBarCaption`), `unk1` = VALUES(`unk1`), `faction` = VALUES(`faction`), `flags` = VALUES(`flags`), `size` = VALUES(`size`), `questItem1` = VALUES(`questItem1`), `questItem2` = VALUES(`questItem2`), `questItem3` = VALUES(`questItem3`), `questItem4` = VALUES(`questItem4`), `questItem5` = VALUES(`questItem5`), `questItem6` = VALUES(`questItem6`), `data0` = VALUES(`data0`), `data1` = VALUES(`data1`), `data2` = VALUES(`data2`), `data3` = VALUES(`data3`), `data4` = VALUES(`data4`), `data5` = VALUES(`data5`), `data6` = VALUES(`data6`), `data7` = VALUES(`data7`), `data8` = VALUES(`data8`), `data9` = VALUES(`data9`), `data10` = VALUES(`data10`), `data11` = VALUES(`data11`), `data12` = VALUES(`data12`), `data13` = VALUES(`data13`), `data14` = VALUES(`data14`), `data15` = VALUES(`data15`), `data16` = VALUES(`data16`), `data17` = VALUES(`data17`), `data18` = VALUES(`data18`), `data19` = VALUES(`data19`), `data20` = VALUES(`data20`), `data21` = VALUES(`data21`), `data22` = VALUES(`data22`), `data23` = VALUES(`data23`), `data24` = VALUES(`data24`), `data25` = VALUES(`data25`), `data26` = VALUES(`data26`), `data27` = VALUES(`data27`), `data28` = VALUES(`data28`), `data29` = VALUES(`data29`), `data30` = VALUES(`data30`), `data31` = VALUES(`data31`), `data32` = VALUES(`data32`), `unkInt32` = VALUES(`unkInt32`), `BuildVerified` = VALUES(`BuildVerified`);
	INSERT INTO gameobject_template (`entry`, `type`, `displayId`, `name`, `IconName`, `castBarCaption`, `unk1`, `faction`, `flags`, `size`, `questItem1`, `questItem2`, `questItem3`, `questItem4`, `questItem5`, `questItem6`, `data0`, `data1`, `data2`, `data3`, `data4`, `data5`, `data6`, `data7`, `data8`, `data9`, `data10`, `data11`, `data12`, `data13`, `data14`, `data15`, `data16`, `data17`, `data18`, `data19`, `data20`, `data21`, `data22`, `data23`, `data24`, `data25`, `data26`, `data27`, `data28`, `data29`, `data30`, `data31`, `data32`, `unkInt32`, `BuildVerified`) VALUES(237123, 45, 20508, "Blacksmithing Work Order", "", "", "", 0, 0, 1, 0, 0, 0, 0, 0, 0, 58, 0, 0, 0, 0, 0, 0, 0, 0, 0, 0, 0, 0, 0, 0, 0, 0, 0, 0, 0, 0, 0, 0, 0, 0, 0, 0, 0, 0, 0, 0, 0, 0, 0, 19342) ON DUPLICATE KEY UPDATE `entry` = VALUES(`entry`), `type` = VALUES(`type`), `displayId` = VALUES(`displayId`), `name` = VALUES(`name`), `IconName` = VALUES(`IconName`), `castBarCaption` = VALUES(`castBarCaption`), `unk1` = VALUES(`unk1`), `faction` = VALUES(`faction`), `flags` = VALUES(`flags`), `size` = VALUES(`size`), `questItem1` = VALUES(`questItem1`), `questItem2` = VALUES(`questItem2`), `questItem3` = VALUES(`questItem3`), `questItem4` = VALUES(`questItem4`), `questItem5` = VALUES(`questItem5`), `questItem6` = VALUES(`questItem6`), `data0` = VALUES(`data0`), `data1` = VALUES(`data1`), `data2` = VALUES(`data2`), `data3` = VALUES(`data3`), `data4` = VALUES(`data4`), `data5` = VALUES(`data5`), `data6` = VALUES(`data6`), `data7` = VALUES(`data7`), `data8` = VALUES(`data8`), `data9` = VALUES(`data9`), `data10` = VALUES(`data10`), `data11` = VALUES(`data11`), `data12` = VALUES(`data12`), `data13` = VALUES(`data13`), `data14` = VALUES(`data14`), `data15` = VALUES(`data15`), `data16` = VALUES(`data16`), `data17` = VALUES(`data17`), `data18` = VALUES(`data18`), `data19` = VALUES(`data19`), `data20` = VALUES(`data20`), `data21` = VALUES(`data21`), `data22` = VALUES(`data22`), `data23` = VALUES(`data23`), `data24` = VALUES(`data24`), `data25` = VALUES(`data25`), `data26` = VALUES(`data26`), `data27` = VALUES(`data27`), `data28` = VALUES(`data28`), `data29` = VALUES(`data29`), `data30` = VALUES(`data30`), `data31` = VALUES(`data31`), `data32` = VALUES(`data32`), `unkInt32` = VALUES(`unkInt32`), `BuildVerified` = VALUES(`BuildVerified`);
	INSERT INTO gameobject_template (`entry`, `type`, `displayId`, `name`, `IconName`, `castBarCaption`, `unk1`, `faction`, `flags`, `size`, `questItem1`, `questItem2`, `questItem3`, `questItem4`, `questItem5`, `questItem6`, `data0`, `data1`, `data2`, `data3`, `data4`, `data5`, `data6`, `data7`, `data8`, `data9`, `data10`, `data11`, `data12`, `data13`, `data14`, `data15`, `data16`, `data17`, `data18`, `data19`, `data20`, `data21`, `data22`, `data23`, `data24`, `data25`, `data26`, `data27`, `data28`, `data29`, `data30`, `data31`, `data32`, `unkInt32`, `BuildVerified`) VALUES(237121, 8, 16746, "Anvil", "", "", "", 0, 32, 1, 0, 0, 0, 0, 0, 0, 1, 10, 0, 0, 0, 1, 0, 0, 0, 0, 0, 0, 0, 0, 0, 0, 0, 0, 0, 0, 0, 0, 0, 0, 0, 0, 0, 0, 0, 0, 0, 0, 0, 0, 19342) ON DUPLICATE KEY UPDATE `entry` = VALUES(`entry`), `type` = VALUES(`type`), `displayId` = VALUES(`displayId`), `name` = VALUES(`name`), `IconName` = VALUES(`IconName`), `castBarCaption` = VALUES(`castBarCaption`), `unk1` = VALUES(`unk1`), `faction` = VALUES(`faction`), `flags` = VALUES(`flags`), `size` = VALUES(`size`), `questItem1` = VALUES(`questItem1`), `questItem2` = VALUES(`questItem2`), `questItem3` = VALUES(`questItem3`), `questItem4` = VALUES(`questItem4`), `questItem5` = VALUES(`questItem5`), `questItem6` = VALUES(`questItem6`), `data0` = VALUES(`data0`), `data1` = VALUES(`data1`), `data2` = VALUES(`data2`), `data3` = VALUES(`data3`), `data4` = VALUES(`data4`), `data5` = VALUES(`data5`), `data6` = VALUES(`data6`), `data7` = VALUES(`data7`), `data8` = VALUES(`data8`), `data9` = VALUES(`data9`), `data10` = VALUES(`data10`), `data11` = VALUES(`data11`), `data12` = VALUES(`data12`), `data13` = VALUES(`data13`), `data14` = VALUES(`data14`), `data15` = VALUES(`data15`), `data16` = VALUES(`data16`), `data17` = VALUES(`data17`), `data18` = VALUES(`data18`), `data19` = VALUES(`data19`), `data20` = VALUES(`data20`), `data21` = VALUES(`data21`), `data22` = VALUES(`data22`), `data23` = VALUES(`data23`), `data24` = VALUES(`data24`), `data25` = VALUES(`data25`), `data26` = VALUES(`data26`), `data27` = VALUES(`data27`), `data28` = VALUES(`data28`), `data29` = VALUES(`data29`), `data30` = VALUES(`data30`), `data31` = VALUES(`data31`), `data32` = VALUES(`data32`), `unkInt32` = VALUES(`unkInt32`), `BuildVerified` = VALUES(`BuildVerified`);
	UPDATE gameobject_template SET flags=0, ScriptName="go_garrison_shipment_container" WHERE TYPE=45;

	DELETE FROM garrison_plot_content WHERE plot_type_or_building = -60 AND faction_index = 0;
	insert into `garrison_plot_content` (`plot_type_or_building`, `faction_index`, `creature_or_gob`, `x`, `y`, `z`, `o`) values('-60','0','-237121','-5.69576','0.3221','0.586494','0.298973');
	insert into `garrison_plot_content` (`plot_type_or_building`, `faction_index`, `creature_or_gob`, `x`, `y`, `z`, `o`) values('-60','0','-225952','1.73635','-3.6434','0.620094','5.14331');
	insert into `garrison_plot_content` (`plot_type_or_building`, `faction_index`, `creature_or_gob`, `x`, `y`, `z`, `o`) values('-60','0','-237122','-0.159725','5.85577','0.099098','6.28214');
	insert into `garrison_plot_content` (`plot_type_or_building`, `faction_index`, `creature_or_gob`, `x`, `y`, `z`, `o`) values('-60','0','-237123','8.18257','-7.60251','-0.054253','5.59491');
	insert into `garrison_plot_content` (`plot_type_or_building`, `faction_index`, `creature_or_gob`, `x`, `y`, `z`, `o`) values('-60','0','79817','5.05212','1.5918','1.12009','5.76612');
	insert into `garrison_plot_content` (`plot_type_or_building`, `faction_index`, `creature_or_gob`, `x`, `y`, `z`, `o`) values('-60','0','79867','2.16208','1.95243','1.1199','4.66028');

-- LEVEL 2

-- LEVEL 3-- LEVEL 1

	INSERT INTO creature_template (`entry`, `name`, `subname`, `IconName`, `RacialLeader`, `family`, `type`, `modelid1`, `modelid2`, `modelid3`, `modelid4`, `questItem1`, `questItem2`, `questItem3`, `questItem4`, `questItem5`, `questItem6`, `unit_flags`, `unit_flags2`, `Health_mod`, `Mana_mod`, `Armor_mod`, `rank`, `KillCredit1`, `KillCredit2`, `movementId`, `scale`, `minlevel`, `maxlevel`, `faction`, `baseattacktime`, `rangeattacktime`, `unit_class`, `resistance1`, `resistance2`, `resistance3`, `resistance4`, `resistance5`, `resistance6`, `speed_walk`, `speed_run`, `spell1`, `spell2`, `spell3`, `spell4`, `spell5`, `spell6`, `spell7`, `spell8`, `BuildVerified`) VALUES(79833, "Yanney", "Work Orders", "workorders", 0, 0, 7, 23760, 0, 0, 0, 0, 0, 0, 0, 0, 0, 4096, 0, 1, 1, 1, 0, 0, 0, 0, 1, 1, 1, 35, 2000, 2000, 1, 0, 0, 0, 0, 0, 0, 1, 1, 0, 0, 0, 0, 0, 0, 0, 0, 19702) ON DUPLICATE KEY UPDATE `entry` = VALUES(`entry`), `name` = VALUES(`name`), `subname` = VALUES(`subname`), `IconName` = VALUES(`IconName`), `RacialLeader` = VALUES(`RacialLeader`), `family` = VALUES(`family`), `type` = VALUES(`type`), `modelid1` = VALUES(`modelid1`), `modelid2` = VALUES(`modelid2`), `modelid3` = VALUES(`modelid3`), `modelid4` = VALUES(`modelid4`), `questItem1` = VALUES(`questItem1`), `questItem2` = VALUES(`questItem2`), `questItem3` = VALUES(`questItem3`), `questItem4` = VALUES(`questItem4`), `questItem5` = VALUES(`questItem5`), `questItem6` = VALUES(`questItem6`), `unit_flags` = VALUES(`unit_flags`), `unit_flags2` = VALUES(`unit_flags2`), `Health_mod` = VALUES(`Health_mod`), `Mana_mod` = VALUES(`Mana_mod`), `Armor_mod` = VALUES(`Armor_mod`), `rank` = VALUES(`rank`), `KillCredit1` = VALUES(`KillCredit1`), `KillCredit2` = VALUES(`KillCredit2`), `movementId` = VALUES(`movementId`), `scale` = VALUES(`scale`), `minlevel` = VALUES(`minlevel`), `maxlevel` = VALUES(`maxlevel`), `faction` = VALUES(`faction`), `baseattacktime` = VALUES(`baseattacktime`), `rangeattacktime` = VALUES(`rangeattacktime`), `unit_class` = VALUES(`unit_class`), `resistance1` = VALUES(`resistance1`), `resistance2` = VALUES(`resistance2`), `resistance3` = VALUES(`resistance3`), `resistance4` = VALUES(`resistance4`), `resistance5` = VALUES(`resistance5`), `resistance6` = VALUES(`resistance6`), `speed_walk` = VALUES(`speed_walk`), `speed_run` = VALUES(`speed_run`), `spell1` = VALUES(`spell1`), `spell2` = VALUES(`spell2`), `spell3` = VALUES(`spell3`), `spell4` = VALUES(`spell4`), `spell5` = VALUES(`spell5`), `spell6` = VALUES(`spell6`), `spell7` = VALUES(`spell7`), `spell8` = VALUES(`spell8`), `BuildVerified` = VALUES(`BuildVerified`);
	INSERT INTO creature_template (`entry`, `name`, `subname`, `IconName`, `RacialLeader`, `family`, `type`, `modelid1`, `modelid2`, `modelid3`, `modelid4`, `questItem1`, `questItem2`, `questItem3`, `questItem4`, `questItem5`, `questItem6`, `unit_flags`, `unit_flags2`, `Health_mod`, `Mana_mod`, `Armor_mod`, `rank`, `KillCredit1`, `KillCredit2`, `movementId`, `scale`, `minlevel`, `maxlevel`, `faction`, `baseattacktime`, `rangeattacktime`, `unit_class`, `resistance1`, `resistance2`, `resistance3`, `resistance4`, `resistance5`, `resistance6`, `speed_walk`, `speed_run`, `spell1`, `spell2`, `spell3`, `spell4`, `spell5`, `spell6`, `spell7`, `spell8`, `BuildVerified`) VALUES(79834, "Murne Greenhoof", "Leatherworker", "trainer", 0, 0, 7, 56696, 0, 0, 0, 0, 0, 0, 0, 0, 0, 4096, 0, 1, 1, 1, 0, 0, 0, 0, 1, 1, 1, 35, 2000, 2000, 1, 0, 0, 0, 0, 0, 0, 1, 1, 0, 0, 0, 0, 0, 0, 0, 0, 19702) ON DUPLICATE KEY UPDATE `entry` = VALUES(`entry`), `name` = VALUES(`name`), `subname` = VALUES(`subname`), `IconName` = VALUES(`IconName`), `RacialLeader` = VALUES(`RacialLeader`), `family` = VALUES(`family`), `type` = VALUES(`type`), `modelid1` = VALUES(`modelid1`), `modelid2` = VALUES(`modelid2`), `modelid3` = VALUES(`modelid3`), `modelid4` = VALUES(`modelid4`), `questItem1` = VALUES(`questItem1`), `questItem2` = VALUES(`questItem2`), `questItem3` = VALUES(`questItem3`), `questItem4` = VALUES(`questItem4`), `questItem5` = VALUES(`questItem5`), `questItem6` = VALUES(`questItem6`), `unit_flags` = VALUES(`unit_flags`), `unit_flags2` = VALUES(`unit_flags2`), `Health_mod` = VALUES(`Health_mod`), `Mana_mod` = VALUES(`Mana_mod`), `Armor_mod` = VALUES(`Armor_mod`), `rank` = VALUES(`rank`), `KillCredit1` = VALUES(`KillCredit1`), `KillCredit2` = VALUES(`KillCredit2`), `movementId` = VALUES(`movementId`), `scale` = VALUES(`scale`), `minlevel` = VALUES(`minlevel`), `maxlevel` = VALUES(`maxlevel`), `faction` = VALUES(`faction`), `baseattacktime` = VALUES(`baseattacktime`), `rangeattacktime` = VALUES(`rangeattacktime`), `unit_class` = VALUES(`unit_class`), `resistance1` = VALUES(`resistance1`), `resistance2` = VALUES(`resistance2`), `resistance3` = VALUES(`resistance3`), `resistance4` = VALUES(`resistance4`), `resistance5` = VALUES(`resistance5`), `resistance6` = VALUES(`resistance6`), `speed_walk` = VALUES(`speed_walk`), `speed_run` = VALUES(`speed_run`), `spell1` = VALUES(`spell1`), `spell2` = VALUES(`spell2`), `spell3` = VALUES(`spell3`), `spell4` = VALUES(`spell4`), `spell5` = VALUES(`spell5`), `spell6` = VALUES(`spell6`), `spell7` = VALUES(`spell7`), `spell8` = VALUES(`spell8`), `BuildVerified` = VALUES(`BuildVerified`);
	INSERT INTO creature_model_info (`modelid`, `bounding_radius`, `combat_reach`, `gender`) VALUES(23760, 0.389, 1.5, 0) ON DUPLICATE KEY UPDATE `modelid` = VALUES(`modelid`), `bounding_radius` = VALUES(`bounding_radius`), `combat_reach` = VALUES(`combat_reach`), `gender` = VALUES(`gender`);
	INSERT INTO creature_model_info (`modelid`, `bounding_radius`, `combat_reach`, `gender`) VALUES(56696, 0.389, 1.5, 0) ON DUPLICATE KEY UPDATE `modelid` = VALUES(`modelid`), `bounding_radius` = VALUES(`bounding_radius`), `combat_reach` = VALUES(`combat_reach`), `gender` = VALUES(`gender`);

	UPDATE creature_template SET ScriptName="npc_MurneGreenhoof_Garr", npcFlag=131, npcFlag2=128, minlevel=90, maxlevel=90, gossip_menu_id = 0 WHERE entry=79834;
	UPDATE creature_template SET ScriptName="npc_Yanney_Garr", npcFlag=3, npcFlag2=32, minlevel=90, maxlevel=90, gossip_menu_id = 0 WHERE entry=79833;

	DELETE FROM `npc_vendor` WHERE `entry` = 79834 AND `type` = 1;
	INSERT INTO `npc_vendor` (`entry`, `slot`, `item`, `maxcount`, `incrtime`, `ExtendedCost`, `type`) VALUES
	(79834, 0, 115358, 0, 0, 0, 1), 
	(79834, 0, 116319, 0, 0, 0, 1), 
	(79834, 0, 116320, 0, 0, 0, 1), 
	(79834, 0, 116321, 0, 0, 0, 1), 
	(79834, 0, 116322, 0, 0, 0, 1), 
	(79834, 0, 116323, 0, 0, 0, 1), 
	(79834, 0, 116324, 0, 0, 0, 1), 
	(79834, 0, 116325, 0, 0, 5326, 1), 
	(79834, 0, 116326, 0, 0, 5326, 1), 
	(79834, 0, 116327, 0, 0, 5326, 1), 
	(79834, 0, 116328, 0, 0, 5326, 1), 
	(79834, 0, 116329, 0, 0, 5326, 1), 
	(79834, 0, 116330, 0, 0, 5326, 1), 
	(79834, 0, 116331, 0, 0, 5326, 1), 
	(79834, 0, 116332, 0, 0, 5326, 1), 
	(79834, 0, 116333, 0, 0, 5326, 1), 
	(79834, 0, 116334, 0, 0, 5326, 1), 
	(79834, 0, 116335, 0, 0, 5326, 1), 
	(79834, 0, 116336, 0, 0, 5326, 1), 
	(79834, 0, 116337, 0, 0, 5326, 1), 
	(79834, 0, 116338, 0, 0, 5326, 1), 
	(79834, 0, 116339, 0, 0, 5326, 1), 
	(79834, 0, 116340, 0, 0, 5326, 1), 
	(79834, 0, 116341, 0, 0, 5326, 1), 
	(79834, 0, 116342, 0, 0, 5326, 1), 
	(79834, 0, 116343, 0, 0, 5326, 1), 
	(79834, 0, 116344, 0, 0, 5326, 1), 
	(79834, 0, 116345, 0, 0, 5327, 1), 
	(79834, 0, 116346, 0, 0, 5327, 1), 
	(79834, 0, 116347, 0, 0, 5327, 1), 
	(79834, 0, 116348, 0, 0, 5327, 1), 
	(79834, 0, 116349, 0, 0, 5327, 1), 
	(79834, 0, 116350, 0, 0, 5327, 1), 
	(79834, 0, 116376, 0, 0, 5326, 1), 
	(79834, 0, 120258, 0, 0, 5326, 1);

	DELETE FROM creature_queststarter WHERE id=79834 AND quest=37574;
	INSERT INTO creature_queststarter(`id`, `quest`) values('79834','37574');

	DELETE FROM creature_questender WHERE id=79833 AND quest=37574;
	INSERT INTO creature_questender(`id`, `quest`) values('79833','37574');

	INSERT INTO gameobject_template (`entry`, `type`, `displayId`, `name`, `IconName`, `castBarCaption`, `unk1`, `size`, `questItem1`, `questItem2`, `questItem3`, `questItem4`, `questItem5`, `questItem6`, `data0`, `data1`, `data2`, `data3`, `data4`, `data5`, `data6`, `data7`, `data8`, `data9`, `data10`, `data11`, `data12`, `data13`, `data14`, `data15`, `data16`, `data17`, `data18`, `data19`, `data20`, `data21`, `data22`, `data23`, `data24`, `data25`, `data26`, `data27`, `data28`, `data29`, `data30`, `data31`, `data32`, `unkInt32`, `BuildVerified`) VALUES(237102, 45, 20508, "Leatherworking Work Order", "", "", "", 1, 0, 0, 0, 0, 0, 0, 63, 0, 0, 0, 0, 0, 0, 0, 0, 0, 0, 0, 0, 0, 0, 0, 0, 0, 0, 0, 0, 0, 0, 0, 0, 0, 0, 0, 0, 0, 0, 0, 0, 0, 19702) ON DUPLICATE KEY UPDATE `entry` = VALUES(`entry`), `type` = VALUES(`type`), `displayId` = VALUES(`displayId`), `name` = VALUES(`name`), `IconName` = VALUES(`IconName`), `castBarCaption` = VALUES(`castBarCaption`), `unk1` = VALUES(`unk1`), `size` = VALUES(`size`), `questItem1` = VALUES(`questItem1`), `questItem2` = VALUES(`questItem2`), `questItem3` = VALUES(`questItem3`), `questItem4` = VALUES(`questItem4`), `questItem5` = VALUES(`questItem5`), `questItem6` = VALUES(`questItem6`), `data0` = VALUES(`data0`), `data1` = VALUES(`data1`), `data2` = VALUES(`data2`), `data3` = VALUES(`data3`), `data4` = VALUES(`data4`), `data5` = VALUES(`data5`), `data6` = VALUES(`data6`), `data7` = VALUES(`data7`), `data8` = VALUES(`data8`), `data9` = VALUES(`data9`), `data10` = VALUES(`data10`), `data11` = VALUES(`data11`), `data12` = VALUES(`data12`), `data13` = VALUES(`data13`), `data14` = VALUES(`data14`), `data15` = VALUES(`data15`), `data16` = VALUES(`data16`), `data17` = VALUES(`data17`), `data18` = VALUES(`data18`), `data19` = VALUES(`data19`), `data20` = VALUES(`data20`), `data21` = VALUES(`data21`), `data22` = VALUES(`data22`), `data23` = VALUES(`data23`), `data24` = VALUES(`data24`), `data25` = VALUES(`data25`), `data26` = VALUES(`data26`), `data27` = VALUES(`data27`), `data28` = VALUES(`data28`), `data29` = VALUES(`data29`), `data30` = VALUES(`data30`), `data31` = VALUES(`data31`), `data32` = VALUES(`data32`), `unkInt32` = VALUES(`unkInt32`), `BuildVerified` = VALUES(`BuildVerified`);
	UPDATE gameobject_template SET flags=0, ScriptName="go_garrison_shipment_container" WHERE TYPE=45;

	DELETE FROM garrison_plot_content WHERE plot_type_or_building=-90 AND faction_index = 0;
	insert into `garrison_plot_content` (`plot_type_or_building`, `faction_index`, `creature_or_gob`, `x`, `y`, `z`, `o`) values('-90','0','-237102','11.5094','-3.97721','-0.002876','1.91463');
	insert into `garrison_plot_content` (`plot_type_or_building`, `faction_index`, `creature_or_gob`, `x`, `y`, `z`, `o`) values('-90','0','79834','3.5209','3.20888','1.31473','5.77093');
	insert into `garrison_plot_content` (`plot_type_or_building`, `faction_index`, `creature_or_gob`, `x`, `y`, `z`, `o`) values('-90','0','79833','3.05612','-2.46191','1.31473','0.838629');

-- LEVEL 2

-- LEVEL 3-- LEVEL 1

	INSERT INTO creature_template (`entry`, `name`, `subname`, `IconName`, `RacialLeader`, `family`, `type`, `modelid1`, `modelid2`, `modelid3`, `modelid4`, `questItem1`, `questItem2`, `questItem3`, `questItem4`, `questItem5`, `questItem6`, `unit_flags`, `unit_flags2`, `Health_mod`, `Mana_mod`, `Armor_mod`, `rank`, `KillCredit1`, `KillCredit2`, `movementId`, `scale`, `minlevel`, `maxlevel`, `faction`, `baseattacktime`, `rangeattacktime`, `unit_class`, `resistance1`, `resistance2`, `resistance3`, `resistance4`, `resistance5`, `resistance6`, `speed_walk`, `speed_run`, `spell1`, `spell2`, `spell3`, `spell4`, `spell5`, `spell6`, `spell7`, `spell8`, `BuildVerified`) VALUES(87112, "Fayla Fairfeather", "Work Orders", "workorders", 0, 0, 7, 59945, 0, 0, 0, 0, 0, 0, 0, 0, 0, 0, 0, 1, 1, 1, 0, 0, 0, 0, 1, 1, 1, 35, 2000, 2000, 1, 0, 0, 0, 0, 0, 0, 1, 1, 0, 0, 0, 0, 0, 0, 0, 0, 19702) ON DUPLICATE KEY UPDATE `entry` = VALUES(`entry`), `name` = VALUES(`name`), `subname` = VALUES(`subname`), `IconName` = VALUES(`IconName`), `RacialLeader` = VALUES(`RacialLeader`), `family` = VALUES(`family`), `type` = VALUES(`type`), `modelid1` = VALUES(`modelid1`), `modelid2` = VALUES(`modelid2`), `modelid3` = VALUES(`modelid3`), `modelid4` = VALUES(`modelid4`), `questItem1` = VALUES(`questItem1`), `questItem2` = VALUES(`questItem2`), `questItem3` = VALUES(`questItem3`), `questItem4` = VALUES(`questItem4`), `questItem5` = VALUES(`questItem5`), `questItem6` = VALUES(`questItem6`), `unit_flags` = VALUES(`unit_flags`), `unit_flags2` = VALUES(`unit_flags2`), `Health_mod` = VALUES(`Health_mod`), `Mana_mod` = VALUES(`Mana_mod`), `Armor_mod` = VALUES(`Armor_mod`), `rank` = VALUES(`rank`), `KillCredit1` = VALUES(`KillCredit1`), `KillCredit2` = VALUES(`KillCredit2`), `movementId` = VALUES(`movementId`), `scale` = VALUES(`scale`), `minlevel` = VALUES(`minlevel`), `maxlevel` = VALUES(`maxlevel`), `faction` = VALUES(`faction`), `baseattacktime` = VALUES(`baseattacktime`), `rangeattacktime` = VALUES(`rangeattacktime`), `unit_class` = VALUES(`unit_class`), `resistance1` = VALUES(`resistance1`), `resistance2` = VALUES(`resistance2`), `resistance3` = VALUES(`resistance3`), `resistance4` = VALUES(`resistance4`), `resistance5` = VALUES(`resistance5`), `resistance6` = VALUES(`resistance6`), `speed_walk` = VALUES(`speed_walk`), `speed_run` = VALUES(`speed_run`), `spell1` = VALUES(`spell1`), `spell2` = VALUES(`spell2`), `spell3` = VALUES(`spell3`), `spell4` = VALUES(`spell4`), `spell5` = VALUES(`spell5`), `spell6` = VALUES(`spell6`), `spell7` = VALUES(`spell7`), `spell8` = VALUES(`spell8`), `BuildVerified` = VALUES(`BuildVerified`);
	INSERT INTO gameobject_template (`entry`, `type`, `displayId`, `name`, `IconName`, `castBarCaption`, `unk1`, `size`, `questItem1`, `questItem2`, `questItem3`, `questItem4`, `questItem5`, `questItem6`, `data0`, `data1`, `data2`, `data3`, `data4`, `data5`, `data6`, `data7`, `data8`, `data9`, `data10`, `data11`, `data12`, `data13`, `data14`, `data15`, `data16`, `data17`, `data18`, `data19`, `data20`, `data21`, `data22`, `data23`, `data24`, `data25`, `data26`, `data27`, `data28`, `data29`, `data30`, `data31`, `data32`, `unkInt32`, `BuildVerified`) VALUES(237355, 45, 20508, "Trading Post Work Order", "", "", "", 1, 0, 0, 0, 0, 0, 0, 70, 0, 0, 0, 0, 0, 0, 0, 0, 0, 0, 0, 0, 0, 0, 0, 0, 0, 0, 0, 0, 0, 0, 0, 0, 0, 0, 0, 0, 0, 0, 0, 0, 0, 19702) ON DUPLICATE KEY UPDATE `entry` = VALUES(`entry`), `type` = VALUES(`type`), `displayId` = VALUES(`displayId`), `name` = VALUES(`name`), `IconName` = VALUES(`IconName`), `castBarCaption` = VALUES(`castBarCaption`), `unk1` = VALUES(`unk1`), `size` = VALUES(`size`), `questItem1` = VALUES(`questItem1`), `questItem2` = VALUES(`questItem2`), `questItem3` = VALUES(`questItem3`), `questItem4` = VALUES(`questItem4`), `questItem5` = VALUES(`questItem5`), `questItem6` = VALUES(`questItem6`), `data0` = VALUES(`data0`), `data1` = VALUES(`data1`), `data2` = VALUES(`data2`), `data3` = VALUES(`data3`), `data4` = VALUES(`data4`), `data5` = VALUES(`data5`), `data6` = VALUES(`data6`), `data7` = VALUES(`data7`), `data8` = VALUES(`data8`), `data9` = VALUES(`data9`), `data10` = VALUES(`data10`), `data11` = VALUES(`data11`), `data12` = VALUES(`data12`), `data13` = VALUES(`data13`), `data14` = VALUES(`data14`), `data15` = VALUES(`data15`), `data16` = VALUES(`data16`), `data17` = VALUES(`data17`), `data18` = VALUES(`data18`), `data19` = VALUES(`data19`), `data20` = VALUES(`data20`), `data21` = VALUES(`data21`), `data22` = VALUES(`data22`), `data23` = VALUES(`data23`), `data24` = VALUES(`data24`), `data25` = VALUES(`data25`), `data26` = VALUES(`data26`), `data27` = VALUES(`data27`), `data28` = VALUES(`data28`), `data29` = VALUES(`data29`), `data30` = VALUES(`data30`), `data31` = VALUES(`data31`), `data32` = VALUES(`data32`), `unkInt32` = VALUES(`unkInt32`), `BuildVerified` = VALUES(`BuildVerified`);

	UPDATE creature_template SET ScriptName = "npc_FaylaFairfeather_Garr", npcFlag=3, npcFlag2=32, minlevel=100, maxlevel=100, `exp`=5 WHERE entry=87112;
	REPLACE INTO creature_queststarter VALUE (87112, 37062);
	REPLACE INTO creature_questender VALUE (87112, 37062);

	UPDATE `creature_template` SET `npcflag`=129, minlevel=100, maxlevel=100, `exp`=5, faction = 35 WHERE `entry`=86777;
	UPDATE creature_template SET faction = 35 WHERE entry = 86650;

	UPDATE `creature_template` SET `npcflag`=3, minlevel=100, maxlevel=100, `exp`=5, faction = 35 WHERE `entry`=87206;

	DELETE FROM garrison_plot_content WHERE plot_type_or_building=-111 AND faction_index=0;
	insert into `garrison_plot_content` (`plot_type_or_building`, `faction_index`, `creature_or_gob`, `x`, `y`, `z`, `o`) values('-111','0','87112','10.8117','3.53453','1.08113','5.4349'); -- fayla
	insert into `garrison_plot_content` (`plot_type_or_building`, `faction_index`, `creature_or_gob`, `x`, `y`, `z`, `o`) values('-111','0','-237355','17.0002','-5.84557','0.517853','0.851323');
	insert into `garrison_plot_content` (`plot_type_or_building`, `faction_index`, `creature_or_gob`, `x`, `y`, `z`, `o`) values('-111','0','86650','8.95783','3.83775','1.08104','1.25671');


-- LEVEL 2

	UPDATE creature_template SET npcflag = npcflag | 1 | 2, dynamicflags = dynamicflags | 64, unit_flags2 = unit_flags2 | 1, scriptname = "npc_AncientTradingMechanism_Garr" WHERE entry = 86806;
	REPLACE INTO creature_queststarter VALUE (86806, 37014);
	REPLACE INTO creature_questender VALUE (86806, 37014);

	DELETE FROM garrison_plot_content WHERE plot_type_or_building = -144 AND faction_index = 0;
	insert into `garrison_plot_content` (`plot_type_or_building`, `faction_index`, `creature_or_gob`, `x`, `y`, `z`, `o`) values('-144','0','-237355','9.85443','-1.91035','0.467667','0.848291');
	insert into `garrison_plot_content` (`plot_type_or_building`, `faction_index`, `creature_or_gob`, `x`, `y`, `z`, `o`) values('-144','0','87112','1.01326','4.33006','0.759827','5.03839');
	insert into `garrison_plot_content` (`plot_type_or_building`, `faction_index`, `creature_or_gob`, `x`, `y`, `z`, `o`) values('-144','0','86650','-5.39267','1.42922','0.835297','3.25553');
	insert into `garrison_plot_content` (`plot_type_or_building`, `faction_index`, `creature_or_gob`, `x`, `y`, `z`, `o`) values('-144','0','86698','-2.89016','4.37028','0.749252','5.04669');


-- LEVEL 3

	DELETE FROM garrison_plot_content WHERE plot_type_or_building = -145 AND faction_index = 0;
	insert into `garrison_plot_content` (`plot_type_or_building`, `faction_index`, `creature_or_gob`, `x`, `y`, `z`, `o`) values('-145','0','87112','-5.50738','0.799106','0.993561','6.12457');
	insert into `garrison_plot_content` (`plot_type_or_building`, `faction_index`, `creature_or_gob`, `x`, `y`, `z`, `o`) values('-145','0','86650','1.21484','-3.57786','1.00081','2.0994');
	insert into `garrison_plot_content` (`plot_type_or_building`, `faction_index`, `creature_or_gob`, `x`, `y`, `z`, `o`) values('-145','0','86698','-2.17772','4.31781','1.06429','5.13104');
	insert into `garrison_plot_content` (`plot_type_or_building`, `faction_index`, `creature_or_gob`, `x`, `y`, `z`, `o`) values('-145','0','-237355','8.70952','-2.97889','0.399536','1.0509');

-- Quest loots

-- 118375, created by :

	-- 118344
	REPLACE INTO creature_loot_template (`entry`, `item`, `ChanceOrQuestChance`, `lootmode`, `groupid`, `mincountOrRef`, `maxcount`, `itemBonuses`) VALUES 
	(78948, 118344, 4.3, 1, 0, 1, 1, ''),
	(78237, 118344, 4.3, 1, 0, 1, 1, ''),
	(77428, 118344, 4.3, 1, 0, 1, 1, ''),
	(79015, 118344, 4.3, 1, 0, 1, 1, ''),
	(78491, 118344, 4.3, 1, 0, 1, 1, ''),
	(78714, 118344, 4.3, 1, 0, 1, 1, ''),
	(77404, 118344, 4.3, 1, 0, 1, 1, '');

	-- 118345
	REPLACE INTO creature_loot_template (`entry`, `item`, `ChanceOrQuestChance`, `lootmode`, `groupid`, `mincountOrRef`, `maxcount`, `itemBonuses`) VALUES 
	(90943, 118345, 4.1, 1, 0, 1, 1, ''),
	(90995, 118345, 6, 1, 0, 1, 1, ''),
	(90946, 118345, 4.6, 1, 0, 1, 1, ''),
	(91012, 118345, 5.9, 1, 0, 1, 1, ''),
	(90841, 118345, 4.4, 1, 0, 1, 1, ''),
	(90802, 118345, 6.2, 1, 0, 1, 1, ''),
	(78948, 118345, 0.6, 1, 0, 1, 1, ''),
	(78237, 118345, 0.6, 1, 0, 1, 1, ''),
	(77428, 118345, 0.7, 1, 0, 1, 1, ''),
	(79015, 118345, 0.7, 1, 0, 1, 1, ''),
	(78491, 118345, 0.6, 1, 0, 1, 1, ''),
	(77404, 118345, 0.6, 1, 0, 1, 1, ''),
	(78714, 118345, 0.6, 1, 0, 1, 1, '');

	-- 118346
	REPLACE INTO creature_loot_template (`entry`, `item`, `ChanceOrQuestChance`, `lootmode`, `groupid`, `mincountOrRef`, `maxcount`, `itemBonuses`) VALUES 
	(90943, 118346, 2.6, 1, 0, 1, 1, ''),
	(90946, 118346, 3.7, 1, 0, 1, 1, ''),
	(90995, 118346, 6, 1, 0, 1, 1, ''),
	(91012, 118346, 5.4, 1, 0, 1, 1, ''),
	(90841, 118346, 6.3, 1, 0, 1, 1, ''),
	(90802, 118346, 6.2, 1, 0, 1, 1, ''),
	(78948, 118346, 0.6, 1, 0, 1, 1, ''),
	(77428, 118346, 0.6, 1, 0, 1, 1, ''),
	(78237, 118346, 0.7, 1, 0, 1, 1, ''),
	(79015, 118346, 0.7, 1, 0, 1, 1, ''),
	(78491, 118346, 0.6, 1, 0, 1, 1, ''),
	(78714, 118346, 0.6, 1, 0, 1, 1, ''),
	(77404, 118346, 0.7, 1, 0, 1, 1, '');

	-- 118347
	REPLACE INTO creature_loot_template (`entry`, `item`, `ChanceOrQuestChance`, `lootmode`, `groupid`, `mincountOrRef`, `maxcount`, `itemBonuses`) VALUES 
	(90943, 118347, 2.6, 1, 0, 1, 1, ''),
	(90995, 118347, 4.7, 1, 0, 1, 1, ''),
	(91012, 118347, 3.9, 1, 0, 1, 1, ''),
	(90946, 118347, 7.4, 1, 0, 1, 1, ''),
	(90802, 118347, 4.9, 1, 0, 1, 1, ''),
	(90841, 118347, 5.4, 1, 0, 1, 1, '');

-- 118376, created by :

	-- 118197
	REPLACE INTO creature_loot_template (`entry`, `item`, `ChanceOrQuestChance`, `lootmode`, `groupid`, `mincountOrRef`, `maxcount`, `itemBonuses`) VALUES 
	(75194, 118197, 0.1, 1, 0, 1, 1, ''),
	(75209, 118197, 0, 1, 0, 1, 1, ''),
	(75211, 118197, 0, 1, 0, 1, 1, ''),
	(75975, 118197, 0, 1, 0, 1, 1, ''),
	(76100, 118197, 0, 1, 0, 1, 1, ''),
	(76145, 118197, 0, 1, 0, 1, 1, ''),
	(76205, 118197, 0, 1, 0, 1, 1, ''),
	(76595, 118197, 0.1, 1, 0, 1, 1, ''),
	(77812, 118197, 0.1, 1, 0, 1, 1, ''),
	(77927, 118197, 0, 1, 0, 1, 1, ''),
	(77935, 118197, 0, 1, 0, 1, 1, ''),
	(78728, 118197, 0, 1, 0, 1, 1, ''),
	(79462, 118197, 0, 1, 0, 1, 1, ''),
	(79463, 118197, 0, 1, 0, 1, 1, ''),
	(79467, 118197, 0, 1, 0, 1, 1, ''),
	(79469, 118197, 0, 1, 0, 1, 1, ''),
	(81279, 118197, 0, 1, 0, 1, 1, ''),
	(81984, 118197, 0, 1, 0, 1, 1, ''),
	(82556, 118197, 0, 1, 0, 1, 1, ''),
	(82597, 118197, 0.1, 1, 0, 1, 1, ''),
	(83578, 118197, 0, 1, 0, 1, 1, ''),
	(83765, 118197, 0.1, 1, 0, 1, 1, ''),
	(84028, 118197, 0.1, 1, 0, 1, 1, ''),
	(84957, 118197, 0, 1, 0, 1, 1, ''),
	(86526, 118197, 0, 1, 0, 1, 1, ''),
	(75426, 118197, 0.1, 1, 0, 1, 1, ''),
	(76116, 118197, 0, 1, 0, 1, 1, ''),
	(77080, 118197, 0.1, 1, 0, 1, 1, ''),
	(78932, 118197, 0.1, 1, 0, 1, 1, ''),
	(81236, 118197, 0, 1, 0, 1, 1, ''),
	(83389, 118197, 0, 1, 0, 1, 1, ''),
	(83762, 118197, 0.1, 1, 0, 1, 1, ''),
	(76018, 118197, 0, 1, 0, 1, 1, ''),
	(76087, 118197, 0, 1, 0, 1, 1, ''),
	(76263, 118197, 0.1, 1, 0, 1, 1, ''),
	(77180, 118197, 0, 1, 0, 1, 1, ''),
	(78437, 118197, 0.3, 1, 0, 1, 1, ''),
	(79303, 118197, 0, 1, 0, 1, 1, ''),
	(82418, 118197, 0.1, 1, 0, 1, 1, ''),
	(83390, 118197, 0, 1, 0, 1, 1, ''),
	(75820, 118197, 0, 1, 0, 1, 1, ''),
	(76154, 118197, 0.1, 1, 0, 1, 1, ''),
	(76696, 118197, 0.1, 1, 0, 1, 1, ''),
	(77130, 118197, 0.1, 1, 0, 1, 1, ''),
	(77559, 118197, 0, 1, 0, 1, 1, ''),
	(79511, 118197, 0, 1, 0, 1, 1, ''),
	(80649, 118197, 0.1, 1, 0, 1, 1, ''),
	(83026, 118197, 0.2, 1, 0, 1, 1, ''),
	(83028, 118197, 0.1, 1, 0, 1, 1, ''),
	(75406, 118197, 0.1, 1, 0, 1, 1, ''),
	(77134, 118197, 0.2, 1, 0, 1, 1, ''),
	(80678, 118197, 0.1, 1, 0, 1, 1, ''),
	(80938, 118197, 0.2, 1, 0, 1, 1, ''),
	(77700, 118197, 0.1, 1, 0, 1, 1, ''),
	(79507, 118197, 0, 1, 0, 1, 1, ''),
	(83025, 118197, 0.1, 1, 0, 1, 1, ''),
	(86809, 118197, 0.1, 1, 0, 1, 1, ''),
	(77037, 118197, 0.2, 1, 0, 1, 1, ''),
	(80937, 118197, 0.2, 1, 0, 1, 1, ''),
	(81212, 118197, 0.1, 1, 0, 1, 1, ''),
	(81985, 118197, 0, 1, 0, 1, 1, ''),
	(75193, 118197, 0.1, 1, 0, 1, 1, ''),
	(75451, 118197, 0, 1, 0, 1, 1, ''),
	(81750, 118197, 0.2, 1, 0, 1, 1, ''),
	(77035, 118197, 0.2, 1, 0, 1, 1, ''),
	(82579, 118197, 0.3, 1, 0, 1, 1, ''),
	(76101, 118197, 0.2, 1, 0, 1, 1, ''),
	(76151, 118197, 0.2, 1, 0, 1, 1, ''),
	(77036, 118197, 0.2, 1, 0, 1, 1, ''),
	(81407, 118197, 0.4, 1, 0, 1, 1, ''),
	(81767, 118197, 0.1, 1, 0, 1, 1, ''),
	(75652, 118197, 0, 1, 0, 1, 1, ''),
	(76935, 118197, 0.1, 1, 0, 1, 1, ''),
	(77132, 118197, 0.2, 1, 0, 1, 1, ''),
	(79466, 118197, 0.2, 1, 0, 1, 1, ''),
	(75272, 118197, 0.2, 1, 0, 1, 1, ''),
	(77033, 118197, 0.2, 1, 0, 1, 1, ''),
	(77133, 118197, 0.2, 1, 0, 1, 1, ''),
	(81432, 118197, 0.2, 1, 0, 1, 1, ''),
	(86372, 118197, 0.1, 1, 0, 1, 1, ''),
	(81235, 118197, 0.5, 1, 0, 1, 1, ''),
	(88163, 118197, 0.4, 1, 0, 1, 1, ''),
	(76599, 118197, 0.2, 1, 0, 1, 1, ''),
	(75198, 118197, 0.2, 1, 0, 1, 1, ''),
	(76157, 118197, 0.1, 1, 0, 1, 1, ''),
	(80935, 118197, 0.5, 1, 0, 1, 1, ''),
	(75715, 118197, 0.1, 1, 0, 1, 1, ''),
	(75979, 118197, 0.1, 1, 0, 1, 1, ''),
	(76446, 118197, 0.4, 1, 0, 1, 1, ''),
	(76773, 118197, 0.3, 1, 0, 1, 1, ''),
	(82594, 118197, 0.3, 1, 0, 1, 1, ''),
	(84767, 118197, 0.1, 1, 0, 1, 1, ''),
	(84978, 118197, 0.1, 1, 0, 1, 1, ''),
	(77042, 118197, 0.2, 1, 0, 1, 1, ''),
	(75210, 118197, 0.2, 1, 0, 1, 1, ''),
	(76179, 118197, 0.2, 1, 0, 1, 1, ''),
	(76181, 118197, 0.1, 1, 0, 1, 1, ''),
	(81283, 118197, 0.2, 1, 0, 1, 1, ''),
	(76176, 118197, 0.1, 1, 0, 1, 1, ''),
	(75191, 118197, 0.1, 1, 0, 1, 1, ''),
	(75452, 118197, 1.3, 1, 0, 1, 1, ''),
	(81820, 118197, 0.1, 1, 0, 1, 1, ''),
	(77034, 118197, 0.2, 1, 0, 1, 1, ''),
	(75459, 118197, 0.1, 1, 0, 1, 1, ''),
	(76694, 118197, 0.1, 1, 0, 1, 1, ''),
	(80940, 118197, 0.4, 1, 0, 1, 1, ''),
	(76104, 118197, 0.1, 1, 0, 1, 1, ''),
	(79510, 118197, 0, 1, 0, 1, 1, ''),
	(77006, 118197, 0.1, 1, 0, 1, 1, ''),
	(81819, 118197, 0.1, 1, 0, 1, 1, ''),
	(81864, 118197, 0.1, 1, 0, 1, 1, ''),
	(84550, 118197, 1, 1, 0, 1, 1, ''),
	(80816, 118197, 0.7, 1, 0, 1, 1, ''),
	(79852, 118197, 0.7, 1, 0, 1, 1, ''),
	(83846, 118197, 0.5, 1, 0, 1, 1, ''),
	(83612, 118197, 0.3, 1, 0, 1, 1, ''),
	(76585, 118197, 0.9, 1, 0, 1, 1, ''),
	(75786, 118197, 0.7, 1, 0, 1, 1, ''),
	(76407, 118197, 0.4, 1, 0, 1, 1, ''),
	(75829, 118197, 0.9, 1, 0, 1, 1, ''),
	(74790, 118197, 0.3, 1, 0, 1, 1, ''),
	(81522, 118197, 0.8, 1, 0, 1, 1, ''),
	(79912, 118197, 0.9, 1, 0, 1, 1, ''),
	(76177, 118197, 0.7, 1, 0, 1, 1, ''),
	(77120, 118197, 0.4, 1, 0, 1, 1, ''),
	(76021, 118197, 0.8, 1, 0, 1, 1, ''),
	(83894, 118197, 0.9, 1, 0, 1, 1, ''),
	(74475, 118197, 0.7, 1, 0, 1, 1, ''),
	(77816, 118197, 1.1, 1, 0, 1, 1, ''),
	(75927, 118197, 0.7, 1, 0, 1, 1, ''),
	(82682, 118197, 1, 1, 0, 1, 1, ''),
	(75839, 118197, 0.7, 1, 0, 1, 1, ''),
	(74787, 118197, 0.7, 1, 0, 1, 1, ''),
	(76266, 118197, 0.3, 1, 0, 1, 1, ''),
	(75509, 118197, 1.1, 1, 0, 1, 1, ''),
	(76413, 118197, 1, 1, 0, 1, 1, ''),
	(80005, 118197, 0.5, 1, 0, 1, 1, ''),
	(79545, 118197, 1.1, 1, 0, 1, 1, ''),
	(75964, 118197, 0.7, 1, 0, 1, 1, ''),
	(81305, 118197, 1.2, 1, 0, 1, 1, ''),
	(76141, 118197, 1, 1, 0, 1, 1, '');

	-- 118331
	REPLACE INTO creature_loot_template (`entry`, `item`, `ChanceOrQuestChance`, `lootmode`, `groupid`, `mincountOrRef`, `maxcount`, `itemBonuses`) VALUES 
	(74349, 118331, 0, 1, 0, 1, 1, ''),
	(75406, 118331, 0, 1, 0, 1, 1, ''),
	(75820, 118331, 0, 1, 0, 1, 1, ''),
	(76145, 118331, 0, 1, 0, 1, 1, ''),
	(76376, 118331, 0.1, 1, 0, 1, 1, ''),
	(76595, 118331, 0.1, 1, 0, 1, 1, ''),
	(77037, 118331, 0, 1, 0, 1, 1, ''),
	(77134, 118331, 0, 1, 0, 1, 1, ''),
	(77605, 118331, 0, 1, 0, 1, 1, ''),
	(77812, 118331, 0.1, 1, 0, 1, 1, ''),
	(78932, 118331, 0, 1, 0, 1, 1, ''),
	(79463, 118331, 0, 1, 0, 1, 1, ''),
	(81983, 118331, 0, 1, 0, 1, 1, ''),
	(83026, 118331, 0.1, 1, 0, 1, 1, ''),
	(83765, 118331, 0.1, 1, 0, 1, 1, ''),
	(84957, 118331, 0, 1, 0, 1, 1, ''),
	(86526, 118331, 0, 1, 0, 1, 1, ''),
	(88163, 118331, 0, 1, 0, 1, 1, ''),
	(75451, 118331, 0, 1, 0, 1, 1, ''),
	(75975, 118331, 0.1, 1, 0, 1, 1, ''),
	(76132, 118331, 0, 1, 0, 1, 1, ''),
	(77559, 118331, 0, 1, 0, 1, 1, ''),
	(78933, 118331, 0.1, 1, 0, 1, 1, ''),
	(80935, 118331, 0.1, 1, 0, 1, 1, ''),
	(81603, 118331, 0.1, 1, 0, 1, 1, ''),
	(82556, 118331, 0, 1, 0, 1, 1, ''),
	(83762, 118331, 0.1, 1, 0, 1, 1, ''),
	(75713, 118331, 0.1, 1, 0, 1, 1, ''),
	(76087, 118331, 0, 1, 0, 1, 1, ''),
	(76100, 118331, 0.1, 1, 0, 1, 1, ''),
	(77131, 118331, 0.1, 1, 0, 1, 1, ''),
	(77180, 118331, 0, 1, 0, 1, 1, ''),
	(79303, 118331, 0, 1, 0, 1, 1, ''),
	(79469, 118331, 0.1, 1, 0, 1, 1, ''),
	(79508, 118331, 0, 1, 0, 1, 1, ''),
	(79511, 118331, 0, 1, 0, 1, 1, ''),
	(80938, 118331, 0.1, 1, 0, 1, 1, ''),
	(81984, 118331, 0.1, 1, 0, 1, 1, ''),
	(81985, 118331, 0, 1, 0, 1, 1, ''),
	(86372, 118331, 0, 1, 0, 1, 1, ''),
	(76018, 118331, 0, 1, 0, 1, 1, ''),
	(77080, 118331, 0.1, 1, 0, 1, 1, ''),
	(77132, 118331, 0.1, 1, 0, 1, 1, ''),
	(80649, 118331, 0.1, 1, 0, 1, 1, ''),
	(81236, 118331, 0.1, 1, 0, 1, 1, ''),
	(82418, 118331, 0.1, 1, 0, 1, 1, ''),
	(83392, 118331, 0, 1, 0, 1, 1, ''),
	(75209, 118331, 0, 1, 0, 1, 1, ''),
	(76696, 118331, 0.1, 1, 0, 1, 1, ''),
	(80678, 118331, 0.1, 1, 0, 1, 1, ''),
	(83389, 118331, 0, 1, 0, 1, 1, ''),
	(83390, 118331, 0.1, 1, 0, 1, 1, ''),
	(75426, 118331, 0.3, 1, 0, 1, 1, ''),
	(76154, 118331, 0.2, 1, 0, 1, 1, ''),
	(77130, 118331, 0.1, 1, 0, 1, 1, ''),
	(79467, 118331, 0.1, 1, 0, 1, 1, ''),
	(81750, 118331, 0.1, 1, 0, 1, 1, ''),
	(82594, 118331, 0.1, 1, 0, 1, 1, ''),
	(76151, 118331, 0.1, 1, 0, 1, 1, ''),
	(77700, 118331, 0.1, 1, 0, 1, 1, ''),
	(79466, 118331, 0.1, 1, 0, 1, 1, ''),
	(81407, 118331, 0.3, 1, 0, 1, 1, ''),
	(76205, 118331, 0.2, 1, 0, 1, 1, ''),
	(76773, 118331, 0.1, 1, 0, 1, 1, ''),
	(80937, 118331, 0.2, 1, 0, 1, 1, ''),
	(81235, 118331, 0.2, 1, 0, 1, 1, ''),
	(81432, 118331, 0.1, 1, 0, 1, 1, ''),
	(75198, 118331, 0.1, 1, 0, 1, 1, ''),
	(75979, 118331, 0, 1, 0, 1, 1, ''),
	(76935, 118331, 0.1, 1, 0, 1, 1, ''),
	(77036, 118331, 0.2, 1, 0, 1, 1, ''),
	(75715, 118331, 0, 1, 0, 1, 1, ''),
	(77033, 118331, 0.2, 1, 0, 1, 1, ''),
	(77035, 118331, 0.2, 1, 0, 1, 1, ''),
	(77133, 118331, 0.2, 1, 0, 1, 1, ''),
	(79462, 118331, 0.2, 1, 0, 1, 1, ''),
	(75210, 118331, 0.1, 1, 0, 1, 1, ''),
	(76263, 118331, 0.3, 1, 0, 1, 1, ''),
	(83025, 118331, 0.2, 1, 0, 1, 1, ''),
	(83028, 118331, 0.3, 1, 0, 1, 1, ''),
	(86809, 118331, 0.2, 1, 0, 1, 1, ''),
	(81767, 118331, 0.2, 1, 0, 1, 1, ''),
	(82579, 118331, 0.4, 1, 0, 1, 1, ''),
	(75652, 118331, 0, 1, 0, 1, 1, ''),
	(76179, 118331, 0.1, 1, 0, 1, 1, ''),
	(76116, 118331, 0.2, 1, 0, 1, 1, ''),
	(76181, 118331, 0.1, 1, 0, 1, 1, ''),
	(76446, 118331, 0.3, 1, 0, 1, 1, ''),
	(81212, 118331, 0.3, 1, 0, 1, 1, ''),
	(75459, 118331, 0, 1, 0, 1, 1, ''),
	(76101, 118331, 0.3, 1, 0, 1, 1, ''),
	(77042, 118331, 0.1, 1, 0, 1, 1, ''),
	(79507, 118331, 0.1, 1, 0, 1, 1, ''),
	(75193, 118331, 0.2, 1, 0, 1, 1, ''),
	(75452, 118331, 1, 1, 0, 1, 1, ''),
	(76157, 118331, 0.2, 1, 0, 1, 1, ''),
	(76599, 118331, 0.2, 1, 0, 1, 1, ''),
	(80940, 118331, 0.3, 1, 0, 1, 1, ''),
	(81283, 118331, 0.2, 1, 0, 1, 1, ''),
	(75272, 118331, 0.4, 1, 0, 1, 1, ''),
	(81820, 118331, 0.1, 1, 0, 1, 1, ''),
	(76104, 118331, 0.1, 1, 0, 1, 1, ''),
	(77006, 118331, 0.1, 1, 0, 1, 1, ''),
	(75191, 118331, 0.1, 1, 0, 1, 1, ''),
	(84767, 118331, 0.1, 1, 0, 1, 1, ''),
	(84978, 118331, 0.2, 1, 0, 1, 1, ''),
	(76694, 118331, 0.1, 1, 0, 1, 1, ''),
	(79510, 118331, 0, 1, 0, 1, 1, ''),
	(77034, 118331, 0.2, 1, 0, 1, 1, ''),
	(76176, 118331, 0.3, 1, 0, 1, 1, ''),
	(81819, 118331, 0.1, 1, 0, 1, 1, ''),
	(81864, 118331, 0.1, 1, 0, 1, 1, ''),
	(80816, 118331, 0.6, 1, 0, 1, 1, ''),
	(79852, 118331, 0.7, 1, 0, 1, 1, ''),
	(83612, 118331, 0.3, 1, 0, 1, 1, ''),
	(84550, 118331, 1.1, 1, 0, 1, 1, ''),
	(83846, 118331, 0.4, 1, 0, 1, 1, ''),
	(79912, 118331, 0.8, 1, 0, 1, 1, ''),
	(75786, 118331, 0.6, 1, 0, 1, 1, ''),
	(75509, 118331, 0.9, 1, 0, 1, 1, ''),
	(77816, 118331, 0.9, 1, 0, 1, 1, ''),
	(75829, 118331, 1, 1, 0, 1, 1, ''),
	(80005, 118331, 0.4, 1, 0, 1, 1, ''),
	(81522, 118331, 0.8, 1, 0, 1, 1, ''),
	(76585, 118331, 1.1, 1, 0, 1, 1, ''),
	(76021, 118331, 0.7, 1, 0, 1, 1, ''),
	(77120, 118331, 0.4, 1, 0, 1, 1, ''),
	(82682, 118331, 0.9, 1, 0, 1, 1, ''),
	(75839, 118331, 0.7, 1, 0, 1, 1, ''),
	(83894, 118331, 0.9, 1, 0, 1, 1, ''),
	(75927, 118331, 0.7, 1, 0, 1, 1, ''),
	(76407, 118331, 0.5, 1, 0, 1, 1, ''),
	(74790, 118331, 0.3, 1, 0, 1, 1, ''),
	(74475, 118331, 0.7, 1, 0, 1, 1, ''),
	(76177, 118331, 0.8, 1, 0, 1, 1, ''),
	(74787, 118331, 0.7, 1, 0, 1, 1, ''),
	(79545, 118331, 1.1, 1, 0, 1, 1, ''),
	(76266, 118331, 0.3, 1, 0, 1, 1, ''),
	(76413, 118331, 1, 1, 0, 1, 1, ''),
	(75964, 118331, 0.7, 1, 0, 1, 1, ''),
	(81305, 118331, 0.9, 1, 0, 1, 1, ''),
	(76141, 118331, 1.1, 1, 0, 1, 1, '');

	-- 118332
	REPLACE INTO creature_loot_template (`entry`, `item`, `ChanceOrQuestChance`, `lootmode`, `groupid`, `mincountOrRef`, `maxcount`, `itemBonuses`) VALUES 
	(74349, 118332, 0, 1, 0, 1, 1, ''),
	(75406, 118332, 0, 1, 0, 1, 1, ''),
	(75451, 118332, 0, 1, 0, 1, 1, ''),
	(75506, 118332, 0, 1, 0, 1, 1, ''),
	(75820, 118332, 0, 1, 0, 1, 1, ''),
	(75975, 118332, 0, 1, 0, 1, 1, ''),
	(76018, 118332, 0, 1, 0, 1, 1, ''),
	(76087, 118332, 0, 1, 0, 1, 1, ''),
	(76100, 118332, 0, 1, 0, 1, 1, ''),
	(76101, 118332, 0, 1, 0, 1, 1, ''),
	(76154, 118332, 0, 1, 0, 1, 1, ''),
	(76696, 118332, 0, 1, 0, 1, 1, ''),
	(77037, 118332, 0, 1, 0, 1, 1, ''),
	(77559, 118332, 0, 1, 0, 1, 1, ''),
	(78437, 118332, 0.1, 1, 0, 1, 1, ''),
	(78735, 118332, 2.2, 1, 0, 1, 1, ''),
	(78932, 118332, 0, 1, 0, 1, 1, ''),
	(79303, 118332, 0, 1, 0, 1, 1, ''),
	(80678, 118332, 0, 1, 0, 1, 1, ''),
	(81279, 118332, 0, 1, 0, 1, 1, ''),
	(81603, 118332, 0.1, 1, 0, 1, 1, ''),
	(81983, 118332, 0, 1, 0, 1, 1, ''),
	(81984, 118332, 0, 1, 0, 1, 1, ''),
	(82590, 118332, 0.1, 1, 0, 1, 1, ''),
	(83026, 118332, 0.1, 1, 0, 1, 1, ''),
	(83390, 118332, 0, 1, 0, 1, 1, ''),
	(84028, 118332, 0.1, 1, 0, 1, 1, ''),
	(84957, 118332, 0, 1, 0, 1, 1, ''),
	(86809, 118332, 0, 1, 0, 1, 1, ''),
	(76132, 118332, 0, 1, 0, 1, 1, ''),
	(77131, 118332, 0.1, 1, 0, 1, 1, ''),
	(77132, 118332, 0, 1, 0, 1, 1, ''),
	(77180, 118332, 0, 1, 0, 1, 1, ''),
	(77605, 118332, 0.1, 1, 0, 1, 1, ''),
	(77935, 118332, 0.1, 1, 0, 1, 1, ''),
	(78933, 118332, 0.1, 1, 0, 1, 1, ''),
	(80937, 118332, 0.1, 1, 0, 1, 1, ''),
	(83762, 118332, 0.1, 1, 0, 1, 1, ''),
	(83765, 118332, 0.1, 1, 0, 1, 1, ''),
	(86526, 118332, 0.1, 1, 0, 1, 1, ''),
	(75272, 118332, 0, 1, 0, 1, 1, ''),
	(75426, 118332, 0.1, 1, 0, 1, 1, ''),
	(76145, 118332, 0, 1, 0, 1, 1, ''),
	(77033, 118332, 0.1, 1, 0, 1, 1, ''),
	(77080, 118332, 0.1, 1, 0, 1, 1, ''),
	(77130, 118332, 0.1, 1, 0, 1, 1, ''),
	(79508, 118332, 0, 1, 0, 1, 1, ''),
	(81407, 118332, 0.1, 1, 0, 1, 1, ''),
	(81750, 118332, 0.1, 1, 0, 1, 1, ''),
	(76205, 118332, 0.1, 1, 0, 1, 1, ''),
	(76935, 118332, 0.1, 1, 0, 1, 1, ''),
	(77133, 118332, 0.1, 1, 0, 1, 1, ''),
	(77134, 118332, 0.2, 1, 0, 1, 1, ''),
	(82418, 118332, 0.1, 1, 0, 1, 1, ''),
	(83389, 118332, 0, 1, 0, 1, 1, ''),
	(76446, 118332, 0.1, 1, 0, 1, 1, ''),
	(77700, 118332, 0.1, 1, 0, 1, 1, ''),
	(79462, 118332, 0.1, 1, 0, 1, 1, ''),
	(79467, 118332, 0.1, 1, 0, 1, 1, ''),
	(81236, 118332, 0.1, 1, 0, 1, 1, ''),
	(84990, 118332, 0.1, 1, 0, 1, 1, ''),
	(81212, 118332, 0.1, 1, 0, 1, 1, ''),
	(76116, 118332, 0.1, 1, 0, 1, 1, ''),
	(76376, 118332, 0.4, 1, 0, 1, 1, ''),
	(83028, 118332, 0.2, 1, 0, 1, 1, ''),
	(83392, 118332, 0, 1, 0, 1, 1, ''),
	(80938, 118332, 0.3, 1, 0, 1, 1, ''),
	(88163, 118332, 0.2, 1, 0, 1, 1, ''),
	(75193, 118332, 0.1, 1, 0, 1, 1, ''),
	(75209, 118332, 0.1, 1, 0, 1, 1, ''),
	(76151, 118332, 0.2, 1, 0, 1, 1, ''),
	(76599, 118332, 0.1, 1, 0, 1, 1, ''),
	(79511, 118332, 0, 1, 0, 1, 1, ''),
	(81235, 118332, 0.3, 1, 0, 1, 1, ''),
	(82579, 118332, 0.3, 1, 0, 1, 1, ''),
	(75713, 118332, 0.3, 1, 0, 1, 1, ''),
	(75715, 118332, 0, 1, 0, 1, 1, ''),
	(75979, 118332, 0, 1, 0, 1, 1, ''),
	(81767, 118332, 0.1, 1, 0, 1, 1, ''),
	(86372, 118332, 0.1, 1, 0, 1, 1, ''),
	(75198, 118332, 0.1, 1, 0, 1, 1, ''),
	(81985, 118332, 0.1, 1, 0, 1, 1, ''),
	(83025, 118332, 0.2, 1, 0, 1, 1, ''),
	(77035, 118332, 0.2, 1, 0, 1, 1, ''),
	(77036, 118332, 0.3, 1, 0, 1, 1, ''),
	(80935, 118332, 0.4, 1, 0, 1, 1, ''),
	(75452, 118332, 0.7, 1, 0, 1, 1, ''),
	(77042, 118332, 0.1, 1, 0, 1, 1, ''),
	(80649, 118332, 0.2, 1, 0, 1, 1, ''),
	(76179, 118332, 0.2, 1, 0, 1, 1, ''),
	(76181, 118332, 0.1, 1, 0, 1, 1, ''),
	(79466, 118332, 0.3, 1, 0, 1, 1, ''),
	(76773, 118332, 0.2, 1, 0, 1, 1, ''),
	(82594, 118332, 0.3, 1, 0, 1, 1, ''),
	(79507, 118332, 0.1, 1, 0, 1, 1, ''),
	(75210, 118332, 0.2, 1, 0, 1, 1, ''),
	(81820, 118332, 0.1, 1, 0, 1, 1, ''),
	(80940, 118332, 0.3, 1, 0, 1, 1, ''),
	(84767, 118332, 0.1, 1, 0, 1, 1, ''),
	(75652, 118332, 0.1, 1, 0, 1, 1, ''),
	(76157, 118332, 0.2, 1, 0, 1, 1, ''),
	(81283, 118332, 0.2, 1, 0, 1, 1, ''),
	(75191, 118332, 0.1, 1, 0, 1, 1, ''),
	(84978, 118332, 0.1, 1, 0, 1, 1, ''),
	(75459, 118332, 0.1, 1, 0, 1, 1, ''),
	(79510, 118332, 0, 1, 0, 1, 1, ''),
	(76176, 118332, 0.2, 1, 0, 1, 1, ''),
	(76104, 118332, 0.1, 1, 0, 1, 1, ''),
	(76694, 118332, 0.1, 1, 0, 1, 1, ''),
	(77034, 118332, 0.2, 1, 0, 1, 1, ''),
	(81819, 118332, 0.1, 1, 0, 1, 1, ''),
	(77006, 118332, 0.1, 1, 0, 1, 1, ''),
	(81864, 118332, 0.1, 1, 0, 1, 1, ''),
	(84550, 118332, 0.9, 1, 0, 1, 1, ''),
	(83612, 118332, 0.3, 1, 0, 1, 1, ''),
	(79852, 118332, 0.7, 1, 0, 1, 1, ''),
	(83846, 118332, 0.5, 1, 0, 1, 1, ''),
	(80816, 118332, 0.8, 1, 0, 1, 1, ''),
	(77816, 118332, 0.9, 1, 0, 1, 1, ''),
	(82682, 118332, 0.8, 1, 0, 1, 1, ''),
	(79912, 118332, 0.9, 1, 0, 1, 1, ''),
	(75509, 118332, 1, 1, 0, 1, 1, ''),
	(75829, 118332, 1, 1, 0, 1, 1, ''),
	(75786, 118332, 0.7, 1, 0, 1, 1, ''),
	(79545, 118332, 0.9, 1, 0, 1, 1, ''),
	(76407, 118332, 0.5, 1, 0, 1, 1, ''),
	(76585, 118332, 1.1, 1, 0, 1, 1, ''),
	(81522, 118332, 0.9, 1, 0, 1, 1, ''),
	(76177, 118332, 0.7, 1, 0, 1, 1, ''),
	(74475, 118332, 0.7, 1, 0, 1, 1, ''),
	(75927, 118332, 0.7, 1, 0, 1, 1, ''),
	(76021, 118332, 0.8, 1, 0, 1, 1, ''),
	(74790, 118332, 0.3, 1, 0, 1, 1, ''),
	(77120, 118332, 0.5, 1, 0, 1, 1, ''),
	(74787, 118332, 0.8, 1, 0, 1, 1, ''),
	(76413, 118332, 1, 1, 0, 1, 1, ''),
	(75839, 118332, 0.8, 1, 0, 1, 1, ''),
	(75964, 118332, 0.7, 1, 0, 1, 1, ''),
	(83894, 118332, 1.1, 1, 0, 1, 1, ''),
	(80005, 118332, 0.5, 1, 0, 1, 1, ''),
	(81305, 118332, 1, 1, 0, 1, 1, ''),
	(76266, 118332, 0.4, 1, 0, 1, 1, ''),
	(76141, 118332, 1, 1, 0, 1, 1, '');

-- 118377, created by :

	-- 118333
	REPLACE INTO creature_loot_template (`entry`, `item`, `ChanceOrQuestChance`, `lootmode`, `groupid`, `mincountOrRef`, `maxcount`, `itemBonuses`) VALUES 
	(82295, 118333, 0, 1, 0, 1, 1, ''),
	(83681, 118333, 0, 1, 0, 1, 1, ''),
	(83812, 118333, 0, 1, 0, 1, 1, ''),
	(84102, 118333, 0, 1, 0, 1, 1, ''),
	(84644, 118333, 0, 1, 0, 1, 1, ''),
	(84652, 118333, 0.1, 1, 0, 1, 1, ''),
	(84837, 118333, 0, 1, 0, 1, 1, ''),
	(85753, 118333, 0, 1, 0, 1, 1, ''),
	(85756, 118333, 0, 1, 0, 1, 1, ''),
	(90909, 118333, 0.1, 1, 0, 1, 1, ''),
	(91921, 118333, 2, 1, 0, 1, 1, ''),
	(80825, 118333, 0.4, 1, 0, 1, 1, ''),
	(82310, 118333, 0, 1, 0, 1, 1, ''),
	(84646, 118333, 0.2, 1, 0, 1, 1, ''),
	(84651, 118333, 0.2, 1, 0, 1, 1, ''),
	(84155, 118333, 0, 1, 0, 1, 1, ''),
	(84349, 118333, 0.1, 1, 0, 1, 1, ''),
	(84645, 118333, 0.2, 1, 0, 1, 1, ''),
	(84483, 118333, 0, 1, 0, 1, 1, ''),
	(83690, 118333, 0.1, 1, 0, 1, 1, ''),
	(83694, 118333, 0.1, 1, 0, 1, 1, ''),
	(85750, 118333, 0, 1, 0, 1, 1, ''),
	(81065, 118333, 0, 1, 0, 1, 1, ''),
	(85766, 118333, 0.6, 1, 0, 1, 1, ''),
	(83754, 118333, 0, 1, 0, 1, 1, ''),
	(84875, 118333, 0.2, 1, 0, 1, 1, ''),
	(91919, 118333, 0, 1, 0, 1, 1, ''),
	(81087, 118333, 0.1, 1, 0, 1, 1, ''),
	(84904, 118333, 0.3, 1, 0, 1, 1, ''),
	(83715, 118333, 0, 1, 0, 1, 1, ''),
	(85752, 118333, 0, 1, 0, 1, 1, ''),
	(83687, 118333, 0.1, 1, 0, 1, 1, ''),
	(83803, 118333, 0.1, 1, 0, 1, 1, ''),
	(84468, 118333, 0.7, 1, 0, 1, 1, ''),
	(85767, 118333, 0.7, 1, 0, 1, 1, ''),
	(78935, 118333, 0, 1, 0, 1, 1, ''),
	(78936, 118333, 0, 1, 0, 1, 1, ''),
	(84466, 118333, 0.6, 1, 0, 1, 1, ''),
	(83720, 118333, 0, 1, 0, 1, 1, ''),
	(83790, 118333, 0.1, 1, 0, 1, 1, ''),
	(85771, 118333, 0.4, 1, 0, 1, 1, ''),
	(83689, 118333, 0.1, 1, 0, 1, 1, ''),
	(84893, 118333, 0.5, 1, 0, 1, 1, ''),
	(83692, 118333, 0.1, 1, 0, 1, 1, ''),
	(83683, 118333, 0.7, 1, 0, 1, 1, ''),
	(83713, 118333, 0.9, 1, 0, 1, 1, ''),
	(83691, 118333, 0.5, 1, 0, 1, 1, ''),
	(84110, 118333, 0.6, 1, 0, 1, 1, ''),
	(83819, 118333, 0.6, 1, 0, 1, 1, '');

	-- 118334
	REPLACE INTO creature_loot_template (`entry`, `item`, `ChanceOrQuestChance`, `lootmode`, `groupid`, `mincountOrRef`, `maxcount`, `itemBonuses`) VALUES 
	(82310, 118334, 0, 1, 0, 1, 1, ''),
	(83754, 118334, 0, 1, 0, 1, 1, ''),
	(84644, 118334, 0, 1, 0, 1, 1, ''),
	(85756, 118334, 0, 1, 0, 1, 1, ''),
	(80825, 118334, 0.4, 1, 0, 1, 1, ''),
	(84349, 118334, 0, 1, 0, 1, 1, ''),
	(83729, 118334, 0.1, 1, 0, 1, 1, ''),
	(85766, 118334, 0.2, 1, 0, 1, 1, ''),
	(91921, 118334, 6.1, 1, 0, 1, 1, ''),
	(84483, 118334, 0, 1, 0, 1, 1, ''),
	(81065, 118334, 0, 1, 0, 1, 1, ''),
	(84646, 118334, 0.5, 1, 0, 1, 1, ''),
	(83690, 118334, 0.1, 1, 0, 1, 1, ''),
	(83713, 118334, 0.2, 1, 0, 1, 1, ''),
	(84837, 118334, 0, 1, 0, 1, 1, ''),
	(85767, 118334, 0.4, 1, 0, 1, 1, ''),
	(83694, 118334, 0.1, 1, 0, 1, 1, ''),
	(84155, 118334, 0, 1, 0, 1, 1, ''),
	(85750, 118334, 0.1, 1, 0, 1, 1, ''),
	(84466, 118334, 0.4, 1, 0, 1, 1, ''),
	(84645, 118334, 0.5, 1, 0, 1, 1, ''),
	(83790, 118334, 0, 1, 0, 1, 1, ''),
	(84468, 118334, 0.6, 1, 0, 1, 1, ''),
	(83803, 118334, 0.1, 1, 0, 1, 1, ''),
	(82295, 118334, 0.1, 1, 0, 1, 1, ''),
	(83691, 118334, 0.2, 1, 0, 1, 1, ''),
	(83715, 118334, 0, 1, 0, 1, 1, ''),
	(78935, 118334, 0, 1, 0, 1, 1, ''),
	(83687, 118334, 0.1, 1, 0, 1, 1, ''),
	(83720, 118334, 0, 1, 0, 1, 1, ''),
	(84875, 118334, 0.3, 1, 0, 1, 1, ''),
	(78936, 118334, 0, 1, 0, 1, 1, ''),
	(83683, 118334, 0.4, 1, 0, 1, 1, ''),
	(85752, 118334, 0.1, 1, 0, 1, 1, ''),
	(81087, 118334, 0.1, 1, 0, 1, 1, ''),
	(84904, 118334, 0.5, 1, 0, 1, 1, ''),
	(91919, 118334, 0, 1, 0, 1, 1, ''),
	(83689, 118334, 0.1, 1, 0, 1, 1, ''),
	(83692, 118334, 0.1, 1, 0, 1, 1, ''),
	(85771, 118334, 0.5, 1, 0, 1, 1, ''),
	(84893, 118334, 0.5, 1, 0, 1, 1, ''),
	(84110, 118334, 0.6, 1, 0, 1, 1, ''),
	(83819, 118334, 0.6, 1, 0, 1, 1, '');

	-- 118335
	REPLACE INTO creature_loot_template (`entry`, `item`, `ChanceOrQuestChance`, `lootmode`, `groupid`, `mincountOrRef`, `maxcount`, `itemBonuses`) VALUES 
	(80825, 118335, 0.2, 1, 0, 1, 1, ''),
	(82310, 118335, 0, 1, 0, 1, 1, ''),
	(83681, 118335, 0, 1, 0, 1, 1, ''),
	(84102, 118335, 0, 1, 0, 1, 1, ''),
	(85756, 118335, 0, 1, 0, 1, 1, ''),
	(95865, 118335, 0.3, 1, 0, 1, 1, ''),
	(83729, 118335, 0.1, 1, 0, 1, 1, ''),
	(83812, 118335, 0, 1, 0, 1, 1, ''),
	(84155, 118335, 0, 1, 0, 1, 1, ''),
	(84483, 118335, 0, 1, 0, 1, 1, ''),
	(84646, 118335, 0.3, 1, 0, 1, 1, ''),
	(85766, 118335, 0.2, 1, 0, 1, 1, ''),
	(83694, 118335, 0, 1, 0, 1, 1, ''),
	(74886, 118335, 0, 1, 0, 1, 1, ''),
	(84651, 118335, 0.6, 1, 0, 1, 1, ''),
	(81065, 118335, 0, 1, 0, 1, 1, ''),
	(82295, 118335, 0.1, 1, 0, 1, 1, ''),
	(83690, 118335, 0.1, 1, 0, 1, 1, ''),
	(83715, 118335, 0, 1, 0, 1, 1, ''),
	(85767, 118335, 0.3, 1, 0, 1, 1, ''),
	(83754, 118335, 0, 1, 0, 1, 1, ''),
	(84645, 118335, 0.4, 1, 0, 1, 1, ''),
	(84904, 118335, 0.2, 1, 0, 1, 1, ''),
	(81087, 118335, 0.1, 1, 0, 1, 1, ''),
	(83803, 118335, 0, 1, 0, 1, 1, ''),
	(85750, 118335, 0.1, 1, 0, 1, 1, ''),
	(84468, 118335, 0.5, 1, 0, 1, 1, ''),
	(84875, 118335, 0.2, 1, 0, 1, 1, ''),
	(84837, 118335, 0.1, 1, 0, 1, 1, ''),
	(83720, 118335, 0, 1, 0, 1, 1, ''),
	(83713, 118335, 0.5, 1, 0, 1, 1, ''),
	(85752, 118335, 0.1, 1, 0, 1, 1, ''),
	(83687, 118335, 0.1, 1, 0, 1, 1, ''),
	(84893, 118335, 0.4, 1, 0, 1, 1, ''),
	(78935, 118335, 0, 1, 0, 1, 1, ''),
	(83689, 118335, 0.1, 1, 0, 1, 1, ''),
	(83790, 118335, 0.1, 1, 0, 1, 1, ''),
	(85771, 118335, 0.4, 1, 0, 1, 1, ''),
	(83691, 118335, 0.4, 1, 0, 1, 1, ''),
	(91919, 118335, 0, 1, 0, 1, 1, ''),
	(78936, 118335, 0, 1, 0, 1, 1, ''),
	(84466, 118335, 1, 1, 0, 1, 1, ''),
	(83683, 118335, 0.7, 1, 0, 1, 1, ''),
	(83692, 118335, 0.1, 1, 0, 1, 1, ''),
	(84110, 118335, 0.7, 1, 0, 1, 1, ''),
	(83819, 118335, 0.7, 1, 0, 1, 1, '');

-- 118378, created by :

	-- 118336
	REPLACE INTO creature_loot_template (`entry`, `item`, `ChanceOrQuestChance`, `lootmode`, `groupid`, `mincountOrRef`, `maxcount`, `itemBonuses`) VALUES 
	(79586, 118336, 32.6, 1, 0, 1, 1, ''),
	(80205, 118336, 5, 1, 0, 1, 1, ''),
	(86656, 118336, 3.9, 1, 0, 1, 1, ''),
	(88663, 118336, 0.9, 1, 0, 1, 1, ''),
	(84251, 118336, 0.8, 1, 0, 1, 1, ''),
	(88664, 118336, 0.7, 1, 0, 1, 1, ''),
	(81331, 118336, 0.5, 1, 0, 1, 1, ''),
	(85450, 118336, 0.4, 1, 0, 1, 1, ''),
	(85458, 118336, 0.4, 1, 0, 1, 1, ''),
	(80684, 118336, 0.3, 1, 0, 1, 1, ''),
	(85459, 118336, 0.3, 1, 0, 1, 1, ''),
	(81330, 118336, 0.3, 1, 0, 1, 1, ''),
	(85455, 118336, 0.3, 1, 0, 1, 1, ''),
	(87105, 118336, 0.3, 1, 0, 1, 1, ''),
	(87226, 118336, 0.2, 1, 0, 1, 1, ''),
	(77794, 118336, 0.2, 1, 0, 1, 1, ''),
	(85454, 118336, 0.2, 1, 0, 1, 1, ''),
	(85456, 118336, 0.2, 1, 0, 1, 1, ''),
	(84999, 118336, 0.2, 1, 0, 1, 1, ''),
	(79581, 118336, 0.2, 1, 0, 1, 1, ''),
	(85503, 118336, 0.2, 1, 0, 1, 1, ''),
	(81142, 118336, 0.2, 1, 0, 1, 1, ''),
	(80483, 118336, 0.2, 1, 0, 1, 1, ''),
	(78197, 118336, 0.1, 1, 0, 1, 1, ''),
	(72571, 118336, 0.1, 1, 0, 1, 1, ''),
	(84260, 118336, 0.1, 1, 0, 1, 1, ''),
	(86279, 118336, 0.1, 1, 0, 1, 1, ''),
	(81072, 118336, 0.1, 1, 0, 1, 1, ''),
	(89951, 118336, 0.1, 1, 0, 1, 1, ''),
	(80254, 118336, 0.1, 1, 0, 1, 1, ''),
	(81019, 118336, 0.1, 1, 0, 1, 1, ''),
	(85066, 118336, 0.1, 1, 0, 1, 1, ''),
	(79886, 118336, 0.1, 1, 0, 1, 1, ''),
	(85075, 118336, 0.1, 1, 0, 1, 1, ''),
	(80316, 118336, 0.1, 1, 0, 1, 1, ''),
	(74373, 118336, 0.1, 1, 0, 1, 1, ''),
	(86398, 118336, 0.1, 1, 0, 1, 1, ''),
	(87639, 118336, 0.1, 1, 0, 1, 1, ''),
	(85460, 118336, 0.1, 1, 0, 1, 1, ''),
	(88264, 118336, 0.1, 1, 0, 1, 1, ''),
	(80255, 118336, 0.1, 1, 0, 1, 1, ''),
	(88657, 118336, 0.1, 1, 0, 1, 1, ''),
	(79070, 118336, 0.1, 1, 0, 1, 1, ''),
	(86657, 118336, 0.1, 1, 0, 1, 1, ''),
	(84283, 118336, 0.1, 1, 0, 1, 1, ''),
	(80253, 118336, 0.1, 1, 0, 1, 1, ''),
	(85068, 118336, 0.1, 1, 0, 1, 1, ''),
	(84094, 118336, 0.1, 1, 0, 1, 1, ''),
	(86773, 118336, 0.1, 1, 0, 1, 1, ''),
	(86660, 118336, 0.1, 1, 0, 1, 1, ''),
	(80964, 118336, 0.1, 1, 0, 1, 1, ''),
	(79584, 118336, 0.1, 1, 0, 1, 1, ''),
	(83023, 118336, 0.1, 1, 0, 1, 1, ''),
	(86659, 118336, 0.1, 1, 0, 1, 1, ''),
	(75353, 118336, 0.1, 1, 0, 1, 1, ''),
	(87223, 118336, 0.1, 1, 0, 1, 1, ''),
	(81054, 118336, 0.1, 1, 0, 1, 1, ''),
	(79591, 118336, 0.1, 1, 0, 1, 1, ''),
	(78168, 118336, 0.1, 1, 0, 1, 1, ''),
	(81542, 118336, 0.1, 1, 0, 1, 1, ''),
	(81605, 118336, 0.1, 1, 0, 1, 1, ''),
	(75283, 118336, 0.1, 1, 0, 1, 1, ''),
	(84026, 118336, 0.1, 1, 0, 1, 1, ''),
	(87039, 118336, 0.1, 1, 0, 1, 1, ''),
	(87222, 118336, 0.1, 1, 0, 1, 1, ''),
	(80375, 118336, 0.1, 1, 0, 1, 1, ''),
	(84760, 118336, 0.1, 1, 0, 1, 1, ''),
	(85073, 118336, 0.1, 1, 0, 1, 1, ''),
	(81541, 118336, 0.1, 1, 0, 1, 1, ''),
	(86024, 118336, 0.1, 1, 0, 1, 1, ''),
	(86833, 118336, 0.1, 1, 0, 1, 1, ''),
	(87337, 118336, 0.1, 1, 0, 1, 1, ''),
	(82960, 118336, 0.1, 1, 0, 1, 1, ''),
	(79753, 118336, 0.1, 1, 0, 1, 1, ''),
	(84764, 118336, 0.1, 1, 0, 1, 1, ''),
	(73320, 118336, 0.1, 1, 0, 1, 1, ''),
	(83575, 118336, 0.1, 1, 0, 1, 1, ''),
	(79650, 118336, 0.1, 1, 0, 1, 1, ''),
	(87341, 118336, 0.1, 1, 0, 1, 1, ''),
	(84888, 118336, 0.1, 1, 0, 1, 1, ''),
	(78319, 118336, 0.1, 1, 0, 1, 1, ''),
	(85434, 118336, 0.1, 1, 0, 1, 1, ''),
	(77973, 118336, 0.1, 1, 0, 1, 1, ''),
	(87095, 118336, 0.1, 1, 0, 1, 1, ''),
	(83655, 118336, 0.1, 1, 0, 1, 1, ''),
	(87654, 118336, 0.1, 1, 0, 1, 1, ''),
	(80295, 118336, 0.1, 1, 0, 1, 1, ''),
	(79482, 118336, 0.1, 1, 0, 1, 1, ''),
	(81764, 118336, 0.1, 1, 0, 1, 1, ''),
	(75745, 118336, 0.1, 1, 0, 1, 1, ''),
	(84871, 118336, 0.1, 1, 0, 1, 1, ''),
	(88956, 118336, 0.1, 1, 0, 1, 1, ''),
	(77490, 118336, 0.1, 1, 0, 1, 1, ''),
	(85168, 118336, 0.1, 1, 0, 1, 1, ''),
	(85457, 118336, 0.1, 1, 0, 1, 1, ''),
	(83831, 118336, 0.1, 1, 0, 1, 1, ''),
	(80294, 118336, 0.1, 1, 0, 1, 1, ''),
	(82261, 118336, 0.1, 1, 0, 1, 1, ''),
	(83641, 118336, 0.1, 1, 0, 1, 1, ''),
	(82934, 118336, 0.1, 1, 0, 1, 1, ''),
	(84873, 118336, 0.1, 1, 0, 1, 1, ''),
	(84908, 118336, 0.1, 1, 0, 1, 1, ''),
	(87846, 118336, 0.1, 1, 0, 1, 1, ''),
	(79402, 118336, 0.1, 1, 0, 1, 1, ''),
	(86179, 118336, 0.1, 1, 0, 1, 1, ''),
	(84181, 118336, 0.1, 1, 0, 1, 1, ''),
	(87310, 118336, 0.1, 1, 0, 1, 1, ''),
	(88207, 118336, 0.1, 1, 0, 1, 1, ''),
	(86932, 118336, 0.1, 1, 0, 1, 1, ''),
	(80191, 118336, 0.1, 1, 0, 1, 1, ''),
	(83848, 118336, 0.1, 1, 0, 1, 1, ''),
	(83017, 118336, 0.1, 1, 0, 1, 1, ''),
	(73899, 118336, 0.1, 1, 0, 1, 1, ''),
	(79231, 118336, 0.1, 1, 0, 1, 1, ''),
	(80313, 118336, 0.1, 1, 0, 1, 1, ''),
	(80057, 118336, 0.1, 1, 0, 1, 1, ''),
	(80586, 118336, 0.1, 1, 0, 1, 1, ''),
	(82981, 118336, 0.1, 1, 0, 1, 1, ''),
	(79543, 118336, 0.1, 1, 0, 1, 1, ''),
	(77022, 118336, 0.1, 1, 0, 1, 1, ''),
	(87584, 118336, 0.1, 1, 0, 1, 1, ''),
	(78195, 118336, 0.1, 1, 0, 1, 1, ''),
	(79524, 118336, 0.1, 1, 0, 1, 1, ''),
	(79708, 118336, 0.1, 1, 0, 1, 1, ''),
	(85357, 118336, 0.1, 1, 0, 1, 1, ''),
	(83570, 118336, 0.1, 1, 0, 1, 1, ''),
	(84337, 118336, 0.1, 1, 0, 1, 1, ''),
	(84266, 118336, 0.1, 1, 0, 1, 1, ''),
	(76969, 118336, 0.1, 1, 0, 1, 1, ''),
	(90107, 118336, 0.1, 1, 0, 1, 1, ''),
	(79332, 118336, 0.1, 1, 0, 1, 1, ''),
	(90404, 118336, 0.1, 1, 0, 1, 1, ''),
	(84334, 118336, 0.1, 1, 0, 1, 1, ''),
	(77517, 118336, 0.1, 1, 0, 1, 1, ''),
	(86128, 118336, 0.1, 1, 0, 1, 1, ''),
	(86748, 118336, 0.1, 1, 0, 1, 1, ''),
	(87221, 118336, 0.1, 1, 0, 1, 1, ''),
	(80197, 118336, 0.1, 1, 0, 1, 1, ''),
	(86727, 118336, 0.1, 1, 0, 1, 1, ''),
	(79187, 118336, 0.1, 1, 0, 1, 1, ''),
	(86747, 118336, 0.1, 1, 0, 1, 1, ''),
	(75280, 118336, 0.1, 1, 0, 1, 1, ''),
	(78550, 118336, 0.1, 1, 0, 1, 1, ''),
	(81637, 118336, 0.1, 1, 0, 1, 1, ''),
	(83640, 118336, 0.1, 1, 0, 1, 1, ''),
	(87309, 118336, 0.1, 1, 0, 1, 1, ''),
	(81502, 118336, 0.1, 1, 0, 1, 1, ''),
	(84945, 118336, 0.1, 1, 0, 1, 1, ''),
	(77548, 118336, 0.1, 1, 0, 1, 1, ''),
	(79022, 118336, 0.1, 1, 0, 1, 1, ''),
	(88363, 118336, 0.1, 1, 0, 1, 1, ''),
	(83577, 118336, 0.1, 1, 0, 1, 1, ''),
	(80749, 118336, 0.1, 1, 0, 1, 1, ''),
	(84002, 118336, 0.1, 1, 0, 1, 1, ''),
	(86269, 118336, 0.1, 1, 0, 1, 1, ''),
	(77140, 118336, 0.1, 1, 0, 1, 1, ''),
	(82990, 118336, 0.1, 1, 0, 1, 1, ''),
	(84278, 118336, 0.1, 1, 0, 1, 1, ''),
	(86730, 118336, 0.1, 1, 0, 1, 1, ''),
	(78278, 118336, 0.1, 1, 0, 1, 1, ''),
	(88361, 118336, 0.1, 1, 0, 1, 1, ''),
	(75747, 118336, 0.1, 1, 0, 1, 1, ''),
	(84055, 118336, 0.1, 1, 0, 1, 1, ''),
	(75290, 118336, 0.1, 1, 0, 1, 1, ''),
	(86741, 118336, 0.1, 1, 0, 1, 1, ''),
	(82318, 118336, 0.1, 1, 0, 1, 1, ''),
	(83020, 118336, 0.1, 1, 0, 1, 1, ''),
	(83385, 118336, 0.1, 1, 0, 1, 1, ''),
	(79234, 118336, 0.1, 1, 0, 1, 1, ''),
	(79854, 118336, 0.1, 1, 0, 1, 1, ''),
	(82326, 118336, 0.1, 1, 0, 1, 1, ''),
	(80380, 118336, 0.1, 1, 0, 1, 1, ''),
	(82619, 118336, 0.1, 1, 0, 1, 1, ''),
	(86848, 118336, 0.1, 1, 0, 1, 1, ''),
	(84657, 118336, 0.1, 1, 0, 1, 1, ''),
	(80585, 118336, 0.1, 1, 0, 1, 1, ''),
	(81697, 118336, 0.1, 1, 0, 1, 1, ''),
	(87090, 118336, 0.1, 1, 0, 1, 1, ''),
	(84765, 118336, 0.1, 1, 0, 1, 1, ''),
	(76438, 118336, 0.1, 1, 0, 1, 1, ''),
	(88358, 118336, 0.1, 1, 0, 1, 1, ''),
	(85150, 118336, 0.1, 1, 0, 1, 1, ''),
	(88721, 118336, 0.1, 1, 0, 1, 1, ''),
	(80748, 118336, 0.1, 1, 0, 1, 1, ''),
	(78976, 118336, 0.1, 1, 0, 1, 1, ''),
	(87102, 118336, 0.1, 1, 0, 1, 1, ''),
	(83739, 118336, 0.1, 1, 0, 1, 1, ''),
	(79023, 118336, 0.1, 1, 0, 1, 1, ''),
	(76210, 118336, 0.1, 1, 0, 1, 1, ''),
	(82411, 118336, 0.1, 1, 0, 1, 1, ''),
	(87107, 118336, 0.1, 1, 0, 1, 1, ''),
	(79926, 118336, 0.1, 1, 0, 1, 1, ''),
	(80467, 118336, 0.1, 1, 0, 1, 1, ''),
	(81902, 118336, 0.1, 1, 0, 1, 1, ''),
	(77352, 118336, 0.1, 1, 0, 1, 1, ''),
	(86931, 118336, 0.1, 1, 0, 1, 1, ''),
	(82940, 118336, 0.1, 1, 0, 1, 1, ''),
	(82262, 118336, 0.1, 1, 0, 1, 1, ''),
	(78327, 118336, 0.1, 1, 0, 1, 1, ''),
	(84425, 118336, 0.1, 1, 0, 1, 1, '');

	-- 118337
	REPLACE INTO creature_loot_template (`entry`, `item`, `ChanceOrQuestChance`, `lootmode`, `groupid`, `mincountOrRef`, `maxcount`, `itemBonuses`) VALUES 
	(79586, 118337, 16.3, 1, 0, 1, 1, ''),
	(80205, 118337, 5, 1, 0, 1, 1, ''),
	(86656, 118337, 4.1, 1, 0, 1, 1, ''),
	(88664, 118337, 0.7, 1, 0, 1, 1, ''),
	(88663, 118337, 0.7, 1, 0, 1, 1, ''),
	(86398, 118337, 0.6, 1, 0, 1, 1, ''),
	(87095, 118337, 0.5, 1, 0, 1, 1, ''),
	(85454, 118337, 0.5, 1, 0, 1, 1, ''),
	(85456, 118337, 0.4, 1, 0, 1, 1, ''),
	(86406, 118337, 0.4, 1, 0, 1, 1, ''),
	(85458, 118337, 0.3, 1, 0, 1, 1, ''),
	(78197, 118337, 0.3, 1, 0, 1, 1, ''),
	(85457, 118337, 0.3, 1, 0, 1, 1, ''),
	(83049, 118337, 0.3, 1, 0, 1, 1, ''),
	(80253, 118337, 0.3, 1, 0, 1, 1, ''),
	(84251, 118337, 0.3, 1, 0, 1, 1, ''),
	(80255, 118337, 0.3, 1, 0, 1, 1, ''),
	(81331, 118337, 0.3, 1, 0, 1, 1, ''),
	(85450, 118337, 0.3, 1, 0, 1, 1, ''),
	(84250, 118337, 0.3, 1, 0, 1, 1, ''),
	(87227, 118337, 0.2, 1, 0, 1, 1, ''),
	(85459, 118337, 0.2, 1, 0, 1, 1, ''),
	(85460, 118337, 0.2, 1, 0, 1, 1, ''),
	(85455, 118337, 0.2, 1, 0, 1, 1, ''),
	(80254, 118337, 0.2, 1, 0, 1, 1, ''),
	(86551, 118337, 0.2, 1, 0, 1, 1, ''),
	(89824, 118337, 0.2, 1, 0, 1, 1, ''),
	(79584, 118337, 0.2, 1, 0, 1, 1, ''),
	(85503, 118337, 0.2, 1, 0, 1, 1, ''),
	(84999, 118337, 0.2, 1, 0, 1, 1, ''),
	(88657, 118337, 0.1, 1, 0, 1, 1, ''),
	(86657, 118337, 0.1, 1, 0, 1, 1, ''),
	(79591, 118337, 0.1, 1, 0, 1, 1, ''),
	(79650, 118337, 0.1, 1, 0, 1, 1, ''),
	(85075, 118337, 0.1, 1, 0, 1, 1, ''),
	(77794, 118337, 0.1, 1, 0, 1, 1, ''),
	(86324, 118337, 0.1, 1, 0, 1, 1, ''),
	(87105, 118337, 0.1, 1, 0, 1, 1, ''),
	(80964, 118337, 0.1, 1, 0, 1, 1, ''),
	(85068, 118337, 0.1, 1, 0, 1, 1, ''),
	(86279, 118337, 0.1, 1, 0, 1, 1, ''),
	(79886, 118337, 0.1, 1, 0, 1, 1, ''),
	(79744, 118337, 0.1, 1, 0, 1, 1, ''),
	(79581, 118337, 0.1, 1, 0, 1, 1, ''),
	(79070, 118337, 0.1, 1, 0, 1, 1, ''),
	(72571, 118337, 0.1, 1, 0, 1, 1, ''),
	(79920, 118337, 0.1, 1, 0, 1, 1, ''),
	(77051, 118337, 0.1, 1, 0, 1, 1, ''),
	(84283, 118337, 0.1, 1, 0, 1, 1, ''),
	(88264, 118337, 0.1, 1, 0, 1, 1, ''),
	(81054, 118337, 0.1, 1, 0, 1, 1, ''),
	(83023, 118337, 0.1, 1, 0, 1, 1, ''),
	(85066, 118337, 0.1, 1, 0, 1, 1, ''),
	(82960, 118337, 0.1, 1, 0, 1, 1, ''),
	(90104, 118337, 0.1, 1, 0, 1, 1, ''),
	(86179, 118337, 0.1, 1, 0, 1, 1, ''),
	(86024, 118337, 0.1, 1, 0, 1, 1, ''),
	(85168, 118337, 0.1, 1, 0, 1, 1, ''),
	(79023, 118337, 0.1, 1, 0, 1, 1, ''),
	(82964, 118337, 0.1, 1, 0, 1, 1, ''),
	(84334, 118337, 0.1, 1, 0, 1, 1, ''),
	(81542, 118337, 0.1, 1, 0, 1, 1, ''),
	(78168, 118337, 0.1, 1, 0, 1, 1, ''),
	(83017, 118337, 0.1, 1, 0, 1, 1, ''),
	(87337, 118337, 0.1, 1, 0, 1, 1, ''),
	(84760, 118337, 0.1, 1, 0, 1, 1, ''),
	(85073, 118337, 0.1, 1, 0, 1, 1, ''),
	(79754, 118337, 0.1, 1, 0, 1, 1, ''),
	(85098, 118337, 0.1, 1, 0, 1, 1, ''),
	(88187, 118337, 0.1, 1, 0, 1, 1, ''),
	(84888, 118337, 0.1, 1, 0, 1, 1, ''),
	(87222, 118337, 0.1, 1, 0, 1, 1, ''),
	(84908, 118337, 0.1, 1, 0, 1, 1, ''),
	(76969, 118337, 0.1, 1, 0, 1, 1, ''),
	(80787, 118337, 0.1, 1, 0, 1, 1, ''),
	(84873, 118337, 0.1, 1, 0, 1, 1, ''),
	(75283, 118337, 0.1, 1, 0, 1, 1, ''),
	(78319, 118337, 0.1, 1, 0, 1, 1, ''),
	(77973, 118337, 0.1, 1, 0, 1, 1, ''),
	(82990, 118337, 0.1, 1, 0, 1, 1, ''),
	(85034, 118337, 0.1, 1, 0, 1, 1, ''),
	(81605, 118337, 0.1, 1, 0, 1, 1, ''),
	(84871, 118337, 0.1, 1, 0, 1, 1, ''),
	(84639, 118337, 0.1, 1, 0, 1, 1, ''),
	(79482, 118337, 0.1, 1, 0, 1, 1, ''),
	(83640, 118337, 0.1, 1, 0, 1, 1, ''),
	(75745, 118337, 0.1, 1, 0, 1, 1, ''),
	(79231, 118337, 0.1, 1, 0, 1, 1, ''),
	(84765, 118337, 0.1, 1, 0, 1, 1, ''),
	(87223, 118337, 0.1, 1, 0, 1, 1, ''),
	(85150, 118337, 0.1, 1, 0, 1, 1, ''),
	(81541, 118337, 0.1, 1, 0, 1, 1, ''),
	(87309, 118337, 0.1, 1, 0, 1, 1, ''),
	(82981, 118337, 0.1, 1, 0, 1, 1, ''),
	(86747, 118337, 0.1, 1, 0, 1, 1, ''),
	(73468, 118337, 0.1, 1, 0, 1, 1, ''),
	(83577, 118337, 0.1, 1, 0, 1, 1, ''),
	(87107, 118337, 0.1, 1, 0, 1, 1, ''),
	(87846, 118337, 0.1, 1, 0, 1, 1, ''),
	(83011, 118337, 0.1, 1, 0, 1, 1, ''),
	(83575, 118337, 0.1, 1, 0, 1, 1, ''),
	(88957, 118337, 0.1, 1, 0, 1, 1, ''),
	(84055, 118337, 0.1, 1, 0, 1, 1, ''),
	(77634, 118337, 0.1, 1, 0, 1, 1, ''),
	(86833, 118337, 0.1, 1, 0, 1, 1, ''),
	(73834, 118337, 0.1, 1, 0, 1, 1, ''),
	(84094, 118337, 0.1, 1, 0, 1, 1, ''),
	(87221, 118337, 0.1, 1, 0, 1, 1, ''),
	(73899, 118337, 0.1, 1, 0, 1, 1, ''),
	(78475, 118337, 0.1, 1, 0, 1, 1, ''),
	(87638, 118337, 0.1, 1, 0, 1, 1, ''),
	(80313, 118337, 0.1, 1, 0, 1, 1, ''),
	(75753, 118337, 0.1, 1, 0, 1, 1, ''),
	(79543, 118337, 0.1, 1, 0, 1, 1, ''),
	(83655, 118337, 0.1, 1, 0, 1, 1, ''),
	(87584, 118337, 0.1, 1, 0, 1, 1, ''),
	(84914, 118337, 0.1, 1, 0, 1, 1, ''),
	(82934, 118337, 0.1, 1, 0, 1, 1, ''),
	(83570, 118337, 0.1, 1, 0, 1, 1, ''),
	(79708, 118337, 0.1, 1, 0, 1, 1, ''),
	(84764, 118337, 0.1, 1, 0, 1, 1, ''),
	(79234, 118337, 0.1, 1, 0, 1, 1, ''),
	(81697, 118337, 0.1, 1, 0, 1, 1, ''),
	(81637, 118337, 0.1, 1, 0, 1, 1, ''),
	(83641, 118337, 0.1, 1, 0, 1, 1, ''),
	(78371, 118337, 0.1, 1, 0, 1, 1, ''),
	(78713, 118337, 0.1, 1, 0, 1, 1, ''),
	(80749, 118337, 0.1, 1, 0, 1, 1, ''),
	(82261, 118337, 0.1, 1, 0, 1, 1, ''),
	(90412, 118337, 0.1, 1, 0, 1, 1, ''),
	(79753, 118337, 0.1, 1, 0, 1, 1, ''),
	(83848, 118337, 0.1, 1, 0, 1, 1, ''),
	(86269, 118337, 0.1, 1, 0, 1, 1, ''),
	(80197, 118337, 0.1, 1, 0, 1, 1, ''),
	(84180, 118337, 0.1, 1, 0, 1, 1, ''),
	(83020, 118337, 0.1, 1, 0, 1, 1, ''),
	(78710, 118337, 0.1, 1, 0, 1, 1, ''),
	(80056, 118337, 0.1, 1, 0, 1, 1, ''),
	(84026, 118337, 0.1, 1, 0, 1, 1, ''),
	(84945, 118337, 0.1, 1, 0, 1, 1, ''),
	(82268, 118337, 0.1, 1, 0, 1, 1, ''),
	(78462, 118337, 0.1, 1, 0, 1, 1, ''),
	(80576, 118337, 0.1, 1, 0, 1, 1, ''),
	(87310, 118337, 0.1, 1, 0, 1, 1, ''),
	(79022, 118337, 0.1, 1, 0, 1, 1, ''),
	(79034, 118337, 0.1, 1, 0, 1, 1, ''),
	(85357, 118337, 0.1, 1, 0, 1, 1, ''),
	(87088, 118337, 0.1, 1, 0, 1, 1, ''),
	(80335, 118337, 0.1, 1, 0, 1, 1, ''),
	(79595, 118337, 0.1, 1, 0, 1, 1, ''),
	(86727, 118337, 0.1, 1, 0, 1, 1, ''),
	(83021, 118337, 0.1, 1, 0, 1, 1, ''),
	(86931, 118337, 0.1, 1, 0, 1, 1, ''),
	(85434, 118337, 0.1, 1, 0, 1, 1, ''),
	(81502, 118337, 0.1, 1, 0, 1, 1, ''),
	(84002, 118337, 0.1, 1, 0, 1, 1, ''),
	(83831, 118337, 0.1, 1, 0, 1, 1, ''),
	(81409, 118337, 0.1, 1, 0, 1, 1, ''),
	(81902, 118337, 0.1, 1, 0, 1, 1, ''),
	(75435, 118337, 0.1, 1, 0, 1, 1, ''),
	(75747, 118337, 0.1, 1, 0, 1, 1, ''),
	(88207, 118337, 0.1, 1, 0, 1, 1, ''),
	(84880, 118337, 0.1, 1, 0, 1, 1, ''),
	(82262, 118337, 0.1, 1, 0, 1, 1, ''),
	(79544, 118337, 0.1, 1, 0, 1, 1, ''),
	(79854, 118337, 0.1, 1, 0, 1, 1, ''),
	(82928, 118337, 0.1, 1, 0, 1, 1, ''),
	(82326, 118337, 0.1, 1, 0, 1, 1, ''),
	(82619, 118337, 0.1, 1, 0, 1, 1, ''),
	(80057, 118337, 0.1, 1, 0, 1, 1, ''),
	(81858, 118337, 0.1, 1, 0, 1, 1, ''),
	(80586, 118337, 0.1, 1, 0, 1, 1, ''),
	(88363, 118337, 0.1, 1, 0, 1, 1, ''),
	(86553, 118337, 0.1, 1, 0, 1, 1, ''),
	(76668, 118337, 0.1, 1, 0, 1, 1, ''),
	(80382, 118337, 0.1, 1, 0, 1, 1, ''),
	(82415, 118337, 0.1, 1, 0, 1, 1, ''),
	(86658, 118337, 0.1, 1, 0, 1, 1, ''),
	(80381, 118337, 0.1, 1, 0, 1, 1, ''),
	(78575, 118337, 0.1, 1, 0, 1, 1, ''),
	(79755, 118337, 0.1, 1, 0, 1, 1, ''),
	(79485, 118337, 0.1, 1, 0, 1, 1, ''),
	(86659, 118337, 0.1, 1, 0, 1, 1, ''),
	(80592, 118337, 0.1, 1, 0, 1, 1, ''),
	(80263, 118337, 0.1, 1, 0, 1, 1, ''),
	(79402, 118337, 0.1, 1, 0, 1, 1, ''),
	(86190, 118337, 0.1, 1, 0, 1, 1, ''),
	(75280, 118337, 0.1, 1, 0, 1, 1, ''),
	(78271, 118337, 0.1, 1, 0, 1, 1, ''),
	(78550, 118337, 0.1, 1, 0, 1, 1, ''),
	(79577, 118337, 0.1, 1, 0, 1, 1, ''),
	(74149, 118337, 0.1, 1, 0, 1, 1, ''),
	(84027, 118337, 0.1, 1, 0, 1, 1, ''),
	(75487, 118337, 0.1, 1, 0, 1, 1, ''),
	(80144, 118337, 0.1, 1, 0, 1, 1, ''),
	(84653, 118337, 0.1, 1, 0, 1, 1, ''),
	(83742, 118337, 0.1, 1, 0, 1, 1, ''),
	(78990, 118337, 0.1, 1, 0, 1, 1, ''),
	(75749, 118337, 0.1, 1, 0, 1, 1, ''),
	(77442, 118337, 0.1, 1, 0, 1, 1, '');

	-- 118338
	REPLACE INTO creature_loot_template (`entry`, `item`, `ChanceOrQuestChance`, `lootmode`, `groupid`, `mincountOrRef`, `maxcount`, `itemBonuses`) VALUES 
	(79586, 118338, 11.6, 1, 0, 1, 1, ''),
	(86656, 118338, 6.1, 1, 0, 1, 1, ''),
	(80205, 118338, 5, 1, 0, 1, 1, ''),
	(74208, 118338, 1.1, 1, 0, 1, 1, ''),
	(88664, 118338, 0.9, 1, 0, 1, 1, ''),
	(81331, 118338, 0.8, 1, 0, 1, 1, ''),
	(88663, 118338, 0.7, 1, 0, 1, 1, ''),
	(85459, 118338, 0.6, 1, 0, 1, 1, ''),
	(84250, 118338, 0.5, 1, 0, 1, 1, ''),
	(86398, 118338, 0.5, 1, 0, 1, 1, ''),
	(89951, 118338, 0.4, 1, 0, 1, 1, ''),
	(85450, 118338, 0.4, 1, 0, 1, 1, ''),
	(85458, 118338, 0.3, 1, 0, 1, 1, ''),
	(85455, 118338, 0.3, 1, 0, 1, 1, ''),
	(80253, 118338, 0.3, 1, 0, 1, 1, ''),
	(78197, 118338, 0.3, 1, 0, 1, 1, ''),
	(85457, 118338, 0.3, 1, 0, 1, 1, ''),
	(81054, 118338, 0.3, 1, 0, 1, 1, ''),
	(84251, 118338, 0.3, 1, 0, 1, 1, ''),
	(87095, 118338, 0.3, 1, 0, 1, 1, ''),
	(85456, 118338, 0.2, 1, 0, 1, 1, ''),
	(83049, 118338, 0.2, 1, 0, 1, 1, ''),
	(79022, 118338, 0.2, 1, 0, 1, 1, ''),
	(80197, 118338, 0.2, 1, 0, 1, 1, ''),
	(85503, 118338, 0.2, 1, 0, 1, 1, ''),
	(87639, 118338, 0.2, 1, 0, 1, 1, ''),
	(84999, 118338, 0.2, 1, 0, 1, 1, ''),
	(80255, 118338, 0.2, 1, 0, 1, 1, ''),
	(79581, 118338, 0.2, 1, 0, 1, 1, ''),
	(72571, 118338, 0.2, 1, 0, 1, 1, ''),
	(79584, 118338, 0.1, 1, 0, 1, 1, ''),
	(86279, 118338, 0.1, 1, 0, 1, 1, ''),
	(79708, 118338, 0.1, 1, 0, 1, 1, ''),
	(77794, 118338, 0.1, 1, 0, 1, 1, ''),
	(86657, 118338, 0.1, 1, 0, 1, 1, ''),
	(80324, 118338, 0.1, 1, 0, 1, 1, ''),
	(90107, 118338, 0.1, 1, 0, 1, 1, ''),
	(81019, 118338, 0.1, 1, 0, 1, 1, ''),
	(88264, 118338, 0.1, 1, 0, 1, 1, ''),
	(86128, 118338, 0.1, 1, 0, 1, 1, ''),
	(84944, 118338, 0.1, 1, 0, 1, 1, ''),
	(85460, 118338, 0.1, 1, 0, 1, 1, ''),
	(85075, 118338, 0.1, 1, 0, 1, 1, ''),
	(88657, 118338, 0.1, 1, 0, 1, 1, ''),
	(81072, 118338, 0.1, 1, 0, 1, 1, ''),
	(85066, 118338, 0.1, 1, 0, 1, 1, ''),
	(85073, 118338, 0.1, 1, 0, 1, 1, ''),
	(85068, 118338, 0.1, 1, 0, 1, 1, ''),
	(79023, 118338, 0.1, 1, 0, 1, 1, ''),
	(79070, 118338, 0.1, 1, 0, 1, 1, ''),
	(87222, 118338, 0.1, 1, 0, 1, 1, ''),
	(80254, 118338, 0.1, 1, 0, 1, 1, ''),
	(80191, 118338, 0.1, 1, 0, 1, 1, ''),
	(80964, 118338, 0.1, 1, 0, 1, 1, ''),
	(84055, 118338, 0.1, 1, 0, 1, 1, ''),
	(84283, 118338, 0.1, 1, 0, 1, 1, ''),
	(86659, 118338, 0.1, 1, 0, 1, 1, ''),
	(79753, 118338, 0.1, 1, 0, 1, 1, ''),
	(87654, 118338, 0.1, 1, 0, 1, 1, ''),
	(83023, 118338, 0.1, 1, 0, 1, 1, ''),
	(87846, 118338, 0.1, 1, 0, 1, 1, ''),
	(81541, 118338, 0.1, 1, 0, 1, 1, ''),
	(73834, 118338, 0.1, 1, 0, 1, 1, ''),
	(82990, 118338, 0.1, 1, 0, 1, 1, ''),
	(79482, 118338, 0.1, 1, 0, 1, 1, ''),
	(81542, 118338, 0.1, 1, 0, 1, 1, ''),
	(79754, 118338, 0.1, 1, 0, 1, 1, ''),
	(85168, 118338, 0.1, 1, 0, 1, 1, ''),
	(78195, 118338, 0.1, 1, 0, 1, 1, ''),
	(84888, 118338, 0.1, 1, 0, 1, 1, ''),
	(83577, 118338, 0.1, 1, 0, 1, 1, ''),
	(84871, 118338, 0.1, 1, 0, 1, 1, ''),
	(87341, 118338, 0.1, 1, 0, 1, 1, ''),
	(86747, 118338, 0.1, 1, 0, 1, 1, ''),
	(79402, 118338, 0.1, 1, 0, 1, 1, ''),
	(86660, 118338, 0.1, 1, 0, 1, 1, ''),
	(78319, 118338, 0.1, 1, 0, 1, 1, ''),
	(79231, 118338, 0.1, 1, 0, 1, 1, ''),
	(83655, 118338, 0.1, 1, 0, 1, 1, ''),
	(78729, 118338, 0.1, 1, 0, 1, 1, ''),
	(84873, 118338, 0.1, 1, 0, 1, 1, ''),
	(83020, 118338, 0.1, 1, 0, 1, 1, ''),
	(79744, 118338, 0.1, 1, 0, 1, 1, ''),
	(84760, 118338, 0.1, 1, 0, 1, 1, ''),
	(85454, 118338, 0.1, 1, 0, 1, 1, ''),
	(83575, 118338, 0.1, 1, 0, 1, 1, ''),
	(75482, 118338, 0.1, 1, 0, 1, 1, ''),
	(79127, 118338, 0.1, 1, 0, 1, 1, ''),
	(79234, 118338, 0.1, 1, 0, 1, 1, ''),
	(83640, 118338, 0.1, 1, 0, 1, 1, ''),
	(83570, 118338, 0.1, 1, 0, 1, 1, ''),
	(75283, 118338, 0.1, 1, 0, 1, 1, ''),
	(84181, 118338, 0.1, 1, 0, 1, 1, ''),
	(84880, 118338, 0.1, 1, 0, 1, 1, ''),
	(80747, 118338, 0.1, 1, 0, 1, 1, ''),
	(87221, 118338, 0.1, 1, 0, 1, 1, ''),
	(83017, 118338, 0.1, 1, 0, 1, 1, ''),
	(79125, 118338, 0.1, 1, 0, 1, 1, ''),
	(81605, 118338, 0.1, 1, 0, 1, 1, ''),
	(73899, 118338, 0.1, 1, 0, 1, 1, ''),
	(88187, 118338, 0.1, 1, 0, 1, 1, ''),
	(87638, 118338, 0.1, 1, 0, 1, 1, ''),
	(87337, 118338, 0.1, 1, 0, 1, 1, ''),
	(80313, 118338, 0.1, 1, 0, 1, 1, ''),
	(86024, 118338, 0.1, 1, 0, 1, 1, ''),
	(78168, 118338, 0.1, 1, 0, 1, 1, ''),
	(81782, 118338, 0.1, 1, 0, 1, 1, ''),
	(84908, 118338, 0.1, 1, 0, 1, 1, ''),
	(82262, 118338, 0.1, 1, 0, 1, 1, ''),
	(77022, 118338, 0.1, 1, 0, 1, 1, ''),
	(84914, 118338, 0.1, 1, 0, 1, 1, ''),
	(85098, 118338, 0.1, 1, 0, 1, 1, ''),
	(79524, 118338, 0.1, 1, 0, 1, 1, ''),
	(84764, 118338, 0.1, 1, 0, 1, 1, ''),
	(84094, 118338, 0.1, 1, 0, 1, 1, ''),
	(82676, 118338, 0.1, 1, 0, 1, 1, ''),
	(86931, 118338, 0.1, 1, 0, 1, 1, ''),
	(76969, 118338, 0.1, 1, 0, 1, 1, ''),
	(83011, 118338, 0.1, 1, 0, 1, 1, ''),
	(90404, 118338, 0.1, 1, 0, 1, 1, ''),
	(88721, 118338, 0.1, 1, 0, 1, 1, ''),
	(83831, 118338, 0.1, 1, 0, 1, 1, ''),
	(84945, 118338, 0.1, 1, 0, 1, 1, ''),
	(75290, 118338, 0.1, 1, 0, 1, 1, ''),
	(84002, 118338, 0.1, 1, 0, 1, 1, ''),
	(81637, 118338, 0.1, 1, 0, 1, 1, ''),
	(83848, 118338, 0.1, 1, 0, 1, 1, ''),
	(86748, 118338, 0.1, 1, 0, 1, 1, ''),
	(81764, 118338, 0.1, 1, 0, 1, 1, ''),
	(82981, 118338, 0.1, 1, 0, 1, 1, ''),
	(84640, 118338, 0.1, 1, 0, 1, 1, ''),
	(84180, 118338, 0.1, 1, 0, 1, 1, ''),
	(86727, 118338, 0.1, 1, 0, 1, 1, ''),
	(86658, 118338, 0.1, 1, 0, 1, 1, ''),
	(77973, 118338, 0.1, 1, 0, 1, 1, ''),
	(88207, 118338, 0.1, 1, 0, 1, 1, ''),
	(78715, 118338, 0.1, 1, 0, 1, 1, ''),
	(87310, 118338, 0.1, 1, 0, 1, 1, ''),
	(77352, 118338, 0.1, 1, 0, 1, 1, ''),
	(78550, 118338, 0.1, 1, 0, 1, 1, ''),
	(80788, 118338, 0.1, 1, 0, 1, 1, ''),
	(81718, 118338, 0.1, 1, 0, 1, 1, ''),
	(84765, 118338, 0.1, 1, 0, 1, 1, ''),
	(80335, 118338, 0.1, 1, 0, 1, 1, ''),
	(81502, 118338, 0.1, 1, 0, 1, 1, ''),
	(88956, 118338, 0.1, 1, 0, 1, 1, ''),
	(86179, 118338, 0.1, 1, 0, 1, 1, ''),
	(77719, 118338, 0.1, 1, 0, 1, 1, ''),
	(82452, 118338, 0.1, 1, 0, 1, 1, ''),
	(75435, 118338, 0.1, 1, 0, 1, 1, ''),
	(88361, 118338, 0.1, 1, 0, 1, 1, ''),
	(88720, 118338, 0.1, 1, 0, 1, 1, ''),
	(82318, 118338, 0.1, 1, 0, 1, 1, ''),
	(73320, 118338, 0.1, 1, 0, 1, 1, ''),
	(77328, 118338, 0.1, 1, 0, 1, 1, ''),
	(79544, 118338, 0.1, 1, 0, 1, 1, ''),
	(79034, 118338, 0.1, 1, 0, 1, 1, ''),
	(79703, 118338, 0.1, 1, 0, 1, 1, ''),
	(82209, 118338, 0.1, 1, 0, 1, 1, ''),
	(85034, 118338, 0.1, 1, 0, 1, 1, ''),
	(85357, 118338, 0.1, 1, 0, 1, 1, ''),
	(80748, 118338, 0.1, 1, 0, 1, 1, ''),
	(80057, 118338, 0.1, 1, 0, 1, 1, ''),
	(78410, 118338, 0.1, 1, 0, 1, 1, ''),
	(79540, 118338, 0.1, 1, 0, 1, 1, ''),
	(78271, 118338, 0.1, 1, 0, 1, 1, ''),
	(78291, 118338, 0.1, 1, 0, 1, 1, ''),
	(84675, 118338, 0.1, 1, 0, 1, 1, ''),
	(79002, 118338, 0.1, 1, 0, 1, 1, ''),
	(85478, 118338, 0.1, 1, 0, 1, 1, ''),
	(87090, 118338, 0.1, 1, 0, 1, 1, ''),
	(80722, 118338, 0.1, 1, 0, 1, 1, ''),
	(76438, 118338, 0.1, 1, 0, 1, 1, ''),
	(85150, 118338, 0.1, 1, 0, 1, 1, ''),
	(80144, 118338, 0.1, 1, 0, 1, 1, ''),
	(87083, 118338, 0.1, 1, 0, 1, 1, ''),
	(83739, 118338, 0.1, 1, 0, 1, 1, ''),
	(87292, 118338, 0.1, 1, 0, 1, 1, ''),
	(78872, 118338, 0.1, 1, 0, 1, 1, ''),
	(81902, 118338, 0.1, 1, 0, 1, 1, ''),
	(87089, 118338, 0.1, 1, 0, 1, 1, ''),
	(72674, 118338, 0.1, 1, 0, 1, 1, ''),
	(72677, 118338, 0.1, 1, 0, 1, 1, ''),
	(82411, 118338, 0.1, 1, 0, 1, 1, ''),
	(83021, 118338, 0.1, 1, 0, 1, 1, ''),
	(82261, 118338, 0.1, 1, 0, 1, 1, ''),
	(85303, 118338, 0.1, 1, 0, 1, 1, ''),
	(77561, 118338, 0.1, 1, 0, 1, 1, ''),
	(82374, 118338, 0.1, 1, 0, 1, 1, ''),
	(75815, 118338, 0.1, 1, 0, 1, 1, ''),
	(84027, 118338, 0.1, 1, 0, 1, 1, ''),
	(77362, 118338, 0.1, 1, 0, 1, 1, ''),
	(74150, 118338, 0.1, 1, 0, 1, 1, ''),
	(78433, 118338, 0.1, 1, 0, 1, 1, ''),
	(79398, 118338, 0.1, 1, 0, 1, 1, ''),
	(88358, 118338, 0.1, 1, 0, 1, 1, ''),
	(86269, 118338, 0.1, 1, 0, 1, 1, ''),
	(84112, 118338, 0.1, 1, 0, 1, 1, ''),
	(84334, 118338, 0.1, 1, 0, 1, 1, ''),
	(78277, 118338, 0.1, 1, 0, 1, 1, '');

	-- 118339
	REPLACE INTO creature_loot_template (`entry`, `item`, `ChanceOrQuestChance`, `lootmode`, `groupid`, `mincountOrRef`, `maxcount`, `itemBonuses`) VALUES 
	(80205, 118339, 25, 1, 0, 1, 1, ''),
	(79586, 118339, 16.3, 1, 0, 1, 1, ''),
	(86656, 118339, 2.4, 1, 0, 1, 1, ''),
	(90189, 118339, 1.4, 1, 0, 1, 1, ''),
	(88664, 118339, 0.9, 1, 0, 1, 1, ''),
	(88663, 118339, 0.9, 1, 0, 1, 1, ''),
	(74208, 118339, 0.6, 1, 0, 1, 1, ''),
	(84250, 118339, 0.5, 1, 0, 1, 1, ''),
	(86398, 118339, 0.5, 1, 0, 1, 1, ''),
	(82702, 118339, 0.4, 1, 0, 1, 1, ''),
	(86406, 118339, 0.4, 1, 0, 1, 1, ''),
	(85456, 118339, 0.4, 1, 0, 1, 1, ''),
	(85459, 118339, 0.3, 1, 0, 1, 1, ''),
	(85458, 118339, 0.3, 1, 0, 1, 1, ''),
	(85450, 118339, 0.3, 1, 0, 1, 1, ''),
	(84260, 118339, 0.3, 1, 0, 1, 1, ''),
	(84251, 118339, 0.3, 1, 0, 1, 1, ''),
	(80255, 118339, 0.3, 1, 0, 1, 1, ''),
	(87105, 118339, 0.3, 1, 0, 1, 1, ''),
	(81054, 118339, 0.2, 1, 0, 1, 1, ''),
	(79107, 118339, 0.2, 1, 0, 1, 1, ''),
	(83049, 118339, 0.2, 1, 0, 1, 1, ''),
	(80254, 118339, 0.2, 1, 0, 1, 1, ''),
	(79023, 118339, 0.2, 1, 0, 1, 1, ''),
	(79754, 118339, 0.2, 1, 0, 1, 1, ''),
	(81142, 118339, 0.2, 1, 0, 1, 1, ''),
	(80684, 118339, 0.2, 1, 0, 1, 1, ''),
	(79022, 118339, 0.2, 1, 0, 1, 1, ''),
	(85455, 118339, 0.2, 1, 0, 1, 1, ''),
	(86657, 118339, 0.1, 1, 0, 1, 1, ''),
	(72571, 118339, 0.1, 1, 0, 1, 1, ''),
	(85503, 118339, 0.1, 1, 0, 1, 1, ''),
	(76745, 118339, 0.1, 1, 0, 1, 1, ''),
	(81019, 118339, 0.1, 1, 0, 1, 1, ''),
	(73834, 118339, 0.1, 1, 0, 1, 1, ''),
	(79681, 118339, 0.1, 1, 0, 1, 1, ''),
	(88264, 118339, 0.1, 1, 0, 1, 1, ''),
	(86279, 118339, 0.1, 1, 0, 1, 1, ''),
	(80253, 118339, 0.1, 1, 0, 1, 1, ''),
	(85075, 118339, 0.1, 1, 0, 1, 1, ''),
	(85460, 118339, 0.1, 1, 0, 1, 1, ''),
	(79584, 118339, 0.1, 1, 0, 1, 1, ''),
	(78197, 118339, 0.1, 1, 0, 1, 1, ''),
	(88657, 118339, 0.1, 1, 0, 1, 1, ''),
	(87222, 118339, 0.1, 1, 0, 1, 1, ''),
	(85068, 118339, 0.1, 1, 0, 1, 1, ''),
	(85073, 118339, 0.1, 1, 0, 1, 1, ''),
	(80964, 118339, 0.1, 1, 0, 1, 1, ''),
	(79708, 118339, 0.1, 1, 0, 1, 1, ''),
	(85168, 118339, 0.1, 1, 0, 1, 1, ''),
	(84764, 118339, 0.1, 1, 0, 1, 1, ''),
	(87223, 118339, 0.1, 1, 0, 1, 1, ''),
	(78168, 118339, 0.1, 1, 0, 1, 1, ''),
	(78629, 118339, 0.1, 1, 0, 1, 1, ''),
	(79591, 118339, 0.1, 1, 0, 1, 1, ''),
	(84283, 118339, 0.1, 1, 0, 1, 1, ''),
	(87652, 118339, 0.1, 1, 0, 1, 1, ''),
	(79070, 118339, 0.1, 1, 0, 1, 1, ''),
	(84334, 118339, 0.1, 1, 0, 1, 1, ''),
	(86659, 118339, 0.1, 1, 0, 1, 1, ''),
	(87337, 118339, 0.1, 1, 0, 1, 1, ''),
	(82981, 118339, 0.1, 1, 0, 1, 1, ''),
	(88957, 118339, 0.1, 1, 0, 1, 1, ''),
	(84888, 118339, 0.1, 1, 0, 1, 1, ''),
	(83023, 118339, 0.1, 1, 0, 1, 1, ''),
	(80191, 118339, 0.1, 1, 0, 1, 1, ''),
	(76969, 118339, 0.1, 1, 0, 1, 1, ''),
	(81541, 118339, 0.1, 1, 0, 1, 1, ''),
	(83577, 118339, 0.1, 1, 0, 1, 1, ''),
	(85066, 118339, 0.1, 1, 0, 1, 1, ''),
	(81542, 118339, 0.1, 1, 0, 1, 1, ''),
	(90412, 118339, 0.1, 1, 0, 1, 1, ''),
	(77517, 118339, 0.1, 1, 0, 1, 1, ''),
	(79744, 118339, 0.1, 1, 0, 1, 1, ''),
	(83831, 118339, 0.1, 1, 0, 1, 1, ''),
	(87654, 118339, 0.1, 1, 0, 1, 1, ''),
	(87095, 118339, 0.1, 1, 0, 1, 1, ''),
	(83004, 118339, 0.1, 1, 0, 1, 1, ''),
	(83020, 118339, 0.1, 1, 0, 1, 1, ''),
	(79231, 118339, 0.1, 1, 0, 1, 1, ''),
	(79581, 118339, 0.1, 1, 0, 1, 1, ''),
	(88187, 118339, 0.1, 1, 0, 1, 1, ''),
	(84639, 118339, 0.1, 1, 0, 1, 1, ''),
	(79234, 118339, 0.1, 1, 0, 1, 1, ''),
	(75283, 118339, 0.1, 1, 0, 1, 1, ''),
	(75745, 118339, 0.1, 1, 0, 1, 1, ''),
	(85454, 118339, 0.1, 1, 0, 1, 1, ''),
	(83017, 118339, 0.1, 1, 0, 1, 1, ''),
	(85034, 118339, 0.1, 1, 0, 1, 1, ''),
	(83570, 118339, 0.1, 1, 0, 1, 1, ''),
	(81605, 118339, 0.1, 1, 0, 1, 1, ''),
	(86179, 118339, 0.1, 1, 0, 1, 1, ''),
	(88721, 118339, 0.1, 1, 0, 1, 1, ''),
	(83848, 118339, 0.1, 1, 0, 1, 1, ''),
	(77490, 118339, 0.1, 1, 0, 1, 1, ''),
	(79924, 118339, 0.1, 1, 0, 1, 1, ''),
	(82960, 118339, 0.1, 1, 0, 1, 1, ''),
	(85478, 118339, 0.1, 1, 0, 1, 1, ''),
	(79127, 118339, 0.1, 1, 0, 1, 1, ''),
	(84871, 118339, 0.1, 1, 0, 1, 1, ''),
	(87385, 118339, 0.1, 1, 0, 1, 1, ''),
	(81072, 118339, 0.1, 1, 0, 1, 1, ''),
	(86838, 118339, 0.1, 1, 0, 1, 1, ''),
	(83011, 118339, 0.1, 1, 0, 1, 1, ''),
	(84999, 118339, 0.1, 1, 0, 1, 1, ''),
	(86024, 118339, 0.1, 1, 0, 1, 1, ''),
	(83575, 118339, 0.1, 1, 0, 1, 1, ''),
	(84880, 118339, 0.1, 1, 0, 1, 1, ''),
	(86833, 118339, 0.1, 1, 0, 1, 1, ''),
	(84760, 118339, 0.1, 1, 0, 1, 1, ''),
	(80313, 118339, 0.1, 1, 0, 1, 1, ''),
	(87310, 118339, 0.1, 1, 0, 1, 1, ''),
	(87341, 118339, 0.1, 1, 0, 1, 1, ''),
	(86658, 118339, 0.1, 1, 0, 1, 1, ''),
	(87584, 118339, 0.1, 1, 0, 1, 1, ''),
	(85098, 118339, 0.1, 1, 0, 1, 1, ''),
	(82934, 118339, 0.1, 1, 0, 1, 1, ''),
	(84945, 118339, 0.1, 1, 0, 1, 1, ''),
	(86747, 118339, 0.1, 1, 0, 1, 1, ''),
	(77564, 118339, 0.1, 1, 0, 1, 1, ''),
	(86324, 118339, 0.1, 1, 0, 1, 1, ''),
	(77362, 118339, 0.1, 1, 0, 1, 1, ''),
	(74373, 118339, 0.1, 1, 0, 1, 1, ''),
	(84266, 118339, 0.1, 1, 0, 1, 1, ''),
	(80236, 118339, 0.1, 1, 0, 1, 1, ''),
	(84873, 118339, 0.1, 1, 0, 1, 1, ''),
	(82261, 118339, 0.1, 1, 0, 1, 1, ''),
	(80592, 118339, 0.1, 1, 0, 1, 1, ''),
	(86128, 118339, 0.1, 1, 0, 1, 1, ''),
	(84908, 118339, 0.1, 1, 0, 1, 1, ''),
	(86748, 118339, 0.1, 1, 0, 1, 1, ''),
	(84094, 118339, 0.1, 1, 0, 1, 1, ''),
	(79926, 118339, 0.1, 1, 0, 1, 1, ''),
	(85357, 118339, 0.1, 1, 0, 1, 1, ''),
	(85303, 118339, 0.1, 1, 0, 1, 1, ''),
	(82262, 118339, 0.1, 1, 0, 1, 1, ''),
	(86553, 118339, 0.1, 1, 0, 1, 1, ''),
	(82268, 118339, 0.1, 1, 0, 1, 1, ''),
	(83402, 118339, 0.1, 1, 0, 1, 1, ''),
	(87102, 118339, 0.1, 1, 0, 1, 1, ''),
	(85392, 118339, 0.1, 1, 0, 1, 1, ''),
	(79503, 118339, 0.1, 1, 0, 1, 1, ''),
	(86414, 118339, 0.1, 1, 0, 1, 1, ''),
	(82425, 118339, 0.1, 1, 0, 1, 1, ''),
	(80335, 118339, 0.1, 1, 0, 1, 1, ''),
	(86931, 118339, 0.1, 1, 0, 1, 1, ''),
	(88956, 118339, 0.1, 1, 0, 1, 1, ''),
	(86269, 118339, 0.1, 1, 0, 1, 1, ''),
	(77518, 118339, 0.1, 1, 0, 1, 1, ''),
	(84112, 118339, 0.1, 1, 0, 1, 1, ''),
	(79402, 118339, 0.1, 1, 0, 1, 1, ''),
	(79266, 118339, 0.1, 1, 0, 1, 1, ''),
	(75752, 118339, 0.1, 1, 0, 1, 1, ''),
	(77719, 118339, 0.1, 1, 0, 1, 1, ''),
	(87086, 118339, 0.1, 1, 0, 1, 1, ''),
	(74712, 118339, 0.1, 1, 0, 1, 1, ''),
	(84180, 118339, 0.1, 1, 0, 1, 1, ''),
	(76968, 118339, 0.1, 1, 0, 1, 1, ''),
	(86727, 118339, 0.1, 1, 0, 1, 1, ''),
	(80749, 118339, 0.1, 1, 0, 1, 1, ''),
	(86730, 118339, 0.1, 1, 0, 1, 1, ''),
	(81902, 118339, 0.1, 1, 0, 1, 1, ''),
	(84055, 118339, 0.1, 1, 0, 1, 1, ''),
	(75290, 118339, 0.1, 1, 0, 1, 1, ''),
	(75071, 118339, 0.1, 1, 0, 1, 1, ''),
	(81764, 118339, 0.1, 1, 0, 1, 1, ''),
	(82207, 118339, 0.1, 1, 0, 1, 1, ''),
	(80748, 118339, 0.1, 1, 0, 1, 1, ''),
	(81502, 118339, 0.1, 1, 0, 1, 1, ''),
	(81637, 118339, 0.1, 1, 0, 1, 1, ''),
	(80057, 118339, 0.1, 1, 0, 1, 1, ''),
	(81309, 118339, 0.1, 1, 0, 1, 1, ''),
	(78410, 118339, 0.1, 1, 0, 1, 1, ''),
	(83655, 118339, 0.1, 1, 0, 1, 1, ''),
	(72829, 118339, 0.1, 1, 0, 1, 1, ''),
	(84675, 118339, 0.1, 1, 0, 1, 1, ''),
	(77024, 118339, 0.1, 1, 0, 1, 1, ''),
	(84649, 118339, 0.1, 1, 0, 1, 1, ''),
	(72537, 118339, 0.1, 1, 0, 1, 1, ''),
	(84706, 118339, 0.1, 1, 0, 1, 1, ''),
	(79034, 118339, 0.1, 1, 0, 1, 1, ''),
	(78459, 118339, 0.1, 1, 0, 1, 1, ''),
	(80374, 118339, 0.1, 1, 0, 1, 1, ''),
	(86731, 118339, 0.1, 1, 0, 1, 1, ''),
	(87088, 118339, 0.1, 1, 0, 1, 1, ''),
	(82940, 118339, 0.1, 1, 0, 1, 1, ''),
	(85150, 118339, 0.1, 1, 0, 1, 1, ''),
	(78462, 118339, 0.1, 1, 0, 1, 1, ''),
	(87083, 118339, 0.1, 1, 0, 1, 1, ''),
	(88365, 118339, 0.1, 1, 0, 1, 1, ''),
	(77528, 118339, 0.1, 1, 0, 1, 1, ''),
	(84002, 118339, 0.1, 1, 0, 1, 1, ''),
	(87089, 118339, 0.1, 1, 0, 1, 1, ''),
	(81782, 118339, 0.1, 1, 0, 1, 1, ''),
	(80380, 118339, 0.1, 1, 0, 1, 1, ''),
	(86190, 118339, 0.1, 1, 0, 1, 1, ''),
	(80467, 118339, 0.1, 1, 0, 1, 1, ''),
	(77352, 118339, 0.1, 1, 0, 1, 1, ''),
	(78550, 118339, 0.1, 1, 0, 1, 1, ''),
	(86769, 118339, 0.1, 1, 0, 1, 1, '');

-- 118379, created by :

	-- 118340
	REPLACE INTO creature_loot_template (`entry`, `item`, `ChanceOrQuestChance`, `lootmode`, `groupid`, `mincountOrRef`, `maxcount`, `itemBonuses`) VALUES 
	(87360, 118340, 22.3, 1, 0, 1, 1, ''),
	(74689, 118340, 10, 1, 0, 1, 1, ''),
	(87330, 118340, 4.8, 1, 0, 1, 1, ''),
	(81775, 118340, 4.3, 1, 0, 1, 1, ''),
	(72297, 118340, 0.9, 1, 0, 1, 1, ''),
	(82724, 118340, 0.8, 1, 0, 1, 1, ''),
	(78226, 118340, 0.5, 1, 0, 1, 1, ''),
	(78825, 118340, 0.2, 1, 0, 1, 1, ''),
	(78223, 118340, 0.2, 1, 0, 1, 1, ''),
	(84962, 118340, 0.2, 1, 0, 1, 1, ''),
	(86163, 118340, 0.2, 1, 0, 1, 1, ''),
	(78811, 118340, 0.2, 1, 0, 1, 1, ''),
	(81876, 118340, 0.2, 1, 0, 1, 1, ''),
	(80949, 118340, 0.1, 1, 0, 1, 1, ''),
	(86461, 118340, 0.1, 1, 0, 1, 1, ''),
	(72955, 118340, 0.1, 1, 0, 1, 1, ''),
	(75006, 118340, 0.1, 1, 0, 1, 1, ''),
	(72987, 118340, 0.1, 1, 0, 1, 1, ''),
	(75089, 118340, 0.1, 1, 0, 1, 1, ''),
	(75819, 118340, 0.1, 1, 0, 1, 1, ''),
	(77940, 118340, 0.1, 1, 0, 1, 1, ''),
	(72953, 118340, 0.1, 1, 0, 1, 1, ''),
	(83653, 118340, 0.1, 1, 0, 1, 1, ''),
	(73698, 118340, 0.1, 1, 0, 1, 1, ''),
	(75835, 118340, 0.1, 1, 0, 1, 1, ''),
	(81934, 118340, 0.1, 1, 0, 1, 1, ''),
	(73643, 118340, 0.1, 1, 0, 1, 1, ''),
	(83939, 118340, 0.1, 1, 0, 1, 1, ''),
	(83749, 118340, 0.1, 1, 0, 1, 1, ''),
	(89127, 118340, 0.1, 1, 0, 1, 1, ''),
	(77945, 118340, 0.1, 1, 0, 1, 1, ''),
	(78148, 118340, 0.1, 1, 0, 1, 1, ''),
	(86295, 118340, 0.1, 1, 0, 1, 1, ''),
	(78999, 118340, 0.1, 1, 0, 1, 1, ''),
	(85997, 118340, 0.1, 1, 0, 1, 1, ''),
	(82047, 118340, 0.1, 1, 0, 1, 1, ''),
	(84467, 118340, 0.1, 1, 0, 1, 1, ''),
	(85781, 118340, 0.1, 1, 0, 1, 1, ''),
	(87626, 118340, 0.1, 1, 0, 1, 1, ''),
	(89144, 118340, 0.1, 1, 0, 1, 1, ''),
	(77991, 118340, 0.1, 1, 0, 1, 1, ''),
	(81169, 118340, 0.1, 1, 0, 1, 1, ''),
	(74154, 118340, 0.1, 1, 0, 1, 1, ''),
	(88437, 118340, 0.1, 1, 0, 1, 1, ''),
	(84303, 118340, 0.1, 1, 0, 1, 1, ''),
	(72833, 118340, 0.1, 1, 0, 1, 1, ''),
	(77944, 118340, 0.1, 1, 0, 1, 1, ''),
	(80430, 118340, 0.1, 1, 0, 1, 1, ''),
	(76706, 118340, 0.1, 1, 0, 1, 1, ''),
	(82591, 118340, 0.1, 1, 0, 1, 1, ''),
	(83706, 118340, 0.1, 1, 0, 1, 1, ''),
	(86205, 118340, 0.1, 1, 0, 1, 1, ''),
	(86215, 118340, 0.1, 1, 0, 1, 1, ''),
	(89085, 118340, 0.1, 1, 0, 1, 1, ''),
	(78339, 118340, 0.1, 1, 0, 1, 1, ''),
	(86168, 118340, 0.1, 1, 0, 1, 1, ''),
	(82144, 118340, 0.1, 1, 0, 1, 1, ''),
	(86144, 118340, 0.1, 1, 0, 1, 1, ''),
	(78809, 118340, 0.1, 1, 0, 1, 1, ''),
	(85892, 118340, 0.1, 1, 0, 1, 1, ''),
	(72752, 118340, 0.1, 1, 0, 1, 1, ''),
	(88279, 118340, 0.1, 1, 0, 1, 1, ''),
	(78256, 118340, 0.1, 1, 0, 1, 1, ''),
	(88394, 118340, 0.1, 1, 0, 1, 1, ''),
	(86123, 118340, 0.1, 1, 0, 1, 1, ''),
	(90262, 118340, 0.1, 1, 0, 1, 1, ''),
	(78918, 118340, 0.1, 1, 0, 1, 1, ''),
	(85542, 118340, 0.1, 1, 0, 1, 1, ''),
	(87656, 118340, 0.1, 1, 0, 1, 1, ''),
	(86260, 118340, 0.1, 1, 0, 1, 1, ''),
	(88261, 118340, 0.1, 1, 0, 1, 1, ''),
	(86296, 118340, 0.1, 1, 0, 1, 1, ''),
	(83988, 118340, 0.1, 1, 0, 1, 1, ''),
	(85743, 118340, 0.1, 1, 0, 1, 1, ''),
	(89125, 118340, 0.1, 1, 0, 1, 1, ''),
	(83980, 118340, 0.1, 1, 0, 1, 1, ''),
	(89019, 118340, 0.1, 1, 0, 1, 1, ''),
	(78782, 118340, 0.1, 1, 0, 1, 1, ''),
	(74067, 118340, 0.1, 1, 0, 1, 1, ''),
	(85214, 118340, 0.1, 1, 0, 1, 1, ''),
	(83989, 118340, 0.1, 1, 0, 1, 1, ''),
	(83987, 118340, 0.1, 1, 0, 1, 1, ''),
	(81240, 118340, 0.1, 1, 0, 1, 1, ''),
	(80640, 118340, 0.1, 1, 0, 1, 1, ''),
	(88425, 118340, 0.1, 1, 0, 1, 1, ''),
	(84013, 118340, 0.1, 1, 0, 1, 1, ''),
	(89083, 118340, 0.1, 1, 0, 1, 1, ''),
	(85461, 118340, 0.1, 1, 0, 1, 1, ''),
	(76905, 118340, 0.1, 1, 0, 1, 1, ''),
	(78328, 118340, 0.1, 1, 0, 1, 1, ''),
	(77093, 118340, 0.1, 1, 0, 1, 1, ''),
	(82711, 118340, 0.1, 1, 0, 1, 1, ''),
	(84428, 118340, 0.1, 1, 0, 1, 1, ''),
	(72360, 118340, 0.1, 1, 0, 1, 1, ''),
	(85299, 118340, 0.1, 1, 0, 1, 1, ''),
	(72348, 118340, 0.1, 1, 0, 1, 1, ''),
	(86264, 118340, 0.1, 1, 0, 1, 1, ''),
	(86261, 118340, 0.1, 1, 0, 1, 1, ''),
	(85277, 118340, 0.1, 1, 0, 1, 1, ''),
	(78578, 118340, 0.1, 1, 0, 1, 1, ''),
	(82130, 118340, 0.1, 1, 0, 1, 1, ''),
	(86147, 118340, 0.1, 1, 0, 1, 1, ''),
	(85695, 118340, 0.1, 1, 0, 1, 1, ''),
	(85043, 118340, 0.1, 1, 0, 1, 1, ''),
	(78255, 118340, 0.1, 1, 0, 1, 1, ''),
	(82675, 118340, 0.1, 1, 0, 1, 1, ''),
	(74614, 118340, 0.1, 1, 0, 1, 1, ''),
	(87346, 118340, 0.1, 1, 0, 1, 1, ''),
	(78409, 118340, 0.1, 1, 0, 1, 1, ''),
	(72967, 118340, 0.1, 1, 0, 1, 1, ''),
	(88729, 118340, 0.1, 1, 0, 1, 1, ''),
	(86267, 118340, 0.1, 1, 0, 1, 1, ''),
	(77993, 118340, 0.1, 1, 0, 1, 1, ''),
	(80638, 118340, 0.1, 1, 0, 1, 1, ''),
	(88445, 118340, 0.1, 1, 0, 1, 1, ''),
	(77995, 118340, 0.1, 1, 0, 1, 1, ''),
	(73490, 118340, 0.1, 1, 0, 1, 1, ''),
	(89084, 118340, 0.1, 1, 0, 1, 1, ''),
	(77992, 118340, 0.1, 1, 0, 1, 1, ''),
	(72849, 118340, 0.1, 1, 0, 1, 1, ''),
	(74746, 118340, 0.1, 1, 0, 1, 1, ''),
	(84896, 118340, 0.1, 1, 0, 1, 1, ''),
	(88078, 118340, 0.1, 1, 0, 1, 1, ''),
	(85779, 118340, 0.1, 1, 0, 1, 1, ''),
	(79596, 118340, 0.1, 1, 0, 1, 1, ''),
	(74160, 118340, 0.1, 1, 0, 1, 1, ''),
	(83522, 118340, 0.1, 1, 0, 1, 1, ''),
	(83517, 118340, 0.1, 1, 0, 1, 1, ''),
	(86263, 118340, 0.1, 1, 0, 1, 1, ''),
	(80641, 118340, 0.1, 1, 0, 1, 1, ''),
	(79598, 118340, 0.1, 1, 0, 1, 1, ''),
	(80178, 118340, 0.1, 1, 0, 1, 1, ''),
	(73492, 118340, 0.1, 1, 0, 1, 1, ''),
	(77958, 118340, 0.1, 1, 0, 1, 1, ''),
	(80815, 118340, 0.1, 1, 0, 1, 1, ''),
	(73371, 118340, 0.1, 1, 0, 1, 1, ''),
	(87085, 118340, 0.1, 1, 0, 1, 1, ''),
	(76593, 118340, 0.1, 1, 0, 1, 1, ''),
	(79621, 118340, 0.1, 1, 0, 1, 1, ''),
	(73469, 118340, 0.1, 1, 0, 1, 1, ''),
	(80868, 118340, 0.1, 1, 0, 1, 1, ''),
	(85970, 118340, 0.1, 1, 0, 1, 1, ''),
	(77527, 118340, 0.1, 1, 0, 1, 1, ''),
	(87333, 118340, 0.1, 1, 0, 1, 1, ''),
	(85897, 118340, 0.1, 1, 0, 1, 1, ''),
	(80690, 118340, 0.1, 1, 0, 1, 1, ''),
	(76473, 118340, 0.1, 1, 0, 1, 1, ''),
	(83940, 118340, 0.1, 1, 0, 1, 1, ''),
	(81481, 118340, 0.1, 1, 0, 1, 1, ''),
	(82136, 118340, 0.1, 1, 0, 1, 1, ''),
	(80450, 118340, 0.1, 1, 0, 1, 1, ''),
	(77966, 118340, 0.1, 1, 0, 1, 1, ''),
	(78190, 118340, 0.1, 1, 0, 1, 1, ''),
	(79629, 118340, 0.1, 1, 0, 1, 1, ''),
	(85900, 118340, 0.1, 1, 0, 1, 1, ''),
	(71647, 118340, 0.1, 1, 0, 1, 1, ''),
	(75091, 118340, 0.1, 1, 0, 1, 1, ''),
	(87084, 118340, 0.1, 1, 0, 1, 1, ''),
	(83449, 118340, 0.1, 1, 0, 1, 1, ''),
	(88495, 118340, 0.1, 1, 0, 1, 1, ''),
	(79643, 118340, 0.1, 1, 0, 1, 1, ''),
	(86285, 118340, 0.1, 1, 0, 1, 1, ''),
	(79756, 118340, 0.1, 1, 0, 1, 1, ''),
	(84965, 118340, 0.1, 1, 0, 1, 1, ''),
	(85973, 118340, 0.1, 1, 0, 1, 1, ''),
	(72873, 118340, 0.1, 1, 0, 1, 1, ''),
	(85127, 118340, 0.1, 1, 0, 1, 1, ''),
	(77988, 118340, 0.1, 1, 0, 1, 1, ''),
	(80782, 118340, 0.1, 1, 0, 1, 1, ''),
	(88430, 118340, 0.1, 1, 0, 1, 1, ''),
	(80224, 118340, 0.1, 1, 0, 1, 1, ''),
	(82062, 118340, 0.1, 1, 0, 1, 1, ''),
	(80637, 118340, 0.1, 1, 0, 1, 1, ''),
	(82038, 118340, 0.1, 1, 0, 1, 1, ''),
	(80172, 118340, 0.1, 1, 0, 1, 1, ''),
	(78210, 118340, 0.1, 1, 0, 1, 1, ''),
	(82232, 118340, 0.1, 1, 0, 1, 1, ''),
	(72329, 118340, 0.1, 1, 0, 1, 1, ''),
	(73555, 118340, 0.1, 1, 0, 1, 1, ''),
	(80211, 118340, 0.1, 1, 0, 1, 1, ''),
	(85325, 118340, 0.1, 1, 0, 1, 1, ''),
	(86198, 118340, 0.1, 1, 0, 1, 1, ''),
	(85703, 118340, 0.1, 1, 0, 1, 1, ''),
	(81524, 118340, 0.1, 1, 0, 1, 1, ''),
	(81206, 118340, 0.1, 1, 0, 1, 1, ''),
	(86528, 118340, 0.1, 1, 0, 1, 1, ''),
	(85124, 118340, 0.1, 1, 0, 1, 1, ''),
	(74697, 118340, 0.1, 1, 0, 1, 1, ''),
	(81168, 118340, 0.1, 1, 0, 1, 1, ''),
	(85136, 118340, 0.1, 1, 0, 1, 1, ''),
	(85693, 118340, 0.1, 1, 0, 1, 1, ''),
	(88643, 118340, 0.1, 1, 0, 1, 1, ''),
	(77965, 118340, 0.1, 1, 0, 1, 1, ''),
	(80234, 118340, 0.1, 1, 0, 1, 1, ''),
	(80448, 118340, 0.1, 1, 0, 1, 1, ''),
	(73360, 118340, 0.1, 1, 0, 1, 1, ''),
	(72240, 118340, 0.1, 1, 0, 1, 1, ''),
	(83628, 118340, 0.1, 1, 0, 1, 1, ''),
	(81875, 118340, 0.1, 1, 0, 1, 1, ''),
	(81362, 118340, 0.1, 1, 0, 1, 1, '');

	-- 118341
	REPLACE INTO creature_loot_template (`entry`, `item`, `ChanceOrQuestChance`, `lootmode`, `groupid`, `mincountOrRef`, `maxcount`, `itemBonuses`) VALUES 
	(87330, 118341, 28.6, 1, 0, 1, 1, ''),
	(87360, 118341, 24.6, 1, 0, 1, 1, ''),
	(87588, 118341, 16.2, 1, 0, 1, 1, ''),
	(74689, 118341, 10, 1, 0, 1, 1, ''),
	(81775, 118341, 2.1, 1, 0, 1, 1, ''),
	(72863, 118341, 1.5, 1, 0, 1, 1, ''),
	(72297, 118341, 0.8, 1, 0, 1, 1, ''),
	(88509, 118341, 0.5, 1, 0, 1, 1, ''),
	(78223, 118341, 0.4, 1, 0, 1, 1, ''),
	(72987, 118341, 0.2, 1, 0, 1, 1, ''),
	(78039, 118341, 0.2, 1, 0, 1, 1, ''),
	(89125, 118341, 0.2, 1, 0, 1, 1, ''),
	(81169, 118341, 0.1, 1, 0, 1, 1, ''),
	(78825, 118341, 0.1, 1, 0, 1, 1, ''),
	(72967, 118341, 0.1, 1, 0, 1, 1, ''),
	(72955, 118341, 0.1, 1, 0, 1, 1, ''),
	(75819, 118341, 0.1, 1, 0, 1, 1, ''),
	(72953, 118341, 0.1, 1, 0, 1, 1, ''),
	(80638, 118341, 0.1, 1, 0, 1, 1, ''),
	(86163, 118341, 0.1, 1, 0, 1, 1, ''),
	(76710, 118341, 0.1, 1, 0, 1, 1, ''),
	(81934, 118341, 0.1, 1, 0, 1, 1, ''),
	(73643, 118341, 0.1, 1, 0, 1, 1, ''),
	(86285, 118341, 0.1, 1, 0, 1, 1, ''),
	(77940, 118341, 0.1, 1, 0, 1, 1, ''),
	(78148, 118341, 0.1, 1, 0, 1, 1, ''),
	(75835, 118341, 0.1, 1, 0, 1, 1, ''),
	(77945, 118341, 0.1, 1, 0, 1, 1, ''),
	(82058, 118341, 0.1, 1, 0, 1, 1, ''),
	(89084, 118341, 0.1, 1, 0, 1, 1, ''),
	(89127, 118341, 0.1, 1, 0, 1, 1, ''),
	(77944, 118341, 0.1, 1, 0, 1, 1, ''),
	(88437, 118341, 0.1, 1, 0, 1, 1, ''),
	(86168, 118341, 0.1, 1, 0, 1, 1, ''),
	(85973, 118341, 0.1, 1, 0, 1, 1, ''),
	(84429, 118341, 0.1, 1, 0, 1, 1, ''),
	(84303, 118341, 0.1, 1, 0, 1, 1, ''),
	(72833, 118341, 0.1, 1, 0, 1, 1, ''),
	(74746, 118341, 0.1, 1, 0, 1, 1, ''),
	(85997, 118341, 0.1, 1, 0, 1, 1, ''),
	(83760, 118341, 0.1, 1, 0, 1, 1, ''),
	(89144, 118341, 0.1, 1, 0, 1, 1, ''),
	(85461, 118341, 0.1, 1, 0, 1, 1, ''),
	(78999, 118341, 0.1, 1, 0, 1, 1, ''),
	(72322, 118341, 0.1, 1, 0, 1, 1, ''),
	(78226, 118341, 0.1, 1, 0, 1, 1, ''),
	(84467, 118341, 0.1, 1, 0, 1, 1, ''),
	(75089, 118341, 0.1, 1, 0, 1, 1, ''),
	(71647, 118341, 0.1, 1, 0, 1, 1, ''),
	(78339, 118341, 0.1, 1, 0, 1, 1, ''),
	(86205, 118341, 0.1, 1, 0, 1, 1, ''),
	(81240, 118341, 0.1, 1, 0, 1, 1, ''),
	(88279, 118341, 0.1, 1, 0, 1, 1, ''),
	(83706, 118341, 0.1, 1, 0, 1, 1, ''),
	(78210, 118341, 0.1, 1, 0, 1, 1, ''),
	(77966, 118341, 0.1, 1, 0, 1, 1, ''),
	(86215, 118341, 0.1, 1, 0, 1, 1, ''),
	(88394, 118341, 0.1, 1, 0, 1, 1, ''),
	(81876, 118341, 0.1, 1, 0, 1, 1, ''),
	(87345, 118341, 0.1, 1, 0, 1, 1, ''),
	(77991, 118341, 0.1, 1, 0, 1, 1, ''),
	(86267, 118341, 0.1, 1, 0, 1, 1, ''),
	(86144, 118341, 0.1, 1, 0, 1, 1, ''),
	(86260, 118341, 0.1, 1, 0, 1, 1, ''),
	(88459, 118341, 0.1, 1, 0, 1, 1, ''),
	(78918, 118341, 0.1, 1, 0, 1, 1, ''),
	(86261, 118341, 0.1, 1, 0, 1, 1, ''),
	(90141, 118341, 0.1, 1, 0, 1, 1, ''),
	(78578, 118341, 0.1, 1, 0, 1, 1, ''),
	(76706, 118341, 0.1, 1, 0, 1, 1, ''),
	(83749, 118341, 0.1, 1, 0, 1, 1, ''),
	(74067, 118341, 0.1, 1, 0, 1, 1, ''),
	(89085, 118341, 0.1, 1, 0, 1, 1, ''),
	(85214, 118341, 0.1, 1, 0, 1, 1, ''),
	(83988, 118341, 0.1, 1, 0, 1, 1, ''),
	(86151, 118341, 0.1, 1, 0, 1, 1, ''),
	(78255, 118341, 0.1, 1, 0, 1, 1, ''),
	(84013, 118341, 0.1, 1, 0, 1, 1, ''),
	(80640, 118341, 0.1, 1, 0, 1, 1, ''),
	(83653, 118341, 0.1, 1, 0, 1, 1, ''),
	(85892, 118341, 0.1, 1, 0, 1, 1, ''),
	(85542, 118341, 0.1, 1, 0, 1, 1, ''),
	(86264, 118341, 0.1, 1, 0, 1, 1, ''),
	(77959, 118341, 0.1, 1, 0, 1, 1, ''),
	(77965, 118341, 0.1, 1, 0, 1, 1, ''),
	(89083, 118341, 0.1, 1, 0, 1, 1, ''),
	(88445, 118341, 0.1, 1, 0, 1, 1, ''),
	(88729, 118341, 0.1, 1, 0, 1, 1, ''),
	(76905, 118341, 0.1, 1, 0, 1, 1, ''),
	(77992, 118341, 0.1, 1, 0, 1, 1, ''),
	(76918, 118341, 0.1, 1, 0, 1, 1, ''),
	(77993, 118341, 0.1, 1, 0, 1, 1, ''),
	(78328, 118341, 0.1, 1, 0, 1, 1, ''),
	(83448, 118341, 0.1, 1, 0, 1, 1, ''),
	(88425, 118341, 0.1, 1, 0, 1, 1, ''),
	(88261, 118341, 0.1, 1, 0, 1, 1, ''),
	(82130, 118341, 0.1, 1, 0, 1, 1, ''),
	(85043, 118341, 0.1, 1, 0, 1, 1, ''),
	(81481, 118341, 0.1, 1, 0, 1, 1, ''),
	(91489, 118341, 0.1, 1, 0, 1, 1, ''),
	(88078, 118341, 0.1, 1, 0, 1, 1, ''),
	(78256, 118341, 0.1, 1, 0, 1, 1, ''),
	(86263, 118341, 0.1, 1, 0, 1, 1, ''),
	(72348, 118341, 0.1, 1, 0, 1, 1, ''),
	(82675, 118341, 0.1, 1, 0, 1, 1, ''),
	(83987, 118341, 0.1, 1, 0, 1, 1, ''),
	(73698, 118341, 0.1, 1, 0, 1, 1, ''),
	(78815, 118341, 0.1, 1, 0, 1, 1, ''),
	(77969, 118341, 0.1, 1, 0, 1, 1, ''),
	(86155, 118341, 0.1, 1, 0, 1, 1, ''),
	(85900, 118341, 0.1, 1, 0, 1, 1, ''),
	(73490, 118341, 0.1, 1, 0, 1, 1, ''),
	(80725, 118341, 0.1, 1, 0, 1, 1, ''),
	(83517, 118341, 0.1, 1, 0, 1, 1, ''),
	(85264, 118341, 0.1, 1, 0, 1, 1, ''),
	(79562, 118341, 0.1, 1, 0, 1, 1, ''),
	(74981, 118341, 0.1, 1, 0, 1, 1, ''),
	(85277, 118341, 0.1, 1, 0, 1, 1, ''),
	(80785, 118341, 0.1, 1, 0, 1, 1, ''),
	(79643, 118341, 0.1, 1, 0, 1, 1, ''),
	(72378, 118341, 0.1, 1, 0, 1, 1, ''),
	(82905, 118341, 0.1, 1, 0, 1, 1, ''),
	(78606, 118341, 0.1, 1, 0, 1, 1, ''),
	(73555, 118341, 0.1, 1, 0, 1, 1, ''),
	(85516, 118341, 0.1, 1, 0, 1, 1, ''),
	(86198, 118341, 0.1, 1, 0, 1, 1, ''),
	(80641, 118341, 0.1, 1, 0, 1, 1, ''),
	(80178, 118341, 0.1, 1, 0, 1, 1, ''),
	(78259, 118341, 0.1, 1, 0, 1, 1, ''),
	(85299, 118341, 0.1, 1, 0, 1, 1, ''),
	(83989, 118341, 0.1, 1, 0, 1, 1, ''),
	(78190, 118341, 0.1, 1, 0, 1, 1, ''),
	(78108, 118341, 0.1, 1, 0, 1, 1, ''),
	(80283, 118341, 0.1, 1, 0, 1, 1, ''),
	(89019, 118341, 0.1, 1, 0, 1, 1, ''),
	(86455, 118341, 0.1, 1, 0, 1, 1, ''),
	(86076, 118341, 0.1, 1, 0, 1, 1, ''),
	(72270, 118341, 0.1, 1, 0, 1, 1, ''),
	(79623, 118341, 0.1, 1, 0, 1, 1, ''),
	(73469, 118341, 0.1, 1, 0, 1, 1, ''),
	(80450, 118341, 0.1, 1, 0, 1, 1, ''),
	(80235, 118341, 0.1, 1, 0, 1, 1, ''),
	(81038, 118341, 0.1, 1, 0, 1, 1, ''),
	(82800, 118341, 0.1, 1, 0, 1, 1, ''),
	(85896, 118341, 0.1, 1, 0, 1, 1, ''),
	(87656, 118341, 0.1, 1, 0, 1, 1, ''),
	(76593, 118341, 0.1, 1, 0, 1, 1, ''),
	(82646, 118341, 0.1, 1, 0, 1, 1, ''),
	(86265, 118341, 0.1, 1, 0, 1, 1, ''),
	(80447, 118341, 0.1, 1, 0, 1, 1, ''),
	(83449, 118341, 0.1, 1, 0, 1, 1, ''),
	(76597, 118341, 0.1, 1, 0, 1, 1, ''),
	(71665, 118341, 0.1, 1, 0, 1, 1, ''),
	(82805, 118341, 0.1, 1, 0, 1, 1, ''),
	(85562, 118341, 0.1, 1, 0, 1, 1, ''),
	(80190, 118341, 0.1, 1, 0, 1, 1, ''),
	(79598, 118341, 0.1, 1, 0, 1, 1, ''),
	(87346, 118341, 0.1, 1, 0, 1, 1, ''),
	(72881, 118341, 0.1, 1, 0, 1, 1, ''),
	(77988, 118341, 0.1, 1, 0, 1, 1, ''),
	(80637, 118341, 0.1, 1, 0, 1, 1, ''),
	(73397, 118341, 0.1, 1, 0, 1, 1, ''),
	(82631, 118341, 0.1, 1, 0, 1, 1, ''),
	(80448, 118341, 0.1, 1, 0, 1, 1, ''),
	(79756, 118341, 0.1, 1, 0, 1, 1, ''),
	(85124, 118341, 0.1, 1, 0, 1, 1, ''),
	(82062, 118341, 0.1, 1, 0, 1, 1, ''),
	(80782, 118341, 0.1, 1, 0, 1, 1, ''),
	(85429, 118341, 0.1, 1, 0, 1, 1, ''),
	(82038, 118341, 0.1, 1, 0, 1, 1, ''),
	(80172, 118341, 0.1, 1, 0, 1, 1, ''),
	(85725, 118341, 0.1, 1, 0, 1, 1, ''),
	(87333, 118341, 0.1, 1, 0, 1, 1, ''),
	(85127, 118341, 0.1, 1, 0, 1, 1, ''),
	(81362, 118341, 0.1, 1, 0, 1, 1, ''),
	(82230, 118341, 0.1, 1, 0, 1, 1, ''),
	(82136, 118341, 0.1, 1, 0, 1, 1, ''),
	(80530, 118341, 0.1, 1, 0, 1, 1, ''),
	(86134, 118341, 0.1, 1, 0, 1, 1, ''),
	(80455, 118341, 0.1, 1, 0, 1, 1, ''),
	(82722, 118341, 0.1, 1, 0, 1, 1, ''),
	(77958, 118341, 0.1, 1, 0, 1, 1, ''),
	(78758, 118341, 0.1, 1, 0, 1, 1, ''),
	(77995, 118341, 0.1, 1, 0, 1, 1, ''),
	(74962, 118341, 0.1, 1, 0, 1, 1, ''),
	(81738, 118341, 0.1, 1, 0, 1, 1, ''),
	(75091, 118341, 0.1, 1, 0, 1, 1, ''),
	(82232, 118341, 0.1, 1, 0, 1, 1, ''),
	(86536, 118341, 0.1, 1, 0, 1, 1, ''),
	(83444, 118341, 0.1, 1, 0, 1, 1, ''),
	(80234, 118341, 0.1, 1, 0, 1, 1, ''),
	(82711, 118341, 0.1, 1, 0, 1, 1, ''),
	(85325, 118341, 0.1, 1, 0, 1, 1, ''),
	(80690, 118341, 0.1, 1, 0, 1, 1, ''),
	(85128, 118341, 0.1, 1, 0, 1, 1, ''),
	(81207, 118341, 0.1, 1, 0, 1, 1, ''),
	(82143, 118341, 0.1, 1, 0, 1, 1, ''),
	(82055, 118341, 0.1, 1, 0, 1, 1, ''),
	(85136, 118341, 0.1, 1, 0, 1, 1, ''),
	(83522, 118341, 0.1, 1, 0, 1, 1, '');

	-- 118342
	REPLACE INTO creature_loot_template (`entry`, `item`, `ChanceOrQuestChance`, `lootmode`, `groupid`, `mincountOrRef`, `maxcount`, `itemBonuses`) VALUES 
	(87360, 118342, 28.5, 1, 0, 1, 1, ''),
	(74689, 118342, 20, 1, 0, 1, 1, ''),
	(87330, 118342, 19, 1, 0, 1, 1, ''),
	(81775, 118342, 1.3, 1, 0, 1, 1, ''),
	(72297, 118342, 0.7, 1, 0, 1, 1, ''),
	(78226, 118342, 0.5, 1, 0, 1, 1, ''),
	(81876, 118342, 0.4, 1, 0, 1, 1, ''),
	(78825, 118342, 0.2, 1, 0, 1, 1, ''),
	(84962, 118342, 0.2, 1, 0, 1, 1, ''),
	(84428, 118342, 0.2, 1, 0, 1, 1, ''),
	(91916, 118342, 0.2, 1, 0, 1, 1, ''),
	(73643, 118342, 0.1, 1, 0, 1, 1, ''),
	(83983, 118342, 0.1, 1, 0, 1, 1, ''),
	(72955, 118342, 0.1, 1, 0, 1, 1, ''),
	(72953, 118342, 0.1, 1, 0, 1, 1, ''),
	(86295, 118342, 0.1, 1, 0, 1, 1, ''),
	(81251, 118342, 0.1, 1, 0, 1, 1, ''),
	(75006, 118342, 0.1, 1, 0, 1, 1, ''),
	(72987, 118342, 0.1, 1, 0, 1, 1, ''),
	(75835, 118342, 0.1, 1, 0, 1, 1, ''),
	(75819, 118342, 0.1, 1, 0, 1, 1, ''),
	(85997, 118342, 0.1, 1, 0, 1, 1, ''),
	(89127, 118342, 0.1, 1, 0, 1, 1, ''),
	(77940, 118342, 0.1, 1, 0, 1, 1, ''),
	(78148, 118342, 0.1, 1, 0, 1, 1, ''),
	(82285, 118342, 0.1, 1, 0, 1, 1, ''),
	(86163, 118342, 0.1, 1, 0, 1, 1, ''),
	(83654, 118342, 0.1, 1, 0, 1, 1, ''),
	(78231, 118342, 0.1, 1, 0, 1, 1, ''),
	(81169, 118342, 0.1, 1, 0, 1, 1, ''),
	(74205, 118342, 0.1, 1, 0, 1, 1, ''),
	(89084, 118342, 0.1, 1, 0, 1, 1, ''),
	(74067, 118342, 0.1, 1, 0, 1, 1, ''),
	(86151, 118342, 0.1, 1, 0, 1, 1, ''),
	(86207, 118342, 0.1, 1, 0, 1, 1, ''),
	(78339, 118342, 0.1, 1, 0, 1, 1, ''),
	(82047, 118342, 0.1, 1, 0, 1, 1, ''),
	(74746, 118342, 0.1, 1, 0, 1, 1, ''),
	(83975, 118342, 0.1, 1, 0, 1, 1, ''),
	(83760, 118342, 0.1, 1, 0, 1, 1, ''),
	(78999, 118342, 0.1, 1, 0, 1, 1, ''),
	(77991, 118342, 0.1, 1, 0, 1, 1, ''),
	(77945, 118342, 0.1, 1, 0, 1, 1, ''),
	(77944, 118342, 0.1, 1, 0, 1, 1, ''),
	(78812, 118342, 0.1, 1, 0, 1, 1, ''),
	(88495, 118342, 0.1, 1, 0, 1, 1, ''),
	(89085, 118342, 0.1, 1, 0, 1, 1, ''),
	(81240, 118342, 0.1, 1, 0, 1, 1, ''),
	(84303, 118342, 0.1, 1, 0, 1, 1, ''),
	(78578, 118342, 0.1, 1, 0, 1, 1, ''),
	(85973, 118342, 0.1, 1, 0, 1, 1, ''),
	(78409, 118342, 0.1, 1, 0, 1, 1, ''),
	(72833, 118342, 0.1, 1, 0, 1, 1, ''),
	(86168, 118342, 0.1, 1, 0, 1, 1, ''),
	(86144, 118342, 0.1, 1, 0, 1, 1, ''),
	(80178, 118342, 0.1, 1, 0, 1, 1, ''),
	(86205, 118342, 0.1, 1, 0, 1, 1, ''),
	(84467, 118342, 0.1, 1, 0, 1, 1, ''),
	(72991, 118342, 0.1, 1, 0, 1, 1, ''),
	(88459, 118342, 0.1, 1, 0, 1, 1, ''),
	(79596, 118342, 0.1, 1, 0, 1, 1, ''),
	(78190, 118342, 0.1, 1, 0, 1, 1, ''),
	(88394, 118342, 0.1, 1, 0, 1, 1, ''),
	(85775, 118342, 0.1, 1, 0, 1, 1, ''),
	(86260, 118342, 0.1, 1, 0, 1, 1, ''),
	(88437, 118342, 0.1, 1, 0, 1, 1, ''),
	(90141, 118342, 0.1, 1, 0, 1, 1, ''),
	(87626, 118342, 0.1, 1, 0, 1, 1, ''),
	(77959, 118342, 0.1, 1, 0, 1, 1, ''),
	(77993, 118342, 0.1, 1, 0, 1, 1, ''),
	(89125, 118342, 0.1, 1, 0, 1, 1, ''),
	(83980, 118342, 0.1, 1, 0, 1, 1, ''),
	(85542, 118342, 0.1, 1, 0, 1, 1, ''),
	(73698, 118342, 0.1, 1, 0, 1, 1, ''),
	(89144, 118342, 0.1, 1, 0, 1, 1, ''),
	(88729, 118342, 0.1, 1, 0, 1, 1, ''),
	(88261, 118342, 0.1, 1, 0, 1, 1, ''),
	(88279, 118342, 0.1, 1, 0, 1, 1, ''),
	(85043, 118342, 0.1, 1, 0, 1, 1, ''),
	(80640, 118342, 0.1, 1, 0, 1, 1, ''),
	(78108, 118342, 0.1, 1, 0, 1, 1, ''),
	(89019, 118342, 0.1, 1, 0, 1, 1, ''),
	(72752, 118342, 0.1, 1, 0, 1, 1, ''),
	(76905, 118342, 0.1, 1, 0, 1, 1, ''),
	(86416, 118342, 0.1, 1, 0, 1, 1, ''),
	(82675, 118342, 0.1, 1, 0, 1, 1, ''),
	(85277, 118342, 0.1, 1, 0, 1, 1, ''),
	(85461, 118342, 0.1, 1, 0, 1, 1, ''),
	(86215, 118342, 0.1, 1, 0, 1, 1, ''),
	(89083, 118342, 0.1, 1, 0, 1, 1, ''),
	(78328, 118342, 0.1, 1, 0, 1, 1, ''),
	(86261, 118342, 0.1, 1, 0, 1, 1, ''),
	(80447, 118342, 0.1, 1, 0, 1, 1, ''),
	(88425, 118342, 0.1, 1, 0, 1, 1, ''),
	(84013, 118342, 0.1, 1, 0, 1, 1, ''),
	(78256, 118342, 0.1, 1, 0, 1, 1, ''),
	(86264, 118342, 0.1, 1, 0, 1, 1, ''),
	(72348, 118342, 0.1, 1, 0, 1, 1, ''),
	(86074, 118342, 0.1, 1, 0, 1, 1, ''),
	(83517, 118342, 0.1, 1, 0, 1, 1, ''),
	(77992, 118342, 0.1, 1, 0, 1, 1, ''),
	(74668, 118342, 0.1, 1, 0, 1, 1, ''),
	(83988, 118342, 0.1, 1, 0, 1, 1, ''),
	(74154, 118342, 0.1, 1, 0, 1, 1, ''),
	(83987, 118342, 0.1, 1, 0, 1, 1, ''),
	(85896, 118342, 0.1, 1, 0, 1, 1, ''),
	(76706, 118342, 0.1, 1, 0, 1, 1, ''),
	(85299, 118342, 0.1, 1, 0, 1, 1, ''),
	(91489, 118342, 0.1, 1, 0, 1, 1, ''),
	(88445, 118342, 0.1, 1, 0, 1, 1, ''),
	(73373, 118342, 0.1, 1, 0, 1, 1, ''),
	(83447, 118342, 0.1, 1, 0, 1, 1, ''),
	(86617, 118342, 0.1, 1, 0, 1, 1, ''),
	(78174, 118342, 0.1, 1, 0, 1, 1, ''),
	(78815, 118342, 0.1, 1, 0, 1, 1, ''),
	(77995, 118342, 0.1, 1, 0, 1, 1, ''),
	(73490, 118342, 0.1, 1, 0, 1, 1, ''),
	(72849, 118342, 0.1, 1, 0, 1, 1, ''),
	(86267, 118342, 0.1, 1, 0, 1, 1, ''),
	(86593, 118342, 0.1, 1, 0, 1, 1, ''),
	(83448, 118342, 0.1, 1, 0, 1, 1, ''),
	(74981, 118342, 0.1, 1, 0, 1, 1, ''),
	(80785, 118342, 0.1, 1, 0, 1, 1, ''),
	(86285, 118342, 0.1, 1, 0, 1, 1, ''),
	(74160, 118342, 0.1, 1, 0, 1, 1, ''),
	(78621, 118342, 0.1, 1, 0, 1, 1, ''),
	(86263, 118342, 0.1, 1, 0, 1, 1, ''),
	(80641, 118342, 0.1, 1, 0, 1, 1, ''),
	(88508, 118342, 0.1, 1, 0, 1, 1, ''),
	(77966, 118342, 0.1, 1, 0, 1, 1, ''),
	(83749, 118342, 0.1, 1, 0, 1, 1, ''),
	(78259, 118342, 0.1, 1, 0, 1, 1, ''),
	(77348, 118342, 0.1, 1, 0, 1, 1, ''),
	(73371, 118342, 0.1, 1, 0, 1, 1, ''),
	(85892, 118342, 0.1, 1, 0, 1, 1, ''),
	(79626, 118342, 0.1, 1, 0, 1, 1, ''),
	(84965, 118342, 0.1, 1, 0, 1, 1, ''),
	(86138, 118342, 0.1, 1, 0, 1, 1, ''),
	(73469, 118342, 0.1, 1, 0, 1, 1, ''),
	(87346, 118342, 0.1, 1, 0, 1, 1, ''),
	(85970, 118342, 0.1, 1, 0, 1, 1, ''),
	(82062, 118342, 0.1, 1, 0, 1, 1, ''),
	(72360, 118342, 0.1, 1, 0, 1, 1, ''),
	(78210, 118342, 0.1, 1, 0, 1, 1, ''),
	(85250, 118342, 0.1, 1, 0, 1, 1, ''),
	(82800, 118342, 0.1, 1, 0, 1, 1, ''),
	(87815, 118342, 0.1, 1, 0, 1, 1, ''),
	(87656, 118342, 0.1, 1, 0, 1, 1, ''),
	(80689, 118342, 0.1, 1, 0, 1, 1, ''),
	(80242, 118342, 0.1, 1, 0, 1, 1, ''),
	(88078, 118342, 0.1, 1, 0, 1, 1, ''),
	(86198, 118342, 0.1, 1, 0, 1, 1, ''),
	(80638, 118342, 0.1, 1, 0, 1, 1, ''),
	(77147, 118342, 0.1, 1, 0, 1, 1, ''),
	(77994, 118342, 0.1, 1, 0, 1, 1, ''),
	(80212, 118342, 0.1, 1, 0, 1, 1, ''),
	(83450, 118342, 0.1, 1, 0, 1, 1, ''),
	(82726, 118342, 0.1, 1, 0, 1, 1, ''),
	(71665, 118342, 0.1, 1, 0, 1, 1, ''),
	(83449, 118342, 0.1, 1, 0, 1, 1, ''),
	(80430, 118342, 0.1, 1, 0, 1, 1, ''),
	(79643, 118342, 0.1, 1, 0, 1, 1, ''),
	(82905, 118342, 0.1, 1, 0, 1, 1, ''),
	(80450, 118342, 0.1, 1, 0, 1, 1, ''),
	(73360, 118342, 0.1, 1, 0, 1, 1, ''),
	(79756, 118342, 0.1, 1, 0, 1, 1, ''),
	(87087, 118342, 0.1, 1, 0, 1, 1, ''),
	(80190, 118342, 0.1, 1, 0, 1, 1, ''),
	(78255, 118342, 0.1, 1, 0, 1, 1, ''),
	(76597, 118342, 0.1, 1, 0, 1, 1, ''),
	(72881, 118342, 0.1, 1, 0, 1, 1, ''),
	(82085, 118342, 0.1, 1, 0, 1, 1, ''),
	(83628, 118342, 0.1, 1, 0, 1, 1, ''),
	(88481, 118342, 0.1, 1, 0, 1, 1, ''),
	(85718, 118342, 0.1, 1, 0, 1, 1, ''),
	(86439, 118342, 0.1, 1, 0, 1, 1, ''),
	(75094, 118342, 0.1, 1, 0, 1, 1, ''),
	(82055, 118342, 0.1, 1, 0, 1, 1, ''),
	(80224, 118342, 0.1, 1, 0, 1, 1, ''),
	(72347, 118342, 0.1, 1, 0, 1, 1, ''),
	(81183, 118342, 0.1, 1, 0, 1, 1, ''),
	(82028, 118342, 0.1, 1, 0, 1, 1, ''),
	(81685, 118342, 0.1, 1, 0, 1, 1, ''),
	(76593, 118342, 0.1, 1, 0, 1, 1, ''),
	(80234, 118342, 0.1, 1, 0, 1, 1, ''),
	(85822, 118342, 0.1, 1, 0, 1, 1, ''),
	(79416, 118342, 0.1, 1, 0, 1, 1, ''),
	(81206, 118342, 0.1, 1, 0, 1, 1, ''),
	(80172, 118342, 0.1, 1, 0, 1, 1, ''),
	(85725, 118342, 0.1, 1, 0, 1, 1, ''),
	(82320, 118342, 0.1, 1, 0, 1, 1, ''),
	(87333, 118342, 0.1, 1, 0, 1, 1, ''),
	(76914, 118342, 0.1, 1, 0, 1, 1, ''),
	(77988, 118342, 0.1, 1, 0, 1, 1, ''),
	(81730, 118342, 0.1, 1, 0, 1, 1, ''),
	(80614, 118342, 0.1, 1, 0, 1, 1, ''),
	(73555, 118342, 0.1, 1, 0, 1, 1, ''),
	(78931, 118342, 0.1, 1, 0, 1, 1, ''),
	(76894, 118342, 0.1, 1, 0, 1, 1, ''),
	(75113, 118342, 0.1, 1, 0, 1, 1, '');

	-- 118343
	REPLACE INTO creature_loot_template (`entry`, `item`, `ChanceOrQuestChance`, `lootmode`, `groupid`, `mincountOrRef`, `maxcount`, `itemBonuses`) VALUES 
	(74689, 118343, 40, 1, 0, 1, 1, ''),
	(87588, 118343, 27, 1, 0, 1, 1, ''),
	(87360, 118343, 22.6, 1, 0, 1, 1, ''),
	(87330, 118343, 9.5, 1, 0, 1, 1, ''),
	(81775, 118343, 5.6, 1, 0, 1, 1, ''),
	(72297, 118343, 1.3, 1, 0, 1, 1, ''),
	(78964, 118343, 0.6, 1, 0, 1, 1, ''),
	(78223, 118343, 0.6, 1, 0, 1, 1, ''),
	(78226, 118343, 0.5, 1, 0, 1, 1, ''),
	(78688, 118343, 0.4, 1, 0, 1, 1, ''),
	(78825, 118343, 0.4, 1, 0, 1, 1, ''),
	(84962, 118343, 0.2, 1, 0, 1, 1, ''),
	(86163, 118343, 0.2, 1, 0, 1, 1, ''),
	(86461, 118343, 0.1, 1, 0, 1, 1, ''),
	(72955, 118343, 0.1, 1, 0, 1, 1, ''),
	(72752, 118343, 0.1, 1, 0, 1, 1, ''),
	(75819, 118343, 0.1, 1, 0, 1, 1, ''),
	(72967, 118343, 0.1, 1, 0, 1, 1, ''),
	(72953, 118343, 0.1, 1, 0, 1, 1, ''),
	(86155, 118343, 0.1, 1, 0, 1, 1, ''),
	(86288, 118343, 0.1, 1, 0, 1, 1, ''),
	(78148, 118343, 0.1, 1, 0, 1, 1, ''),
	(73643, 118343, 0.1, 1, 0, 1, 1, ''),
	(72833, 118343, 0.1, 1, 0, 1, 1, ''),
	(83939, 118343, 0.1, 1, 0, 1, 1, ''),
	(73490, 118343, 0.1, 1, 0, 1, 1, ''),
	(72987, 118343, 0.1, 1, 0, 1, 1, ''),
	(80640, 118343, 0.1, 1, 0, 1, 1, ''),
	(78039, 118343, 0.1, 1, 0, 1, 1, ''),
	(85973, 118343, 0.1, 1, 0, 1, 1, ''),
	(81169, 118343, 0.1, 1, 0, 1, 1, ''),
	(75835, 118343, 0.1, 1, 0, 1, 1, ''),
	(86123, 118343, 0.1, 1, 0, 1, 1, ''),
	(89127, 118343, 0.1, 1, 0, 1, 1, ''),
	(78357, 118343, 0.1, 1, 0, 1, 1, ''),
	(86295, 118343, 0.1, 1, 0, 1, 1, ''),
	(77940, 118343, 0.1, 1, 0, 1, 1, ''),
	(80948, 118343, 0.1, 1, 0, 1, 1, ''),
	(82047, 118343, 0.1, 1, 0, 1, 1, ''),
	(86416, 118343, 0.1, 1, 0, 1, 1, ''),
	(77945, 118343, 0.1, 1, 0, 1, 1, ''),
	(83760, 118343, 0.1, 1, 0, 1, 1, ''),
	(78919, 118343, 0.1, 1, 0, 1, 1, ''),
	(87600, 118343, 0.1, 1, 0, 1, 1, ''),
	(78999, 118343, 0.1, 1, 0, 1, 1, ''),
	(86285, 118343, 0.1, 1, 0, 1, 1, ''),
	(89085, 118343, 0.1, 1, 0, 1, 1, ''),
	(77991, 118343, 0.1, 1, 0, 1, 1, ''),
	(80641, 118343, 0.1, 1, 0, 1, 1, ''),
	(86168, 118343, 0.1, 1, 0, 1, 1, ''),
	(74154, 118343, 0.1, 1, 0, 1, 1, ''),
	(83749, 118343, 0.1, 1, 0, 1, 1, ''),
	(77944, 118343, 0.1, 1, 0, 1, 1, ''),
	(85997, 118343, 0.1, 1, 0, 1, 1, ''),
	(81240, 118343, 0.1, 1, 0, 1, 1, ''),
	(80638, 118343, 0.1, 1, 0, 1, 1, ''),
	(78809, 118343, 0.1, 1, 0, 1, 1, ''),
	(86144, 118343, 0.1, 1, 0, 1, 1, ''),
	(81876, 118343, 0.1, 1, 0, 1, 1, ''),
	(78339, 118343, 0.1, 1, 0, 1, 1, ''),
	(86215, 118343, 0.1, 1, 0, 1, 1, ''),
	(84303, 118343, 0.1, 1, 0, 1, 1, ''),
	(86205, 118343, 0.1, 1, 0, 1, 1, ''),
	(74746, 118343, 0.1, 1, 0, 1, 1, ''),
	(88279, 118343, 0.1, 1, 0, 1, 1, ''),
	(88261, 118343, 0.1, 1, 0, 1, 1, ''),
	(80430, 118343, 0.1, 1, 0, 1, 1, ''),
	(89019, 118343, 0.1, 1, 0, 1, 1, ''),
	(72991, 118343, 0.1, 1, 0, 1, 1, ''),
	(88459, 118343, 0.1, 1, 0, 1, 1, ''),
	(82711, 118343, 0.1, 1, 0, 1, 1, ''),
	(84013, 118343, 0.1, 1, 0, 1, 1, ''),
	(85775, 118343, 0.1, 1, 0, 1, 1, ''),
	(84467, 118343, 0.1, 1, 0, 1, 1, ''),
	(88437, 118343, 0.1, 1, 0, 1, 1, ''),
	(85542, 118343, 0.1, 1, 0, 1, 1, ''),
	(86296, 118343, 0.1, 1, 0, 1, 1, ''),
	(88394, 118343, 0.1, 1, 0, 1, 1, ''),
	(89125, 118343, 0.1, 1, 0, 1, 1, ''),
	(83896, 118343, 0.1, 1, 0, 1, 1, ''),
	(74067, 118343, 0.1, 1, 0, 1, 1, ''),
	(85214, 118343, 0.1, 1, 0, 1, 1, ''),
	(86267, 118343, 0.1, 1, 0, 1, 1, ''),
	(78190, 118343, 0.1, 1, 0, 1, 1, ''),
	(86261, 118343, 0.1, 1, 0, 1, 1, ''),
	(85892, 118343, 0.1, 1, 0, 1, 1, ''),
	(85461, 118343, 0.1, 1, 0, 1, 1, ''),
	(72348, 118343, 0.1, 1, 0, 1, 1, ''),
	(88729, 118343, 0.1, 1, 0, 1, 1, ''),
	(72322, 118343, 0.1, 1, 0, 1, 1, ''),
	(86260, 118343, 0.1, 1, 0, 1, 1, ''),
	(76918, 118343, 0.1, 1, 0, 1, 1, ''),
	(81038, 118343, 0.1, 1, 0, 1, 1, ''),
	(79598, 118343, 0.1, 1, 0, 1, 1, ''),
	(80447, 118343, 0.1, 1, 0, 1, 1, ''),
	(82800, 118343, 0.1, 1, 0, 1, 1, ''),
	(77992, 118343, 0.1, 1, 0, 1, 1, ''),
	(82130, 118343, 0.1, 1, 0, 1, 1, ''),
	(77993, 118343, 0.1, 1, 0, 1, 1, ''),
	(86264, 118343, 0.1, 1, 0, 1, 1, ''),
	(85277, 118343, 0.1, 1, 0, 1, 1, ''),
	(91489, 118343, 0.1, 1, 0, 1, 1, ''),
	(85043, 118343, 0.1, 1, 0, 1, 1, ''),
	(86198, 118343, 0.1, 1, 0, 1, 1, ''),
	(83706, 118343, 0.1, 1, 0, 1, 1, ''),
	(73698, 118343, 0.1, 1, 0, 1, 1, ''),
	(88445, 118343, 0.1, 1, 0, 1, 1, ''),
	(78815, 118343, 0.1, 1, 0, 1, 1, ''),
	(86265, 118343, 0.1, 1, 0, 1, 1, ''),
	(86263, 118343, 0.1, 1, 0, 1, 1, ''),
	(83988, 118343, 0.1, 1, 0, 1, 1, ''),
	(85299, 118343, 0.1, 1, 0, 1, 1, ''),
	(85264, 118343, 0.1, 1, 0, 1, 1, ''),
	(78328, 118343, 0.1, 1, 0, 1, 1, ''),
	(86000, 118343, 0.1, 1, 0, 1, 1, ''),
	(78210, 118343, 0.1, 1, 0, 1, 1, ''),
	(78196, 118343, 0.1, 1, 0, 1, 1, ''),
	(78578, 118343, 0.1, 1, 0, 1, 1, ''),
	(87087, 118343, 0.1, 1, 0, 1, 1, ''),
	(88425, 118343, 0.1, 1, 0, 1, 1, ''),
	(88078, 118343, 0.1, 1, 0, 1, 1, ''),
	(75240, 118343, 0.1, 1, 0, 1, 1, ''),
	(80178, 118343, 0.1, 1, 0, 1, 1, ''),
	(82933, 118343, 0.1, 1, 0, 1, 1, ''),
	(73371, 118343, 0.1, 1, 0, 1, 1, ''),
	(76597, 118343, 0.1, 1, 0, 1, 1, ''),
	(76905, 118343, 0.1, 1, 0, 1, 1, ''),
	(78256, 118343, 0.1, 1, 0, 1, 1, ''),
	(78255, 118343, 0.1, 1, 0, 1, 1, ''),
	(74254, 118343, 0.1, 1, 0, 1, 1, ''),
	(85733, 118343, 0.1, 1, 0, 1, 1, ''),
	(78108, 118343, 0.1, 1, 0, 1, 1, ''),
	(78570, 118343, 0.1, 1, 0, 1, 1, ''),
	(80283, 118343, 0.1, 1, 0, 1, 1, ''),
	(88430, 118343, 0.1, 1, 0, 1, 1, ''),
	(77959, 118343, 0.1, 1, 0, 1, 1, ''),
	(79145, 118343, 0.1, 1, 0, 1, 1, ''),
	(85970, 118343, 0.1, 1, 0, 1, 1, ''),
	(85822, 118343, 0.1, 1, 0, 1, 1, ''),
	(89084, 118343, 0.1, 1, 0, 1, 1, ''),
	(80450, 118343, 0.1, 1, 0, 1, 1, ''),
	(89083, 118343, 0.1, 1, 0, 1, 1, ''),
	(79439, 118343, 0.1, 1, 0, 1, 1, ''),
	(80172, 118343, 0.1, 1, 0, 1, 1, ''),
	(81747, 118343, 0.1, 1, 0, 1, 1, ''),
	(85250, 118343, 0.1, 1, 0, 1, 1, ''),
	(86147, 118343, 0.1, 1, 0, 1, 1, ''),
	(79756, 118343, 0.1, 1, 0, 1, 1, ''),
	(85898, 118343, 0.1, 1, 0, 1, 1, ''),
	(85901, 118343, 0.1, 1, 0, 1, 1, ''),
	(78973, 118343, 0.1, 1, 0, 1, 1, ''),
	(87346, 118343, 0.1, 1, 0, 1, 1, ''),
	(83450, 118343, 0.1, 1, 0, 1, 1, ''),
	(85902, 118343, 0.1, 1, 0, 1, 1, ''),
	(86405, 118343, 0.1, 1, 0, 1, 1, ''),
	(76593, 118343, 0.1, 1, 0, 1, 1, ''),
	(80725, 118343, 0.1, 1, 0, 1, 1, ''),
	(87084, 118343, 0.1, 1, 0, 1, 1, ''),
	(80782, 118343, 0.1, 1, 0, 1, 1, ''),
	(76706, 118343, 0.1, 1, 0, 1, 1, ''),
	(74981, 118343, 0.1, 1, 0, 1, 1, ''),
	(82675, 118343, 0.1, 1, 0, 1, 1, ''),
	(76534, 118343, 0.1, 1, 0, 1, 1, ''),
	(88495, 118343, 0.1, 1, 0, 1, 1, ''),
	(83987, 118343, 0.1, 1, 0, 1, 1, ''),
	(77965, 118343, 0.1, 1, 0, 1, 1, ''),
	(80697, 118343, 0.1, 1, 0, 1, 1, ''),
	(84373, 118343, 0.1, 1, 0, 1, 1, ''),
	(82145, 118343, 0.1, 1, 0, 1, 1, ''),
	(83517, 118343, 0.1, 1, 0, 1, 1, ''),
	(85896, 118343, 0.1, 1, 0, 1, 1, ''),
	(89144, 118343, 0.1, 1, 0, 1, 1, ''),
	(88578, 118343, 0.1, 1, 0, 1, 1, ''),
	(88481, 118343, 0.1, 1, 0, 1, 1, ''),
	(86594, 118343, 0.1, 1, 0, 1, 1, ''),
	(81246, 118343, 0.1, 1, 0, 1, 1, ''),
	(75416, 118343, 0.1, 1, 0, 1, 1, ''),
	(82632, 118343, 0.1, 1, 0, 1, 1, ''),
	(88671, 118343, 0.1, 1, 0, 1, 1, ''),
	(75094, 118343, 0.1, 1, 0, 1, 1, ''),
	(80224, 118343, 0.1, 1, 0, 1, 1, ''),
	(83449, 118343, 0.1, 1, 0, 1, 1, ''),
	(83826, 118343, 0.1, 1, 0, 1, 1, ''),
	(82038, 118343, 0.1, 1, 0, 1, 1, ''),
	(84865, 118343, 0.1, 1, 0, 1, 1, ''),
	(76914, 118343, 0.1, 1, 0, 1, 1, ''),
	(85897, 118343, 0.1, 1, 0, 1, 1, ''),
	(82230, 118343, 0.1, 1, 0, 1, 1, ''),
	(77988, 118343, 0.1, 1, 0, 1, 1, ''),
	(81730, 118343, 0.1, 1, 0, 1, 1, ''),
	(72329, 118343, 0.1, 1, 0, 1, 1, ''),
	(86499, 118343, 0.1, 1, 0, 1, 1, ''),
	(80530, 118343, 0.1, 1, 0, 1, 1, ''),
	(85703, 118343, 0.1, 1, 0, 1, 1, ''),
	(77966, 118343, 0.1, 1, 0, 1, 1, ''),
	(86528, 118343, 0.1, 1, 0, 1, 1, ''),
	(82722, 118343, 0.1, 1, 0, 1, 1, ''),
	(80699, 118343, 0.1, 1, 0, 1, 1, ''),
	(77994, 118343, 0.1, 1, 0, 1, 1, ''),
	(77995, 118343, 0.1, 1, 0, 1, 1, '');-- LEVEL 1

	REPLACE INTO gameobject_template (entry, `type`, `displayId`, `name`, `IconName`, `castBarCaption`, `unk1`, `faction`, `flags`, `size`, `questItem1`, `questItem2`, `questItem3`, `questItem4`, `questItem5`, `questItem6`, `data0`, `data1`, `data2`, `data3`, `data4`, `data5`, `data6`, `data7`, `data8`, `data9`, `data10`, `data11`, `data12`, `data13`, `data14`, `data15`, `data16`, `data17`, `data18`, `data19`, `data20`, `data21`, `data22`, `data23`, `data24`, `data25`, `data26`, `data27`, `data28`, `data29`, `data30`, `data31`, `data32`, `unkInt32`, `BuildVerified`) VALUES(237378, 7, 16151, "Stool", "", "", "", 0, 0, 0.9999999, 0, 0, 0, 0, 0, 0, 1, 1, 0, 0, 0, 0, 0, 0, 0, 0, 0, 0, 0, 0, 0, 0, 0, 0, 0, 0, 0, 0, 0, 0, 0, 0, 0, 0, 0, 0, 0, 0, 0, 0, 19342);
	REPLACE INTO gameobject_template (entry, `type`, `displayId`, `name`, `IconName`, `castBarCaption`, `unk1`, `faction`, `flags`, `size`, `questItem1`, `questItem2`, `questItem3`, `questItem4`, `questItem5`, `questItem6`, `data0`, `data1`, `data2`, `data3`, `data4`, `data5`, `data6`, `data7`, `data8`, `data9`, `data10`, `data11`, `data12`, `data13`, `data14`, `data15`, `data16`, `data17`, `data18`, `data19`, `data20`, `data21`, `data22`, `data23`, `data24`, `data25`, `data26`, `data27`, `data28`, `data29`, `data30`, `data31`, `data32`, `unkInt32`, `BuildVerified`) VALUES(237379, 7, 16151, "Stool", "", "", "", 0, 0, 0.9999999, 0, 0, 0, 0, 0, 0, 1, 1, 0, 0, 0, 0, 0, 0, 0, 0, 0, 0, 0, 0, 0, 0, 0, 0, 0, 0, 0, 0, 0, 0, 0, 0, 0, 0, 0, 0, 0, 0, 0, 0, 19342);
	REPLACE INTO gameobject_template (entry, `type`, `displayId`, `name`, `IconName`, `castBarCaption`, `unk1`, `faction`, `flags`, `size`, `questItem1`, `questItem2`, `questItem3`, `questItem4`, `questItem5`, `questItem6`, `data0`, `data1`, `data2`, `data3`, `data4`, `data5`, `data6`, `data7`, `data8`, `data9`, `data10`, `data11`, `data12`, `data13`, `data14`, `data15`, `data16`, `data17`, `data18`, `data19`, `data20`, `data21`, `data22`, `data23`, `data24`, `data25`, `data26`, `data27`, `data28`, `data29`, `data30`, `data31`, `data32`, `unkInt32`, `BuildVerified`) VALUES(237410, 10, 13965, "Doodad_orc_cannon_001", "", "", "", 0, 0, 2.419999, 0, 0, 0, 0, 0, 0, 0, 0, 0, 3000, 0, 0, 0, 0, 0, 0, 0, 0, 0, 0, 0, 0, 0, 0, 0, 0, 0, 0, 0, 0, 0, 0, 0, 0, 0, 0, 0, 0, 0, 0, 19342);
	REPLACE INTO gameobject_template (entry, `type`, `displayId`, `name`, `IconName`, `castBarCaption`, `unk1`, `faction`, `flags`, `size`, `questItem1`, `questItem2`, `questItem3`, `questItem4`, `questItem5`, `questItem6`, `data0`, `data1`, `data2`, `data3`, `data4`, `data5`, `data6`, `data7`, `data8`, `data9`, `data10`, `data11`, `data12`, `data13`, `data14`, `data15`, `data16`, `data17`, `data18`, `data19`, `data20`, `data21`, `data22`, `data23`, `data24`, `data25`, `data26`, `data27`, `data28`, `data29`, `data30`, `data31`, `data32`, `unkInt32`, `BuildVerified`) VALUES(237437, 8, 16746, "Anvil", "", "", "", 0, 0, 0.8200002, 0, 0, 0, 0, 0, 0, 1, 10, 0, 0, 0, 0, 1, 0, 0, 0, 0, 0, 0, 0, 0, 0, 0, 0, 0, 0, 0, 0, 0, 0, 0, 0, 0, 0, 0, 0, 0, 0, 0, 0, 19342);
	REPLACE INTO gameobject_template (entry, `type`, `displayId`, `name`, `IconName`, `castBarCaption`, `unk1`, `faction`, `flags`, `size`, `questItem1`, `questItem2`, `questItem3`, `questItem4`, `questItem5`, `questItem6`, `data0`, `data1`, `data2`, `data3`, `data4`, `data5`, `data6`, `data7`, `data8`, `data9`, `data10`, `data11`, `data12`, `data13`, `data14`, `data15`, `data16`, `data17`, `data18`, `data19`, `data20`, `data21`, `data22`, `data23`, `data24`, `data25`, `data26`, `data27`, `data28`, `data29`, `data30`, `data31`, `data32`, `unkInt32`, `BuildVerified`) VALUES(238829, 10, 16746, "Anvil", "", "", "", 0, 0, 1, 0, 0, 0, 0, 0, 0, 0, 0, 0, 3000, 0, 0, 0, 0, 0, 0, 0, 0, 0, 0, 0, 0, 0, 0, 0, 0, 0, 0, 0, 0, 0, 0, 0, 0, 0, 0, 0, 0, 0, 0, 19342);

	REPLACE INTO creature_template (entry, `name`, `subname`, `IconName`, `RacialLeader`, `family`, `type`, `modelid1`, `modelid2`, `modelid3`, `modelid4`, `questItem1`, `questItem2`, `questItem3`, `questItem4`, `questItem5`, `questItem6`, `unit_flags`, `unit_flags2`, `Health_mod`, `Mana_mod`, `Armor_mod`, `rank`, `KillCredit1`, `KillCredit2`, `movementId`, `scale`, `minlevel`, `maxlevel`, `faction`, `baseattacktime`, `rangeattacktime`, `unit_class`, `resistance1`, `resistance2`, `resistance3`, `resistance4`, `resistance5`, `resistance6`, `speed_walk`, `speed_run`, `spell1`, `spell2`, `spell3`, `spell4`, `spell5`, `spell6`, `spell7`, `spell8`, `BuildVerified`) VALUES(87630, "Frostwall Smith", "", "", 0, 0, 7, 24230, 33566, 0, 0, 0, 0, 0, 0, 0, 0, 4096, 0, 1, 1, 1, 0, 0, 0, 0, 1, 90, 90, 1735, 2000, 2000, 1, 0, 0, 0, 0, 0, 0, 1, 1.142857, 0, 0, 0, 0, 0, 0, 0, 0, 19342);
	REPLACE INTO creature_equip_template (entry, `id`, `itemEntry1`, `itemEntry2`, `itemEntry3`) VALUES(87630, 1, 74776, 0, 0);
	REPLACE INTO creature_model_info (`modelid`, `bounding_radius`, `combat_reach`, `gender`) VALUES(33566, 0.9747, 4.05, 0);
	REPLACE INTO creature_model_info (`modelid`, `bounding_radius`, `combat_reach`, `gender`) VALUES(24230, 0.236, 1.5, 1);

	REPLACE INTO creature_template (entry, `name`, `subname`, `IconName`, `RacialLeader`, `family`, `type`, `modelid1`, `modelid2`, `modelid3`, `modelid4`, `questItem1`, `questItem2`, `questItem3`, `questItem4`, `questItem5`, `questItem6`, `unit_flags`, `unit_flags2`, `Health_mod`, `Mana_mod`, `Armor_mod`, `rank`, `KillCredit1`, `KillCredit2`, `movementId`, `scale`, `minlevel`, `maxlevel`, `faction`, `baseattacktime`, `rangeattacktime`, `unit_class`, `resistance1`, `resistance2`, `resistance3`, `resistance4`, `resistance5`, `resistance6`, `speed_walk`, `speed_run`, `spell1`, `spell2`, `spell3`, `spell4`, `spell5`, `spell6`, `spell7`, `spell8`, `BuildVerified`) VALUES(79815, "Grun'lek", "Quartermaster", "", 0, 0, 7, 56563, 0, 0, 0, 0, 0, 0, 0, 0, 0, 4096, 0, 1, 1, 1, 0, 0, 0, 0, 1, 90, 90, 1734, 2000, 2000, 1, 0, 0, 0, 0, 0, 0, 1, 1.142857, 0, 0, 0, 0, 0, 0, 0, 0, 19342);
	REPLACE INTO creature_model_info (`modelid`, `bounding_radius`, `combat_reach`, `gender`) VALUES(56563, 0.372, 1.5, 0);
	UPDATE creature_template SET ScriptName="npc_GrunLek_Garr" WHERE entry = 79815;

	DELETE FROM creature_queststarter WHERE id=79815;
	INSERT INTO `creature_queststarter`(`id`,`quest`) VALUES ( '79815','37043');

	UPDATE creature_template SET ScriptName="npc_FrostwallGrunt_Garr" WHERE entry = 79781;
	UPDATE creature_template SET ScriptName="npc_FrostWallSmith_Garr" WHERE entry = 87630;

	UPDATE creature_loot_template SET ChanceOrQuestChance = ChanceOrQuestChance * -1 WHERE item=113681 AND ChanceOrQuestChance  < 0;

	DELETE FROM garrison_plot_content WHERE plot_type_or_building=-8 AND faction_index = 0;
	insert into `garrison_plot_content` (`plot_type_or_building`, `faction_index`, `creature_or_gob`, `x`, `y`, `z`, `o`) values('-8','0','-237379','5.47557','5.00065','1.1004','3.58665');
	insert into `garrison_plot_content` (`plot_type_or_building`, `faction_index`, `creature_or_gob`, `x`, `y`, `z`, `o`) values('-8','0','-237410','4.78026','2.02092','10.6176','0.759217');
	insert into `garrison_plot_content` (`plot_type_or_building`, `faction_index`, `creature_or_gob`, `x`, `y`, `z`, `o`) values('-8','0','-237378','1.21672','4.932','1.1333','5.46288');
	insert into `garrison_plot_content` (`plot_type_or_building`, `faction_index`, `creature_or_gob`, `x`, `y`, `z`, `o`) values('-8','0','-238829','-10.7323','0.089707','-0.08','2.89725');
	insert into `garrison_plot_content` (`plot_type_or_building`, `faction_index`, `creature_or_gob`, `x`, `y`, `z`, `o`) values('-8','0','-237437','7.15138','-4.17009','1.14222','2.07691');
	insert into `garrison_plot_content` (`plot_type_or_building`, `faction_index`, `creature_or_gob`, `x`, `y`, `z`, `o`) values('-8','0','87630','6.12764','-2.2788','1.62074','5.250069');
	insert into `garrison_plot_content` (`plot_type_or_building`, `faction_index`, `creature_or_gob`, `x`, `y`, `z`, `o`) values('-8','0','79815','3.62829','1.19699','1.62106','2.060069');
	insert into `garrison_plot_content` (`plot_type_or_building`, `faction_index`, `creature_or_gob`, `x`, `y`, `z`, `o`) values('-8','0','79781','1.61275','-1.16506','1.62177','4.06203');
	insert into `garrison_plot_content` (`plot_type_or_building`, `faction_index`, `creature_or_gob`, `x`, `y`, `z`, `o`) values('-8','0','79781','7.75683','-0.602743','1.62177','5.6014');

	REPLACE INTO gossip_menu (entry, `text_id`) VALUES(17014, 87551);
	REPLACE INTO gossip_menu_option (menu_id, id, `option_icon`, `option_text`, `option_id`, `box_coded`, `box_money`, `box_text`, `npc_option_npcflag`) VALUES(17014, 1, 0, "Let me browse your goods.", 3, 0, 0, "", 128);
	REPLACE INTO npc_text (`ID`, `text0_0`, `lang0`, `prob0`, `BuildVerified`) VALUES(87551, "What am I needed for?", 0, 100, 19342);

	UPDATE `creature_template` SET `npcflag`=`npcflag`|4227, gossip_menu_id = 17014 WHERE `entry`=79815;

	DELETE FROM `npc_vendor` WHERE `entry` = 79815 AND `type` = 1;
	INSERT INTO `npc_vendor` (`entry`, `slot`, `item`, `maxcount`, `incrtime`, `ExtendedCost`, `type`) VALUES
	(79815, 0, 113789, 0, 0, 5287, 1), 
	(79815, 0, 113790, 0, 0, 5285, 1), 
	(79815, 0, 113791, 0, 0, 5289, 1), 
	(79815, 0, 113792, 0, 0, 5285, 1), 
	(79815, 0, 113793, 0, 0, 5286, 1), 
	(79815, 0, 113794, 0, 0, 5289, 1), 
	(79815, 0, 113795, 0, 0, 5288, 1), 
	(79815, 0, 113797, 0, 0, 5287, 1), 
	(79815, 0, 113798, 0, 0, 5285, 1), 
	(79815, 0, 113799, 0, 0, 5289, 1), 
	(79815, 0, 113800, 0, 0, 5285, 1), 
	(79815, 0, 113801, 0, 0, 5286, 1), 
	(79815, 0, 113802, 0, 0, 5289, 1), 
	(79815, 0, 113803, 0, 0, 5288, 1), 
	(79815, 0, 113805, 0, 0, 5287, 1), 
	(79815, 0, 113806, 0, 0, 5285, 1), 
	(79815, 0, 113807, 0, 0, 5289, 1), 
	(79815, 0, 113808, 0, 0, 5285, 1), 
	(79815, 0, 113809, 0, 0, 5286, 1), 
	(79815, 0, 113810, 0, 0, 5289, 1), 
	(79815, 0, 113811, 0, 0, 5288, 1), 
	(79815, 0, 113813, 0, 0, 5287, 1), 
	(79815, 0, 113814, 0, 0, 5285, 1), 
	(79815, 0, 113815, 0, 0, 5289, 1), 
	(79815, 0, 113816, 0, 0, 5285, 1), 
	(79815, 0, 113817, 0, 0, 5286, 1), 
	(79815, 0, 113818, 0, 0, 5289, 1), 
	(79815, 0, 113819, 0, 0, 5288, 1), 
	(79815, 0, 118366, 0, 0, 5288, 1), 
	(79815, 0, 118367, 0, 0, 5289, 1), 
	(79815, 0, 118368, 0, 0, 5285, 1), 
	(79815, 0, 118369, 0, 0, 5287, 1), 
	(79815, 0, 118370, 0, 0, 5289, 1), 
	(79815, 0, 118371, 0, 0, 5285, 1), 
	(79815, 0, 118400, 0, 0, 5289, 1);

	DELETE FROM quest_poi  WHERE QuestID=37043;
	DELETE FROM quest_poi_points  WHERE questId=37043;
	INSERT INTO quest_poi (`QuestID`, `BlobIndex`, `ObjectiveIndex`, `MapID`, `WorldMapAreaId`, `Floor`, `Priority`, `Flags`, `WorldEffectID`, `PlayerConditionID`, `Unk`) VALUES(37043, 0, -1, 1116, 980, 0, 0, 0, 0, 0, 953669);
	INSERT INTO quest_poi_points (`questId`, `id`, `idx`, `x`, `y`) VALUES(37043, 0, 0, 5642, 4533);
	INSERT INTO quest_poi (`QuestID`, `BlobIndex`, `ObjectiveIndex`, `MapID`, `WorldMapAreaId`, `Floor`, `Priority`, `Flags`, `WorldEffectID`, `PlayerConditionID`, `Unk`) VALUES(37043, 1, -1, 1116, 981, 0, 0, 0, 0, 0, 953669);
	INSERT INTO quest_poi_points (`questId`, `id`, `idx`, `x`, `y`) VALUES(37043, 1, 0, 5642, 4533);
	INSERT INTO quest_poi (`QuestID`, `BlobIndex`, `ObjectiveIndex`, `MapID`, `WorldMapAreaId`, `Floor`, `Priority`, `Flags`, `WorldEffectID`, `PlayerConditionID`, `Unk`) VALUES(37043, 2, -1, 1116, 990, 0, 0, 0, 0, 0, 953669);
	INSERT INTO quest_poi_points (`questId`, `id`, `idx`, `x`, `y`) VALUES(37043, 2, 0, 5642, 4533);

-- LEVEL 2

-- LEVEL 3