DELETE FROM spell_script_names WHERE ScriptName = "spell_item_timeless_caches" AND spell_id IN (148104, 148103, 148099, 147597, 148746, 146246, 146273, 146278, 146240, 146244, 146242, 146238, 146276, 146241, 146282, 146281, 148740, 146268, 146259, 146265);
DELETE FROM spell_script_names WHERE ScriptName = "spell_item_timeless_caches" AND spell_id IN (146266, 146280, 146260, 146269, 146274, 146236, 146261, 146279, 146275, 146237, 146272, 146264, 146271, 146239, 146270, 146263, 146277, 146267, 146243);
INSERT INTO spell_script_names VALUES
(148104, "spell_item_timeless_caches"),
(148103, "spell_item_timeless_caches"),
(148099, "spell_item_timeless_caches"),
(147597, "spell_item_timeless_caches"),
(148746, "spell_item_timeless_caches"),
(146246, "spell_item_timeless_caches"),
(146273, "spell_item_timeless_caches"),
(146278, "spell_item_timeless_caches"),
(146240, "spell_item_timeless_caches"),
(146244, "spell_item_timeless_caches"),
(146242, "spell_item_timeless_caches"),
(146238, "spell_item_timeless_caches"),
(146276, "spell_item_timeless_caches"),
(146241, "spell_item_timeless_caches"),
(146282, "spell_item_timeless_caches"),
(146281, "spell_item_timeless_caches"),
(148740, "spell_item_timeless_caches"),
(146266, "spell_item_timeless_caches"),
(146280, "spell_item_timeless_caches"),
(146260, "spell_item_timeless_caches"),
(146269, "spell_item_timeless_caches"),
(146274, "spell_item_timeless_caches"),
(146236, "spell_item_timeless_caches"),
(146261, "spell_item_timeless_caches"),
(146279, "spell_item_timeless_caches"),
(146275, "spell_item_timeless_caches"),
(146237, "spell_item_timeless_caches"),
(146272, "spell_item_timeless_caches"),
(146264, "spell_item_timeless_caches"),
(146271, "spell_item_timeless_caches"),
(146239, "spell_item_timeless_caches"),
(146270, "spell_item_timeless_caches"),
(146263, "spell_item_timeless_caches"),
(146277, "spell_item_timeless_caches"),
(146268, "spell_item_timeless_caches"),
(146267, "spell_item_timeless_caches"),
(146259, "spell_item_timeless_caches"),
(146243, "spell_item_timeless_caches"),
(146265, "spell_item_timeless_caches");

# Timeless Mail Leggings
DELETE FROM spell_loot_template WHERE entry = 146259;
INSERT INTO spell_loot_template VALUES
(146259, 101838, 100, 1, 0, 1, 1, ""),
(146259, 101830, 100, 1, 0, 1, 1, "");

# Timeless Mail Leggings
DELETE FROM spell_loot_template WHERE entry = 146265;
INSERT INTO spell_loot_template VALUES
(146265, 101843, 100, 1, 0, 1, 1, ""),
(146265, 101835, 100, 1, 0, 1, 1, "");

# Timeless Plate Bracers
DELETE FROM spell_loot_template WHERE entry = 146243;
INSERT INTO spell_loot_template VALUES
(146243, 101799, 100, 1, 0, 1, 1, ""),
(146243, 101861, 100, 1, 0, 1, 1, ""),
(146243, 101826, 100, 1, 0, 1, 1, "");

# Timeless Mail Bracers
DELETE FROM spell_loot_template WHERE entry = 146267;
INSERT INTO spell_loot_template VALUES
(146267, 101839, 100, 1, 0, 1, 1, ""),
(146267, 101831, 100, 1, 0, 1, 1, "");

# Timeless Leather Belt
DELETE FROM spell_loot_template WHERE entry = 146268;
INSERT INTO spell_loot_template VALUES
(146268, 101869, 100, 1, 0, 1, 1, ""),
(146268, 101788, 100, 1, 0, 1, 1, "");

# Timeless Cloth Boots
DELETE FROM spell_loot_template WHERE entry = 146277;
INSERT INTO spell_loot_template VALUES
(146277, 101807, 100, 1, 0, 1, 1, ""),
(146277, 101816, 100, 1, 0, 1, 1, "");

# Timeless Mail Gloves
DELETE FROM spell_loot_template WHERE entry = 146263;
INSERT INTO spell_loot_template VALUES
(146263, 101840, 100, 1, 0, 1, 1, ""),
(146263, 101832, 100, 1, 0, 1, 1, "");

# Timeless Leather Chestpiece
DELETE FROM spell_loot_template WHERE entry = 146270;
INSERT INTO spell_loot_template VALUES
(146270, 101867, 100, 1, 0, 1, 1, ""),
(146270, 101786, 100, 1, 0, 1, 1, "");

# Timeless Plate Gloves
DELETE FROM spell_loot_template WHERE entry = 146239;
INSERT INTO spell_loot_template VALUES
(146239, 101791, 100, 1, 0, 1, 1, ""),
(146239, 101853, 100, 1, 0, 1, 1, ""),
(146239, 101820, 100, 1, 0, 1, 1, "");

# Timeless Cloth Bracers
DELETE FROM spell_loot_template WHERE entry = 146283;
INSERT INTO spell_loot_template VALUES
(146283, 101810, 100, 1, 0, 1, 1, ""),
(146283, 101818, 100, 1, 0, 1, 1, "");

# Timeless Leather Gloves
DELETE FROM spell_loot_template WHERE entry = 146271;
INSERT INTO spell_loot_template VALUES
(146271, 101865, 100, 1, 0, 1, 1, ""),
(146271, 101784, 100, 1, 0, 1, 1, "");

# Timeless Mail Helm
DELETE FROM spell_loot_template WHERE entry = 146264;
INSERT INTO spell_loot_template VALUES
(146264, 101842, 100, 1, 0, 1, 1, ""),
(146264, 101834, 100, 1, 0, 1, 1, "");

# Timeless Leather Helm
DELETE FROM spell_loot_template WHERE entry = 146272;
INSERT INTO spell_loot_template VALUES
(146272, 101866, 100, 1, 0, 1, 1, ""),
(146272, 101785, 100, 1, 0, 1, 1, "");

# Timeless Plate Boots
DELETE FROM spell_loot_template WHERE entry = 146237;
INSERT INTO spell_loot_template VALUES
(146237, 101797, 100, 1, 0, 1, 1, ""),
(146237, 101859, 100, 1, 0, 1, 1, ""),
(146237, 101825, 100, 1, 0, 1, 1, "");

# Timeless Leather Bracers
DELETE FROM spell_loot_template WHERE entry = 146275;
INSERT INTO spell_loot_template VALUES
(146275, 101862, 100, 1, 0, 1, 1, ""),
(146275, 101781, 100, 1, 0, 1, 1, "");

# Timeless Cloth Gloves
DELETE FROM spell_loot_template WHERE entry = 146279;
INSERT INTO spell_loot_template VALUES
(146279, 101803, 100, 1, 0, 1, 1, ""),
(146279, 101813, 100, 1, 0, 1, 1, "");

# Timeless Mail Chestpiece
DELETE FROM spell_loot_template WHERE entry = 146261;
INSERT INTO spell_loot_template VALUES
(146261, 101845, 100, 1, 0, 1, 1, ""),
(146261, 101837, 100, 1, 0, 1, 1, "");

# Timeless Plate Belt
DELETE FROM spell_loot_template WHERE entry = 146236;
INSERT INTO spell_loot_template VALUES
(146236, 101792, 100, 1, 0, 1, 1, ""),
(146236, 101854, 100, 1, 0, 1, 1, ""),
(146236, 101821, 100, 1, 0, 1, 1, "");

# Timeless Lavalliere
DELETE FROM spell_loot_template WHERE entry = 148740;
INSERT INTO spell_loot_template VALUES
(148740, 101805, 100, 1, 0, 1, 1, ""),
(148740, 101795, 100, 1, 0, 1, 1, ""),
(148740, 101857, 100, 1, 0, 1, 1, ""),
(148740, 101849, 100, 1, 0, 1, 1, ""),
(148740, 101827, 100, 1, 0, 1, 1, "");

# Timeless Curio
DELETE FROM spell_loot_template WHERE entry = 148746;
INSERT INTO spell_loot_template VALUES
(148746, 103689, 100, 1, 0, 1, 1, ""),
(148746, 103688, 100, 1, 0, 1, 1, ""),
(148746, 103686, 100, 1, 0, 1, 1, ""),
(148746, 103690, 100, 1, 0, 1, 1, ""),
(148746, 103687, 100, 1, 0, 1, 1, "");

# Timeless Cloak
DELETE FROM spell_loot_template WHERE entry = 146246;
INSERT INTO spell_loot_template VALUES
(146246, 101800, 100, 1, 0, 1, 1, ""),
(146246, 101790, 100, 1, 0, 1, 1, ""),
(146246, 101852, 100, 1, 0, 1, 1, ""),
(146246, 101848, 100, 1, 0, 1, 1, ""),
(146246, 101828, 100, 1, 0, 1, 1, "");

# Timeless Leather Spaulders
DELETE FROM spell_loot_template WHERE entry = 146274;
INSERT INTO spell_loot_template VALUES
(146274, 101868, 100, 1, 0, 1, 1, ""),
(146274, 101787, 100, 1, 0, 1, 1, "");

# Timeless Leather Boots
DELETE FROM spell_loot_template WHERE entry = 146269;
INSERT INTO spell_loot_template VALUES
(146269, 101863, 100, 1, 0, 1, 1, ""),
(146269, 101782, 100, 1, 0, 1, 1, "");

# Timeless Mail Boots
DELETE FROM spell_loot_template WHERE entry = 146260;
INSERT INTO spell_loot_template VALUES
(146260, 101841, 100, 1, 0, 1, 1, ""),
(146260, 101833, 100, 1, 0, 1, 1, "");

# Timeless Cloth Helm
DELETE FROM spell_loot_template WHERE entry = 146280;
INSERT INTO spell_loot_template VALUES
(146280, 101802, 100, 1, 0, 1, 1, ""),
(146280, 101812, 100, 1, 0, 1, 1, "");

# Timeless Mail Spaulders
DELETE FROM spell_loot_template WHERE entry = 146266;
INSERT INTO spell_loot_template VALUES
(146266, 101844, 100, 1, 0, 1, 1, ""),
(146266, 101836, 100, 1, 0, 1, 1, "");

# Timeless Leather Leggings
DELETE FROM spell_loot_template WHERE entry = 146273;
INSERT INTO spell_loot_template VALUES
(146273, 101864, 100, 1, 0, 1, 1, ""),
(146273, 101783, 100, 1, 0, 1, 1, "");

# Timeless Cloth Robes
DELETE FROM spell_loot_template WHERE entry = 146278;
INSERT INTO spell_loot_template VALUES
(146278, 101806, 100, 1, 0, 1, 1, ""),
(146278, 101815, 100, 1, 0, 1, 1, "");

# Timeless Cloth Spaulders
DELETE FROM spell_loot_template WHERE entry = 146282;
INSERT INTO spell_loot_template VALUES
(146282, 101808, 100, 1, 0, 1, 1, ""),
(146282, 101817, 100, 1, 0, 1, 1, "");

# Timeless Cloth Leggings
DELETE FROM spell_loot_template WHERE entry = 146281;
INSERT INTO spell_loot_template VALUES
(146281, 101804, 100, 1, 0, 1, 1, ""),
(146281, 101814, 100, 1, 0, 1, 1, "");

# Timeless Cloth Belt
DELETE FROM spell_loot_template WHERE entry = 146276;
INSERT INTO spell_loot_template VALUES
(146276, 101801, 100, 1, 0, 1, 1, ""),
(146276, 101811, 100, 1, 0, 1, 1, "");

# Timeless Plate Helm
DELETE FROM spell_loot_template WHERE entry = 146240;
INSERT INTO spell_loot_template VALUES
(146240, 101793, 100, 1, 0, 1, 1, ""),
(146240, 101855, 100, 1, 0, 1, 1, ""),
(146240, 101822, 100, 1, 0, 1, 1, "");

# Timeless Plate Leggings
DELETE FROM spell_loot_template WHERE entry = 146241;
INSERT INTO spell_loot_template VALUES
(146241, 101794, 100, 1, 0, 1, 1, ""),
(146241, 101856, 100, 1, 0, 1, 1, ""),
(146241, 101823, 100, 1, 0, 1, 1, "");

# Timeless Plate Chestpiece
DELETE FROM spell_loot_template WHERE entry = 146238;
INSERT INTO spell_loot_template VALUES
(146238, 101789, 100, 1, 0, 1, 1, ""),
(146238, 101851, 100, 1, 0, 1, 1, ""),
(146238, 101819, 100, 1, 0, 1, 1, "");

# Timeless Plate Spaulders
DELETE FROM spell_loot_template WHERE entry = 146242;
INSERT INTO spell_loot_template VALUES
(146242, 101796, 100, 1, 0, 1, 1, ""),
(146242, 101858, 100, 1, 0, 1, 1, ""),
(146242, 101824, 100, 1, 0, 1, 1, "");

# Timeless Signet
DELETE FROM spell_loot_template WHERE entry = 146244;
INSERT INTO spell_loot_template VALUES
(146244, 101809, 100, 1, 0, 1, 1, ""),
(146244, 101798, 100, 1, 0, 1, 1, ""),
(146244, 101860, 100, 1, 0, 1, 1, ""),
(146244, 101850, 100, 1, 0, 1, 1, ""),
(146244, 101829, 100, 1, 0, 1, 1, "");

# Plate armors
DELETE FROM spell_loot_template WHERE entry = 147597;
INSERT INTO spell_loot_template VALUES
(147597, 101789, 100, 1, 0, 1, 1, ""),
(147597, 101791, 100, 1, 0, 1, 1, ""),
(147597, 101792, 100, 1, 0, 1, 1, ""),
(147597, 101793, 100, 1, 0, 1, 1, ""),
(147597, 101794, 100, 1, 0, 1, 1, ""),
(147597, 101796, 100, 1, 0, 1, 1, ""),
(147597, 101797, 100, 1, 0, 1, 1, ""),
(147597, 101799, 100, 1, 0, 1, 1, ""),
(147597, 101819, 100, 1, 0, 1, 1, ""),
(147597, 101820, 100, 1, 0, 1, 1, ""),
(147597, 101821, 100, 1, 0, 1, 1, ""),
(147597, 101822, 100, 1, 0, 1, 1, ""),
(147597, 101823, 100, 1, 0, 1, 1, ""),
(147597, 101824, 100, 1, 0, 1, 1, ""),
(147597, 101825, 100, 1, 0, 1, 1, ""),
(147597, 101826, 100, 1, 0, 1, 1, ""),
(147597, 101851, 100, 1, 0, 1, 1, ""),
(147597, 101853, 100, 1, 0, 1, 1, ""),
(147597, 101854, 100, 1, 0, 1, 1, ""),
(147597, 101855, 100, 1, 0, 1, 1, ""),
(147597, 101856, 100, 1, 0, 1, 1, ""),
(147597, 101858, 100, 1, 0, 1, 1, ""),
(147597, 101859, 100, 1, 0, 1, 1, ""),
(147597, 101861, 100, 1, 0, 1, 1, "");

# Mail armors
DELETE FROM spell_loot_template WHERE entry = 148099;
INSERT INTO spell_loot_template VALUES
(148099, 101830, 100, 1, 0, 1, 1, ""),
(148099, 101831, 100, 1, 0, 1, 1, ""),
(148099, 101832, 100, 1, 0, 1, 1, ""),
(148099, 101833, 100, 1, 0, 1, 1, ""),
(148099, 101834, 100, 1, 0, 1, 1, ""),
(148099, 101835, 100, 1, 0, 1, 1, ""),
(148099, 101836, 100, 1, 0, 1, 1, ""),
(148099, 101837, 100, 1, 0, 1, 1, ""),
(148099, 101838, 100, 1, 0, 1, 1, ""),
(148099, 101839, 100, 1, 0, 1, 1, ""),
(148099, 101840, 100, 1, 0, 1, 1, ""),
(148099, 101841, 100, 1, 0, 1, 1, ""),
(148099, 101842, 100, 1, 0, 1, 1, ""),
(148099, 101843, 100, 1, 0, 1, 1, ""),
(148099, 101844, 100, 1, 0, 1, 1, ""),
(148099, 101845, 100, 1, 0, 1, 1, "");

# Leather armors
DELETE FROM spell_loot_template WHERE entry = 148103;
INSERT INTO spell_loot_template VALUES
(148103, 101781, 100, 1, 0, 1, 1, ""),
(148103, 101782, 100, 1, 0, 1, 1, ""),
(148103, 101783, 100, 1, 0, 1, 1, ""),
(148103, 101784, 100, 1, 0, 1, 1, ""),
(148103, 101785, 100, 1, 0, 1, 1, ""),
(148103, 101786, 100, 1, 0, 1, 1, ""),
(148103, 101787, 100, 1, 0, 1, 1, ""),
(148103, 101788, 100, 1, 0, 1, 1, ""),
(148103, 101862, 100, 1, 0, 1, 1, ""),
(148103, 101863, 100, 1, 0, 1, 1, ""),
(148103, 101864, 100, 1, 0, 1, 1, ""),
(148103, 101865, 100, 1, 0, 1, 1, ""),
(148103, 101866, 100, 1, 0, 1, 1, ""),
(148103, 101867, 100, 1, 0, 1, 1, ""),
(148103, 101868, 100, 1, 0, 1, 1, ""),
(148103, 101869, 100, 1, 0, 1, 1, "");

# Cloth armors
DELETE FROM spell_loot_template WHERE entry = 148104;
INSERT INTO spell_loot_template VALUES
(148104, 101801, 100, 1, 0, 1, 1, ""),
(148104, 101802, 100, 1, 0, 1, 1, ""),
(148104, 101803, 100, 1, 0, 1, 1, ""),
(148104, 101804, 100, 1, 0, 1, 1, ""),
(148104, 101806, 100, 1, 0, 1, 1, ""),
(148104, 101807, 100, 1, 0, 1, 1, ""),
(148104, 101808, 100, 1, 0, 1, 1, ""),
(148104, 101810, 100, 1, 0, 1, 1, ""),
(148104, 101811, 100, 1, 0, 1, 1, ""),
(148104, 101812, 100, 1, 0, 1, 1, ""),
(148104, 101813, 100, 1, 0, 1, 1, ""),
(148104, 101814, 100, 1, 0, 1, 1, ""),
(148104, 101815, 100, 1, 0, 1, 1, ""),
(148104, 101816, 100, 1, 0, 1, 1, ""),
(148104, 101817, 100, 1, 0, 1, 1, ""),
(148104, 101818, 100, 1, 0, 1, 1, "");

INSERT INTO item_enchantment_template (entry, ench, chance, TYPE) VALUE (533, 5, 12, 0);
INSERT INTO item_enchantment_template (entry, ench, chance, TYPE) VALUE (533, 40, 12, 0);
INSERT INTO item_enchantment_template (entry, ench, chance, TYPE) VALUE (533, 91, 12, 0);
INSERT INTO item_enchantment_template (entry, ench, chance, TYPE) VALUE (533, 133, 12, 0);
INSERT INTO item_enchantment_template (entry, ench, chance, TYPE) VALUE (533, 134, 12, 0);
INSERT INTO item_enchantment_template (entry, ench, chance, TYPE) VALUE (533, 135, 12, 0);
INSERT INTO item_enchantment_template (entry, ench, chance, TYPE) VALUE (533, 136, 12, 0);
INSERT INTO item_enchantment_template (entry, ench, chance, TYPE) VALUE (533, 137, 12, 0);
INSERT INTO item_enchantment_template (entry, ench, chance, TYPE) VALUE (534, 7, 12, 0);
INSERT INTO item_enchantment_template (entry, ench, chance, TYPE) VALUE (534, 43, 12, 0);
INSERT INTO item_enchantment_template (entry, ench, chance, TYPE) VALUE (534, 118, 12, 0);
INSERT INTO item_enchantment_template (entry, ench, chance, TYPE) VALUE (534, 120, 12, 0);
INSERT INTO item_enchantment_template (entry, ench, chance, TYPE) VALUE (534, 121, 12, 0);
INSERT INTO item_enchantment_template (entry, ench, chance, TYPE) VALUE (534, 122, 12, 0);
INSERT INTO item_enchantment_template (entry, ench, chance, TYPE) VALUE (534, 123, 12, 0);
INSERT INTO item_enchantment_template (entry, ench, chance, TYPE) VALUE (534, 139, 12, 0);
INSERT INTO item_enchantment_template (entry, ench, chance, TYPE) VALUE (539, 6, 12, 0);
INSERT INTO item_enchantment_template (entry, ench, chance, TYPE) VALUE (539, 8, 12, 0);
INSERT INTO item_enchantment_template (entry, ench, chance, TYPE) VALUE (539, 36, 12, 0);
INSERT INTO item_enchantment_template (entry, ench, chance, TYPE) VALUE (539, 37, 12, 0);
INSERT INTO item_enchantment_template (entry, ench, chance, TYPE) VALUE (539, 39, 12, 0);
INSERT INTO item_enchantment_template (entry, ench, chance, TYPE) VALUE (539, 42, 12, 0);
INSERT INTO item_enchantment_template (entry, ench, chance, TYPE) VALUE (539, 131, 12, 0);
INSERT INTO item_enchantment_template (entry, ench, chance, TYPE) VALUE (539, 132, 12, 0);
INSERT INTO item_enchantment_template (entry, ench, chance, TYPE) VALUE (541, 336, 20, 0);
INSERT INTO item_enchantment_template (entry, ench, chance, TYPE) VALUE (541, 337, 20, 0);
INSERT INTO item_enchantment_template (entry, ench, chance, TYPE) VALUE (541, 338, 20, 0);
INSERT INTO item_enchantment_template (entry, ench, chance, TYPE) VALUE (541, 339, 20, 0);
INSERT INTO item_enchantment_template (entry, ench, chance, TYPE) VALUE (541, 340, 20, 0);
INSERT INTO item_enchantment_template (entry, ench, chance, TYPE) VALUE (542, 339, 33, 0);
INSERT INTO item_enchantment_template (entry, ench, chance, TYPE) VALUE (542, 340, 33, 0);
INSERT INTO item_enchantment_template (entry, ench, chance, TYPE) VALUE (542, 343, 33, 0);
INSERT INTO item_enchantment_template (entry, ench, chance, TYPE) VALUE (543, 337, 25, 0);
INSERT INTO item_enchantment_template (entry, ench, chance, TYPE) VALUE (543, 338, 25, 0);
INSERT INTO item_enchantment_template (entry, ench, chance, TYPE) VALUE (543, 339, 25, 0);
INSERT INTO item_enchantment_template (entry, ench, chance, TYPE) VALUE (543, 341, 25, 0);
INSERT INTO item_enchantment_template (entry, ench, chance, TYPE) VALUE (547, 345, 11, 0);
INSERT INTO item_enchantment_template (entry, ench, chance, TYPE) VALUE (547, 346, 11, 0);
INSERT INTO item_enchantment_template (entry, ench, chance, TYPE) VALUE (547, 347, 11, 0);
INSERT INTO item_enchantment_template (entry, ench, chance, TYPE) VALUE (547, 349, 11, 0);
INSERT INTO item_enchantment_template (entry, ench, chance, TYPE) VALUE (547, 350, 11, 0);
INSERT INTO item_enchantment_template (entry, ench, chance, TYPE) VALUE (547, 366, 11, 0);
INSERT INTO item_enchantment_template (entry, ench, chance, TYPE) VALUE (547, 367, 11, 0);
INSERT INTO item_enchantment_template (entry, ench, chance, TYPE) VALUE (547, 368, 11, 0);
INSERT INTO item_enchantment_template (entry, ench, chance, TYPE) VALUE (547, 369, 11, 0);
INSERT INTO item_enchantment_template (entry, ench, chance, TYPE) VALUE (548, 344, 9, 0);
INSERT INTO item_enchantment_template (entry, ench, chance, TYPE) VALUE (548, 345, 9, 0);
INSERT INTO item_enchantment_template (entry, ench, chance, TYPE) VALUE (548, 346, 9, 0);
INSERT INTO item_enchantment_template (entry, ench, chance, TYPE) VALUE (548, 347, 9, 0);
INSERT INTO item_enchantment_template (entry, ench, chance, TYPE) VALUE (548, 348, 9, 0);
INSERT INTO item_enchantment_template (entry, ench, chance, TYPE) VALUE (548, 352, 9, 0);
INSERT INTO item_enchantment_template (entry, ench, chance, TYPE) VALUE (548, 364, 9, 0);
INSERT INTO item_enchantment_template (entry, ench, chance, TYPE) VALUE (548, 365, 9, 0);
INSERT INTO item_enchantment_template (entry, ench, chance, TYPE) VALUE (548, 366, 9, 0);
INSERT INTO item_enchantment_template (entry, ench, chance, TYPE) VALUE (548, 370, 9, 0);
INSERT INTO item_enchantment_template (entry, ench, chance, TYPE) VALUE (548, 371, 9, 0);
INSERT INTO item_enchantment_template (entry, ench, chance, TYPE) VALUE (549, 344, 10, 0);
INSERT INTO item_enchantment_template (entry, ench, chance, TYPE) VALUE (549, 345, 10, 0);
INSERT INTO item_enchantment_template (entry, ench, chance, TYPE) VALUE (549, 346, 10, 0);
INSERT INTO item_enchantment_template (entry, ench, chance, TYPE) VALUE (549, 347, 10, 0);
INSERT INTO item_enchantment_template (entry, ench, chance, TYPE) VALUE (549, 348, 10, 0);
INSERT INTO item_enchantment_template (entry, ench, chance, TYPE) VALUE (549, 353, 10, 0);
INSERT INTO item_enchantment_template (entry, ench, chance, TYPE) VALUE (549, 354, 10, 0);
INSERT INTO item_enchantment_template (entry, ench, chance, TYPE) VALUE (549, 355, 10, 0);
INSERT INTO item_enchantment_template (entry, ench, chance, TYPE) VALUE (549, 356, 10, 0);
INSERT INTO item_enchantment_template (entry, ench, chance, TYPE) VALUE (549, 357, 10, 0);
INSERT INTO item_enchantment_template (entry, ench, chance, TYPE) VALUE (550, 344, 12, 0);
INSERT INTO item_enchantment_template (entry, ench, chance, TYPE) VALUE (550, 347, 12, 0);
INSERT INTO item_enchantment_template (entry, ench, chance, TYPE) VALUE (550, 348, 12, 0);
INSERT INTO item_enchantment_template (entry, ench, chance, TYPE) VALUE (550, 351, 12, 0);
INSERT INTO item_enchantment_template (entry, ench, chance, TYPE) VALUE (550, 360, 12, 0);
INSERT INTO item_enchantment_template (entry, ench, chance, TYPE) VALUE (550, 361, 12, 0);
INSERT INTO item_enchantment_template (entry, ench, chance, TYPE) VALUE (550, 362, 12, 0);
INSERT INTO item_enchantment_template (entry, ench, chance, TYPE) VALUE (550, 363, 12, 0);
INSERT INTO item_enchantment_template (entry, ench, chance, TYPE) VALUE (551, 344, 10, 0);
INSERT INTO item_enchantment_template (entry, ench, chance, TYPE) VALUE (551, 345, 10, 0);
INSERT INTO item_enchantment_template (entry, ench, chance, TYPE) VALUE (551, 346, 10, 0);
INSERT INTO item_enchantment_template (entry, ench, chance, TYPE) VALUE (551, 347, 10, 0);
INSERT INTO item_enchantment_template (entry, ench, chance, TYPE) VALUE (551, 348, 10, 0);
INSERT INTO item_enchantment_template (entry, ench, chance, TYPE) VALUE (551, 353, 10, 0);
INSERT INTO item_enchantment_template (entry, ench, chance, TYPE) VALUE (551, 354, 10, 0);
INSERT INTO item_enchantment_template (entry, ench, chance, TYPE) VALUE (551, 355, 10, 0);
INSERT INTO item_enchantment_template (entry, ench, chance, TYPE) VALUE (551, 356, 10, 0);
INSERT INTO item_enchantment_template (entry, ench, chance, TYPE) VALUE (551, 357, 10, 0);
INSERT INTO item_enchantment_template (entry, ench, chance, TYPE) VALUE (552, 344, 16, 0);
INSERT INTO item_enchantment_template (entry, ench, chance, TYPE) VALUE (552, 345, 16, 0);
INSERT INTO item_enchantment_template (entry, ench, chance, TYPE) VALUE (552, 347, 16, 0);
INSERT INTO item_enchantment_template (entry, ench, chance, TYPE) VALUE (552, 348, 16, 0);
INSERT INTO item_enchantment_template (entry, ench, chance, TYPE) VALUE (552, 359, 16, 0);
INSERT INTO item_enchantment_template (entry, ench, chance, TYPE) VALUE (552, 360, 16, 0);
INSERT INTO item_enchantment_template (entry, ench, chance, TYPE) VALUE (553, 347, 25, 0);
INSERT INTO item_enchantment_template (entry, ench, chance, TYPE) VALUE (553, 348, 25, 0);
INSERT INTO item_enchantment_template (entry, ench, chance, TYPE) VALUE (553, 351, 25, 0);
INSERT INTO item_enchantment_template (entry, ench, chance, TYPE) VALUE (553, 363, 25, 0);
INSERT INTO item_enchantment_template (entry, ench, chance, TYPE) VALUE (554, 344, 20, 0);
INSERT INTO item_enchantment_template (entry, ench, chance, TYPE) VALUE (554, 345, 20, 0);
INSERT INTO item_enchantment_template (entry, ench, chance, TYPE) VALUE (554, 347, 20, 0);
INSERT INTO item_enchantment_template (entry, ench, chance, TYPE) VALUE (554, 348, 20, 0);
INSERT INTO item_enchantment_template (entry, ench, chance, TYPE) VALUE (554, 357, 20, 0);
INSERT INTO item_enchantment_template (entry, ench, chance, TYPE) VALUE (555, 347, 33, 0);
INSERT INTO item_enchantment_template (entry, ench, chance, TYPE) VALUE (555, 351, 33, 0);
INSERT INTO item_enchantment_template (entry, ench, chance, TYPE) VALUE (555, 361, 33, 0);
INSERT INTO item_enchantment_template (entry, ench, chance, TYPE) VALUE (556, 345, 11, 0);
INSERT INTO item_enchantment_template (entry, ench, chance, TYPE) VALUE (556, 346, 11, 0);
INSERT INTO item_enchantment_template (entry, ench, chance, TYPE) VALUE (556, 347, 11, 0);
INSERT INTO item_enchantment_template (entry, ench, chance, TYPE) VALUE (556, 349, 11, 0);
INSERT INTO item_enchantment_template (entry, ench, chance, TYPE) VALUE (556, 350, 11, 0);
INSERT INTO item_enchantment_template (entry, ench, chance, TYPE) VALUE (556, 352, 11, 0);
INSERT INTO item_enchantment_template (entry, ench, chance, TYPE) VALUE (556, 366, 11, 0);
INSERT INTO item_enchantment_template (entry, ench, chance, TYPE) VALUE (556, 367, 11, 0);
INSERT INTO item_enchantment_template (entry, ench, chance, TYPE) VALUE (556, 368, 11, 0);
INSERT INTO item_enchantment_template (entry, ench, chance, TYPE) VALUE (557, 344, 20, 0);
INSERT INTO item_enchantment_template (entry, ench, chance, TYPE) VALUE (557, 347, 20, 0);
INSERT INTO item_enchantment_template (entry, ench, chance, TYPE) VALUE (557, 348, 20, 0);
INSERT INTO item_enchantment_template (entry, ench, chance, TYPE) VALUE (557, 351, 20, 0);
INSERT INTO item_enchantment_template (entry, ench, chance, TYPE) VALUE (557, 360, 20, 0);
INSERT INTO item_enchantment_template (entry, ench, chance, TYPE) VALUE (558, 344, 11, 0);
INSERT INTO item_enchantment_template (entry, ench, chance, TYPE) VALUE (558, 345, 11, 0);
INSERT INTO item_enchantment_template (entry, ench, chance, TYPE) VALUE (558, 346, 11, 0);
INSERT INTO item_enchantment_template (entry, ench, chance, TYPE) VALUE (558, 347, 11, 0);
INSERT INTO item_enchantment_template (entry, ench, chance, TYPE) VALUE (558, 348, 11, 0);
INSERT INTO item_enchantment_template (entry, ench, chance, TYPE) VALUE (558, 353, 11, 0);
INSERT INTO item_enchantment_template (entry, ench, chance, TYPE) VALUE (558, 354, 11, 0);
INSERT INTO item_enchantment_template (entry, ench, chance, TYPE) VALUE (558, 355, 11, 0);
INSERT INTO item_enchantment_template (entry, ench, chance, TYPE) VALUE (558, 357, 11, 0);
INSERT INTO item_enchantment_template (entry, ench, chance, TYPE) VALUE (559, 344, 12, 0);
INSERT INTO item_enchantment_template (entry, ench, chance, TYPE) VALUE (559, 347, 12, 0);
INSERT INTO item_enchantment_template (entry, ench, chance, TYPE) VALUE (559, 348, 12, 0);
INSERT INTO item_enchantment_template (entry, ench, chance, TYPE) VALUE (559, 351, 12, 0);
INSERT INTO item_enchantment_template (entry, ench, chance, TYPE) VALUE (559, 360, 12, 0);
INSERT INTO item_enchantment_template (entry, ench, chance, TYPE) VALUE (559, 361, 12, 0);
INSERT INTO item_enchantment_template (entry, ench, chance, TYPE) VALUE (559, 362, 12, 0);
INSERT INTO item_enchantment_template (entry, ench, chance, TYPE) VALUE (559, 363, 12, 0);
INSERT INTO item_enchantment_template (entry, ench, chance, TYPE) VALUE (560, 345, 20, 0);
INSERT INTO item_enchantment_template (entry, ench, chance, TYPE) VALUE (560, 347, 20, 0);
INSERT INTO item_enchantment_template (entry, ench, chance, TYPE) VALUE (560, 353, 20, 0);
INSERT INTO item_enchantment_template (entry, ench, chance, TYPE) VALUE (560, 354, 20, 0);
INSERT INTO item_enchantment_template (entry, ench, chance, TYPE) VALUE (560, 355, 20, 0);
INSERT INTO item_enchantment_template (entry, ench, chance, TYPE) VALUE (561, 344, 20, 0);
INSERT INTO item_enchantment_template (entry, ench, chance, TYPE) VALUE (561, 347, 20, 0);
INSERT INTO item_enchantment_template (entry, ench, chance, TYPE) VALUE (561, 348, 20, 0);
INSERT INTO item_enchantment_template (entry, ench, chance, TYPE) VALUE (561, 358, 20, 0);
INSERT INTO item_enchantment_template (entry, ench, chance, TYPE) VALUE (561, 360, 20, 0);
INSERT INTO item_enchantment_template (entry, ench, chance, TYPE) VALUE (562, 344, 10, 0);
INSERT INTO item_enchantment_template (entry, ench, chance, TYPE) VALUE (562, 345, 10, 0);
INSERT INTO item_enchantment_template (entry, ench, chance, TYPE) VALUE (562, 346, 10, 0);
INSERT INTO item_enchantment_template (entry, ench, chance, TYPE) VALUE (562, 347, 10, 0);
INSERT INTO item_enchantment_template (entry, ench, chance, TYPE) VALUE (562, 348, 10, 0);
INSERT INTO item_enchantment_template (entry, ench, chance, TYPE) VALUE (562, 352, 10, 0);
INSERT INTO item_enchantment_template (entry, ench, chance, TYPE) VALUE (562, 364, 10, 0);
INSERT INTO item_enchantment_template (entry, ench, chance, TYPE) VALUE (562, 366, 10, 0);
INSERT INTO item_enchantment_template (entry, ench, chance, TYPE) VALUE (562, 370, 10, 0);
INSERT INTO item_enchantment_template (entry, ench, chance, TYPE) VALUE (562, 371, 10, 0);
INSERT INTO item_enchantment_template (entry, ench, chance, TYPE) VALUE (563, 345, 11, 0);
INSERT INTO item_enchantment_template (entry, ench, chance, TYPE) VALUE (563, 346, 11, 0);
INSERT INTO item_enchantment_template (entry, ench, chance, TYPE) VALUE (563, 347, 11, 0);
INSERT INTO item_enchantment_template (entry, ench, chance, TYPE) VALUE (563, 349, 11, 0);
INSERT INTO item_enchantment_template (entry, ench, chance, TYPE) VALUE (563, 350, 11, 0);
INSERT INTO item_enchantment_template (entry, ench, chance, TYPE) VALUE (563, 352, 11, 0);
INSERT INTO item_enchantment_template (entry, ench, chance, TYPE) VALUE (563, 366, 11, 0);
INSERT INTO item_enchantment_template (entry, ench, chance, TYPE) VALUE (563, 368, 11, 0);
INSERT INTO item_enchantment_template (entry, ench, chance, TYPE) VALUE (563, 369, 11, 0);
INSERT INTO item_enchantment_template (entry, ench, chance, TYPE) VALUE (564, 344, 10, 0);
INSERT INTO item_enchantment_template (entry, ench, chance, TYPE) VALUE (564, 345, 10, 0);
INSERT INTO item_enchantment_template (entry, ench, chance, TYPE) VALUE (564, 346, 10, 0);
INSERT INTO item_enchantment_template (entry, ench, chance, TYPE) VALUE (564, 347, 10, 0);
INSERT INTO item_enchantment_template (entry, ench, chance, TYPE) VALUE (564, 348, 10, 0);
INSERT INTO item_enchantment_template (entry, ench, chance, TYPE) VALUE (564, 352, 10, 0);
INSERT INTO item_enchantment_template (entry, ench, chance, TYPE) VALUE (564, 364, 10, 0);
INSERT INTO item_enchantment_template (entry, ench, chance, TYPE) VALUE (564, 365, 10, 0);
INSERT INTO item_enchantment_template (entry, ench, chance, TYPE) VALUE (564, 370, 10, 0);
INSERT INTO item_enchantment_template (entry, ench, chance, TYPE) VALUE (564, 371, 10, 0);
INSERT INTO item_enchantment_template (entry, ench, chance, TYPE) VALUE (565, 366, 25, 0);
INSERT INTO item_enchantment_template (entry, ench, chance, TYPE) VALUE (565, 367, 25, 0);
INSERT INTO item_enchantment_template (entry, ench, chance, TYPE) VALUE (565, 368, 25, 0);
INSERT INTO item_enchantment_template (entry, ench, chance, TYPE) VALUE (565, 369, 25, 0);
INSERT INTO item_enchantment_template (entry, ench, chance, TYPE) VALUE (566, 364, 20, 0);
INSERT INTO item_enchantment_template (entry, ench, chance, TYPE) VALUE (566, 365, 20, 0);
INSERT INTO item_enchantment_template (entry, ench, chance, TYPE) VALUE (566, 366, 20, 0);
INSERT INTO item_enchantment_template (entry, ench, chance, TYPE) VALUE (566, 370, 20, 0);
INSERT INTO item_enchantment_template (entry, ench, chance, TYPE) VALUE (566, 371, 20, 0);
INSERT INTO item_enchantment_template (entry, ench, chance, TYPE) VALUE (567, 360, 25, 0);
INSERT INTO item_enchantment_template (entry, ench, chance, TYPE) VALUE (567, 361, 25, 0);
INSERT INTO item_enchantment_template (entry, ench, chance, TYPE) VALUE (567, 362, 25, 0);
INSERT INTO item_enchantment_template (entry, ench, chance, TYPE) VALUE (567, 363, 25, 0);
INSERT INTO item_enchantment_template (entry, ench, chance, TYPE) VALUE (569, 5, 4, 0);
INSERT INTO item_enchantment_template (entry, ench, chance, TYPE) VALUE (569, 7, 4, 0);
INSERT INTO item_enchantment_template (entry, ench, chance, TYPE) VALUE (569, 14, 4, 0);
INSERT INTO item_enchantment_template (entry, ench, chance, TYPE) VALUE (569, 40, 4, 0);
INSERT INTO item_enchantment_template (entry, ench, chance, TYPE) VALUE (569, 41, 4, 0);
INSERT INTO item_enchantment_template (entry, ench, chance, TYPE) VALUE (569, 43, 4, 0);
INSERT INTO item_enchantment_template (entry, ench, chance, TYPE) VALUE (569, 91, 4, 0);
INSERT INTO item_enchantment_template (entry, ench, chance, TYPE) VALUE (569, 118, 4, 0);
INSERT INTO item_enchantment_template (entry, ench, chance, TYPE) VALUE (569, 120, 4, 0);
INSERT INTO item_enchantment_template (entry, ench, chance, TYPE) VALUE (569, 121, 4, 0);
INSERT INTO item_enchantment_template (entry, ench, chance, TYPE) VALUE (569, 122, 4, 0);
INSERT INTO item_enchantment_template (entry, ench, chance, TYPE) VALUE (569, 123, 4, 0);
INSERT INTO item_enchantment_template (entry, ench, chance, TYPE) VALUE (569, 133, 4, 0);
INSERT INTO item_enchantment_template (entry, ench, chance, TYPE) VALUE (569, 134, 4, 0);
INSERT INTO item_enchantment_template (entry, ench, chance, TYPE) VALUE (569, 135, 4, 0);
INSERT INTO item_enchantment_template (entry, ench, chance, TYPE) VALUE (569, 136, 4, 0);
INSERT INTO item_enchantment_template (entry, ench, chance, TYPE) VALUE (569, 137, 4, 0);
INSERT INTO item_enchantment_template (entry, ench, chance, TYPE) VALUE (569, 139, 4, 0);
INSERT INTO item_enchantment_template (entry, ench, chance, TYPE) VALUE (569, 353, 4, 0);
INSERT INTO item_enchantment_template (entry, ench, chance, TYPE) VALUE (569, 354, 4, 0);
INSERT INTO item_enchantment_template (entry, ench, chance, TYPE) VALUE (569, 355, 4, 0);
INSERT INTO item_enchantment_template (entry, ench, chance, TYPE) VALUE (569, 356, 4, 0);
INSERT INTO item_enchantment_template (entry, ench, chance, TYPE) VALUE (569, 357, 4, 0);
INSERT INTO item_enchantment_template (entry, ench, chance, TYPE) VALUE (570, 358, 25, 0);
INSERT INTO item_enchantment_template (entry, ench, chance, TYPE) VALUE (570, 359, 25, 0);
INSERT INTO item_enchantment_template (entry, ench, chance, TYPE) VALUE (570, 360, 25, 0);
INSERT INTO item_enchantment_template (entry, ench, chance, TYPE) VALUE (570, 361, 25, 0);
INSERT INTO item_enchantment_template (entry, ench, chance, TYPE) VALUE (573, 360, 25, 0);
INSERT INTO item_enchantment_template (entry, ench, chance, TYPE) VALUE (573, 361, 25, 0);
INSERT INTO item_enchantment_template (entry, ench, chance, TYPE) VALUE (573, 362, 25, 0);
INSERT INTO item_enchantment_template (entry, ench, chance, TYPE) VALUE (573, 363, 25, 0);
INSERT INTO item_enchantment_template (entry, ench, chance, TYPE) VALUE (576, 360, 25, 0);
INSERT INTO item_enchantment_template (entry, ench, chance, TYPE) VALUE (576, 361, 25, 0);
INSERT INTO item_enchantment_template (entry, ench, chance, TYPE) VALUE (576, 362, 25, 0);
INSERT INTO item_enchantment_template (entry, ench, chance, TYPE) VALUE (576, 363, 25, 0);
INSERT INTO item_enchantment_template (entry, ench, chance, TYPE) VALUE (577, 353, 20, 0);
INSERT INTO item_enchantment_template (entry, ench, chance, TYPE) VALUE (577, 354, 20, 0);
INSERT INTO item_enchantment_template (entry, ench, chance, TYPE) VALUE (577, 355, 20, 0);
INSERT INTO item_enchantment_template (entry, ench, chance, TYPE) VALUE (577, 356, 20, 0);
INSERT INTO item_enchantment_template (entry, ench, chance, TYPE) VALUE (577, 357, 20, 0);
INSERT INTO item_enchantment_template (entry, ench, chance, TYPE) VALUE (578, 360, 25, 0);
INSERT INTO item_enchantment_template (entry, ench, chance, TYPE) VALUE (578, 361, 25, 0);
INSERT INTO item_enchantment_template (entry, ench, chance, TYPE) VALUE (578, 362, 25, 0);
INSERT INTO item_enchantment_template (entry, ench, chance, TYPE) VALUE (578, 363, 25, 0);
INSERT INTO item_enchantment_template (entry, ench, chance, TYPE) VALUE (583, 352, 16, 0);
INSERT INTO item_enchantment_template (entry, ench, chance, TYPE) VALUE (583, 364, 16, 0);
INSERT INTO item_enchantment_template (entry, ench, chance, TYPE) VALUE (583, 365, 16, 0);
INSERT INTO item_enchantment_template (entry, ench, chance, TYPE) VALUE (583, 366, 16, 0);
INSERT INTO item_enchantment_template (entry, ench, chance, TYPE) VALUE (583, 370, 16, 0);
INSERT INTO item_enchantment_template (entry, ench, chance, TYPE) VALUE (583, 371, 16, 0);
INSERT INTO item_enchantment_template (entry, ench, chance, TYPE) VALUE (584, 352, 20, 0);
INSERT INTO item_enchantment_template (entry, ench, chance, TYPE) VALUE (584, 366, 20, 0);
INSERT INTO item_enchantment_template (entry, ench, chance, TYPE) VALUE (584, 367, 20, 0);
INSERT INTO item_enchantment_template (entry, ench, chance, TYPE) VALUE (584, 368, 20, 0);
INSERT INTO item_enchantment_template (entry, ench, chance, TYPE) VALUE (584, 369, 20, 0);
INSERT INTO item_enchantment_template (entry, ench, chance, TYPE) VALUE (585, 353, 20, 0);
INSERT INTO item_enchantment_template (entry, ench, chance, TYPE) VALUE (585, 354, 20, 0);
INSERT INTO item_enchantment_template (entry, ench, chance, TYPE) VALUE (585, 355, 20, 0);
INSERT INTO item_enchantment_template (entry, ench, chance, TYPE) VALUE (585, 356, 20, 0);
INSERT INTO item_enchantment_template (entry, ench, chance, TYPE) VALUE (585, 357, 20, 0);
INSERT INTO item_enchantment_template (entry, ench, chance, TYPE) VALUE (586, 360, 25, 0);
INSERT INTO item_enchantment_template (entry, ench, chance, TYPE) VALUE (586, 361, 25, 0);
INSERT INTO item_enchantment_template (entry, ench, chance, TYPE) VALUE (586, 362, 25, 0);
INSERT INTO item_enchantment_template (entry, ench, chance, TYPE) VALUE (586, 363, 25, 0);
INSERT INTO item_enchantment_template (entry, ench, chance, TYPE) VALUE (587, 358, 25, 0);
INSERT INTO item_enchantment_template (entry, ench, chance, TYPE) VALUE (587, 359, 25, 0);
INSERT INTO item_enchantment_template (entry, ench, chance, TYPE) VALUE (587, 360, 25, 0);
INSERT INTO item_enchantment_template (entry, ench, chance, TYPE) VALUE (587, 361, 25, 0);
INSERT INTO item_enchantment_template (entry, ench, chance, TYPE) VALUE (629, 377, 9, 0);
INSERT INTO item_enchantment_template (entry, ench, chance, TYPE) VALUE (629, 378, 9, 0);
INSERT INTO item_enchantment_template (entry, ench, chance, TYPE) VALUE (629, 379, 9, 0);
INSERT INTO item_enchantment_template (entry, ench, chance, TYPE) VALUE (629, 380, 9, 0);
INSERT INTO item_enchantment_template (entry, ench, chance, TYPE) VALUE (629, 381, 9, 0);
INSERT INTO item_enchantment_template (entry, ench, chance, TYPE) VALUE (629, 385, 9, 0);
INSERT INTO item_enchantment_template (entry, ench, chance, TYPE) VALUE (629, 397, 9, 0);
INSERT INTO item_enchantment_template (entry, ench, chance, TYPE) VALUE (629, 398, 9, 0);
INSERT INTO item_enchantment_template (entry, ench, chance, TYPE) VALUE (629, 399, 9, 0);
INSERT INTO item_enchantment_template (entry, ench, chance, TYPE) VALUE (629, 403, 9, 0);
INSERT INTO item_enchantment_template (entry, ench, chance, TYPE) VALUE (629, 404, 9, 0);
INSERT INTO item_enchantment_template (entry, ench, chance, TYPE) VALUE (630, 378, 10, 0);
INSERT INTO item_enchantment_template (entry, ench, chance, TYPE) VALUE (630, 379, 10, 0);
INSERT INTO item_enchantment_template (entry, ench, chance, TYPE) VALUE (630, 380, 10, 0);
INSERT INTO item_enchantment_template (entry, ench, chance, TYPE) VALUE (630, 382, 10, 0);
INSERT INTO item_enchantment_template (entry, ench, chance, TYPE) VALUE (630, 383, 10, 0);
INSERT INTO item_enchantment_template (entry, ench, chance, TYPE) VALUE (630, 385, 10, 0);
INSERT INTO item_enchantment_template (entry, ench, chance, TYPE) VALUE (630, 399, 10, 0);
INSERT INTO item_enchantment_template (entry, ench, chance, TYPE) VALUE (630, 400, 10, 0);
INSERT INTO item_enchantment_template (entry, ench, chance, TYPE) VALUE (630, 401, 10, 0);
INSERT INTO item_enchantment_template (entry, ench, chance, TYPE) VALUE (630, 402, 10, 0);
INSERT INTO item_enchantment_template (entry, ench, chance, TYPE) VALUE (631, 377, 10, 0);
INSERT INTO item_enchantment_template (entry, ench, chance, TYPE) VALUE (631, 378, 10, 0);
INSERT INTO item_enchantment_template (entry, ench, chance, TYPE) VALUE (631, 379, 10, 0);
INSERT INTO item_enchantment_template (entry, ench, chance, TYPE) VALUE (631, 380, 10, 0);
INSERT INTO item_enchantment_template (entry, ench, chance, TYPE) VALUE (631, 381, 10, 0);
INSERT INTO item_enchantment_template (entry, ench, chance, TYPE) VALUE (631, 386, 10, 0);
INSERT INTO item_enchantment_template (entry, ench, chance, TYPE) VALUE (631, 387, 10, 0);
INSERT INTO item_enchantment_template (entry, ench, chance, TYPE) VALUE (631, 388, 10, 0);
INSERT INTO item_enchantment_template (entry, ench, chance, TYPE) VALUE (631, 389, 10, 0);
INSERT INTO item_enchantment_template (entry, ench, chance, TYPE) VALUE (631, 390, 10, 0);
INSERT INTO item_enchantment_template (entry, ench, chance, TYPE) VALUE (632, 377, 12, 0);
INSERT INTO item_enchantment_template (entry, ench, chance, TYPE) VALUE (632, 380, 12, 0);
INSERT INTO item_enchantment_template (entry, ench, chance, TYPE) VALUE (632, 381, 12, 0);
INSERT INTO item_enchantment_template (entry, ench, chance, TYPE) VALUE (632, 384, 12, 0);
INSERT INTO item_enchantment_template (entry, ench, chance, TYPE) VALUE (632, 393, 12, 0);
INSERT INTO item_enchantment_template (entry, ench, chance, TYPE) VALUE (632, 394, 12, 0);
INSERT INTO item_enchantment_template (entry, ench, chance, TYPE) VALUE (632, 395, 12, 0);
INSERT INTO item_enchantment_template (entry, ench, chance, TYPE) VALUE (632, 396, 12, 0);
INSERT INTO item_enchantment_template (entry, ench, chance, TYPE) VALUE (633, 377, 12, 0);
INSERT INTO item_enchantment_template (entry, ench, chance, TYPE) VALUE (633, 378, 12, 0);
INSERT INTO item_enchantment_template (entry, ench, chance, TYPE) VALUE (633, 380, 12, 0);
INSERT INTO item_enchantment_template (entry, ench, chance, TYPE) VALUE (633, 381, 12, 0);
INSERT INTO item_enchantment_template (entry, ench, chance, TYPE) VALUE (633, 391, 12, 0);
INSERT INTO item_enchantment_template (entry, ench, chance, TYPE) VALUE (633, 392, 12, 0);
INSERT INTO item_enchantment_template (entry, ench, chance, TYPE) VALUE (633, 393, 12, 0);
INSERT INTO item_enchantment_template (entry, ench, chance, TYPE) VALUE (633, 394, 12, 0);
INSERT INTO item_enchantment_template (entry, ench, chance, TYPE) VALUE (634, 461, 9, 0);
INSERT INTO item_enchantment_template (entry, ench, chance, TYPE) VALUE (634, 462, 9, 0);
INSERT INTO item_enchantment_template (entry, ench, chance, TYPE) VALUE (634, 463, 9, 0);
INSERT INTO item_enchantment_template (entry, ench, chance, TYPE) VALUE (634, 464, 9, 0);
INSERT INTO item_enchantment_template (entry, ench, chance, TYPE) VALUE (634, 465, 9, 0);
INSERT INTO item_enchantment_template (entry, ench, chance, TYPE) VALUE (634, 469, 9, 0);
INSERT INTO item_enchantment_template (entry, ench, chance, TYPE) VALUE (634, 481, 9, 0);
INSERT INTO item_enchantment_template (entry, ench, chance, TYPE) VALUE (634, 482, 9, 0);
INSERT INTO item_enchantment_template (entry, ench, chance, TYPE) VALUE (634, 483, 9, 0);
INSERT INTO item_enchantment_template (entry, ench, chance, TYPE) VALUE (634, 487, 9, 0);
INSERT INTO item_enchantment_template (entry, ench, chance, TYPE) VALUE (634, 488, 9, 0);
INSERT INTO item_enchantment_template (entry, ench, chance, TYPE) VALUE (635, 462, 10, 0);
INSERT INTO item_enchantment_template (entry, ench, chance, TYPE) VALUE (635, 463, 10, 0);
INSERT INTO item_enchantment_template (entry, ench, chance, TYPE) VALUE (635, 464, 10, 0);
INSERT INTO item_enchantment_template (entry, ench, chance, TYPE) VALUE (635, 466, 10, 0);
INSERT INTO item_enchantment_template (entry, ench, chance, TYPE) VALUE (635, 467, 10, 0);
INSERT INTO item_enchantment_template (entry, ench, chance, TYPE) VALUE (635, 469, 10, 0);
INSERT INTO item_enchantment_template (entry, ench, chance, TYPE) VALUE (635, 483, 10, 0);
INSERT INTO item_enchantment_template (entry, ench, chance, TYPE) VALUE (635, 484, 10, 0);
INSERT INTO item_enchantment_template (entry, ench, chance, TYPE) VALUE (635, 485, 10, 0);
INSERT INTO item_enchantment_template (entry, ench, chance, TYPE) VALUE (635, 486, 10, 0);
INSERT INTO item_enchantment_template (entry, ench, chance, TYPE) VALUE (636, 461, 10, 0);
INSERT INTO item_enchantment_template (entry, ench, chance, TYPE) VALUE (636, 462, 10, 0);
INSERT INTO item_enchantment_template (entry, ench, chance, TYPE) VALUE (636, 463, 10, 0);
INSERT INTO item_enchantment_template (entry, ench, chance, TYPE) VALUE (636, 464, 10, 0);
INSERT INTO item_enchantment_template (entry, ench, chance, TYPE) VALUE (636, 465, 10, 0);
INSERT INTO item_enchantment_template (entry, ench, chance, TYPE) VALUE (636, 470, 10, 0);
INSERT INTO item_enchantment_template (entry, ench, chance, TYPE) VALUE (636, 471, 10, 0);
INSERT INTO item_enchantment_template (entry, ench, chance, TYPE) VALUE (636, 472, 10, 0);
INSERT INTO item_enchantment_template (entry, ench, chance, TYPE) VALUE (636, 473, 10, 0);
INSERT INTO item_enchantment_template (entry, ench, chance, TYPE) VALUE (636, 474, 10, 0);
INSERT INTO item_enchantment_template (entry, ench, chance, TYPE) VALUE (637, 461, 12, 0);
INSERT INTO item_enchantment_template (entry, ench, chance, TYPE) VALUE (637, 464, 12, 0);
INSERT INTO item_enchantment_template (entry, ench, chance, TYPE) VALUE (637, 465, 12, 0);
INSERT INTO item_enchantment_template (entry, ench, chance, TYPE) VALUE (637, 468, 12, 0);
INSERT INTO item_enchantment_template (entry, ench, chance, TYPE) VALUE (637, 477, 12, 0);
INSERT INTO item_enchantment_template (entry, ench, chance, TYPE) VALUE (637, 478, 12, 0);
INSERT INTO item_enchantment_template (entry, ench, chance, TYPE) VALUE (637, 479, 12, 0);
INSERT INTO item_enchantment_template (entry, ench, chance, TYPE) VALUE (637, 480, 12, 0);
INSERT INTO item_enchantment_template (entry, ench, chance, TYPE) VALUE (638, 461, 12, 0);
INSERT INTO item_enchantment_template (entry, ench, chance, TYPE) VALUE (638, 462, 12, 0);
INSERT INTO item_enchantment_template (entry, ench, chance, TYPE) VALUE (638, 464, 12, 0);
INSERT INTO item_enchantment_template (entry, ench, chance, TYPE) VALUE (638, 465, 12, 0);
INSERT INTO item_enchantment_template (entry, ench, chance, TYPE) VALUE (638, 475, 12, 0);
INSERT INTO item_enchantment_template (entry, ench, chance, TYPE) VALUE (638, 476, 12, 0);
INSERT INTO item_enchantment_template (entry, ench, chance, TYPE) VALUE (638, 477, 12, 0);
INSERT INTO item_enchantment_template (entry, ench, chance, TYPE) VALUE (638, 478, 12, 0);
INSERT INTO item_enchantment_template (entry, ench, chance, TYPE) VALUE (639, 405, 9, 0);
INSERT INTO item_enchantment_template (entry, ench, chance, TYPE) VALUE (639, 406, 9, 0);
INSERT INTO item_enchantment_template (entry, ench, chance, TYPE) VALUE (639, 407, 9, 0);
INSERT INTO item_enchantment_template (entry, ench, chance, TYPE) VALUE (639, 408, 9, 0);
INSERT INTO item_enchantment_template (entry, ench, chance, TYPE) VALUE (639, 409, 9, 0);
INSERT INTO item_enchantment_template (entry, ench, chance, TYPE) VALUE (639, 413, 9, 0);
INSERT INTO item_enchantment_template (entry, ench, chance, TYPE) VALUE (639, 425, 9, 0);
INSERT INTO item_enchantment_template (entry, ench, chance, TYPE) VALUE (639, 426, 9, 0);
INSERT INTO item_enchantment_template (entry, ench, chance, TYPE) VALUE (639, 427, 9, 0);
INSERT INTO item_enchantment_template (entry, ench, chance, TYPE) VALUE (639, 431, 9, 0);
INSERT INTO item_enchantment_template (entry, ench, chance, TYPE) VALUE (639, 432, 9, 0);
INSERT INTO item_enchantment_template (entry, ench, chance, TYPE) VALUE (640, 406, 10, 0);
INSERT INTO item_enchantment_template (entry, ench, chance, TYPE) VALUE (640, 407, 10, 0);
INSERT INTO item_enchantment_template (entry, ench, chance, TYPE) VALUE (640, 408, 10, 0);
INSERT INTO item_enchantment_template (entry, ench, chance, TYPE) VALUE (640, 410, 10, 0);
INSERT INTO item_enchantment_template (entry, ench, chance, TYPE) VALUE (640, 411, 10, 0);
INSERT INTO item_enchantment_template (entry, ench, chance, TYPE) VALUE (640, 413, 10, 0);
INSERT INTO item_enchantment_template (entry, ench, chance, TYPE) VALUE (640, 427, 10, 0);
INSERT INTO item_enchantment_template (entry, ench, chance, TYPE) VALUE (640, 428, 10, 0);
INSERT INTO item_enchantment_template (entry, ench, chance, TYPE) VALUE (640, 429, 10, 0);
INSERT INTO item_enchantment_template (entry, ench, chance, TYPE) VALUE (640, 430, 10, 0);
INSERT INTO item_enchantment_template (entry, ench, chance, TYPE) VALUE (641, 405, 10, 0);
INSERT INTO item_enchantment_template (entry, ench, chance, TYPE) VALUE (641, 406, 10, 0);
INSERT INTO item_enchantment_template (entry, ench, chance, TYPE) VALUE (641, 407, 10, 0);
INSERT INTO item_enchantment_template (entry, ench, chance, TYPE) VALUE (641, 408, 10, 0);
INSERT INTO item_enchantment_template (entry, ench, chance, TYPE) VALUE (641, 409, 10, 0);
INSERT INTO item_enchantment_template (entry, ench, chance, TYPE) VALUE (641, 414, 10, 0);
INSERT INTO item_enchantment_template (entry, ench, chance, TYPE) VALUE (641, 415, 10, 0);
INSERT INTO item_enchantment_template (entry, ench, chance, TYPE) VALUE (641, 416, 10, 0);
INSERT INTO item_enchantment_template (entry, ench, chance, TYPE) VALUE (641, 417, 10, 0);
INSERT INTO item_enchantment_template (entry, ench, chance, TYPE) VALUE (641, 418, 10, 0);
INSERT INTO item_enchantment_template (entry, ench, chance, TYPE) VALUE (642, 405, 12, 0);
INSERT INTO item_enchantment_template (entry, ench, chance, TYPE) VALUE (642, 408, 12, 0);
INSERT INTO item_enchantment_template (entry, ench, chance, TYPE) VALUE (642, 409, 12, 0);
INSERT INTO item_enchantment_template (entry, ench, chance, TYPE) VALUE (642, 412, 12, 0);
INSERT INTO item_enchantment_template (entry, ench, chance, TYPE) VALUE (642, 421, 12, 0);
INSERT INTO item_enchantment_template (entry, ench, chance, TYPE) VALUE (642, 422, 12, 0);
INSERT INTO item_enchantment_template (entry, ench, chance, TYPE) VALUE (642, 423, 12, 0);
INSERT INTO item_enchantment_template (entry, ench, chance, TYPE) VALUE (642, 424, 12, 0);
INSERT INTO item_enchantment_template (entry, ench, chance, TYPE) VALUE (643, 405, 12, 0);
INSERT INTO item_enchantment_template (entry, ench, chance, TYPE) VALUE (643, 406, 12, 0);
INSERT INTO item_enchantment_template (entry, ench, chance, TYPE) VALUE (643, 408, 12, 0);
INSERT INTO item_enchantment_template (entry, ench, chance, TYPE) VALUE (643, 409, 12, 0);
INSERT INTO item_enchantment_template (entry, ench, chance, TYPE) VALUE (643, 419, 12, 0);
INSERT INTO item_enchantment_template (entry, ench, chance, TYPE) VALUE (643, 420, 12, 0);
INSERT INTO item_enchantment_template (entry, ench, chance, TYPE) VALUE (643, 421, 12, 0);
INSERT INTO item_enchantment_template (entry, ench, chance, TYPE) VALUE (643, 422, 12, 0);
INSERT INTO item_enchantment_template (entry, ench, chance, TYPE) VALUE (644, 433, 10, 0);
INSERT INTO item_enchantment_template (entry, ench, chance, TYPE) VALUE (644, 434, 10, 0);
INSERT INTO item_enchantment_template (entry, ench, chance, TYPE) VALUE (644, 435, 10, 0);
INSERT INTO item_enchantment_template (entry, ench, chance, TYPE) VALUE (644, 436, 10, 0);
INSERT INTO item_enchantment_template (entry, ench, chance, TYPE) VALUE (644, 441, 10, 0);
INSERT INTO item_enchantment_template (entry, ench, chance, TYPE) VALUE (644, 453, 10, 0);
INSERT INTO item_enchantment_template (entry, ench, chance, TYPE) VALUE (644, 454, 10, 0);
INSERT INTO item_enchantment_template (entry, ench, chance, TYPE) VALUE (644, 455, 10, 0);
INSERT INTO item_enchantment_template (entry, ench, chance, TYPE) VALUE (644, 459, 10, 0);
INSERT INTO item_enchantment_template (entry, ench, chance, TYPE) VALUE (644, 460, 10, 0);
INSERT INTO item_enchantment_template (entry, ench, chance, TYPE) VALUE (645, 434, 10, 0);
INSERT INTO item_enchantment_template (entry, ench, chance, TYPE) VALUE (645, 435, 10, 0);
INSERT INTO item_enchantment_template (entry, ench, chance, TYPE) VALUE (645, 436, 10, 0);
INSERT INTO item_enchantment_template (entry, ench, chance, TYPE) VALUE (645, 438, 10, 0);
INSERT INTO item_enchantment_template (entry, ench, chance, TYPE) VALUE (645, 439, 10, 0);
INSERT INTO item_enchantment_template (entry, ench, chance, TYPE) VALUE (645, 441, 10, 0);
INSERT INTO item_enchantment_template (entry, ench, chance, TYPE) VALUE (645, 455, 10, 0);
INSERT INTO item_enchantment_template (entry, ench, chance, TYPE) VALUE (645, 456, 10, 0);
INSERT INTO item_enchantment_template (entry, ench, chance, TYPE) VALUE (645, 457, 10, 0);
INSERT INTO item_enchantment_template (entry, ench, chance, TYPE) VALUE (645, 458, 10, 0);
INSERT INTO item_enchantment_template (entry, ench, chance, TYPE) VALUE (646, 433, 10, 0);
INSERT INTO item_enchantment_template (entry, ench, chance, TYPE) VALUE (646, 434, 10, 0);
INSERT INTO item_enchantment_template (entry, ench, chance, TYPE) VALUE (646, 435, 10, 0);
INSERT INTO item_enchantment_template (entry, ench, chance, TYPE) VALUE (646, 436, 10, 0);
INSERT INTO item_enchantment_template (entry, ench, chance, TYPE) VALUE (646, 437, 10, 0);
INSERT INTO item_enchantment_template (entry, ench, chance, TYPE) VALUE (646, 442, 10, 0);
INSERT INTO item_enchantment_template (entry, ench, chance, TYPE) VALUE (646, 443, 10, 0);
INSERT INTO item_enchantment_template (entry, ench, chance, TYPE) VALUE (646, 444, 10, 0);
INSERT INTO item_enchantment_template (entry, ench, chance, TYPE) VALUE (646, 445, 10, 0);
INSERT INTO item_enchantment_template (entry, ench, chance, TYPE) VALUE (646, 446, 10, 0);
INSERT INTO item_enchantment_template (entry, ench, chance, TYPE) VALUE (647, 433, 12, 0);
INSERT INTO item_enchantment_template (entry, ench, chance, TYPE) VALUE (647, 436, 12, 0);
INSERT INTO item_enchantment_template (entry, ench, chance, TYPE) VALUE (647, 437, 12, 0);
INSERT INTO item_enchantment_template (entry, ench, chance, TYPE) VALUE (647, 440, 12, 0);
INSERT INTO item_enchantment_template (entry, ench, chance, TYPE) VALUE (647, 449, 12, 0);
INSERT INTO item_enchantment_template (entry, ench, chance, TYPE) VALUE (647, 450, 12, 0);
INSERT INTO item_enchantment_template (entry, ench, chance, TYPE) VALUE (647, 451, 12, 0);
INSERT INTO item_enchantment_template (entry, ench, chance, TYPE) VALUE (647, 452, 12, 0);
INSERT INTO item_enchantment_template (entry, ench, chance, TYPE) VALUE (648, 433, 12, 0);
INSERT INTO item_enchantment_template (entry, ench, chance, TYPE) VALUE (648, 434, 12, 0);
INSERT INTO item_enchantment_template (entry, ench, chance, TYPE) VALUE (648, 436, 12, 0);
INSERT INTO item_enchantment_template (entry, ench, chance, TYPE) VALUE (648, 437, 12, 0);
INSERT INTO item_enchantment_template (entry, ench, chance, TYPE) VALUE (648, 447, 12, 0);
INSERT INTO item_enchantment_template (entry, ench, chance, TYPE) VALUE (648, 448, 12, 0);
INSERT INTO item_enchantment_template (entry, ench, chance, TYPE) VALUE (648, 449, 12, 0);
INSERT INTO item_enchantment_template (entry, ench, chance, TYPE) VALUE (648, 450, 12, 0);
INSERT INTO item_enchantment_template (entry, ench, chance, TYPE) VALUE (651, 345, 11, 0);
INSERT INTO item_enchantment_template (entry, ench, chance, TYPE) VALUE (651, 346, 11, 0);
INSERT INTO item_enchantment_template (entry, ench, chance, TYPE) VALUE (651, 347, 11, 0);
INSERT INTO item_enchantment_template (entry, ench, chance, TYPE) VALUE (651, 349, 11, 0);
INSERT INTO item_enchantment_template (entry, ench, chance, TYPE) VALUE (651, 350, 11, 0);
INSERT INTO item_enchantment_template (entry, ench, chance, TYPE) VALUE (651, 366, 11, 0);
INSERT INTO item_enchantment_template (entry, ench, chance, TYPE) VALUE (651, 367, 11, 0);
INSERT INTO item_enchantment_template (entry, ench, chance, TYPE) VALUE (651, 368, 11, 0);
INSERT INTO item_enchantment_template (entry, ench, chance, TYPE) VALUE (651, 369, 11, 0);
INSERT INTO item_enchantment_template (entry, ench, chance, TYPE) VALUE (652, 344, 9, 0);
INSERT INTO item_enchantment_template (entry, ench, chance, TYPE) VALUE (652, 345, 9, 0);
INSERT INTO item_enchantment_template (entry, ench, chance, TYPE) VALUE (652, 346, 9, 0);
INSERT INTO item_enchantment_template (entry, ench, chance, TYPE) VALUE (652, 347, 9, 0);
INSERT INTO item_enchantment_template (entry, ench, chance, TYPE) VALUE (652, 348, 9, 0);
INSERT INTO item_enchantment_template (entry, ench, chance, TYPE) VALUE (652, 352, 9, 0);
INSERT INTO item_enchantment_template (entry, ench, chance, TYPE) VALUE (652, 364, 9, 0);
INSERT INTO item_enchantment_template (entry, ench, chance, TYPE) VALUE (652, 365, 9, 0);
INSERT INTO item_enchantment_template (entry, ench, chance, TYPE) VALUE (652, 366, 9, 0);
INSERT INTO item_enchantment_template (entry, ench, chance, TYPE) VALUE (652, 370, 9, 0);
INSERT INTO item_enchantment_template (entry, ench, chance, TYPE) VALUE (652, 371, 9, 0);
INSERT INTO item_enchantment_template (entry, ench, chance, TYPE) VALUE (653, 344, 10, 0);
INSERT INTO item_enchantment_template (entry, ench, chance, TYPE) VALUE (653, 345, 10, 0);
INSERT INTO item_enchantment_template (entry, ench, chance, TYPE) VALUE (653, 346, 10, 0);
INSERT INTO item_enchantment_template (entry, ench, chance, TYPE) VALUE (653, 347, 10, 0);
INSERT INTO item_enchantment_template (entry, ench, chance, TYPE) VALUE (653, 348, 10, 0);
INSERT INTO item_enchantment_template (entry, ench, chance, TYPE) VALUE (653, 353, 10, 0);
INSERT INTO item_enchantment_template (entry, ench, chance, TYPE) VALUE (653, 354, 10, 0);
INSERT INTO item_enchantment_template (entry, ench, chance, TYPE) VALUE (653, 355, 10, 0);
INSERT INTO item_enchantment_template (entry, ench, chance, TYPE) VALUE (653, 356, 10, 0);
INSERT INTO item_enchantment_template (entry, ench, chance, TYPE) VALUE (653, 357, 10, 0);
INSERT INTO item_enchantment_template (entry, ench, chance, TYPE) VALUE (654, 344, 12, 0);
INSERT INTO item_enchantment_template (entry, ench, chance, TYPE) VALUE (654, 345, 12, 0);
INSERT INTO item_enchantment_template (entry, ench, chance, TYPE) VALUE (654, 347, 12, 0);
INSERT INTO item_enchantment_template (entry, ench, chance, TYPE) VALUE (654, 348, 12, 0);
INSERT INTO item_enchantment_template (entry, ench, chance, TYPE) VALUE (654, 358, 12, 0);
INSERT INTO item_enchantment_template (entry, ench, chance, TYPE) VALUE (654, 359, 12, 0);
INSERT INTO item_enchantment_template (entry, ench, chance, TYPE) VALUE (654, 360, 12, 0);
INSERT INTO item_enchantment_template (entry, ench, chance, TYPE) VALUE (654, 361, 12, 0);
INSERT INTO item_enchantment_template (entry, ench, chance, TYPE) VALUE (655, 344, 12, 0);
INSERT INTO item_enchantment_template (entry, ench, chance, TYPE) VALUE (655, 347, 12, 0);
INSERT INTO item_enchantment_template (entry, ench, chance, TYPE) VALUE (655, 348, 12, 0);
INSERT INTO item_enchantment_template (entry, ench, chance, TYPE) VALUE (655, 351, 12, 0);
INSERT INTO item_enchantment_template (entry, ench, chance, TYPE) VALUE (655, 360, 12, 0);
INSERT INTO item_enchantment_template (entry, ench, chance, TYPE) VALUE (655, 361, 12, 0);
INSERT INTO item_enchantment_template (entry, ench, chance, TYPE) VALUE (655, 362, 12, 0);
INSERT INTO item_enchantment_template (entry, ench, chance, TYPE) VALUE (655, 363, 12, 0);