REPLACE INTO `creature_template` (`entry`, `difficulty_entry_1`, `difficulty_entry_2`, `difficulty_entry_3`, `KillCredit1`, `KillCredit2`, `modelid1`, `modelid2`, `modelid3`, `modelid4`, `name`, `subname`, `IconName`, `gossip_menu_id`, `minlevel`, `maxlevel`, `exp`, `faction_A`, `faction_H`, `npcflag`, `speed_walk`, `speed_run`, `scale`, `rank`, `mindmg`, `maxdmg`, `dmgschool`, `attackpower`, `dmg_multiplier`, `baseattacktime`, `rangeattacktime`, `unit_class`, `unit_flags`, `unit_flags2`, `dynamicflags`, `family`, `trainer_type`, `trainer_spell`, `trainer_class`, `trainer_race`, `minrangedmg`, `maxrangedmg`, `rangedattackpower`, `type`, `type_flags`, `lootid`, `pickpocketloot`, `skinloot`, `resistance1`, `resistance2`, `resistance3`, `resistance4`, `resistance5`, `resistance6`, `spell1`, `spell2`, `spell3`, `spell4`, `spell5`, `spell6`, `spell7`, `spell8`, `PetSpellDataId`, `VehicleId`, `mingold`, `maxgold`, `AIName`, `MovementType`, `InhabitType`, `HoverHeight`, `Health_mod`, `Mana_mod`, `Armor_mod`, `RacialLeader`, `questItem1`, `questItem2`, `questItem3`, `questItem4`, `questItem5`, `questItem6`, `movementId`, `RegenHealth`, `mechanic_immune_mask`, `flags_extra`, `ScriptName`, `WDBVerified`) VALUES (54555, 0, 0, 0, 0, 0, 36212, 0, 0, 0, 'Frozen Servitor', '', '', 0, 85, 85, 3, 2102, 2102, 0, 1.55556, 1.14286, 1, 1, 465, 697, 0, 174, 19.4, 2000, 2000, 2, 0, 2048, 12, 0, 0, 0, 0, 0, 372, 558, 139, 4, 8, 54555, 0, 0, 0, 0, 0, 0, 0, 0, 105432, 105433, 0, 0, 0, 0, 0, 0, 0, 0, 0, 0, '', 0, 3, 1, 10, 1, 1, 0, 0, 0, 0, 0, 0, 0, 0, 1, 0, 0, 'generic_creature', 15595);


DELETE FROM `creature_loot_template` WHERE (`entry`=54555);
INSERT INTO `creature_loot_template` VALUES 
(54555, 76160, 1.2453, 1, 0, 1, 1),
(54555, 76161, 0.5749, 1, 0, 1, 1),
(54555, 76162, 0.6022, 1, 0, 1, 1);

REPLACE INTO `creature_template` (`entry`, `difficulty_entry_1`, `difficulty_entry_2`, `difficulty_entry_3`, `KillCredit1`, `KillCredit2`, `modelid1`, `modelid2`, `modelid3`, `modelid4`, `name`, `subname`, `IconName`, `gossip_menu_id`, `minlevel`, `maxlevel`, `exp`, `faction_A`, `faction_H`, `npcflag`, `speed_walk`, `speed_run`, `scale`, `rank`, `mindmg`, `maxdmg`, `dmgschool`, `attackpower`, `dmg_multiplier`, `baseattacktime`, `rangeattacktime`, `unit_class`, `unit_flags`, `unit_flags2`, `dynamicflags`, `family`, `trainer_type`, `trainer_spell`, `trainer_class`, `trainer_race`, `minrangedmg`, `maxrangedmg`, `rangedattackpower`, `type`, `type_flags`, `lootid`, `pickpocketloot`, `skinloot`, `resistance1`, `resistance2`, `resistance3`, `resistance4`, `resistance5`, `resistance6`, `spell1`, `spell2`, `spell3`, `spell4`, `spell5`, `spell6`, `spell7`, `spell8`, `PetSpellDataId`, `VehicleId`, `mingold`, `maxgold`, `AIName`, `MovementType`, `InhabitType`, `HoverHeight`, `Health_mod`, `Mana_mod`, `Armor_mod`, `RacialLeader`, `questItem1`, `questItem2`, `questItem3`, `questItem4`, `questItem5`, `questItem6`, `movementId`, `RegenHealth`, `mechanic_immune_mask`, `flags_extra`, `ScriptName`, `WDBVerified`) VALUES (32639, 0, 0, 0, 0, 0, 28282, 0, 0, 0, 'Gnimo', 'Adventurous Tinker', '', 0, 80, 80, 2, 1732, 1732, 7296, 1, 0.992063, 1, 0, 420, 630, 0, 157, 1, 2000, 2000, 1, 33536, 2048, 0, 0, 0, 0, 0, 0, 336, 504, 126, 7, 0, 0, 0, 0, 0, 0, 0, 0, 0, 0, 0, 0, 0, 0, 0, 0, 0, 0, 0, 0, 0, 0, '', 0, 3, 1, 1, 1, 1, 0, 0, 0, 0, 0, 0, 0, 0, 1, 0, 2, '', 15595);


REPLACE INTO `creature_template` (`entry`, `difficulty_entry_1`, `difficulty_entry_2`, `difficulty_entry_3`, `KillCredit1`, `KillCredit2`, `modelid1`, `modelid2`, `modelid3`, `modelid4`, `name`, `subname`, `IconName`, `gossip_menu_id`, `minlevel`, `maxlevel`, `exp`, `faction_A`, `faction_H`, `npcflag`, `speed_walk`, `speed_run`, `scale`, `rank`, `mindmg`, `maxdmg`, `dmgschool`, `attackpower`, `dmg_multiplier`, `baseattacktime`, `rangeattacktime`, `unit_class`, `unit_flags`, `unit_flags2`, `dynamicflags`, `family`, `trainer_type`, `trainer_spell`, `trainer_class`, `trainer_race`, `minrangedmg`, `maxrangedmg`, `rangedattackpower`, `type`, `type_flags`, `lootid`, `pickpocketloot`, `skinloot`, `resistance1`, `resistance2`, `resistance3`, `resistance4`, `resistance5`, `resistance6`, `spell1`, `spell2`, `spell3`, `spell4`, `spell5`, `spell6`, `spell7`, `spell8`, `PetSpellDataId`, `VehicleId`, `mingold`, `maxgold`, `AIName`, `MovementType`, `InhabitType`, `HoverHeight`, `Health_mod`, `Mana_mod`, `Armor_mod`, `RacialLeader`, `questItem1`, `questItem2`, `questItem3`, `questItem4`, `questItem5`, `questItem6`, `movementId`, `RegenHealth`, `mechanic_immune_mask`, `flags_extra`, `ScriptName`, `WDBVerified`) VALUES (26483, 0, 0, 0, 0, 0, 23962, 0, 0, 0, 'Dragonbone Condor', '', '', 0, 71, 72, 2, 1953, 1953, 0, 2.4, 2, 1, 0, 292, 438, 0, 109, 1, 2000, 2000, 1, 32792, 2048, 13, 7, 0, 0, 0, 0, 234, 350, 87, 1, 1, 26483, 0, 0, 0, 0, 0, 0, 0, 0, 0, 0, 0, 47255, 0, 0, 0, 0, 13472, 0, 0, 0, '', 0, 4, 1, 1, 1, 1, 0, 36729, 0, 0, 0, 0, 0, 185, 1, 0, 0, '', 15595);

DELETE FROM `creature_loot_template` WHERE (`entry`=26483);
INSERT INTO `creature_loot_template` VALUES 
(26483, 17056, 23.2738, 1, 0, 1, 6),
(26483, 22146, 0.0094, 1, 0, -22146, 1),
(26483, 33358, 10, 1, 0, -33358, 1),
(26483, 33422, 10, 1, 0, -33422, 1),
(26483, 35963, 0.29, 1, 0, -35963, 1),
(26483, 35971, 0.57, 1, 0, -35971, 1),
(26483, 35979, 0.7, 1, 0, -35979, 1),
(26483, 35987, 0.19, 1, 0, -35987, 1),
(26483, 35995, 0.07, 1, 0, -35995, 1),
(26483, 36729, -100, 1, 0, 1, 1),
(26483, 36823, 56.4807, 1, 0, 1, 1),
(26483, 36824, 20.2692, 1, 0, 1, 1),
(26483, 37705, 0.0033, 1, 0, 1, 1),
(26483, 37749, 0.01, 1, 0, -37749, 1),
(26483, 37753, 0.0284, 1, 0, -37753, 1),
(26483, 37754, 0.0147, 1, 0, -37754, 1),
(26483, 37755, 0.0047, 1, 0, -37755, 1),
(26483, 43501, 22.8994, 1, 0, 1, 2),
(26483, 43622, 0.0711, 1, 0, 1, 1);

REPLACE INTO `creature_template` (`entry`, `difficulty_entry_1`, `difficulty_entry_2`, `difficulty_entry_3`, `KillCredit1`, `KillCredit2`, `modelid1`, `modelid2`, `modelid3`, `modelid4`, `name`, `subname`, `IconName`, `gossip_menu_id`, `minlevel`, `maxlevel`, `exp`, `faction_A`, `faction_H`, `npcflag`, `speed_walk`, `speed_run`, `scale`, `rank`, `mindmg`, `maxdmg`, `dmgschool`, `attackpower`, `dmg_multiplier`, `baseattacktime`, `rangeattacktime`, `unit_class`, `unit_flags`, `unit_flags2`, `dynamicflags`, `family`, `trainer_type`, `trainer_spell`, `trainer_class`, `trainer_race`, `minrangedmg`, `maxrangedmg`, `rangedattackpower`, `type`, `type_flags`, `lootid`, `pickpocketloot`, `skinloot`, `resistance1`, `resistance2`, `resistance3`, `resistance4`, `resistance5`, `resistance6`, `spell1`, `spell2`, `spell3`, `spell4`, `spell5`, `spell6`, `spell7`, `spell8`, `PetSpellDataId`, `VehicleId`, `mingold`, `maxgold`, `AIName`, `MovementType`, `InhabitType`, `HoverHeight`, `Health_mod`, `Mana_mod`, `Armor_mod`, `RacialLeader`, `questItem1`, `questItem2`, `questItem3`, `questItem4`, `questItem5`, `questItem6`, `movementId`, `RegenHealth`, `mechanic_immune_mask`, `flags_extra`, `ScriptName`, `WDBVerified`) VALUES (26293, 0, 0, 0, 0, 0, 24564, 0, 0, 0, 'Hulking Jormungar', '', '', 0, 73, 74, 2, 1965, 1965, 0, 1, 0.992063, 1, 1, 324, 486, 0, 121, 2.7, 2000, 2000, 1, 32832, 2048, 12, 42, 0, 0, 0, 0, 259, 389, 97, 1, 65537, 26293, 0, 26293, 0, 0, 0, 0, 0, 0, 50293, 0, 0, 0, 0, 0, 0, 0, 0, 0, 0, 0, 'SmartAI', 0, 3, 1, 3, 1, 1, 0, 0, 0, 0, 0, 0, 0, 0, 1, 0, 0, '', 15595);


DELETE FROM `creature_loot_template` WHERE (`entry`=26293);
INSERT INTO `creature_loot_template` VALUES 
(26293, 22146, 0.0916, 1, 0, -22146, 1),
(26293, 33358, 10, 1, 0, -33358, 1),
(26293, 33422, 10, 1, 0, -33422, 1),
(26293, 35979, 1.18, 1, 0, -35979, 1),
(26293, 35987, 1.46, 1, 0, -35987, 1),
(26293, 35995, 1.96, 1, 0, -35995, 1),
(26293, 36003, 1.03, 1, 0, -36003, 1),
(26293, 36829, 1.2658, 1, 0, 1, 5),
(26293, 36830, 0.0734, 1, 0, 1, 4),
(26293, 37754, 0.0183, 1, 0, -37754, 1),
(26293, 37755, 0.0366, 1, 0, -37755, 1),
(26293, 37757, 0.0183, 1, 0, -37757, 1),
(26293, 43010, 46.7621, 1, 0, 1, 1),
(26293, 43013, 1.1191, 1, 0, 1, 1),
(26293, 43622, 0.3119, 1, 0, 1, 1),
(26293, 44766, 78.5544, 1, 0, 1, 5),
(26293, 44767, 18.0884, 1, 0, 1, 4);

DELETE FROM `skinning_loot_template` WHERE (`entry`=26293);
INSERT INTO `skinning_loot_template` VALUES 
(26293, 33567, 0, 1, 1, 1, 1),
(26293, 33568, 35, 1, 1, 1, 1),
(26293, 38561, 25, 1, 1, 1, 1),
(26293, 44128, 1, 1, 1, 1, 2);

update creature set movementtype=0 where id in (26293, 26493, 55106);

REPLACE INTO `creature_template` (`entry`, `difficulty_entry_1`, `difficulty_entry_2`, `difficulty_entry_3`, `KillCredit1`, `KillCredit2`, `modelid1`, `modelid2`, `modelid3`, `modelid4`, `name`, `subname`, `IconName`, `gossip_menu_id`, `minlevel`, `maxlevel`, `exp`, `faction_A`, `faction_H`, `npcflag`, `speed_walk`, `speed_run`, `scale`, `rank`, `mindmg`, `maxdmg`, `dmgschool`, `attackpower`, `dmg_multiplier`, `baseattacktime`, `rangeattacktime`, `unit_class`, `unit_flags`, `unit_flags2`, `dynamicflags`, `family`, `trainer_type`, `trainer_spell`, `trainer_class`, `trainer_race`, `minrangedmg`, `maxrangedmg`, `rangedattackpower`, `type`, `type_flags`, `lootid`, `pickpocketloot`, `skinloot`, `resistance1`, `resistance2`, `resistance3`, `resistance4`, `resistance5`, `resistance6`, `spell1`, `spell2`, `spell3`, `spell4`, `spell5`, `spell6`, `spell7`, `spell8`, `PetSpellDataId`, `VehicleId`, `mingold`, `maxgold`, `AIName`, `MovementType`, `InhabitType`, `HoverHeight`, `Health_mod`, `Mana_mod`, `Armor_mod`, `RacialLeader`, `questItem1`, `questItem2`, `questItem3`, `questItem4`, `questItem5`, `questItem6`, `movementId`, `RegenHealth`, `mechanic_immune_mask`, `flags_extra`, `ScriptName`, `WDBVerified`) VALUES (26493, 0, 0, 0, 0, 0, 24037, 0, 0, 0, 'Wastes Taskmaster', '', '', 0, 73, 73, 2, 21, 21, 0, 1, 1.14286, 1, 0, 225, 337, 0, 84, 1, 2000, 2000, 8, 32768, 2048, 0, 0, 0, 0, 0, 0, 180, 270, 67, 7, 0, 26493, 26493, 0, 0, 0, 0, 0, 0, 0, 51202, 32712, 16583, 0, 0, 0, 0, 0, 0, 0, 1585, 1585, '', 0, 3, 1, 1, 1, 1, 0, 42108, 0, 0, 0, 0, 0, 0, 1, 0, 0, '', 15595);

DELETE FROM `creature_loot_template` WHERE (`entry`=26493);
INSERT INTO `creature_loot_template` VALUES 
(26493, 103, 28, 1, 0, -103, 1),
(26493, 22829, 2.7191, 1, 0, 1, 1),
(26493, 22832, 1.2806, 1, 0, 1, 1),
(26493, 33358, 10, 1, 0, -33358, 1),
(26493, 33422, 10, 1, 0, -33422, 1),
(26493, 33444, 4.3768, 1, 0, 1, 1),
(26493, 33454, 8.9115, 1, 0, 1, 1),
(26493, 33457, 0.0264, 1, 0, -33457, 1),
(26493, 35979, 1.39, 1, 0, -35979, 1),
(26493, 35987, 1.17, 1, 0, -35987, 1),
(26493, 35995, 1.53, 1, 0, -35995, 1),
(26493, 37091, 1.8418, 1, 0, -37091, 1),
(26493, 37754, 0.0152, 1, 0, -37754, 1),
(26493, 37755, 0.0344, 1, 0, -37755, 1),
(26493, 37756, 0.0455, 1, 0, -37756, 1),
(26493, 39152, 5, 1, 0, 1, 1),
(26493, 42108, -33, 1, 0, 1, 1),
(26493, 42172, 1, 1, 0, -42172, 1),
(26493, 43507, 1, 1, 0, -43507, 1),
(26493, 43622, 0.1667, 1, 0, 1, 1),
(26493, 43851, 51.8639, 1, 0, 1, 1),
(26493, 45912, 1, 1, 0, 1, 1);

DELETE FROM `pickpocketing_loot_template` WHERE (`entry`=26493);
INSERT INTO `pickpocketing_loot_template` VALUES 
(26493, 33447, 4.2553, 1, 0, 1, 1),
(26493, 33449, 11.7021, 1, 0, 1, 1),
(26493, 33454, 12.766, 1, 0, 1, 1),
(26493, 38260, 29.7872, 1, 0, 1, 1),
(26493, 38261, 13.8298, 1, 0, 1, 1),
(26493, 43575, 36.1702, 1, 0, 1, 1);

REPLACE INTO `creature_template` (`entry`, `difficulty_entry_1`, `difficulty_entry_2`, `difficulty_entry_3`, `KillCredit1`, `KillCredit2`, `modelid1`, `modelid2`, `modelid3`, `modelid4`, `name`, `subname`, `IconName`, `gossip_menu_id`, `minlevel`, `maxlevel`, `exp`, `faction_A`, `faction_H`, `npcflag`, `speed_walk`, `speed_run`, `scale`, `rank`, `mindmg`, `maxdmg`, `dmgschool`, `attackpower`, `dmg_multiplier`, `baseattacktime`, `rangeattacktime`, `unit_class`, `unit_flags`, `unit_flags2`, `dynamicflags`, `family`, `trainer_type`, `trainer_spell`, `trainer_class`, `trainer_race`, `minrangedmg`, `maxrangedmg`, `rangedattackpower`, `type`, `type_flags`, `lootid`, `pickpocketloot`, `skinloot`, `resistance1`, `resistance2`, `resistance3`, `resistance4`, `resistance5`, `resistance6`, `spell1`, `spell2`, `spell3`, `spell4`, `spell5`, `spell6`, `spell7`, `spell8`, `PetSpellDataId`, `VehicleId`, `mingold`, `maxgold`, `AIName`, `MovementType`, `InhabitType`, `HoverHeight`, `Health_mod`, `Mana_mod`, `Armor_mod`, `RacialLeader`, `questItem1`, `questItem2`, `questItem3`, `questItem4`, `questItem5`, `questItem6`, `movementId`, `RegenHealth`, `mechanic_immune_mask`, `flags_extra`, `ScriptName`, `WDBVerified`) VALUES (26492, 0, 0, 0, 0, 0, 137, 0, 0, 0, 'Wastes Digger', '', '', 0, 72, 73, 2, 974, 974, 0, 0.777776, 1.14286, 1, 0, 308, 462, 0, 115, 1, 2000, 2000, 1, 32768, 2048, 0, 0, 0, 0, 0, 0, 246, 370, 92, 6, 0, 26492, 26492, 0, 0, 0, 0, 0, 0, 0, 30639, 0, 0, 0, 0, 0, 0, 0, 0, 0, 1515, 1515, '', 0, 3, 1, 1, 1, 1, 0, 42108, 0, 0, 0, 0, 0, 0, 1, 8388624, 0, '', 15595);


DELETE FROM `creature_loot_template` WHERE (`entry`=26492);
INSERT INTO `creature_loot_template` VALUES 
(26492, 22829, 2.6374, 1, 0, 1, 1),
(26492, 22832, 1.2549, 1, 0, 1, 1),
(26492, 24231, 0.0017, 1, 0, 1, 1),
(26492, 33358, 10, 1, 0, -33358, 1),
(26492, 33422, 10, 1, 0, -33422, 1),
(26492, 33444, 4.3598, 1, 0, 1, 1),
(26492, 33452, 8.7743, 1, 0, 1, 1),
(26492, 33457, 0.0348, 1, 0, -33457, 1),
(26492, 33470, 27.7634, 1, 0, 1, 3),
(26492, 35971, 0.54, 1, 0, -35971, 1),
(26492, 35979, 1.32, 1, 0, -35979, 1),
(26492, 35987, 1.1, 1, 0, -35987, 1),
(26492, 35995, 0.92, 1, 0, -35995, 1),
(26492, 37091, 1.5733, 1, 0, -37091, 1),
(26492, 37753, 0.0112, 1, 0, -37753, 1),
(26492, 37754, 0.0332, 1, 0, -37754, 1),
(26492, 37755, 0.0364, 1, 0, -37755, 1),
(26492, 37756, 0.0194, 1, 0, -37756, 1),
(26492, 39152, 5, 1, 0, 1, 1),
(26492, 42108, -33, 1, 0, 1, 1),
(26492, 42172, 1, 1, 0, -42172, 1),
(26492, 43507, 1, 1, 0, -43507, 1),
(26492, 43622, 0.1741, 1, 0, 1, 1),
(26492, 43851, 51.3427, 1, 0, 1, 1),
(26492, 45912, 1, 1, 0, 1, 1);

DELETE FROM `pickpocketing_loot_template` WHERE (`entry`=26492);
INSERT INTO `pickpocketing_loot_template` VALUES 
(26492, 33447, 8.8, 1, 0, 1, 1),
(26492, 33452, 30, 1, 0, 1, 1),
(26492, 38268, 0.2, 1, 0, 1, 1),
(26492, 38269, 34.4, 1, 0, 1, 1),
(26492, 43575, 38.4, 1, 0, 1, 1);

REPLACE INTO `creature_template` (`entry`, `difficulty_entry_1`, `difficulty_entry_2`, `difficulty_entry_3`, `KillCredit1`, `KillCredit2`, `modelid1`, `modelid2`, `modelid3`, `modelid4`, `name`, `subname`, `IconName`, `gossip_menu_id`, `minlevel`, `maxlevel`, `exp`, `faction_A`, `faction_H`, `npcflag`, `speed_walk`, `speed_run`, `scale`, `rank`, `mindmg`, `maxdmg`, `dmgschool`, `attackpower`, `dmg_multiplier`, `baseattacktime`, `rangeattacktime`, `unit_class`, `unit_flags`, `unit_flags2`, `dynamicflags`, `family`, `trainer_type`, `trainer_spell`, `trainer_class`, `trainer_race`, `minrangedmg`, `maxrangedmg`, `rangedattackpower`, `type`, `type_flags`, `lootid`, `pickpocketloot`, `skinloot`, `resistance1`, `resistance2`, `resistance3`, `resistance4`, `resistance5`, `resistance6`, `spell1`, `spell2`, `spell3`, `spell4`, `spell5`, `spell6`, `spell7`, `spell8`, `PetSpellDataId`, `VehicleId`, `mingold`, `maxgold`, `AIName`, `MovementType`, `InhabitType`, `HoverHeight`, `Health_mod`, `Mana_mod`, `Armor_mod`, `RacialLeader`, `questItem1`, `questItem2`, `questItem3`, `questItem4`, `questItem5`, `questItem6`, `movementId`, `RegenHealth`, `mechanic_immune_mask`, `flags_extra`, `ScriptName`, `WDBVerified`) VALUES (55106, 0, 0, 0, 0, 0, 39030, 39373, 39374, 39375, 'Twilight Assassin', '', '', 0, 85, 85, 3, 16, 16, 0, 1, 1.42857, 1, 1, 415, 622, 0, 156, 21.7, 2000, 2000, 4, 537174080, 2048, 12, 0, 0, 0, 0, 0, 332, 498, 125, 7, 8, 55106, 55106, 0, 0, 0, 0, 0, 0, 0, 102924, 102967, 102925, 102926, 0, 0, 0, 0, 0, 0, 8296, 8296, '', 0, 3, 1, 4.5, 1, 1, 0, 0, 0, 0, 0, 0, 0, 144, 1, 0, 0, 'generic_creature', 15595);


DELETE FROM `creature_loot_template` WHERE (`entry`=55106);
INSERT INTO `creature_loot_template` VALUES 
(55106, 53010, 10.3029, 1, 0, 1, 1),
(55106, 58256, 5.1023, 1, 0, 1, 1),
(55106, 58259, 12.9477, 1, 0, 1, 1),
(55106, 58261, 13.7741, 1, 0, 1, 1),
(55106, 63269, 0.2755, 1, 0, 1, 1),
(55106, 63271, 12.6722, 1, 0, 1, 1),
(55106, 63272, 17.3554, 1, 0, 1, 1),
(55106, 63273, 25.6198, 1, 0, 1, 1),
(55106, 63274, 29.2011, 1, 0, 1, 1),
(55106, 63275, 29.7521, 1, 0, 1, 1),
(55106, 63300, 11.2948, 1, 0, 1, 1),
(55106, 63317, 0.2755, 1, 0, 1, 1),
(55106, 63318, 0.2755, 1, 0, 1, 1),
(55106, 63349, 31.405, 1, 0, 1, 1),
(55106, 76160, 2.0101, 1, 0, 1, 1),
(55106, 76161, 0.9912, 1, 0, 1, 1),
(55106, 76162, 0.9761, 1, 0, 1, 1);

DELETE FROM `pickpocketing_loot_template` WHERE (`entry`=55106);
INSERT INTO `pickpocketing_loot_template` VALUES 
(55106, 58259, 12.9477, 1, 0, 1, 1),
(55106, 58261, 13.7741, 1, 0, 1, 1),
(55106, 63269, 0.2755, 1, 0, 1, 1),
(55106, 63271, 12.6722, 1, 0, 1, 1),
(55106, 63272, 17.3554, 1, 0, 1, 1),
(55106, 63273, 25.6198, 1, 0, 1, 1),
(55106, 63274, 29.2011, 1, 0, 1, 1),
(55106, 63275, 29.7521, 1, 0, 1, 1),
(55106, 63300, 11.2948, 1, 0, 1, 1),
(55106, 63317, 0.2755, 1, 0, 1, 1),
(55106, 63318, 0.2755, 1, 0, 1, 1),
(55106, 63349, 31.405, 1, 0, 1, 1);

REPLACE INTO `creature_template` (`entry`, `difficulty_entry_1`, `difficulty_entry_2`, `difficulty_entry_3`, `KillCredit1`, `KillCredit2`, `modelid1`, `modelid2`, `modelid3`, `modelid4`, `name`, `subname`, `IconName`, `gossip_menu_id`, `minlevel`, `maxlevel`, `exp`, `faction_A`, `faction_H`, `npcflag`, `speed_walk`, `speed_run`, `scale`, `rank`, `mindmg`, `maxdmg`, `dmgschool`, `attackpower`, `dmg_multiplier`, `baseattacktime`, `rangeattacktime`, `unit_class`, `unit_flags`, `unit_flags2`, `dynamicflags`, `family`, `trainer_type`, `trainer_spell`, `trainer_class`, `trainer_race`, `minrangedmg`, `maxrangedmg`, `rangedattackpower`, `type`, `type_flags`, `lootid`, `pickpocketloot`, `skinloot`, `resistance1`, `resistance2`, `resistance3`, `resistance4`, `resistance5`, `resistance6`, `spell1`, `spell2`, `spell3`, `spell4`, `spell5`, `spell6`, `spell7`, `spell8`, `PetSpellDataId`, `VehicleId`, `mingold`, `maxgold`, `AIName`, `MovementType`, `InhabitType`, `HoverHeight`, `Health_mod`, `Mana_mod`, `Armor_mod`, `RacialLeader`, `questItem1`, `questItem2`, `questItem3`, `questItem4`, `questItem5`, `questItem6`, `movementId`, `RegenHealth`, `mechanic_immune_mask`, `flags_extra`, `ScriptName`, `WDBVerified`) VALUES (55112, 0, 0, 0, 0, 0, 39034, 0, 0, 0, 'Twilight Bruiser', '', '', 0, 85, 85, 3, 14, 14, 0, 1, 1.42857, 1, 1, 500, 750, 0, 187, 18, 2000, 2000, 1, 41024, 2048, 12, 0, 0, 0, 0, 0, 400, 600, 150, 7, 8, 55112, 55112, 0, 0, 0, 0, 0, 0, 0, 103001, 103023, 103002, 103000, 0, 0, 0, 0, 0, 0, 8285, 8285, '', 0, 3, 1, 9, 1, 1, 0, 0, 0, 0, 0, 0, 0, 144, 1, 0, 0, 'generic_creature', 15595);

DELETE FROM `creature_loot_template` WHERE (`entry`=55112);
INSERT INTO `creature_loot_template` VALUES 
(55112, 53010, 11.0438, 1, 0, 1, 1),
(55112, 58256, 5.348, 1, 0, 1, 1),
(55112, 58261, 1.5873, 1, 0, 1, 1),
(55112, 58268, 11.0438, 1, 0, 1, 1),
(55112, 58269, 21.4286, 1, 0, 1, 1),
(55112, 63271, 2.381, 1, 0, 1, 1),
(55112, 63272, 0.7937, 1, 0, 1, 1),
(55112, 63274, 1.5873, 1, 0, 1, 1),
(55112, 63291, 38.0952, 1, 0, 1, 1),
(55112, 63300, 7.1429, 1, 0, 1, 1),
(55112, 63310, 13.4921, 1, 0, 1, 1),
(55112, 63317, 23.8095, 1, 0, 1, 1),
(55112, 63348, 32.5397, 1, 0, 1, 1),
(55112, 63349, 30.1587, 1, 0, 1, 1),
(55112, 76160, 1.9169, 1, 0, 1, 1),
(55112, 76161, 0.8453, 1, 0, 1, 1),
(55112, 76162, 0.852, 1, 0, 1, 1);

DELETE FROM `pickpocketing_loot_template` WHERE (`entry`=55112);
INSERT INTO `pickpocketing_loot_template` VALUES 
(55112, 58261, 1.5873, 1, 0, 1, 1),
(55112, 58269, 21.4286, 1, 0, 1, 1),
(55112, 63271, 2.381, 1, 0, 1, 1),
(55112, 63272, 0.7937, 1, 0, 1, 1),
(55112, 63274, 1.5873, 1, 0, 1, 1),
(55112, 63291, 38.0952, 1, 0, 1, 1),
(55112, 63300, 7.1429, 1, 0, 1, 1),
(55112, 63310, 13.4921, 1, 0, 1, 1),
(55112, 63317, 23.8095, 1, 0, 1, 1),
(55112, 63348, 32.5397, 1, 0, 1, 1),
(55112, 63349, 30.1587, 1, 0, 1, 1);

REPLACE INTO `creature_template` (`entry`, `difficulty_entry_1`, `difficulty_entry_2`, `difficulty_entry_3`, `KillCredit1`, `KillCredit2`, `modelid1`, `modelid2`, `modelid3`, `modelid4`, `name`, `subname`, `IconName`, `gossip_menu_id`, `minlevel`, `maxlevel`, `exp`, `faction_A`, `faction_H`, `npcflag`, `speed_walk`, `speed_run`, `scale`, `rank`, `mindmg`, `maxdmg`, `dmgschool`, `attackpower`, `dmg_multiplier`, `baseattacktime`, `rangeattacktime`, `unit_class`, `unit_flags`, `unit_flags2`, `dynamicflags`, `family`, `trainer_type`, `trainer_spell`, `trainer_class`, `trainer_race`, `minrangedmg`, `maxrangedmg`, `rangedattackpower`, `type`, `type_flags`, `lootid`, `pickpocketloot`, `skinloot`, `resistance1`, `resistance2`, `resistance3`, `resistance4`, `resistance5`, `resistance6`, `spell1`, `spell2`, `spell3`, `spell4`, `spell5`, `spell6`, `spell7`, `spell8`, `PetSpellDataId`, `VehicleId`, `mingold`, `maxgold`, `AIName`, `MovementType`, `InhabitType`, `HoverHeight`, `Health_mod`, `Mana_mod`, `Armor_mod`, `RacialLeader`, `questItem1`, `questItem2`, `questItem3`, `questItem4`, `questItem5`, `questItem6`, `movementId`, `RegenHealth`, `mechanic_immune_mask`, `flags_extra`, `ScriptName`, `WDBVerified`) VALUES (55107, 0, 0, 0, 0, 0, 39031, 0, 0, 0, 'Twilight Ranger', '', '', 0, 85, 85, 3, 14, 14, 0, 1, 1.42857, 1, 1, 500, 750, 0, 187, 18, 2000, 2000, 1, 41024, 2048, 12, 0, 0, 0, 0, 0, 400, 600, 150, 7, 8, 55107, 55107, 0, 0, 0, 0, 0, 0, 0, 102975, 43415, 103023, 108443, 0, 0, 0, 0, 0, 0, 8297, 8297, '', 0, 3, 1, 9, 1, 1, 0, 0, 0, 0, 0, 0, 0, 144, 1, 0, 0, 'generic_creature', 15595);

DELETE FROM `creature_loot_template` WHERE (`entry`=55107);
INSERT INTO `creature_loot_template` VALUES 
(55107, 53010, 10.4323, 1, 0, 1, 1),
(55107, 58256, 5.3437, 1, 0, 1, 1),
(55107, 58259, 16.0839, 1, 0, 1, 1),
(55107, 58261, 11.1888, 1, 0, 1, 1),
(55107, 63271, 10.4895, 1, 0, 1, 1),
(55107, 63272, 11.8881, 1, 0, 1, 1),
(55107, 63273, 20.2797, 1, 0, 1, 1),
(55107, 63274, 23.7762, 1, 0, 1, 1),
(55107, 63275, 25.1748, 1, 0, 1, 1),
(55107, 63291, 1.3986, 1, 0, 1, 1),
(55107, 63300, 10.4895, 1, 0, 1, 1),
(55107, 63310, 0.6993, 1, 0, 1, 1),
(55107, 63317, 2.0979, 1, 0, 1, 1),
(55107, 63348, 2.7972, 1, 0, 1, 1),
(55107, 63349, 23.0769, 1, 0, 1, 1),
(55107, 76160, 1.9852, 1, 0, 1, 1),
(55107, 76161, 1.0626, 1, 0, 1, 1),
(55107, 76162, 1.0377, 1, 0, 1, 1);

DELETE FROM `pickpocketing_loot_template` WHERE (`entry`=55107);
INSERT INTO `pickpocketing_loot_template` VALUES 
(55107, 58259, 16.0839, 1, 0, 1, 1),
(55107, 58261, 11.1888, 1, 0, 1, 1),
(55107, 63271, 10.4895, 1, 0, 1, 1),
(55107, 63272, 11.8881, 1, 0, 1, 1),
(55107, 63273, 20.2797, 1, 0, 1, 1),
(55107, 63274, 23.7762, 1, 0, 1, 1),
(55107, 63275, 25.1748, 1, 0, 1, 1),
(55107, 63291, 1.3986, 1, 0, 1, 1),
(55107, 63300, 10.4895, 1, 0, 1, 1),
(55107, 63310, 0.6993, 1, 0, 1, 1),
(55107, 63317, 2.0979, 1, 0, 1, 1),
(55107, 63348, 2.7972, 1, 0, 1, 1),
(55107, 63349, 23.0769, 1, 0, 1, 1);

REPLACE INTO `creature_template` (`entry`, `difficulty_entry_1`, `difficulty_entry_2`, `difficulty_entry_3`, `KillCredit1`, `KillCredit2`, `modelid1`, `modelid2`, `modelid3`, `modelid4`, `name`, `subname`, `IconName`, `gossip_menu_id`, `minlevel`, `maxlevel`, `exp`, `faction_A`, `faction_H`, `npcflag`, `speed_walk`, `speed_run`, `scale`, `rank`, `mindmg`, `maxdmg`, `dmgschool`, `attackpower`, `dmg_multiplier`, `baseattacktime`, `rangeattacktime`, `unit_class`, `unit_flags`, `unit_flags2`, `dynamicflags`, `family`, `trainer_type`, `trainer_spell`, `trainer_class`, `trainer_race`, `minrangedmg`, `maxrangedmg`, `rangedattackpower`, `type`, `type_flags`, `lootid`, `pickpocketloot`, `skinloot`, `resistance1`, `resistance2`, `resistance3`, `resistance4`, `resistance5`, `resistance6`, `spell1`, `spell2`, `spell3`, `spell4`, `spell5`, `spell6`, `spell7`, `spell8`, `PetSpellDataId`, `VehicleId`, `mingold`, `maxgold`, `AIName`, `MovementType`, `InhabitType`, `HoverHeight`, `Health_mod`, `Mana_mod`, `Armor_mod`, `RacialLeader`, `questItem1`, `questItem2`, `questItem3`, `questItem4`, `questItem5`, `questItem6`, `movementId`, `RegenHealth`, `mechanic_immune_mask`, `flags_extra`, `ScriptName`, `WDBVerified`) VALUES (55109, 0, 0, 0, 0, 0, 39032, 0, 0, 0, 'Twilight Shadow-Walker', '', '', 0, 85, 85, 3, 14, 14, 0, 1, 1.42857, 1, 1, 465, 697, 0, 174, 19.4, 2000, 2000, 2, 4227136, 2048, 12, 0, 0, 0, 0, 0, 372, 558, 139, 7, 8, 55109, 55109, 0, 0, 0, 0, 0, 0, 0, 103021, 103023, 103024, 103013, 0, 0, 0, 0, 0, 0, 8287, 8287, '', 0, 3, 1, 9, 12, 1, 0, 0, 0, 0, 0, 0, 0, 144, 1, 0, 0, 'generic_creature', 15595);

DELETE FROM `creature_loot_template` WHERE (`entry`=55109);
INSERT INTO `creature_loot_template` VALUES 
(55109, 53010, 10.8414, 1, 0, 1, 1),
(55109, 58256, 5.3338, 1, 0, 1, 1),
(55109, 58261, 1.2121, 1, 0, 1, 1),
(55109, 58268, 10.8414, 1, 0, 1, 1),
(55109, 58269, 20.6061, 1, 0, 1, 1),
(55109, 63271, 0.6061, 1, 0, 1, 1),
(55109, 63272, 0.303, 1, 0, 1, 1),
(55109, 63273, 1.5152, 1, 0, 1, 1),
(55109, 63275, 1.5152, 1, 0, 1, 1),
(55109, 63291, 32.1212, 1, 0, 1, 1),
(55109, 63300, 11.5152, 1, 0, 1, 1),
(55109, 63310, 9.3939, 1, 0, 1, 1),
(55109, 63316, 3.6364, 1, 0, 1, 1),
(55109, 63317, 24.5455, 1, 0, 1, 1),
(55109, 63318, 1.2121, 1, 0, 1, 1),
(55109, 63348, 32.4242, 1, 0, 1, 1),
(55109, 63349, 32.1212, 1, 0, 1, 1),
(55109, 68197, 5.3338, 1, 0, 1, 1),
(55109, 76160, 1.7236, 1, 0, 1, 1),
(55109, 76161, 0.8423, 1, 0, 1, 1),
(55109, 76162, 0.9593, 1, 0, 1, 1);

DELETE FROM `pickpocketing_loot_template` WHERE (`entry`=55109);
INSERT INTO `pickpocketing_loot_template` VALUES 
(55109, 58261, 1.2121, 1, 0, 1, 1),
(55109, 58269, 20.6061, 1, 0, 1, 1),
(55109, 63271, 0.6061, 1, 0, 1, 1),
(55109, 63272, 0.303, 1, 0, 1, 1),
(55109, 63273, 1.5152, 1, 0, 1, 1),
(55109, 63275, 1.5152, 1, 0, 1, 1),
(55109, 63291, 32.1212, 1, 0, 1, 1),
(55109, 63300, 11.5152, 1, 0, 1, 1),
(55109, 63310, 9.3939, 1, 0, 1, 1),
(55109, 63316, 3.6364, 1, 0, 1, 1),
(55109, 63317, 24.5455, 1, 0, 1, 1),
(55109, 63318, 1.2121, 1, 0, 1, 1),
(55109, 63348, 32.4242, 1, 0, 1, 1),
(55109, 63349, 32.1212, 1, 0, 1, 1);

update creature set movementtype=0 where id in (26295, 27278, 26271);

REPLACE INTO `creature_template` (`entry`, `difficulty_entry_1`, `difficulty_entry_2`, `difficulty_entry_3`, `KillCredit1`, `KillCredit2`, `modelid1`, `modelid2`, `modelid3`, `modelid4`, `name`, `subname`, `IconName`, `gossip_menu_id`, `minlevel`, `maxlevel`, `exp`, `faction_A`, `faction_H`, `npcflag`, `speed_walk`, `speed_run`, `scale`, `rank`, `mindmg`, `maxdmg`, `dmgschool`, `attackpower`, `dmg_multiplier`, `baseattacktime`, `rangeattacktime`, `unit_class`, `unit_flags`, `unit_flags2`, `dynamicflags`, `family`, `trainer_type`, `trainer_spell`, `trainer_class`, `trainer_race`, `minrangedmg`, `maxrangedmg`, `rangedattackpower`, `type`, `type_flags`, `lootid`, `pickpocketloot`, `skinloot`, `resistance1`, `resistance2`, `resistance3`, `resistance4`, `resistance5`, `resistance6`, `spell1`, `spell2`, `spell3`, `spell4`, `spell5`, `spell6`, `spell7`, `spell8`, `PetSpellDataId`, `VehicleId`, `mingold`, `maxgold`, `AIName`, `MovementType`, `InhabitType`, `HoverHeight`, `Health_mod`, `Mana_mod`, `Armor_mod`, `RacialLeader`, `questItem1`, `questItem2`, `questItem3`, `questItem4`, `questItem5`, `questItem6`, `movementId`, `RegenHealth`, `mechanic_immune_mask`, `flags_extra`, `ScriptName`, `WDBVerified`) VALUES (55549, 0, 0, 0, 0, 0, 31463, 0, 0, 0, 'Life Warden', '', 'vehichleCursor', 0, 85, 85, 3, 35, 35, 16777217, 0.944444, 1.42857, 1, 1, 500, 750, 0, 187, 18, 2000, 2000, 1, 0, 2048, 0, 0, 0, 0, 0, 0, 400, 600, 150, 2, 0, 0, 0, 0, 0, 0, 0, 0, 0, 0, 0, 0, 0, 0, 0, 0, 0, 0, 0, 1785, 0, 0, '', 0, 3, 4.5, 5.9998, 1, 1, 0, 0, 0, 0, 0, 0, 0, 144, 1, 0, 0, 'npc_hour_of_twilight_life_warden', 15595);

REPLACE INTO `creature_template` (`entry`, `difficulty_entry_1`, `difficulty_entry_2`, `difficulty_entry_3`, `KillCredit1`, `KillCredit2`, `modelid1`, `modelid2`, `modelid3`, `modelid4`, `name`, `subname`, `IconName`, `gossip_menu_id`, `minlevel`, `maxlevel`, `exp`, `faction_A`, `faction_H`, `npcflag`, `speed_walk`, `speed_run`, `scale`, `rank`, `mindmg`, `maxdmg`, `dmgschool`, `attackpower`, `dmg_multiplier`, `baseattacktime`, `rangeattacktime`, `unit_class`, `unit_flags`, `unit_flags2`, `dynamicflags`, `family`, `trainer_type`, `trainer_spell`, `trainer_class`, `trainer_race`, `minrangedmg`, `maxrangedmg`, `rangedattackpower`, `type`, `type_flags`, `lootid`, `pickpocketloot`, `skinloot`, `resistance1`, `resistance2`, `resistance3`, `resistance4`, `resistance5`, `resistance6`, `spell1`, `spell2`, `spell3`, `spell4`, `spell5`, `spell6`, `spell7`, `spell8`, `PetSpellDataId`, `VehicleId`, `mingold`, `maxgold`, `AIName`, `MovementType`, `InhabitType`, `HoverHeight`, `Health_mod`, `Mana_mod`, `Armor_mod`, `RacialLeader`, `questItem1`, `questItem2`, `questItem3`, `questItem4`, `questItem5`, `questItem6`, `movementId`, `RegenHealth`, `mechanic_immune_mask`, `flags_extra`, `ScriptName`, `WDBVerified`) VALUES (54686, 0, 0, 0, 0, 0, 15788, 0, 0, 0, 'Shadow Borer', '', '', 0, 87, 87, 3, 2324, 2324, 0, 2.8, 1, 1, 1, 532, 798, 0, 199, 16.9, 2000, 2000, 1, 0, 2048, 12, 0, 0, 0, 0, 0, 426, 638, 159, 10, 72, 0, 0, 0, 0, 0, 0, 0, 0, 0, 102995, 0, 0, 0, 0, 0, 0, 0, 0, 0, 0, 0, '', 0, 3, 1, 5.5, 1, 1, 0, 0, 0, 0, 0, 0, 0, 118, 1, 0, 0, 'generic_creature', 15595);

REPLACE INTO `creature_template` (`entry`, `difficulty_entry_1`, `difficulty_entry_2`, `difficulty_entry_3`, `KillCredit1`, `KillCredit2`, `modelid1`, `modelid2`, `modelid3`, `modelid4`, `name`, `subname`, `IconName`, `gossip_menu_id`, `minlevel`, `maxlevel`, `exp`, `faction_A`, `faction_H`, `npcflag`, `speed_walk`, `speed_run`, `scale`, `rank`, `mindmg`, `maxdmg`, `dmgschool`, `attackpower`, `dmg_multiplier`, `baseattacktime`, `rangeattacktime`, `unit_class`, `unit_flags`, `unit_flags2`, `dynamicflags`, `family`, `trainer_type`, `trainer_spell`, `trainer_class`, `trainer_race`, `minrangedmg`, `maxrangedmg`, `rangedattackpower`, `type`, `type_flags`, `lootid`, `pickpocketloot`, `skinloot`, `resistance1`, `resistance2`, `resistance3`, `resistance4`, `resistance5`, `resistance6`, `spell1`, `spell2`, `spell3`, `spell4`, `spell5`, `spell6`, `spell7`, `spell8`, `PetSpellDataId`, `VehicleId`, `mingold`, `maxgold`, `AIName`, `MovementType`, `InhabitType`, `HoverHeight`, `Health_mod`, `Mana_mod`, `Armor_mod`, `RacialLeader`, `questItem1`, `questItem2`, `questItem3`, `questItem4`, `questItem5`, `questItem6`, `movementId`, `RegenHealth`, `mechanic_immune_mask`, `flags_extra`, `ScriptName`, `WDBVerified`) VALUES (54628, 0, 0, 0, 0, 0, 10906, 24719, 0, 0, 'Dark Haze', '', '', 0, 87, 87, 3, 14, 14, 0, 1, 1.14286, 1, 0, 550, 950, 0, 36, 7, 2000, 2000, 1, 33554432, 2048, 0, 0, 0, 0, 0, 0, 426, 638, 159, 10, 0, 0, 0, 0, 0, 0, 0, 0, 0, 0, 0, 0, 0, 0, 0, 0, 0, 0, 0, 0, 0, 0, '', 0, 3, 1, 1, 1, 1, 0, 0, 0, 0, 0, 0, 0, 0, 1, 0, 128, '', 15595);

REPLACE INTO `creature_template` (`entry`, `difficulty_entry_1`, `difficulty_entry_2`, `difficulty_entry_3`, `KillCredit1`, `KillCredit2`, `modelid1`, `modelid2`, `modelid3`, `modelid4`, `name`, `subname`, `IconName`, `gossip_menu_id`, `minlevel`, `maxlevel`, `exp`, `faction_A`, `faction_H`, `npcflag`, `speed_walk`, `speed_run`, `scale`, `rank`, `mindmg`, `maxdmg`, `dmgschool`, `attackpower`, `dmg_multiplier`, `baseattacktime`, `rangeattacktime`, `unit_class`, `unit_flags`, `unit_flags2`, `dynamicflags`, `family`, `trainer_type`, `trainer_spell`, `trainer_class`, `trainer_race`, `minrangedmg`, `maxrangedmg`, `rangedattackpower`, `type`, `type_flags`, `lootid`, `pickpocketloot`, `skinloot`, `resistance1`, `resistance2`, `resistance3`, `resistance4`, `resistance5`, `resistance6`, `spell1`, `spell2`, `spell3`, `spell4`, `spell5`, `spell6`, `spell7`, `spell8`, `PetSpellDataId`, `VehicleId`, `mingold`, `maxgold`, `AIName`, `MovementType`, `InhabitType`, `HoverHeight`, `Health_mod`, `Mana_mod`, `Armor_mod`, `RacialLeader`, `questItem1`, `questItem2`, `questItem3`, `questItem4`, `questItem5`, `questItem6`, `movementId`, `RegenHealth`, `mechanic_immune_mask`, `flags_extra`, `ScriptName`, `WDBVerified`) VALUES (54633, 0, 0, 0, 0, 0, 39790, 0, 0, 0, 'Faceless Shadow Weaver', '', '', 0, 87, 87, 3, 2324, 2324, 0, 4, 1.42857, 1, 1, 532, 798, 0, 199, 16.9, 2000, 2000, 1, 0, 2048, 12, 0, 0, 0, 0, 0, 426, 638, 159, 10, 72, 0, 0, 0, 0, 0, 0, 0, 0, 0, 102984, 102992, 0, 0, 0, 0, 0, 0, 0, 0, 0, 0, '', 0, 3, 1, 13, 1, 1, 0, 0, 0, 0, 0, 0, 0, 156, 1, 0, 0, 'generic_creature', 15595);

REPLACE INTO `creature_template` (`entry`, `difficulty_entry_1`, `difficulty_entry_2`, `difficulty_entry_3`, `KillCredit1`, `KillCredit2`, `modelid1`, `modelid2`, `modelid3`, `modelid4`, `name`, `subname`, `IconName`, `gossip_menu_id`, `minlevel`, `maxlevel`, `exp`, `faction_A`, `faction_H`, `npcflag`, `speed_walk`, `speed_run`, `scale`, `rank`, `mindmg`, `maxdmg`, `dmgschool`, `attackpower`, `dmg_multiplier`, `baseattacktime`, `rangeattacktime`, `unit_class`, `unit_flags`, `unit_flags2`, `dynamicflags`, `family`, `trainer_type`, `trainer_spell`, `trainer_class`, `trainer_race`, `minrangedmg`, `maxrangedmg`, `rangedattackpower`, `type`, `type_flags`, `lootid`, `pickpocketloot`, `skinloot`, `resistance1`, `resistance2`, `resistance3`, `resistance4`, `resistance5`, `resistance6`, `spell1`, `spell2`, `spell3`, `spell4`, `spell5`, `spell6`, `spell7`, `spell8`, `PetSpellDataId`, `VehicleId`, `mingold`, `maxgold`, `AIName`, `MovementType`, `InhabitType`, `HoverHeight`, `Health_mod`, `Mana_mod`, `Armor_mod`, `RacialLeader`, `questItem1`, `questItem2`, `questItem3`, `questItem4`, `questItem5`, `questItem6`, `movementId`, `RegenHealth`, `mechanic_immune_mask`, `flags_extra`, `ScriptName`, `WDBVerified`) VALUES (54664, 0, 0, 0, 0, 0, 33048, 0, 0, 0, 'Tawn Winterbluff', 'The Earthen Ring', '', 0, 85, 85, 3, 2323, 2323, 0, 1, 1.14286, 1, 1, 465, 697, 0, 174, 19.4, 2000, 2000, 2, 32768, 33554432, 0, 0, 0, 0, 0, 0, 372, 558, 139, 7, 0, 0, 0, 0, 0, 0, 0, 0, 0, 0, 0, 0, 0, 0, 0, 0, 0, 0, 0, 0, 0, 0, '', 0, 3, 1, 20, 6, 1, 0, 0, 0, 0, 0, 0, 0, 0, 1, 0, 0, '', 15595);


REPLACE INTO `creature_template` (`entry`, `difficulty_entry_1`, `difficulty_entry_2`, `difficulty_entry_3`, `KillCredit1`, `KillCredit2`, `modelid1`, `modelid2`, `modelid3`, `modelid4`, `name`, `subname`, `IconName`, `gossip_menu_id`, `minlevel`, `maxlevel`, `exp`, `faction_A`, `faction_H`, `npcflag`, `speed_walk`, `speed_run`, `scale`, `rank`, `mindmg`, `maxdmg`, `dmgschool`, `attackpower`, `dmg_multiplier`, `baseattacktime`, `rangeattacktime`, `unit_class`, `unit_flags`, `unit_flags2`, `dynamicflags`, `family`, `trainer_type`, `trainer_spell`, `trainer_class`, `trainer_race`, `minrangedmg`, `maxrangedmg`, `rangedattackpower`, `type`, `type_flags`, `lootid`, `pickpocketloot`, `skinloot`, `resistance1`, `resistance2`, `resistance3`, `resistance4`, `resistance5`, `resistance6`, `spell1`, `spell2`, `spell3`, `spell4`, `spell5`, `spell6`, `spell7`, `spell8`, `PetSpellDataId`, `VehicleId`, `mingold`, `maxgold`, `AIName`, `MovementType`, `InhabitType`, `HoverHeight`, `Health_mod`, `Mana_mod`, `Armor_mod`, `RacialLeader`, `questItem1`, `questItem2`, `questItem3`, `questItem4`, `questItem5`, `questItem6`, `movementId`, `RegenHealth`, `mechanic_immune_mask`, `flags_extra`, `ScriptName`, `WDBVerified`) VALUES (54665, 0, 0, 0, 0, 0, 33042, 0, 0, 0, 'Hargoth Dimblaze', 'The Earthen Ring', '', 0, 85, 85, 3, 2323, 2323, 0, 1, 1.14286, 1, 1, 465, 697, 0, 174, 19.4, 2000, 2000, 2, 32768, 33554432, 0, 0, 0, 0, 0, 0, 372, 558, 139, 7, 0, 0, 0, 0, 0, 0, 0, 0, 0, 0, 0, 0, 0, 0, 0, 0, 0, 0, 0, 0, 0, 0, '', 0, 3, 1, 20, 6, 1, 0, 0, 0, 0, 0, 0, 0, 0, 1, 0, 0, '', 15595);

REPLACE INTO `creature_template` (`entry`, `difficulty_entry_1`, `difficulty_entry_2`, `difficulty_entry_3`, `KillCredit1`, `KillCredit2`, `modelid1`, `modelid2`, `modelid3`, `modelid4`, `name`, `subname`, `IconName`, `gossip_menu_id`, `minlevel`, `maxlevel`, `exp`, `faction_A`, `faction_H`, `npcflag`, `speed_walk`, `speed_run`, `scale`, `rank`, `mindmg`, `maxdmg`, `dmgschool`, `attackpower`, `dmg_multiplier`, `baseattacktime`, `rangeattacktime`, `unit_class`, `unit_flags`, `unit_flags2`, `dynamicflags`, `family`, `trainer_type`, `trainer_spell`, `trainer_class`, `trainer_race`, `minrangedmg`, `maxrangedmg`, `rangedattackpower`, `type`, `type_flags`, `lootid`, `pickpocketloot`, `skinloot`, `resistance1`, `resistance2`, `resistance3`, `resistance4`, `resistance5`, `resistance6`, `spell1`, `spell2`, `spell3`, `spell4`, `spell5`, `spell6`, `spell7`, `spell8`, `PetSpellDataId`, `VehicleId`, `mingold`, `maxgold`, `AIName`, `MovementType`, `InhabitType`, `HoverHeight`, `Health_mod`, `Mana_mod`, `Armor_mod`, `RacialLeader`, `questItem1`, `questItem2`, `questItem3`, `questItem4`, `questItem5`, `questItem6`, `movementId`, `RegenHealth`, `mechanic_immune_mask`, `flags_extra`, `ScriptName`, `WDBVerified`) VALUES (54632, 0, 0, 0, 0, 0, 31903, 0, 0, 0, 'Faceless Brute', '', '', 0, 87, 87, 3, 2324, 2324, 0, 1, 0.912699, 1, 1, 532, 798, 0, 199, 16.9, 2000, 2000, 1, 33554496, 2048, 12, 0, 0, 0, 0, 0, 426, 638, 159, 10, 72, 0, 0, 0, 0, 0, 0, 0, 0, 0, 102861, 102848, 0, 0, 0, 0, 0, 0, 0, 1761, 0, 0, '', 0, 3, 1, 20, 1, 1, 0, 0, 0, 0, 0, 0, 0, 0, 1, 0, 0, 'generic_creature', 15595);

REPLACE INTO `creature_template` (`entry`, `difficulty_entry_1`, `difficulty_entry_2`, `difficulty_entry_3`, `KillCredit1`, `KillCredit2`, `modelid1`, `modelid2`, `modelid3`, `modelid4`, `name`, `subname`, `IconName`, `gossip_menu_id`, `minlevel`, `maxlevel`, `exp`, `faction_A`, `faction_H`, `npcflag`, `speed_walk`, `speed_run`, `scale`, `rank`, `mindmg`, `maxdmg`, `dmgschool`, `attackpower`, `dmg_multiplier`, `baseattacktime`, `rangeattacktime`, `unit_class`, `unit_flags`, `unit_flags2`, `dynamicflags`, `family`, `trainer_type`, `trainer_spell`, `trainer_class`, `trainer_race`, `minrangedmg`, `maxrangedmg`, `rangedattackpower`, `type`, `type_flags`, `lootid`, `pickpocketloot`, `skinloot`, `resistance1`, `resistance2`, `resistance3`, `resistance4`, `resistance5`, `resistance6`, `spell1`, `spell2`, `spell3`, `spell4`, `spell5`, `spell6`, `spell7`, `spell8`, `PetSpellDataId`, `VehicleId`, `mingold`, `maxgold`, `AIName`, `MovementType`, `InhabitType`, `HoverHeight`, `Health_mod`, `Mana_mod`, `Armor_mod`, `RacialLeader`, `questItem1`, `questItem2`, `questItem3`, `questItem4`, `questItem5`, `questItem6`, `movementId`, `RegenHealth`, `mechanic_immune_mask`, `flags_extra`, `ScriptName`, `WDBVerified`) VALUES (54666, 0, 0, 0, 0, 0, 33046, 0, 0, 0, 'Stormcaller Jalara', 'The Earthen Ring', '', 0, 85, 85, 3, 2323, 2323, 0, 1, 1.14286, 1, 1, 465, 697, 0, 174, 19.4, 2000, 2000, 2, 32768, 33554432, 0, 0, 0, 0, 0, 0, 372, 558, 139, 7, 0, 0, 0, 0, 0, 0, 0, 0, 0, 0, 0, 0, 0, 0, 0, 0, 0, 0, 0, 0, 0, 0, '', 0, 3, 1, 20, 6, 1, 0, 0, 0, 0, 0, 0, 0, 0, 1, 0, 0, '', 15595);

REPLACE INTO `creature_template` (`entry`, `difficulty_entry_1`, `difficulty_entry_2`, `difficulty_entry_3`, `KillCredit1`, `KillCredit2`, `modelid1`, `modelid2`, `modelid3`, `modelid4`, `name`, `subname`, `IconName`, `gossip_menu_id`, `minlevel`, `maxlevel`, `exp`, `faction_A`, `faction_H`, `npcflag`, `speed_walk`, `speed_run`, `scale`, `rank`, `mindmg`, `maxdmg`, `dmgschool`, `attackpower`, `dmg_multiplier`, `baseattacktime`, `rangeattacktime`, `unit_class`, `unit_flags`, `unit_flags2`, `dynamicflags`, `family`, `trainer_type`, `trainer_spell`, `trainer_class`, `trainer_race`, `minrangedmg`, `maxrangedmg`, `rangedattackpower`, `type`, `type_flags`, `lootid`, `pickpocketloot`, `skinloot`, `resistance1`, `resistance2`, `resistance3`, `resistance4`, `resistance5`, `resistance6`, `spell1`, `spell2`, `spell3`, `spell4`, `spell5`, `spell6`, `spell7`, `spell8`, `PetSpellDataId`, `VehicleId`, `mingold`, `maxgold`, `AIName`, `MovementType`, `InhabitType`, `HoverHeight`, `Health_mod`, `Mana_mod`, `Armor_mod`, `RacialLeader`, `questItem1`, `questItem2`, `questItem3`, `questItem4`, `questItem5`, `questItem6`, `movementId`, `RegenHealth`, `mechanic_immune_mask`, `flags_extra`, `ScriptName`, `WDBVerified`) VALUES (40577, 49087, 49087, 0, 0, 0, 32568, 0, 0, 0, 'Naz\'jar Sentinel', '', '', 0, 81, 81, 3, 16, 16, 0, 1, 1.14286, 1, 1, 516, 774, 0, 193, 35, 2000, 2000, 1, 32832, 2048, 13, 0, 0, 0, 0, 0, 413, 619, 154, 7, 0, 40577, 40577, 0, 0, 0, 0, 0, 0, 0, 91443, 76721, 0, 0, 0, 0, 0, 0, 0, 0, 12173, 12173, '', 0, 3, 1, 13, 1, 1, 0, 0, 0, 0, 0, 0, 0, 0, 1, 0, 0, 'generic_creature', 15595);


DELETE FROM `creature_loot_template` WHERE (`entry`=40577);
INSERT INTO `creature_loot_template` VALUES 
(40577, 17057, 25.0605, 1, 0, 1, 1),
(40577, 17058, 25.3268, 1, 0, 1, 1),
(40577, 52340, 15.5492, 1, 0, 1, 1),
(40577, 52363, 0.0098, 1, 0, 1, 1),
(40577, 52364, 0.0084, 1, 0, 1, 1),
(40577, 52365, 0.0049, 1, 0, 1, 1),
(40577, 52366, 0.0049, 1, 0, 1, 1),
(40577, 52370, 0.0073, 1, 0, 1, 1),
(40577, 52373, 0.0073, 1, 0, 1, 1),
(40577, 52375, 0.0094, 1, 0, 1, 1),
(40577, 52376, 0.0049, 1, 0, 1, 1),
(40577, 52378, 0.0122, 1, 0, 1, 1),
(40577, 52382, 0.0094, 1, 0, 1, 1),
(40577, 52386, 0.0056, 1, 0, 1, 1),
(40577, 52388, 0.0056, 1, 0, 1, 1),
(40577, 52495, 0.0038, 1, 0, 1, 1),
(40577, 52719, 0.0293, 1, 0, 1, 1),
(40577, 53010, 16.6, 1, 0, 1, 6),
(40577, 55260, 0.874, 1, 0, 1, 1),
(40577, 55261, 0.8205, 1, 0, 1, 1),
(40577, 55262, 0.9255, 1, 0, 1, 1),
(40577, 55282, 0.0178, 1, 0, 1, 1),
(40577, 55283, 0.0197, 1, 0, 1, 1),
(40577, 55284, 0.0122, 1, 0, 1, 1),
(40577, 55287, 0.0269, 1, 0, 1, 1),
(40577, 55288, 0.0413, 1, 0, 1, 1),
(40577, 55291, 0.015, 1, 0, 1, 1),
(40577, 55292, 0.0244, 1, 0, 1, 1),
(40577, 55293, 0.0216, 1, 0, 1, 1),
(40577, 55296, 0.0309, 1, 0, 1, 1),
(40577, 55297, 0.0413, 1, 0, 1, 1),
(40577, 55300, 0.0038, 1, 0, 1, 1),
(40577, 55301, 0.0047, 1, 0, 1, 1),
(40577, 55302, 0.0075, 1, 0, 1, 1),
(40577, 55305, 0.0075, 1, 0, 1, 1),
(40577, 55306, 0.0103, 1, 0, 1, 1),
(40577, 55309, 0.0281, 1, 0, 1, 1),
(40577, 55310, 0.0281, 1, 0, 1, 1),
(40577, 55311, 0.0206, 1, 0, 1, 1),
(40577, 55314, 0.044, 1, 0, 1, 1),
(40577, 55315, 0.0464, 1, 0, 1, 1),
(40577, 55318, 0.0009, 1, 0, 1, 1),
(40577, 55319, 0.0009, 1, 0, 1, 1),
(40577, 55320, 0.0019, 1, 0, 1, 1),
(40577, 55323, 0.0073, 1, 0, 1, 1),
(40577, 55324, 0.0094, 1, 0, 1, 1),
(40577, 55327, 0.0188, 1, 0, 1, 1),
(40577, 55328, 0.0234, 1, 0, 1, 1),
(40577, 55329, 0.0694, 1, 0, 1, 1),
(40577, 55332, 0.0469, 1, 0, 1, 1),
(40577, 55333, 0.0459, 1, 0, 1, 1),
(40577, 55336, 0.0113, 1, 0, 1, 1),
(40577, 55337, 0.0084, 1, 0, 1, 1),
(40577, 55338, 0.0169, 1, 0, 1, 1),
(40577, 55341, 0.03, 1, 0, 1, 1),
(40577, 55342, 0.0171, 1, 0, 1, 1),
(40577, 55345, 0.0281, 1, 0, 1, 1),
(40577, 55346, 0.0094, 1, 0, 1, 1),
(40577, 55347, 0.0169, 1, 0, 1, 1),
(40577, 55350, 0.061, 1, 0, 1, 1),
(40577, 55351, 0.0778, 1, 0, 1, 1),
(40577, 55354, 0.0028, 1, 0, 1, 1),
(40577, 55355, 0.0019, 1, 0, 1, 1),
(40577, 55356, 0.0028, 1, 0, 1, 1),
(40577, 55359, 0.0084, 1, 0, 1, 1),
(40577, 55360, 0.0122, 1, 0, 1, 1),
(40577, 55363, 0.0394, 1, 0, 1, 1),
(40577, 55364, 0.0413, 1, 0, 1, 1),
(40577, 55365, 0.0234, 1, 0, 1, 1),
(40577, 55368, 0.0513, 1, 0, 1, 1),
(40577, 55369, 0.1003, 1, 0, 1, 1),
(40577, 55372, 0.0178, 1, 0, 1, 1),
(40577, 55373, 0.0131, 1, 0, 1, 1),
(40577, 55374, 0.0169, 1, 0, 1, 1),
(40577, 55377, 0.0293, 1, 0, 1, 1),
(40577, 55378, 0.076, 1, 0, 1, 1),
(40577, 55381, 0.0169, 1, 0, 1, 1),
(40577, 55382, 0.0188, 1, 0, 1, 1),
(40577, 55383, 0.0113, 1, 0, 1, 1),
(40577, 55386, 0.0459, 1, 0, 1, 1),
(40577, 55387, 0.0581, 1, 0, 1, 1),
(40577, 55390, 0.0113, 1, 0, 1, 1),
(40577, 55391, 0.0113, 1, 0, 1, 1),
(40577, 55392, 0.0094, 1, 0, 1, 1),
(40577, 55395, 0.0478, 1, 0, 1, 1),
(40577, 55396, 0.0122, 1, 0, 1, 1),
(40577, 55399, 0.0253, 1, 0, 1, 1),
(40577, 55400, 0.0469, 1, 0, 1, 1),
(40577, 55401, 0.0309, 1, 0, 1, 1),
(40577, 55404, 0.088, 1, 0, 1, 1),
(40577, 55405, 0.1116, 1, 0, 1, 1),
(40577, 55408, 0.015, 1, 0, 1, 1),
(40577, 55409, 0.0056, 1, 0, 1, 1),
(40577, 55410, 0.0084, 1, 0, 1, 1),
(40577, 55413, 0.0413, 1, 0, 1, 1),
(40577, 55414, 0.0319, 1, 0, 1, 1),
(40577, 55417, 0.0619, 1, 0, 1, 1),
(40577, 55418, 0.1013, 1, 0, 1, 1),
(40577, 55419, 0.0928, 1, 0, 1, 1),
(40577, 55422, 0.2354, 1, 0, 1, 1),
(40577, 55423, 0.2251, 1, 0, 1, 1),
(40577, 55426, 0.0216, 1, 0, 1, 1),
(40577, 55427, 0.0131, 1, 0, 1, 1),
(40577, 55428, 0.0263, 1, 0, 1, 1),
(40577, 55431, 0.0685, 1, 0, 1, 1),
(40577, 55432, 0.0244, 1, 0, 1, 1),
(40577, 55435, 0.0938, 1, 0, 1, 1),
(40577, 55436, 0.0656, 1, 0, 1, 1),
(40577, 55437, 0.0638, 1, 0, 1, 1),
(40577, 55440, 0.1669, 1, 0, 1, 1),
(40577, 55441, 0.1707, 1, 0, 1, 1),
(40577, 55444, 0.0056, 1, 0, 1, 1),
(40577, 55445, 0.0094, 1, 0, 1, 1),
(40577, 55446, 0.0066, 1, 0, 1, 1),
(40577, 55449, 0.0196, 1, 0, 1, 1),
(40577, 55450, 0.0293, 1, 0, 1, 1),
(40577, 55453, 0.0338, 1, 0, 1, 1),
(40577, 55454, 0.0169, 1, 0, 1, 1),
(40577, 55455, 0.0141, 1, 0, 1, 1),
(40577, 55458, 0.0441, 1, 0, 1, 1),
(40577, 55459, 0.0581, 1, 0, 1, 1),
(40577, 55462, 0.0159, 1, 0, 1, 1),
(40577, 55463, 0.0206, 1, 0, 1, 1),
(40577, 55464, 0.0028, 1, 0, 1, 1),
(40577, 55468, 0.0122, 1, 0, 1, 1),
(40577, 55471, 0.0047, 1, 0, 1, 1),
(40577, 55472, 0.0047, 1, 0, 1, 1),
(40577, 55473, 0.0019, 1, 0, 1, 1),
(40577, 55477, 0.0066, 1, 0, 1, 1),
(40577, 55480, 0.0497, 1, 0, 1, 1),
(40577, 55481, 0.0281, 1, 0, 1, 1),
(40577, 55482, 0.0309, 1, 0, 1, 1),
(40577, 55485, 0.0562, 1, 0, 1, 1),
(40577, 55486, 0.1163, 1, 0, 1, 1),
(40577, 55489, 0.0244, 1, 0, 1, 1),
(40577, 55490, 0.0647, 1, 0, 1, 1),
(40577, 55491, 0.0319, 1, 0, 1, 1),
(40577, 55494, 0.0741, 1, 0, 1, 1),
(40577, 55495, 0.0538, 1, 0, 1, 1),
(40577, 55498, 0.0328, 1, 0, 1, 1),
(40577, 55499, 0.0291, 1, 0, 1, 1),
(40577, 55500, 0.0272, 1, 0, 1, 1),
(40577, 55503, 0.0825, 1, 0, 1, 1),
(40577, 55504, 0.0844, 1, 0, 1, 1),
(40577, 55507, 0.0291, 1, 0, 1, 1),
(40577, 55508, 0.0244, 1, 0, 1, 1),
(40577, 55509, 0.0206, 1, 0, 1, 1),
(40577, 55512, 0.0853, 1, 0, 1, 1),
(40577, 55513, 0.0342, 1, 0, 1, 1),
(40577, 55516, 0.0281, 1, 0, 1, 1),
(40577, 55517, 0.0328, 1, 0, 1, 1),
(40577, 55518, 0.0263, 1, 0, 1, 1),
(40577, 55521, 0.0985, 1, 0, 1, 1),
(40577, 55522, 0.0975, 1, 0, 1, 1),
(40577, 55525, 0.0169, 1, 0, 1, 1),
(40577, 55526, 0.0244, 1, 0, 1, 1),
(40577, 55527, 0.0384, 1, 0, 1, 1),
(40577, 55530, 0.0872, 1, 0, 1, 1),
(40577, 55531, 0.0956, 1, 0, 1, 1),
(40577, 55534, 0.0525, 1, 0, 1, 1),
(40577, 55535, 0.0431, 1, 0, 1, 1),
(40577, 55536, 0.0403, 1, 0, 1, 1),
(40577, 55539, 0.0956, 1, 0, 1, 1),
(40577, 55540, 0.0797, 1, 0, 1, 1),
(40577, 55543, 0.0516, 1, 0, 1, 1),
(40577, 55544, 0.0291, 1, 0, 1, 1),
(40577, 55545, 0.045, 1, 0, 1, 1),
(40577, 55548, 0.1416, 1, 0, 1, 1),
(40577, 55549, 0.0797, 1, 0, 1, 1),
(40577, 55552, 0.0216, 1, 0, 1, 1),
(40577, 55553, 0.0281, 1, 0, 1, 1),
(40577, 55554, 0.0413, 1, 0, 1, 1),
(40577, 55557, 0.0635, 1, 0, 1, 1),
(40577, 55558, 0.0825, 1, 0, 1, 1),
(40577, 55561, 0.0403, 1, 0, 1, 1),
(40577, 55562, 0.0403, 1, 0, 1, 1),
(40577, 55563, 0.0319, 1, 0, 1, 1),
(40577, 55566, 0.0816, 1, 0, 1, 1),
(40577, 55567, 0.0713, 1, 0, 1, 1),
(40577, 55570, 0.0234, 1, 0, 1, 1),
(40577, 55571, 0.0291, 1, 0, 1, 1),
(40577, 55572, 0.0356, 1, 0, 1, 1),
(40577, 55575, 0.0835, 1, 0, 1, 1),
(40577, 55576, 0.0778, 1, 0, 1, 1),
(40577, 55579, 0.0422, 1, 0, 1, 1),
(40577, 55580, 0.0272, 1, 0, 1, 1),
(40577, 55581, 0.0366, 1, 0, 1, 1),
(40577, 55584, 0.0713, 1, 0, 1, 1),
(40577, 55585, 0.0844, 1, 0, 1, 1),
(40577, 55588, 0.0309, 1, 0, 1, 1),
(40577, 55589, 0.0347, 1, 0, 1, 1),
(40577, 55590, 0.0234, 1, 0, 1, 1),
(40577, 55593, 0.044, 1, 0, 1, 1),
(40577, 55594, 0.0611, 1, 0, 1, 1),
(40577, 55597, 0.0263, 1, 0, 1, 1),
(40577, 55598, 0.0281, 1, 0, 1, 1),
(40577, 55599, 0.045, 1, 0, 1, 1),
(40577, 55602, 0.105, 1, 0, 1, 1),
(40577, 55603, 0.1069, 1, 0, 1, 1),
(40577, 55606, 0.0309, 1, 0, 1, 1),
(40577, 55607, 0.0272, 1, 0, 1, 1),
(40577, 55608, 0.0319, 1, 0, 1, 1),
(40577, 55611, 0.1003, 1, 0, 1, 1),
(40577, 55612, 0.0863, 1, 0, 1, 1),
(40577, 55615, 0.0281, 1, 0, 1, 1),
(40577, 55616, 0.0319, 1, 0, 1, 1),
(40577, 55617, 0.0309, 1, 0, 1, 1),
(40577, 55620, 0.0938, 1, 0, 1, 1),
(40577, 55621, 0.0415, 1, 0, 1, 1),
(40577, 55624, 0.03, 1, 0, 1, 1),
(40577, 55625, 0.0216, 1, 0, 1, 1),
(40577, 55626, 0.0309, 1, 0, 1, 1),
(40577, 55629, 0.0342, 1, 0, 1, 1),
(40577, 55630, 0.0947, 1, 0, 1, 1),
(40577, 55633, 0.0394, 1, 0, 1, 1),
(40577, 55634, 0.03, 1, 0, 1, 1),
(40577, 55635, 0.0328, 1, 0, 1, 1),
(40577, 55638, 0.0635, 1, 0, 1, 1),
(40577, 55639, 0.0778, 1, 0, 1, 1),
(40577, 55642, 0.0131, 1, 0, 1, 1),
(40577, 55643, 0.0225, 1, 0, 1, 1),
(40577, 55644, 0.0197, 1, 0, 1, 1),
(40577, 55647, 0.0778, 1, 0, 1, 1),
(40577, 55648, 0.0666, 1, 0, 1, 1),
(40577, 55651, 0.0309, 1, 0, 1, 1),
(40577, 55652, 0.0263, 1, 0, 1, 1),
(40577, 55653, 0.0263, 1, 0, 1, 1),
(40577, 55656, 0.0947, 1, 0, 1, 1),
(40577, 55657, 0.1041, 1, 0, 1, 1),
(40577, 55660, 0.0422, 1, 0, 1, 1),
(40577, 55661, 0.0591, 1, 0, 1, 1),
(40577, 55662, 0.0272, 1, 0, 1, 1),
(40577, 55665, 0.0853, 1, 0, 1, 1),
(40577, 55666, 0.0538, 1, 0, 1, 1),
(40577, 55669, 0.0206, 1, 0, 1, 1),
(40577, 55670, 0.0319, 1, 0, 1, 1),
(40577, 55671, 0.0234, 1, 0, 1, 1),
(40577, 55674, 0.0769, 1, 0, 1, 1),
(40577, 55675, 0.0587, 1, 0, 1, 1),
(40577, 55678, 0.0647, 1, 0, 1, 1),
(40577, 55679, 0.0197, 1, 0, 1, 1),
(40577, 55680, 0.0291, 1, 0, 1, 1),
(40577, 55683, 0.0635, 1, 0, 1, 1),
(40577, 55684, 0.1013, 1, 0, 1, 1),
(40577, 55687, 0.0216, 1, 0, 1, 1),
(40577, 55688, 0.03, 1, 0, 1, 1),
(40577, 55689, 0.0319, 1, 0, 1, 1),
(40577, 55692, 0.0985, 1, 0, 1, 1),
(40577, 55693, 0.0464, 1, 0, 1, 1),
(40577, 55696, 0.0272, 1, 0, 1, 1),
(40577, 55697, 0.0384, 1, 0, 1, 1),
(40577, 55698, 0.0272, 1, 0, 1, 1),
(40577, 55701, 0.0684, 1, 0, 1, 1),
(40577, 55702, 0.0816, 1, 0, 1, 1),
(40577, 55705, 0.0291, 1, 0, 1, 1),
(40577, 55706, 0.0534, 1, 0, 1, 1),
(40577, 55707, 0.0478, 1, 0, 1, 1),
(40577, 55710, 0.1125, 1, 0, 1, 1),
(40577, 55711, 0.1378, 1, 0, 1, 1),
(40577, 55714, 0.0281, 1, 0, 1, 1),
(40577, 55715, 0.0384, 1, 0, 1, 1),
(40577, 55716, 0.0572, 1, 0, 1, 1),
(40577, 55719, 0.1163, 1, 0, 1, 1),
(40577, 55720, 0.066, 1, 0, 1, 1),
(40577, 55723, 0.0441, 1, 0, 1, 1),
(40577, 55724, 0.0488, 1, 0, 1, 1),
(40577, 55725, 0.0394, 1, 0, 1, 1),
(40577, 55728, 0.1125, 1, 0, 1, 1),
(40577, 55729, 0.0513, 1, 0, 1, 1),
(40577, 55732, 0.0497, 1, 0, 1, 1),
(40577, 55733, 0.0553, 1, 0, 1, 1),
(40577, 55734, 0.0328, 1, 0, 1, 1),
(40577, 55737, 0.1003, 1, 0, 1, 1),
(40577, 55738, 0.1285, 1, 0, 1, 1),
(40577, 55741, 0.0422, 1, 0, 1, 1),
(40577, 55742, 0.0572, 1, 0, 1, 1),
(40577, 55743, 0.0985, 1, 0, 1, 1),
(40577, 55746, 0.1041, 1, 0, 1, 1),
(40577, 55747, 0.1275, 1, 0, 1, 1),
(40577, 55750, 0.0403, 1, 0, 1, 1),
(40577, 55751, 0.0563, 1, 0, 1, 1),
(40577, 55752, 0.0413, 1, 0, 1, 1),
(40577, 55755, 0.1491, 1, 0, 1, 1),
(40577, 55756, 0.1228, 1, 0, 1, 1),
(40577, 55759, 0.0375, 1, 0, 1, 1),
(40577, 55760, 0.0338, 1, 0, 1, 1),
(40577, 55761, 0.045, 1, 0, 1, 1),
(40577, 55765, 0.166, 1, 0, 1, 1),
(40577, 55768, 0.0469, 1, 0, 1, 1),
(40577, 55769, 0.0478, 1, 0, 1, 1),
(40577, 55770, 0.0403, 1, 0, 1, 1),
(40577, 55773, 0.1125, 1, 0, 1, 1),
(40577, 55774, 0.1271, 1, 0, 1, 1),
(40577, 58262, 3.837, 1, 0, 1, 1),
(40577, 58263, 52.2727, 1, 0, 1, 1),
(40577, 59029, 1.8351, 1, 0, 1, 1),
(40577, 62064, 0.2957, 1, 0, 1, 1),
(40577, 62065, 0.259, 1, 0, 1, 1),
(40577, 62066, 0.2737, 1, 0, 1, 1),
(40577, 62067, 0.3817, 1, 0, 1, 1),
(40577, 62105, 0.1266, 1, 0, 1, 1),
(40577, 62106, 0.12, 1, 0, 1, 1),
(40577, 62107, 0.0831, 1, 0, 1, 1),
(40577, 62108, 0.1182, 1, 0, 1, 1),
(40577, 62109, 0.1163, 1, 0, 1, 1),
(40577, 62110, 0.0891, 1, 0, 1, 1),
(40577, 62112, 0.1266, 1, 0, 1, 1),
(40577, 62113, 0.1163, 1, 0, 1, 1),
(40577, 62114, 0.1022, 1, 0, 1, 1),
(40577, 62115, 0.1144, 1, 0, 1, 1),
(40577, 62116, 0.1313, 1, 0, 1, 1),
(40577, 62117, 0.1041, 1, 0, 1, 1),
(40577, 62118, 0.0733, 1, 0, 1, 1),
(40577, 62119, 0.0928, 1, 0, 1, 1),
(40577, 62120, 0.1388, 1, 0, 1, 1),
(40577, 62121, 0.1031, 1, 0, 1, 1),
(40577, 62123, 0.1125, 1, 0, 1, 1),
(40577, 62124, 0.1172, 1, 0, 1, 1),
(40577, 62125, 0.1303, 1, 0, 1, 1),
(40577, 62126, 0.1191, 1, 0, 1, 1),
(40577, 62127, 0.0928, 1, 0, 1, 1),
(40577, 62128, 0.0985, 1, 0, 1, 1),
(40577, 62129, 0.106, 1, 0, 1, 1),
(40577, 62130, 0.12, 1, 0, 1, 1),
(40577, 62131, 0.1172, 1, 0, 1, 1),
(40577, 62132, 0.121, 1, 0, 1, 1),
(40577, 62133, 0.1003, 1, 0, 1, 1),
(40577, 62134, 0.0978, 1, 0, 1, 1),
(40577, 62136, 0.1191, 1, 0, 1, 1),
(40577, 63293, 52.2727, 1, 0, 1, 1),
(40577, 63300, 25, 1, 0, 1, 1),
(40577, 63312, 63.6364, 1, 0, 1, 1),
(40577, 63321, 6.8182, 1, 0, 1, 1),
(40577, 63327, 11.3636, 1, 0, 1, 1),
(40577, 63349, 45.4545, 1, 0, 1, 1),
(40577, 66641, 0.0028, 1, 0, 1, 1),
(40577, 66879, 0.0019, 1, 0, 1, 1),
(40577, 66880, 0.0009, 1, 0, 1, 1),
(40577, 66883, 0.0019, 1, 0, 1, 1),
(40577, 66895, 0.0028, 1, 0, 1, 1),
(40577, 66912, 0.0019, 1, 0, 1, 1),
(40577, 66916, 0.0009, 1, 0, 1, 1),
(40577, 66941, 0.0122, 1, 0, 1, 1),
(40577, 66942, 0.0056, 1, 0, 1, 1),
(40577, 66952, 0.0019, 1, 0, 1, 1),
(40577, 66954, 0.0019, 1, 0, 1, 1),
(40577, 66956, 0.0075, 1, 0, 1, 1),
(40577, 66957, 0.0019, 1, 0, 1, 1),
(40577, 66958, 0.0019, 1, 0, 1, 1),
(40577, 66959, 0.0009, 1, 0, 1, 1),
(40577, 66961, 0.0019, 1, 0, 1, 1),
(40577, 66962, 0.0009, 1, 0, 1, 1),
(40577, 66963, 0.0009, 1, 0, 1, 1),
(40577, 66972, 0.0084, 1, 0, 1, 1),
(40577, 66973, 0.0103, 1, 0, 1, 1),
(40577, 66974, 0.0103, 1, 0, 1, 1),
(40577, 66975, 0.0024, 1, 0, 1, 1),
(40577, 66976, 0.0141, 1, 0, 1, 1),
(40577, 66977, 0.0009, 1, 0, 1, 1),
(40577, 66979, 0.0019, 1, 0, 1, 1),
(40577, 66980, 0.0009, 1, 0, 1, 1),
(40577, 66985, 0.0009, 1, 0, 1, 1),
(40577, 66992, 0.0216, 1, 0, 1, 1),
(40577, 66993, 0.015, 1, 0, 1, 1),
(40577, 66994, 0.0113, 1, 0, 1, 1),
(40577, 67024, 0.0038, 1, 0, 1, 1),
(40577, 67027, 0.0009, 1, 0, 1, 1),
(40577, 67029, 0.0009, 1, 0, 1, 1),
(40577, 67032, 0.0028, 1, 0, 1, 1),
(40577, 67037, 0.0009, 1, 0, 1, 1),
(40577, 67040, 0.0019, 1, 0, 1, 1),
(40577, 67045, 0.0009, 1, 0, 1, 1),
(40577, 67047, 0.0019, 1, 0, 1, 1),
(40577, 67067, 0.015, 1, 0, 1, 1),
(40577, 67069, 0.0113, 1, 0, 1, 1),
(40577, 67071, 0.0103, 1, 0, 1, 1),
(40577, 67088, 0.0038, 1, 0, 1, 1),
(40577, 67098, 0.0009, 1, 0, 1, 1),
(40577, 67101, 0.0009, 1, 0, 1, 1),
(40577, 67102, 0.0009, 1, 0, 1, 1),
(40577, 67103, 0.0019, 1, 0, 1, 1),
(40577, 67104, 0.0038, 1, 0, 1, 1),
(40577, 67106, 0.0038, 1, 0, 1, 1),
(40577, 67109, 0.0009, 1, 0, 1, 1),
(40577, 67111, 0.0028, 1, 0, 1, 1),
(40577, 67112, 0.0009, 1, 0, 1, 1),
(40577, 67113, 0.0009, 1, 0, 1, 1),
(40577, 67123, 0.0141, 1, 0, 1, 1),
(40577, 67124, 0.0049, 1, 0, 1, 1),
(40577, 67125, 0.0066, 1, 0, 1, 1),
(40577, 67126, 0.015, 1, 0, 1, 1),
(40577, 67127, 0.0103, 1, 0, 1, 1),
(40577, 67129, 0.0009, 1, 0, 1, 1),
(40577, 67131, 0.0019, 1, 0, 1, 1),
(40577, 67133, 0.0019, 1, 0, 1, 1),
(40577, 67134, 0.0028, 1, 0, 1, 1),
(40577, 67136, 0.0009, 1, 0, 1, 1),
(40577, 67137, 0.0028, 1, 0, 1, 1),
(40577, 67138, 0.0009, 1, 0, 1, 1),
(40577, 67140, 0.0028, 1, 0, 1, 1),
(40577, 67141, 0.0019, 1, 0, 1, 1),
(40577, 67143, 0.0019, 1, 0, 1, 1),
(40577, 67144, 0.0019, 1, 0, 1, 1),
(40577, 67145, 0.0038, 1, 0, 1, 1),
(40577, 67147, 0.0028, 1, 0, 1, 1),
(40577, 67148, 0.0009, 1, 0, 1, 1),
(40577, 67149, 0.0019, 1, 0, 1, 1),
(40577, 68198, 5.9, 1, 0, 1, 2),
(40577, 68729, 0.2272, 1, 0, 1, 1),
(40577, 68782, 0.0047, 1, 0, 1, 1),
(40577, 68787, 0.0013, 1, 0, 1, 1);

DELETE FROM `pickpocketing_loot_template` WHERE (`entry`=40577);
INSERT INTO `pickpocketing_loot_template` VALUES 
(40577, 58263, 27.572, 1, 0, 1, 1),
(40577, 63293, 22.4806, 1, 0, 1, 1),
(40577, 63300, 10.5943, 1, 0, 1, 1),
(40577, 63312, 24.5478, 1, 0, 1, 1),
(40577, 63321, 2.3256, 1, 0, 1, 1),
(40577, 63327, 16.0207, 1, 0, 1, 1),
(40577, 63349, 26.3566, 1, 0, 1, 1);

REPLACE INTO `creature_template` (`entry`, `difficulty_entry_1`, `difficulty_entry_2`, `difficulty_entry_3`, `KillCredit1`, `KillCredit2`, `modelid1`, `modelid2`, `modelid3`, `modelid4`, `name`, `subname`, `IconName`, `gossip_menu_id`, `minlevel`, `maxlevel`, `exp`, `faction_A`, `faction_H`, `npcflag`, `speed_walk`, `speed_run`, `scale`, `rank`, `mindmg`, `maxdmg`, `dmgschool`, `attackpower`, `dmg_multiplier`, `baseattacktime`, `rangeattacktime`, `unit_class`, `unit_flags`, `unit_flags2`, `dynamicflags`, `family`, `trainer_type`, `trainer_spell`, `trainer_class`, `trainer_race`, `minrangedmg`, `maxrangedmg`, `rangedattackpower`, `type`, `type_flags`, `lootid`, `pickpocketloot`, `skinloot`, `resistance1`, `resistance2`, `resistance3`, `resistance4`, `resistance5`, `resistance6`, `spell1`, `spell2`, `spell3`, `spell4`, `spell5`, `spell6`, `spell7`, `spell8`, `PetSpellDataId`, `VehicleId`, `mingold`, `maxgold`, `AIName`, `MovementType`, `InhabitType`, `HoverHeight`, `Health_mod`, `Mana_mod`, `Armor_mod`, `RacialLeader`, `questItem1`, `questItem2`, `questItem3`, `questItem4`, `questItem5`, `questItem6`, `movementId`, `RegenHealth`, `mechanic_immune_mask`, `flags_extra`, `ScriptName`, `WDBVerified`) VALUES (49087, 0, 0, 0, 0, 0, 32568, 0, 0, 0, 'Naz\'jar Sentinel (1)', '', '', 0, 86, 86, 3, 16, 16, 0, 1, 1.14286, 1, 1, 516, 774, 0, 193, 35, 2000, 2000, 1, 32832, 2048, 13, 0, 0, 0, 0, 0, 413, 619, 154, 7, 0, 40577, 40577, 0, 0, 0, 0, 0, 0, 0, 91443, 76721, 0, 0, 0, 0, 0, 0, 0, 0, 12173, 12173, '', 0, 3, 1, 16.25, 1, 1, 0, 0, 0, 0, 0, 0, 0, 0, 1, 0, 0, '', 15595);

REPLACE INTO `creature_template` (`entry`, `difficulty_entry_1`, `difficulty_entry_2`, `difficulty_entry_3`, `KillCredit1`, `KillCredit2`, `modelid1`, `modelid2`, `modelid3`, `modelid4`, `name`, `subname`, `IconName`, `gossip_menu_id`, `minlevel`, `maxlevel`, `exp`, `faction_A`, `faction_H`, `npcflag`, `speed_walk`, `speed_run`, `scale`, `rank`, `mindmg`, `maxdmg`, `dmgschool`, `attackpower`, `dmg_multiplier`, `baseattacktime`, `rangeattacktime`, `unit_class`, `unit_flags`, `unit_flags2`, `dynamicflags`, `family`, `trainer_type`, `trainer_spell`, `trainer_class`, `trainer_race`, `minrangedmg`, `maxrangedmg`, `rangedattackpower`, `type`, `type_flags`, `lootid`, `pickpocketloot`, `skinloot`, `resistance1`, `resistance2`, `resistance3`, `resistance4`, `resistance5`, `resistance6`, `spell1`, `spell2`, `spell3`, `spell4`, `spell5`, `spell6`, `spell7`, `spell8`, `PetSpellDataId`, `VehicleId`, `mingold`, `maxgold`, `AIName`, `MovementType`, `InhabitType`, `HoverHeight`, `Health_mod`, `Mana_mod`, `Armor_mod`, `RacialLeader`, `questItem1`, `questItem2`, `questItem3`, `questItem4`, `questItem5`, `questItem6`, `movementId`, `RegenHealth`, `mechanic_immune_mask`, `flags_extra`, `ScriptName`, `WDBVerified`) VALUES (43202, 49071, 49071, 0, 0, 0, 27343, 0, 0, 0, 'Elevator Construction Chief', '', '', 0, 1, 1, 0, 35, 35, 0, 1, 1.14286, 1, 1, 1, 1, 0, 1, 35, 2000, 2000, 1, 0, 2048, 0, 0, 0, 0, 0, 0, 1, 1, 1, 7, 0, 0, 0, 0, 0, 0, 0, 0, 0, 0, 0, 0, 0, 0, 0, 0, 0, 0, 0, 0, 0, 0, '', 0, 3, 1, 240, 1, 1, 0, 0, 0, 0, 0, 0, 0, 0, 1, 0, 0, '', 15595);

REPLACE INTO `creature_template` (`entry`, `difficulty_entry_1`, `difficulty_entry_2`, `difficulty_entry_3`, `KillCredit1`, `KillCredit2`, `modelid1`, `modelid2`, `modelid3`, `modelid4`, `name`, `subname`, `IconName`, `gossip_menu_id`, `minlevel`, `maxlevel`, `exp`, `faction_A`, `faction_H`, `npcflag`, `speed_walk`, `speed_run`, `scale`, `rank`, `mindmg`, `maxdmg`, `dmgschool`, `attackpower`, `dmg_multiplier`, `baseattacktime`, `rangeattacktime`, `unit_class`, `unit_flags`, `unit_flags2`, `dynamicflags`, `family`, `trainer_type`, `trainer_spell`, `trainer_class`, `trainer_race`, `minrangedmg`, `maxrangedmg`, `rangedattackpower`, `type`, `type_flags`, `lootid`, `pickpocketloot`, `skinloot`, `resistance1`, `resistance2`, `resistance3`, `resistance4`, `resistance5`, `resistance6`, `spell1`, `spell2`, `spell3`, `spell4`, `spell5`, `spell6`, `spell7`, `spell8`, `PetSpellDataId`, `VehicleId`, `mingold`, `maxgold`, `AIName`, `MovementType`, `InhabitType`, `HoverHeight`, `Health_mod`, `Mana_mod`, `Armor_mod`, `RacialLeader`, `questItem1`, `questItem2`, `questItem3`, `questItem4`, `questItem5`, `questItem6`, `movementId`, `RegenHealth`, `mechanic_immune_mask`, `flags_extra`, `ScriptName`, `WDBVerified`) VALUES (49071, 0, 0, 0, 0, 0, 27343, 0, 0, 0, 'Elevator Construction Chief (1)', '', '', 0, 1, 1, 0, 35, 35, 0, 1, 1.14286, 1, 1, 1, 1, 0, 1, 35, 2000, 2000, 1, 0, 2048, 0, 0, 0, 0, 0, 0, 1, 1, 1, 7, 0, 0, 0, 0, 0, 0, 0, 0, 0, 0, 0, 0, 0, 0, 0, 0, 0, 0, 0, 0, 0, 0, '', 0, 3, 1, 300, 1, 1, 0, 0, 0, 0, 0, 0, 0, 0, 1, 0, 0, '', 15595);

REPLACE INTO `creature_template` (`entry`, `difficulty_entry_1`, `difficulty_entry_2`, `difficulty_entry_3`, `KillCredit1`, `KillCredit2`, `modelid1`, `modelid2`, `modelid3`, `modelid4`, `name`, `subname`, `IconName`, `gossip_menu_id`, `minlevel`, `maxlevel`, `exp`, `faction_A`, `faction_H`, `npcflag`, `speed_walk`, `speed_run`, `scale`, `rank`, `mindmg`, `maxdmg`, `dmgschool`, `attackpower`, `dmg_multiplier`, `baseattacktime`, `rangeattacktime`, `unit_class`, `unit_flags`, `unit_flags2`, `dynamicflags`, `family`, `trainer_type`, `trainer_spell`, `trainer_class`, `trainer_race`, `minrangedmg`, `maxrangedmg`, `rangedattackpower`, `type`, `type_flags`, `lootid`, `pickpocketloot`, `skinloot`, `resistance1`, `resistance2`, `resistance3`, `resistance4`, `resistance5`, `resistance6`, `spell1`, `spell2`, `spell3`, `spell4`, `spell5`, `spell6`, `spell7`, `spell8`, `PetSpellDataId`, `VehicleId`, `mingold`, `maxgold`, `AIName`, `MovementType`, `InhabitType`, `HoverHeight`, `Health_mod`, `Mana_mod`, `Armor_mod`, `RacialLeader`, `questItem1`, `questItem2`, `questItem3`, `questItem4`, `questItem5`, `questItem6`, `movementId`, `RegenHealth`, `mechanic_immune_mask`, `flags_extra`, `ScriptName`, `WDBVerified`) VALUES (39616, 49085, 49085, 0, 0, 0, 37370, 0, 0, 0, 'Naz\'jar Invader', '', '', 0, 85, 85, 3, 16, 16, 0, 1, 1.14286, 1, 1, 500, 750, 0, 187, 35, 2000, 2000, 1, 32832, 2048, 12, 0, 0, 0, 0, 0, 400, 600, 150, 7, 0, 39616, 39616, 0, 0, 0, 0, 0, 0, 0, 76790, 91430, 76807, 0, 0, 0, 0, 0, 0, 0, 12149, 12149, '', 0, 3, 1, 4, 1, 1, 0, 0, 0, 0, 0, 0, 0, 0, 1, 0, 0, 'generic_creature', 15595);

DELETE FROM `creature_loot_template` WHERE (`entry`=39616);
INSERT INTO `creature_loot_template` VALUES 
(39616, 17057, 25.4424, 1, 0, 1, 1),
(39616, 17058, 26.1262, 1, 0, 1, 1),
(39616, 36781, 20, 1, 0, 1, 1),
(39616, 52328, 0.0003, 1, 0, 1, 1),
(39616, 52340, 15.906, 1, 0, 1, 1),
(39616, 52367, 0.0068, 1, 0, 1, 1),
(39616, 52372, 0.0052, 1, 0, 1, 1),
(39616, 52373, 0.0058, 1, 0, 1, 1),
(39616, 52378, 0.0063, 1, 0, 1, 1),
(39616, 52382, 0.0066, 1, 0, 1, 1),
(39616, 52494, 0.0036, 1, 0, 1, 1),
(39616, 52496, 0.0051, 1, 0, 1, 1),
(39616, 52719, 0.0139, 1, 0, 1, 1),
(39616, 53010, 15.8, 1, 0, 1, 6),
(39616, 55260, 0.7966, 1, 0, 1, 1),
(39616, 55261, 0.7597, 1, 0, 1, 1),
(39616, 55262, 0.7334, 1, 0, 1, 1),
(39616, 55281, 0.0093, 1, 0, 1, 1),
(39616, 55282, 0.0172, 1, 0, 1, 1),
(39616, 55283, 0.0129, 1, 0, 1, 1),
(39616, 55287, 0.035, 1, 0, 1, 1),
(39616, 55288, 0.0182, 1, 0, 1, 1),
(39616, 55290, 0.0156, 1, 0, 1, 1),
(39616, 55291, 0.0252, 1, 0, 1, 1),
(39616, 55292, 0.0112, 1, 0, 1, 1),
(39616, 55296, 0.0241, 1, 0, 1, 1),
(39616, 55299, 0.0052, 1, 0, 1, 1),
(39616, 55300, 0.0016, 1, 0, 1, 1),
(39616, 55301, 0.003, 1, 0, 1, 1),
(39616, 55304, 0.0044, 1, 0, 1, 1),
(39616, 55305, 0.0077, 1, 0, 1, 1),
(39616, 55306, 0.0051, 1, 0, 1, 1),
(39616, 55308, 0.0167, 1, 0, 1, 1),
(39616, 55309, 0.0208, 1, 0, 1, 1),
(39616, 55310, 0.0148, 1, 0, 1, 1),
(39616, 55313, 0.0255, 1, 0, 1, 1),
(39616, 55317, 0.0049, 1, 0, 1, 1),
(39616, 55318, 0.0047, 1, 0, 1, 1),
(39616, 55319, 0.0066, 1, 0, 1, 1),
(39616, 55323, 0.0071, 1, 0, 1, 1),
(39616, 55324, 0.0104, 1, 0, 1, 1),
(39616, 55326, 0.0156, 1, 0, 1, 1),
(39616, 55327, 0.0203, 1, 0, 1, 1),
(39616, 55328, 0.0107, 1, 0, 1, 1),
(39616, 55331, 0.0255, 1, 0, 1, 1),
(39616, 55332, 0.0212, 1, 0, 1, 1),
(39616, 55333, 0.0248, 1, 0, 1, 1),
(39616, 55335, 0.0085, 1, 0, 1, 1),
(39616, 55336, 0.0107, 1, 0, 1, 1),
(39616, 55337, 0.0063, 1, 0, 1, 1),
(39616, 55344, 0.0115, 1, 0, 1, 1),
(39616, 55345, 0.0285, 1, 0, 1, 1),
(39616, 55346, 0.0164, 1, 0, 1, 1),
(39616, 55351, 0.0197, 1, 0, 1, 1),
(39616, 55353, 0.0033, 1, 0, 1, 1),
(39616, 55354, 0.0025, 1, 0, 1, 1),
(39616, 55355, 0.0066, 1, 0, 1, 1),
(39616, 55358, 0.0055, 1, 0, 1, 1),
(39616, 55359, 0.0029, 1, 0, 1, 1),
(39616, 55360, 0.008, 1, 0, 1, 1),
(39616, 55362, 0.0298, 1, 0, 1, 1),
(39616, 55363, 0.035, 1, 0, 1, 1),
(39616, 55364, 0.0235, 1, 0, 1, 1),
(39616, 55369, 0.0416, 1, 0, 1, 1),
(39616, 55371, 0.0189, 1, 0, 1, 1),
(39616, 55372, 0.0364, 1, 0, 1, 1),
(39616, 55373, 0.0151, 1, 0, 1, 1),
(39616, 55377, 0.0357, 1, 0, 1, 1),
(39616, 55378, 0.0219, 1, 0, 1, 1),
(39616, 55380, 0.014, 1, 0, 1, 1),
(39616, 55381, 0.0233, 1, 0, 1, 1),
(39616, 55382, 0.0159, 1, 0, 1, 1),
(39616, 55386, 0.0299, 1, 0, 1, 1),
(39616, 55387, 0.0277, 1, 0, 1, 1),
(39616, 55389, 0.0079, 1, 0, 1, 1),
(39616, 55390, 0.0099, 1, 0, 1, 1),
(39616, 55391, 0.0077, 1, 0, 1, 1),
(39616, 55394, 0.0117, 1, 0, 1, 1),
(39616, 55395, 0.0139, 1, 0, 1, 1),
(39616, 55396, 0.016, 1, 0, 1, 1),
(39616, 55398, 0.0498, 1, 0, 1, 1),
(39616, 55399, 0.0315, 1, 0, 1, 1),
(39616, 55400, 0.0307, 1, 0, 1, 1),
(39616, 55407, 0.0066, 1, 0, 1, 1),
(39616, 55408, 0.0181, 1, 0, 1, 1),
(39616, 55409, 0.0057, 1, 0, 1, 1),
(39616, 55412, 0.0282, 1, 0, 1, 1),
(39616, 55413, 0.0124, 1, 0, 1, 1),
(39616, 55414, 0.0153, 1, 0, 1, 1),
(39616, 55416, 0.0641, 1, 0, 1, 1),
(39616, 55417, 0.0871, 1, 0, 1, 1),
(39616, 55418, 0.0739, 1, 0, 1, 1),
(39616, 55421, 0.1138, 1, 0, 1, 1),
(39616, 55422, 0.1109, 1, 0, 1, 1),
(39616, 55425, 0.0164, 1, 0, 1, 1),
(39616, 55426, 0.0186, 1, 0, 1, 1),
(39616, 55427, 0.017, 1, 0, 1, 1),
(39616, 55430, 0.0255, 1, 0, 1, 1),
(39616, 55432, 0.0299, 1, 0, 1, 1),
(39616, 55434, 0.058, 1, 0, 1, 1),
(39616, 55435, 0.0624, 1, 0, 1, 1),
(39616, 55436, 0.0482, 1, 0, 1, 1),
(39616, 55441, 0.0766, 1, 0, 1, 1),
(39616, 55443, 0.0115, 1, 0, 1, 1),
(39616, 55444, 0.0142, 1, 0, 1, 1),
(39616, 55445, 0.0093, 1, 0, 1, 1),
(39616, 55448, 0.016, 1, 0, 1, 1),
(39616, 55449, 0.0168, 1, 0, 1, 1),
(39616, 55450, 0.0131, 1, 0, 1, 1),
(39616, 55452, 0.0151, 1, 0, 1, 1),
(39616, 55453, 0.0115, 1, 0, 1, 1),
(39616, 55454, 0.0203, 1, 0, 1, 1),
(39616, 55457, 0.0348, 1, 0, 1, 1),
(39616, 55458, 0.0299, 1, 0, 1, 1),
(39616, 55459, 0.0314, 1, 0, 1, 1),
(39616, 55461, 0.0068, 1, 0, 1, 1),
(39616, 55462, 0.0074, 1, 0, 1, 1),
(39616, 55463, 0.0118, 1, 0, 1, 1),
(39616, 55467, 0.0226, 1, 0, 1, 1),
(39616, 55468, 0.0124, 1, 0, 1, 1),
(39616, 55470, 0.0041, 1, 0, 1, 1),
(39616, 55471, 0.0038, 1, 0, 1, 1),
(39616, 55472, 0.0011, 1, 0, 1, 1),
(39616, 55475, 0.0022, 1, 0, 1, 1),
(39616, 55476, 0.0022, 1, 0, 1, 1),
(39616, 55477, 0.0041, 1, 0, 1, 1),
(39616, 55479, 0.0298, 1, 0, 1, 1),
(39616, 55480, 0.0361, 1, 0, 1, 1),
(39616, 55481, 0.043, 1, 0, 1, 1),
(39616, 55485, 0.0569, 1, 0, 1, 1),
(39616, 55488, 0.0285, 1, 0, 1, 1),
(39616, 55489, 0.0235, 1, 0, 1, 1),
(39616, 55490, 0.0285, 1, 0, 1, 1),
(39616, 55493, 0.0452, 1, 0, 1, 1),
(39616, 55494, 0.0438, 1, 0, 1, 1),
(39616, 55497, 0.023, 1, 0, 1, 1),
(39616, 55498, 0.0257, 1, 0, 1, 1),
(39616, 55499, 0.023, 1, 0, 1, 1),
(39616, 55504, 0.0321, 1, 0, 1, 1),
(39616, 55506, 0.0419, 1, 0, 1, 1),
(39616, 55507, 0.0318, 1, 0, 1, 1),
(39616, 55508, 0.0323, 1, 0, 1, 1),
(39616, 55512, 0.0445, 1, 0, 1, 1),
(39616, 55513, 0.0387, 1, 0, 1, 1),
(39616, 55515, 0.0304, 1, 0, 1, 1),
(39616, 55516, 0.037, 1, 0, 1, 1),
(39616, 55517, 0.0241, 1, 0, 1, 1),
(39616, 55520, 0.0401, 1, 0, 1, 1),
(39616, 55521, 0.046, 1, 0, 1, 1),
(39616, 55524, 0.0227, 1, 0, 1, 1),
(39616, 55525, 0.0394, 1, 0, 1, 1),
(39616, 55526, 0.0216, 1, 0, 1, 1),
(39616, 55529, 0.0394, 1, 0, 1, 1),
(39616, 55530, 0.043, 1, 0, 1, 1),
(39616, 55531, 0.0496, 1, 0, 1, 1),
(39616, 55533, 0.0435, 1, 0, 1, 1),
(39616, 55534, 0.0296, 1, 0, 1, 1),
(39616, 55535, 0.0279, 1, 0, 1, 1),
(39616, 55538, 0.0387, 1, 0, 1, 1),
(39616, 55540, 0.0474, 1, 0, 1, 1),
(39616, 55542, 0.0244, 1, 0, 1, 1),
(39616, 55543, 0.0197, 1, 0, 1, 1),
(39616, 55544, 0.0304, 1, 0, 1, 1),
(39616, 55547, 0.054, 1, 0, 1, 1),
(39616, 55549, 0.0365, 1, 0, 1, 1),
(39616, 55551, 0.0282, 1, 0, 1, 1),
(39616, 55552, 0.0252, 1, 0, 1, 1),
(39616, 55553, 0.0252, 1, 0, 1, 1),
(39616, 55556, 0.0511, 1, 0, 1, 1),
(39616, 55557, 0.0481, 1, 0, 1, 1),
(39616, 55558, 0.035, 1, 0, 1, 1),
(39616, 55560, 0.0255, 1, 0, 1, 1),
(39616, 55561, 0.0287, 1, 0, 1, 1),
(39616, 55562, 0.0282, 1, 0, 1, 1),
(39616, 55566, 0.0533, 1, 0, 1, 1),
(39616, 55569, 0.0238, 1, 0, 1, 1),
(39616, 55570, 0.0205, 1, 0, 1, 1),
(39616, 55571, 0.0301, 1, 0, 1, 1),
(39616, 55575, 0.0321, 1, 0, 1, 1),
(39616, 55576, 0.0328, 1, 0, 1, 1),
(39616, 55578, 0.0282, 1, 0, 1, 1),
(39616, 55579, 0.0274, 1, 0, 1, 1),
(39616, 55580, 0.0252, 1, 0, 1, 1),
(39616, 55583, 0.0503, 1, 0, 1, 1),
(39616, 55584, 0.0452, 1, 0, 1, 1),
(39616, 55585, 0.035, 1, 0, 1, 1),
(39616, 55587, 0.037, 1, 0, 1, 1),
(39616, 55588, 0.0359, 1, 0, 1, 1),
(39616, 55589, 0.0296, 1, 0, 1, 1),
(39616, 55593, 0.0401, 1, 0, 1, 1),
(39616, 55594, 0.0474, 1, 0, 1, 1),
(39616, 55596, 0.0298, 1, 0, 1, 1),
(39616, 55597, 0.0479, 1, 0, 1, 1),
(39616, 55598, 0.0361, 1, 0, 1, 1),
(39616, 55601, 0.0635, 1, 0, 1, 1),
(39616, 55602, 0.0452, 1, 0, 1, 1),
(39616, 55603, 0.0554, 1, 0, 1, 1),
(39616, 55605, 0.0263, 1, 0, 1, 1),
(39616, 55606, 0.0271, 1, 0, 1, 1),
(39616, 55607, 0.029, 1, 0, 1, 1),
(39616, 55611, 0.0445, 1, 0, 1, 1),
(39616, 55612, 0.0518, 1, 0, 1, 1),
(39616, 55614, 0.0252, 1, 0, 1, 1),
(39616, 55615, 0.0345, 1, 0, 1, 1),
(39616, 55616, 0.0241, 1, 0, 1, 1),
(39616, 55620, 0.0416, 1, 0, 1, 1),
(39616, 55621, 0.0336, 1, 0, 1, 1),
(39616, 55623, 0.0287, 1, 0, 1, 1),
(39616, 55624, 0.0339, 1, 0, 1, 1),
(39616, 55625, 0.0293, 1, 0, 1, 1),
(39616, 55629, 0.0584, 1, 0, 1, 1),
(39616, 55630, 0.0438, 1, 0, 1, 1),
(39616, 55632, 0.023, 1, 0, 1, 1),
(39616, 55633, 0.0244, 1, 0, 1, 1),
(39616, 55634, 0.0263, 1, 0, 1, 1),
(39616, 55638, 0.0467, 1, 0, 1, 1),
(39616, 55641, 0.0222, 1, 0, 1, 1),
(39616, 55642, 0.0233, 1, 0, 1, 1),
(39616, 55643, 0.0424, 1, 0, 1, 1),
(39616, 55648, 0.0343, 1, 0, 1, 1),
(39616, 55650, 0.0296, 1, 0, 1, 1),
(39616, 55651, 0.02, 1, 0, 1, 1),
(39616, 55652, 0.0318, 1, 0, 1, 1),
(39616, 55655, 0.0365, 1, 0, 1, 1),
(39616, 55656, 0.035, 1, 0, 1, 1),
(39616, 55657, 0.0416, 1, 0, 1, 1),
(39616, 55659, 0.0222, 1, 0, 1, 1),
(39616, 55660, 0.0476, 1, 0, 1, 1),
(39616, 55661, 0.0271, 1, 0, 1, 1),
(39616, 55665, 0.0445, 1, 0, 1, 1),
(39616, 55666, 0.0438, 1, 0, 1, 1),
(39616, 55668, 0.0348, 1, 0, 1, 1),
(39616, 55669, 0.0526, 1, 0, 1, 1),
(39616, 55670, 0.0244, 1, 0, 1, 1),
(39616, 55674, 0.0423, 1, 0, 1, 1),
(39616, 55675, 0.0416, 1, 0, 1, 1),
(39616, 55677, 0.0323, 1, 0, 1, 1),
(39616, 55678, 0.0318, 1, 0, 1, 1),
(39616, 55679, 0.0222, 1, 0, 1, 1),
(39616, 55683, 0.0416, 1, 0, 1, 1),
(39616, 55684, 0.0554, 1, 0, 1, 1),
(39616, 55686, 0.0274, 1, 0, 1, 1),
(39616, 55687, 0.0238, 1, 0, 1, 1),
(39616, 55688, 0.0227, 1, 0, 1, 1),
(39616, 55691, 0.0525, 1, 0, 1, 1),
(39616, 55695, 0.0208, 1, 0, 1, 1),
(39616, 55696, 0.0342, 1, 0, 1, 1),
(39616, 55697, 0.0208, 1, 0, 1, 1),
(39616, 55701, 0.0438, 1, 0, 1, 1),
(39616, 55704, 0.0331, 1, 0, 1, 1),
(39616, 55705, 0.0441, 1, 0, 1, 1),
(39616, 55706, 0.0476, 1, 0, 1, 1),
(39616, 55711, 0.0591, 1, 0, 1, 1),
(39616, 55713, 0.0359, 1, 0, 1, 1),
(39616, 55714, 0.0312, 1, 0, 1, 1),
(39616, 55715, 0.0298, 1, 0, 1, 1),
(39616, 55719, 0.0569, 1, 0, 1, 1),
(39616, 55720, 0.0525, 1, 0, 1, 1),
(39616, 55722, 0.0416, 1, 0, 1, 1),
(39616, 55723, 0.0495, 1, 0, 1, 1),
(39616, 55724, 0.0345, 1, 0, 1, 1),
(39616, 55731, 0.0337, 1, 0, 1, 1),
(39616, 55732, 0.0542, 1, 0, 1, 1),
(39616, 55733, 0.0361, 1, 0, 1, 1),
(39616, 55736, 0.0759, 1, 0, 1, 1),
(39616, 55737, 0.062, 1, 0, 1, 1),
(39616, 55738, 0.0518, 1, 0, 1, 1),
(39616, 55740, 0.0411, 1, 0, 1, 1),
(39616, 55741, 0.0394, 1, 0, 1, 1),
(39616, 55742, 0.0408, 1, 0, 1, 1),
(39616, 55745, 0.054, 1, 0, 1, 1),
(39616, 55746, 0.0547, 1, 0, 1, 1),
(39616, 55747, 0.0569, 1, 0, 1, 1),
(39616, 55749, 0.0307, 1, 0, 1, 1),
(39616, 55750, 0.0438, 1, 0, 1, 1),
(39616, 55751, 0.0435, 1, 0, 1, 1),
(39616, 55755, 0.0657, 1, 0, 1, 1),
(39616, 55756, 0.054, 1, 0, 1, 1),
(39616, 55758, 0.0534, 1, 0, 1, 1),
(39616, 55759, 0.0353, 1, 0, 1, 1),
(39616, 55760, 0.0315, 1, 0, 1, 1),
(39616, 55767, 0.0339, 1, 0, 1, 1),
(39616, 55768, 0.0411, 1, 0, 1, 1),
(39616, 55769, 0.0337, 1, 0, 1, 1),
(39616, 58262, 3.8141, 1, 0, 1, 1),
(39616, 58263, 42.2487, 1, 0, 1, 1),
(39616, 59029, 1.8536, 1, 0, 1, 1),
(39616, 62063, 0.2714, 1, 0, 1, 1),
(39616, 62071, 0.1875, 1, 0, 1, 1),
(39616, 62073, 0.1705, 1, 0, 1, 1),
(39616, 62074, 0.1663, 1, 0, 1, 1),
(39616, 62075, 0.132, 1, 0, 1, 1),
(39616, 62076, 0.143, 1, 0, 1, 1),
(39616, 62077, 0.1809, 1, 0, 1, 1),
(39616, 62079, 0.1568, 1, 0, 1, 1),
(39616, 62080, 0.1649, 1, 0, 1, 1),
(39616, 62081, 0.1561, 1, 0, 1, 1),
(39616, 62082, 0.1583, 1, 0, 1, 1),
(39616, 62083, 0.1733, 1, 0, 1, 1),
(39616, 62084, 0.1678, 1, 0, 1, 1),
(39616, 62085, 0.1517, 1, 0, 1, 1),
(39616, 62087, 0.2174, 1, 0, 1, 1),
(39616, 62088, 0.1948, 1, 0, 1, 1),
(39616, 62089, 0.1503, 1, 0, 1, 1),
(39616, 62090, 0.1522, 1, 0, 1, 1),
(39616, 62091, 0.1692, 1, 0, 1, 1),
(39616, 62092, 0.1736, 1, 0, 1, 1),
(39616, 62093, 0.1897, 1, 0, 1, 1),
(39616, 62094, 0.1576, 1, 0, 1, 1),
(39616, 62095, 0.1459, 1, 0, 1, 1),
(39616, 62096, 0.2145, 1, 0, 1, 1),
(39616, 62097, 0.1678, 1, 0, 1, 1),
(39616, 62098, 0.1653, 1, 0, 1, 1),
(39616, 62099, 0.1488, 1, 0, 1, 1),
(39616, 62100, 0.132, 1, 0, 1, 1),
(39616, 62101, 0.1585, 1, 0, 1, 1),
(39616, 62102, 0.1667, 1, 0, 1, 1),
(39616, 62103, 0.135, 1, 0, 1, 1),
(39616, 62104, 0.1408, 1, 0, 1, 1),
(39616, 63293, 58.2624, 1, 0, 1, 1),
(39616, 63300, 16.0136, 1, 0, 1, 1),
(39616, 63312, 50.7666, 1, 0, 1, 1),
(39616, 63321, 2.7257, 1, 0, 1, 1),
(39616, 63327, 27.2572, 1, 0, 1, 1),
(39616, 63342, 0.6814, 1, 0, 1, 1),
(39616, 63349, 52.1295, 1, 0, 1, 1),
(39616, 66641, 0.0044, 1, 0, 1, 1),
(39616, 66879, 0.0014, 1, 0, 1, 1),
(39616, 66880, 0.0025, 1, 0, 1, 1),
(39616, 66882, 0.0019, 1, 0, 1, 1),
(39616, 66883, 0.0008, 1, 0, 1, 1),
(39616, 66895, 0.0025, 1, 0, 1, 1),
(39616, 66931, 0.0044, 1, 0, 1, 1),
(39616, 66952, 0.0025, 1, 0, 1, 1),
(39616, 66953, 0.0036, 1, 0, 1, 1),
(39616, 66954, 0.0022, 1, 0, 1, 1),
(39616, 66955, 0.0014, 1, 0, 1, 1),
(39616, 66956, 0.0008, 1, 0, 1, 1),
(39616, 66957, 0.0014, 1, 0, 1, 1),
(39616, 66958, 0.0027, 1, 0, 1, 1),
(39616, 66959, 0.0019, 1, 0, 1, 1),
(39616, 66968, 0.0036, 1, 0, 1, 1),
(39616, 66969, 0.0036, 1, 0, 1, 1),
(39616, 66971, 0.0029, 1, 0, 1, 1),
(39616, 66972, 0.0022, 1, 0, 1, 1),
(39616, 66973, 0.0029, 1, 0, 1, 1),
(39616, 66974, 0.0051, 1, 0, 1, 1),
(39616, 66975, 0.0044, 1, 0, 1, 1),
(39616, 66976, 0.0015, 1, 0, 1, 1),
(39616, 66977, 0.0033, 1, 0, 1, 1),
(39616, 66978, 0.0071, 1, 0, 1, 1),
(39616, 66979, 0.0003, 1, 0, 1, 1),
(39616, 66980, 0.0016, 1, 0, 1, 1),
(39616, 66981, 0.0016, 1, 0, 1, 1),
(39616, 66982, 0.0025, 1, 0, 1, 1),
(39616, 66989, 0.0036, 1, 0, 1, 1),
(39616, 66991, 0.0029, 1, 0, 1, 1),
(39616, 66992, 0.0029, 1, 0, 1, 1),
(39616, 66993, 0.0022, 1, 0, 1, 1),
(39616, 66994, 0.0044, 1, 0, 1, 1),
(39616, 67024, 0.0033, 1, 0, 1, 1),
(39616, 67027, 0.0008, 1, 0, 1, 1),
(39616, 67029, 0.0025, 1, 0, 1, 1),
(39616, 67032, 0.0025, 1, 0, 1, 1),
(39616, 67037, 0.0008, 1, 0, 1, 1),
(39616, 67040, 0.0093, 1, 0, 1, 1),
(39616, 67057, 0.0029, 1, 0, 1, 1),
(39616, 67059, 0.0029, 1, 0, 1, 1),
(39616, 67067, 0.0044, 1, 0, 1, 1),
(39616, 67069, 0.0029, 1, 0, 1, 1),
(39616, 67071, 0.006, 1, 0, 1, 1),
(39616, 67088, 0.0033, 1, 0, 1, 1),
(39616, 67098, 0.0003, 1, 0, 1, 1),
(39616, 67099, 0.0011, 1, 0, 1, 1),
(39616, 67101, 0.0022, 1, 0, 1, 1),
(39616, 67102, 0.0019, 1, 0, 1, 1),
(39616, 67103, 0.0033, 1, 0, 1, 1),
(39616, 67104, 0.0019, 1, 0, 1, 1),
(39616, 67105, 0.0025, 1, 0, 1, 1),
(39616, 67106, 0.0016, 1, 0, 1, 1),
(39616, 67109, 0.003, 1, 0, 1, 1),
(39616, 67119, 0.0079, 1, 0, 1, 1),
(39616, 67120, 0.0029, 1, 0, 1, 1),
(39616, 67122, 0.0036, 1, 0, 1, 1),
(39616, 67123, 0.0073, 1, 0, 1, 1),
(39616, 67124, 0.0022, 1, 0, 1, 1),
(39616, 67125, 0.0022, 1, 0, 1, 1),
(39616, 67126, 0.0044, 1, 0, 1, 1),
(39616, 67127, 0.0029, 1, 0, 1, 1),
(39616, 67129, 0.0014, 1, 0, 1, 1),
(39616, 67130, 0.0019, 1, 0, 1, 1),
(39616, 67132, 0.0016, 1, 0, 1, 1),
(39616, 67133, 0.0007, 1, 0, 1, 1),
(39616, 67136, 0.0019, 1, 0, 1, 1),
(39616, 67138, 0.0011, 1, 0, 1, 1),
(39616, 67139, 0.0016, 1, 0, 1, 1),
(39616, 67140, 0.0022, 1, 0, 1, 1),
(39616, 67141, 0.0027, 1, 0, 1, 1),
(39616, 67143, 0.0016, 1, 0, 1, 1),
(39616, 67144, 0.0007, 1, 0, 1, 1),
(39616, 67146, 0.0025, 1, 0, 1, 1),
(39616, 67147, 0.0014, 1, 0, 1, 1),
(39616, 67148, 0.0014, 1, 0, 1, 1),
(39616, 67149, 0.0022, 1, 0, 1, 1),
(39616, 67150, 0.0007, 1, 0, 1, 1),
(39616, 68198, 5.5, 1, 0, 1, 2),
(39616, 68729, 0.2312, 1, 0, 1, 1),
(39616, 68787, 0.0004, 1, 0, 1, 1),
(39616, 68788, 0.0008, 1, 0, 1, 1),
(39616, 68789, 0.0019, 1, 0, 1, 1),
(39616, 69820, 0.0011, 1, 0, 1, 1);


DELETE FROM `pickpocketing_loot_template` WHERE (`entry`=39616);
INSERT INTO `pickpocketing_loot_template` VALUES 
(39616, 58263, 21.9548, 1, 0, 1, 1),
(39616, 63293, 26.6998, 1, 0, 1, 1),
(39616, 63300, 8.9552, 1, 0, 1, 1),
(39616, 63312, 26.534, 1, 0, 1, 1),
(39616, 63321, 0.995, 1, 0, 1, 1),
(39616, 63327, 12.4378, 1, 0, 1, 1),
(39616, 63342, 0.3317, 1, 0, 1, 1),
(39616, 63349, 25.9536, 1, 0, 1, 1);

REPLACE INTO `creature_template` (`entry`, `difficulty_entry_1`, `difficulty_entry_2`, `difficulty_entry_3`, `KillCredit1`, `KillCredit2`, `modelid1`, `modelid2`, `modelid3`, `modelid4`, `name`, `subname`, `IconName`, `gossip_menu_id`, `minlevel`, `maxlevel`, `exp`, `faction_A`, `faction_H`, `npcflag`, `speed_walk`, `speed_run`, `scale`, `rank`, `mindmg`, `maxdmg`, `dmgschool`, `attackpower`, `dmg_multiplier`, `baseattacktime`, `rangeattacktime`, `unit_class`, `unit_flags`, `unit_flags2`, `dynamicflags`, `family`, `trainer_type`, `trainer_spell`, `trainer_class`, `trainer_race`, `minrangedmg`, `maxrangedmg`, `rangedattackpower`, `type`, `type_flags`, `lootid`, `pickpocketloot`, `skinloot`, `resistance1`, `resistance2`, `resistance3`, `resistance4`, `resistance5`, `resistance6`, `spell1`, `spell2`, `spell3`, `spell4`, `spell5`, `spell6`, `spell7`, `spell8`, `PetSpellDataId`, `VehicleId`, `mingold`, `maxgold`, `AIName`, `MovementType`, `InhabitType`, `HoverHeight`, `Health_mod`, `Mana_mod`, `Armor_mod`, `RacialLeader`, `questItem1`, `questItem2`, `questItem3`, `questItem4`, `questItem5`, `questItem6`, `movementId`, `RegenHealth`, `mechanic_immune_mask`, `flags_extra`, `ScriptName`, `WDBVerified`) VALUES (49085, 0, 0, 0, 0, 0, 37370, 0, 0, 0, 'Naz\'jar Invader (1)', '', '', 0, 85, 85, 3, 16, 16, 0, 1, 1.14286, 1, 1, 500, 750, 0, 187, 35, 2000, 2000, 1, 32832, 2048, 12, 0, 0, 0, 0, 0, 400, 600, 150, 7, 0, 39616, 39616, 0, 0, 0, 0, 0, 0, 0, 76790, 91430, 76807, 0, 0, 0, 0, 0, 0, 0, 12149, 12149, '', 0, 3, 1, 5, 1, 1, 0, 0, 0, 0, 0, 0, 0, 0, 1, 0, 0, '', 15595);

REPLACE INTO `creature_template` (`entry`, `difficulty_entry_1`, `difficulty_entry_2`, `difficulty_entry_3`, `KillCredit1`, `KillCredit2`, `modelid1`, `modelid2`, `modelid3`, `modelid4`, `name`, `subname`, `IconName`, `gossip_menu_id`, `minlevel`, `maxlevel`, `exp`, `faction_A`, `faction_H`, `npcflag`, `speed_walk`, `speed_run`, `scale`, `rank`, `mindmg`, `maxdmg`, `dmgschool`, `attackpower`, `dmg_multiplier`, `baseattacktime`, `rangeattacktime`, `unit_class`, `unit_flags`, `unit_flags2`, `dynamicflags`, `family`, `trainer_type`, `trainer_spell`, `trainer_class`, `trainer_race`, `minrangedmg`, `maxrangedmg`, `rangedattackpower`, `type`, `type_flags`, `lootid`, `pickpocketloot`, `skinloot`, `resistance1`, `resistance2`, `resistance3`, `resistance4`, `resistance5`, `resistance6`, `spell1`, `spell2`, `spell3`, `spell4`, `spell5`, `spell6`, `spell7`, `spell8`, `PetSpellDataId`, `VehicleId`, `mingold`, `maxgold`, `AIName`, `MovementType`, `InhabitType`, `HoverHeight`, `Health_mod`, `Mana_mod`, `Armor_mod`, `RacialLeader`, `questItem1`, `questItem2`, `questItem3`, `questItem4`, `questItem5`, `questItem6`, `movementId`, `RegenHealth`, `mechanic_immune_mask`, `flags_extra`, `ScriptName`, `WDBVerified`) VALUES (39960, 49066, 49066, 0, 0, 0, 32311, 32312, 31539, 32313, 'Deep Murloc Drudge', '', '', 0, 85, 85, 3, 14, 14, 0, 2, 1.42857, 1, 1, 250, 375, 0, 94, 70, 1000, 1000, 1, 32768, 2048, 0, 0, 0, 0, 0, 0, 200, 300, 75, 7, 0, 39960, 39960, 0, 0, 0, 0, 0, 0, 0, 0, 0, 0, 0, 0, 0, 0, 0, 0, 0, 0, 0, '', 0, 3, 1, 0.25, 1, 1, 0, 0, 0, 0, 0, 0, 0, 151, 1, 0, 0, '', 15595);

DELETE FROM `creature_loot_template` WHERE (`entry`=39960);
INSERT INTO `creature_loot_template` VALUES 
(39960, 63312, 100, 1, 0, 1, 1);

DELETE FROM `pickpocketing_loot_template` WHERE (`entry`=39960);
INSERT INTO `pickpocketing_loot_template` VALUES 
(39960, 58263, 28.0083, 1, 0, 1, 1),
(39960, 63293, 25, 1, 0, 1, 1),
(39960, 63312, 26.2605, 1, 0, 1, 1),
(39960, 63321, 3.7815, 1, 0, 1, 1),
(39960, 63327, 12.605, 1, 0, 1, 1),
(39960, 63349, 75, 1, 0, 1, 1);

REPLACE INTO `creature_template` (`entry`, `difficulty_entry_1`, `difficulty_entry_2`, `difficulty_entry_3`, `KillCredit1`, `KillCredit2`, `modelid1`, `modelid2`, `modelid3`, `modelid4`, `name`, `subname`, `IconName`, `gossip_menu_id`, `minlevel`, `maxlevel`, `exp`, `faction_A`, `faction_H`, `npcflag`, `speed_walk`, `speed_run`, `scale`, `rank`, `mindmg`, `maxdmg`, `dmgschool`, `attackpower`, `dmg_multiplier`, `baseattacktime`, `rangeattacktime`, `unit_class`, `unit_flags`, `unit_flags2`, `dynamicflags`, `family`, `trainer_type`, `trainer_spell`, `trainer_class`, `trainer_race`, `minrangedmg`, `maxrangedmg`, `rangedattackpower`, `type`, `type_flags`, `lootid`, `pickpocketloot`, `skinloot`, `resistance1`, `resistance2`, `resistance3`, `resistance4`, `resistance5`, `resistance6`, `spell1`, `spell2`, `spell3`, `spell4`, `spell5`, `spell6`, `spell7`, `spell8`, `PetSpellDataId`, `VehicleId`, `mingold`, `maxgold`, `AIName`, `MovementType`, `InhabitType`, `HoverHeight`, `Health_mod`, `Mana_mod`, `Armor_mod`, `RacialLeader`, `questItem1`, `questItem2`, `questItem3`, `questItem4`, `questItem5`, `questItem6`, `movementId`, `RegenHealth`, `mechanic_immune_mask`, `flags_extra`, `ScriptName`, `WDBVerified`) VALUES (49066, 0, 0, 0, 0, 0, 32311, 32312, 31539, 32313, 'Deep Murloc Drudge (1)', '', '', 0, 85, 85, 3, 14, 14, 0, 2, 1.42857, 1, 1, 500, 750, 0, 187, 35, 2000, 2000, 1, 32768, 2048, 0, 0, 0, 0, 0, 0, 400, 600, 150, 7, 0, 39960, 39960, 0, 0, 0, 0, 0, 0, 0, 0, 0, 0, 0, 0, 0, 0, 0, 0, 0, 0, 0, '', 0, 3, 1, 0.3125, 1, 1, 0, 0, 0, 0, 0, 0, 0, 151, 1, 0, 0, '', 15595);

REPLACE INTO `creature_template` (`entry`, `difficulty_entry_1`, `difficulty_entry_2`, `difficulty_entry_3`, `KillCredit1`, `KillCredit2`, `modelid1`, `modelid2`, `modelid3`, `modelid4`, `name`, `subname`, `IconName`, `gossip_menu_id`, `minlevel`, `maxlevel`, `exp`, `faction_A`, `faction_H`, `npcflag`, `speed_walk`, `speed_run`, `scale`, `rank`, `mindmg`, `maxdmg`, `dmgschool`, `attackpower`, `dmg_multiplier`, `baseattacktime`, `rangeattacktime`, `unit_class`, `unit_flags`, `unit_flags2`, `dynamicflags`, `family`, `trainer_type`, `trainer_spell`, `trainer_class`, `trainer_race`, `minrangedmg`, `maxrangedmg`, `rangedattackpower`, `type`, `type_flags`, `lootid`, `pickpocketloot`, `skinloot`, `resistance1`, `resistance2`, `resistance3`, `resistance4`, `resistance5`, `resistance6`, `spell1`, `spell2`, `spell3`, `spell4`, `spell5`, `spell6`, `spell7`, `spell8`, `PetSpellDataId`, `VehicleId`, `mingold`, `maxgold`, `AIName`, `MovementType`, `InhabitType`, `HoverHeight`, `Health_mod`, `Mana_mod`, `Armor_mod`, `RacialLeader`, `questItem1`, `questItem2`, `questItem3`, `questItem4`, `questItem5`, `questItem6`, `movementId`, `RegenHealth`, `mechanic_immune_mask`, `flags_extra`, `ScriptName`, `WDBVerified`) VALUES (40936, 49074, 49074, 0, 0, 0, 31674, 0, 0, 0, 'Faceless Watcher', '', '', 0, 81, 81, 3, 14, 14, 0, 1, 0.912699, 1, 1, 436, 654, 0, 163, 41.4, 2000, 2000, 1, 64, 2048, 0, 0, 0, 0, 0, 0, 349, 523, 130, 10, 8, 40936, 0, 0, 0, 0, 0, 0, 0, 0, 76590, 76604, 0, 0, 0, 0, 0, 0, 0, 0, 12163, 12163, '', 0, 3, 1, 13, 1, 1, 0, 0, 0, 0, 0, 0, 0, 0, 1, 0, 0, 'generic_creature', 15595);

DELETE FROM `creature_loot_template` WHERE (`entry`=40936);
INSERT INTO `creature_loot_template` VALUES 
(40936, 36251, 0.0024, 1, 0, 1, 1),
(40936, 37822, 0.0047, 1, 0, 1, 1),
(40936, 52326, 17.1823, 1, 0, 1, 1),
(40936, 52364, 0.0217, 1, 0, 1, 1),
(40936, 52365, 0.0072, 1, 0, 1, 1),
(40936, 52366, 0.0241, 1, 0, 1, 1),
(40936, 52367, 0.0072, 1, 0, 1, 1),
(40936, 52368, 0.012, 1, 0, 1, 1),
(40936, 52370, 0.0168, 1, 0, 1, 1),
(40936, 52371, 0.0217, 1, 0, 1, 1),
(40936, 52372, 0.012, 1, 0, 1, 1),
(40936, 52373, 0.0217, 1, 0, 1, 1),
(40936, 52374, 0.012, 1, 0, 1, 1),
(40936, 52375, 0.0144, 1, 0, 1, 1),
(40936, 52376, 0.0072, 1, 0, 1, 1),
(40936, 52377, 0.0093, 1, 0, 1, 1),
(40936, 52378, 0.0047, 1, 0, 1, 1),
(40936, 52379, 0.0047, 1, 0, 1, 1),
(40936, 52382, 0.0192, 1, 0, 1, 1),
(40936, 52383, 0.0144, 1, 0, 1, 1),
(40936, 52385, 0.0047, 1, 0, 1, 1),
(40936, 52386, 0.0337, 1, 0, 1, 1),
(40936, 52388, 0.0241, 1, 0, 1, 1),
(40936, 52494, 0.0072, 1, 0, 1, 1),
(40936, 52495, 0.1732, 1, 0, 1, 1),
(40936, 52496, 0.012, 1, 0, 1, 1),
(40936, 52719, 0.0326, 1, 0, 1, 1),
(40936, 55260, 3.219, 1, 0, 1, 1),
(40936, 55261, 2.9856, 1, 0, 1, 1),
(40936, 55262, 3.077, 1, 0, 1, 1),
(40936, 55282, 0.0722, 1, 0, 1, 1),
(40936, 55283, 0.0674, 1, 0, 1, 1),
(40936, 55284, 0.0842, 1, 0, 1, 1),
(40936, 55287, 0.0866, 1, 0, 1, 1),
(40936, 55288, 0.0722, 1, 0, 1, 1),
(40936, 55291, 0.0938, 1, 0, 1, 1),
(40936, 55292, 0.0818, 1, 0, 1, 1),
(40936, 55293, 0.0794, 1, 0, 1, 1),
(40936, 55296, 0.1034, 1, 0, 1, 1),
(40936, 55297, 0.0914, 1, 0, 1, 1),
(40936, 55300, 0.0048, 1, 0, 1, 1),
(40936, 55301, 0.0168, 1, 0, 1, 1),
(40936, 55302, 0.0072, 1, 0, 1, 1),
(40936, 55305, 0.0241, 1, 0, 1, 1),
(40936, 55306, 0.0265, 1, 0, 1, 1),
(40936, 55309, 0.0794, 1, 0, 1, 1),
(40936, 55310, 0.1443, 1, 0, 1, 1),
(40936, 55311, 0.0914, 1, 0, 1, 1),
(40936, 55314, 0.1299, 1, 0, 1, 1),
(40936, 55315, 0.0746, 1, 0, 1, 1),
(40936, 55318, 0.0313, 1, 0, 1, 1),
(40936, 55319, 0.0024, 1, 0, 1, 1),
(40936, 55320, 0.0096, 1, 0, 1, 1),
(40936, 55323, 0.0241, 1, 0, 1, 1),
(40936, 55324, 0.0144, 1, 0, 1, 1),
(40936, 55327, 0.0674, 1, 0, 1, 1),
(40936, 55328, 0.065, 1, 0, 1, 1),
(40936, 55329, 0.0842, 1, 0, 1, 1),
(40936, 55332, 0.0746, 1, 0, 1, 1),
(40936, 55333, 0.1131, 1, 0, 1, 1),
(40936, 55336, 0.0553, 1, 0, 1, 1),
(40936, 55337, 0.0746, 1, 0, 1, 1),
(40936, 55338, 0.065, 1, 0, 1, 1),
(40936, 55341, 0.0818, 1, 0, 1, 1),
(40936, 55342, 0.077, 1, 0, 1, 1),
(40936, 55345, 0.154, 1, 0, 1, 1),
(40936, 55346, 0.1323, 1, 0, 1, 1),
(40936, 55347, 0.0698, 1, 0, 1, 1),
(40936, 55350, 0.1251, 1, 0, 1, 1),
(40936, 55351, 0.1275, 1, 0, 1, 1),
(40936, 55354, 0.0192, 1, 0, 1, 1),
(40936, 55355, 0.0265, 1, 0, 1, 1),
(40936, 55356, 0.0096, 1, 0, 1, 1),
(40936, 55359, 0.0337, 1, 0, 1, 1),
(40936, 55360, 0.0241, 1, 0, 1, 1),
(40936, 55363, 0.1492, 1, 0, 1, 1),
(40936, 55364, 0.1708, 1, 0, 1, 1),
(40936, 55365, 0.1131, 1, 0, 1, 1),
(40936, 55368, 0.243, 1, 0, 1, 1),
(40936, 55369, 0.2695, 1, 0, 1, 1),
(40936, 55372, 0.1251, 1, 0, 1, 1),
(40936, 55373, 0.0962, 1, 0, 1, 1),
(40936, 55374, 0.0818, 1, 0, 1, 1),
(40936, 55377, 0.1564, 1, 0, 1, 1),
(40936, 55378, 0.1083, 1, 0, 1, 1),
(40936, 55381, 0.1059, 1, 0, 1, 1),
(40936, 55382, 0.1251, 1, 0, 1, 1),
(40936, 55383, 0.1155, 1, 0, 1, 1),
(40936, 55386, 0.1371, 1, 0, 1, 1),
(40936, 55387, 0.1852, 1, 0, 1, 1),
(40936, 55390, 0.0265, 1, 0, 1, 1),
(40936, 55391, 0.2093, 1, 0, 1, 1),
(40936, 55392, 0.0626, 1, 0, 1, 1),
(40936, 55395, 0.0409, 1, 0, 1, 1),
(40936, 55396, 0.101, 1, 0, 1, 1),
(40936, 55399, 0.2286, 1, 0, 1, 1),
(40936, 55400, 0.1973, 1, 0, 1, 1),
(40936, 55401, 0.2526, 1, 0, 1, 1),
(40936, 55404, 0.267, 1, 0, 1, 1),
(40936, 55405, 0.2695, 1, 0, 1, 1),
(40936, 55408, 0.0674, 1, 0, 1, 1),
(40936, 55409, 0.0601, 1, 0, 1, 1),
(40936, 55410, 0.0385, 1, 0, 1, 1),
(40936, 55413, 0.077, 1, 0, 1, 1),
(40936, 55414, 0.0962, 1, 0, 1, 1),
(40936, 55417, 0.3488, 1, 0, 1, 1),
(40936, 55418, 0.3392, 1, 0, 1, 1),
(40936, 55419, 0.4234, 1, 0, 1, 1),
(40936, 55422, 0.6424, 1, 0, 1, 1),
(40936, 55423, 0.5822, 1, 0, 1, 1),
(40936, 55426, 0.077, 1, 0, 1, 1),
(40936, 55427, 0.1227, 1, 0, 1, 1),
(40936, 55428, 0.1516, 1, 0, 1, 1),
(40936, 55431, 0.1227, 1, 0, 1, 1),
(40936, 55432, 0.0986, 1, 0, 1, 1),
(40936, 55435, 0.3055, 1, 0, 1, 1),
(40936, 55436, 0.3128, 1, 0, 1, 1),
(40936, 55437, 0.3152, 1, 0, 1, 1),
(40936, 55440, 0.3777, 1, 0, 1, 1),
(40936, 55441, 0.4306, 1, 0, 1, 1),
(40936, 55444, 0.065, 1, 0, 1, 1),
(40936, 55445, 0.0337, 1, 0, 1, 1),
(40936, 55446, 0.0601, 1, 0, 1, 1),
(40936, 55449, 0.0794, 1, 0, 1, 1),
(40936, 55450, 0.065, 1, 0, 1, 1),
(40936, 55453, 0.0505, 1, 0, 1, 1),
(40936, 55454, 0.0938, 1, 0, 1, 1),
(40936, 55455, 0.0577, 1, 0, 1, 1),
(40936, 55458, 0.1179, 1, 0, 1, 1),
(40936, 55459, 0.0601, 1, 0, 1, 1),
(40936, 55462, 0.0361, 1, 0, 1, 1),
(40936, 55463, 0.0553, 1, 0, 1, 1),
(40936, 55464, 0.1323, 1, 0, 1, 1),
(40936, 55467, 0.0481, 1, 0, 1, 1),
(40936, 55468, 0.0818, 1, 0, 1, 1),
(40936, 55471, 0.0144, 1, 0, 1, 1),
(40936, 55472, 0.0072, 1, 0, 1, 1),
(40936, 55473, 0.0072, 1, 0, 1, 1),
(40936, 55476, 0.0072, 1, 0, 1, 1),
(40936, 55477, 0.0144, 1, 0, 1, 1),
(40936, 55480, 0.2069, 1, 0, 1, 1),
(40936, 55481, 0.267, 1, 0, 1, 1),
(40936, 55482, 0.1901, 1, 0, 1, 1),
(40936, 55485, 0.2526, 1, 0, 1, 1),
(40936, 55486, 0.2887, 1, 0, 1, 1),
(40936, 55489, 0.1323, 1, 0, 1, 1),
(40936, 55490, 0.2719, 1, 0, 1, 1),
(40936, 55491, 0.1901, 1, 0, 1, 1),
(40936, 55494, 0.2598, 1, 0, 1, 1),
(40936, 55495, 0.1756, 1, 0, 1, 1),
(40936, 55498, 0.1925, 1, 0, 1, 1),
(40936, 55499, 0.1468, 1, 0, 1, 1),
(40936, 55500, 0.1371, 1, 0, 1, 1),
(40936, 55503, 0.1973, 1, 0, 1, 1),
(40936, 55504, 0.1347, 1, 0, 1, 1),
(40936, 55507, 0.101, 1, 0, 1, 1),
(40936, 55508, 0.1901, 1, 0, 1, 1),
(40936, 55509, 0.1131, 1, 0, 1, 1),
(40936, 55512, 0.1492, 1, 0, 1, 1),
(40936, 55513, 0.1756, 1, 0, 1, 1),
(40936, 55516, 0.1227, 1, 0, 1, 1),
(40936, 55517, 0.1877, 1, 0, 1, 1),
(40936, 55518, 0.2021, 1, 0, 1, 1),
(40936, 55521, 0.1516, 1, 0, 1, 1),
(40936, 55522, 0.2213, 1, 0, 1, 1),
(40936, 55525, 0.1804, 1, 0, 1, 1),
(40936, 55526, 0.2334, 1, 0, 1, 1),
(40936, 55527, 0.231, 1, 0, 1, 1),
(40936, 55530, 0.1925, 1, 0, 1, 1),
(40936, 55531, 0.2021, 1, 0, 1, 1),
(40936, 55534, 0.1564, 1, 0, 1, 1),
(40936, 55535, 0.1612, 1, 0, 1, 1),
(40936, 55536, 0.1612, 1, 0, 1, 1),
(40936, 55539, 0.2454, 1, 0, 1, 1),
(40936, 55540, 0.2454, 1, 0, 1, 1),
(40936, 55543, 0.1636, 1, 0, 1, 1),
(40936, 55544, 0.1612, 1, 0, 1, 1),
(40936, 55545, 0.1419, 1, 0, 1, 1),
(40936, 55548, 0.2021, 1, 0, 1, 1),
(40936, 55549, 0.32, 1, 0, 1, 1),
(40936, 55552, 0.1347, 1, 0, 1, 1),
(40936, 55553, 0.1828, 1, 0, 1, 1),
(40936, 55554, 0.1395, 1, 0, 1, 1),
(40936, 55557, 0.154, 1, 0, 1, 1),
(40936, 55558, 0.1468, 1, 0, 1, 1),
(40936, 55561, 0.1804, 1, 0, 1, 1),
(40936, 55562, 0.1299, 1, 0, 1, 1),
(40936, 55563, 0.1804, 1, 0, 1, 1),
(40936, 55566, 0.1828, 1, 0, 1, 1),
(40936, 55567, 0.2213, 1, 0, 1, 1),
(40936, 55570, 0.1828, 1, 0, 1, 1),
(40936, 55571, 0.1395, 1, 0, 1, 1),
(40936, 55572, 0.1299, 1, 0, 1, 1),
(40936, 55575, 0.1419, 1, 0, 1, 1),
(40936, 55576, 0.2117, 1, 0, 1, 1),
(40936, 55579, 0.2213, 1, 0, 1, 1),
(40936, 55580, 0.1877, 1, 0, 1, 1),
(40936, 55581, 0.1371, 1, 0, 1, 1),
(40936, 55584, 0.1612, 1, 0, 1, 1),
(40936, 55585, 0.2526, 1, 0, 1, 1),
(40936, 55588, 0.154, 1, 0, 1, 1),
(40936, 55589, 0.166, 1, 0, 1, 1),
(40936, 55590, 0.1973, 1, 0, 1, 1),
(40936, 55593, 0.2093, 1, 0, 1, 1),
(40936, 55594, 0.2117, 1, 0, 1, 1),
(40936, 55597, 0.178, 1, 0, 1, 1),
(40936, 55598, 0.1564, 1, 0, 1, 1),
(40936, 55599, 0.3079, 1, 0, 1, 1),
(40936, 55602, 0.2911, 1, 0, 1, 1),
(40936, 55603, 0.1756, 1, 0, 1, 1),
(40936, 55606, 0.1155, 1, 0, 1, 1),
(40936, 55607, 0.255, 1, 0, 1, 1),
(40936, 55608, 0.1468, 1, 0, 1, 1),
(40936, 55611, 0.1997, 1, 0, 1, 1),
(40936, 55612, 0.2021, 1, 0, 1, 1),
(40936, 55615, 0.2213, 1, 0, 1, 1),
(40936, 55616, 0.255, 1, 0, 1, 1),
(40936, 55617, 0.1852, 1, 0, 1, 1),
(40936, 55620, 0.2213, 1, 0, 1, 1),
(40936, 55621, 0.2478, 1, 0, 1, 1),
(40936, 55624, 0.1516, 1, 0, 1, 1),
(40936, 55625, 0.1395, 1, 0, 1, 1),
(40936, 55626, 0.1299, 1, 0, 1, 1),
(40936, 55629, 0.1732, 1, 0, 1, 1),
(40936, 55630, 0.2165, 1, 0, 1, 1),
(40936, 55633, 0.1516, 1, 0, 1, 1),
(40936, 55634, 0.1564, 1, 0, 1, 1),
(40936, 55635, 0.178, 1, 0, 1, 1),
(40936, 55638, 0.2358, 1, 0, 1, 1),
(40936, 55639, 0.1708, 1, 0, 1, 1),
(40936, 55642, 0.1588, 1, 0, 1, 1),
(40936, 55643, 0.0914, 1, 0, 1, 1),
(40936, 55644, 0.1299, 1, 0, 1, 1),
(40936, 55647, 0.2093, 1, 0, 1, 1),
(40936, 55648, 0.2261, 1, 0, 1, 1),
(40936, 55651, 0.1516, 1, 0, 1, 1),
(40936, 55652, 0.1588, 1, 0, 1, 1),
(40936, 55653, 0.1468, 1, 0, 1, 1),
(40936, 55656, 0.1901, 1, 0, 1, 1),
(40936, 55657, 0.1443, 1, 0, 1, 1),
(40936, 55660, 0.2791, 1, 0, 1, 1),
(40936, 55661, 0.1227, 1, 0, 1, 1),
(40936, 55662, 0.1516, 1, 0, 1, 1),
(40936, 55665, 0.2502, 1, 0, 1, 1),
(40936, 55666, 0.1756, 1, 0, 1, 1),
(40936, 55669, 0.1107, 1, 0, 1, 1),
(40936, 55670, 0.1468, 1, 0, 1, 1),
(40936, 55671, 0.1203, 1, 0, 1, 1),
(40936, 55674, 0.2502, 1, 0, 1, 1),
(40936, 55675, 0.166, 1, 0, 1, 1),
(40936, 55678, 0.2286, 1, 0, 1, 1),
(40936, 55679, 0.1371, 1, 0, 1, 1),
(40936, 55680, 0.3224, 1, 0, 1, 1),
(40936, 55683, 0.1949, 1, 0, 1, 1),
(40936, 55684, 0.1684, 1, 0, 1, 1),
(40936, 55687, 0.1684, 1, 0, 1, 1),
(40936, 55688, 0.1636, 1, 0, 1, 1),
(40936, 55689, 0.1323, 1, 0, 1, 1),
(40936, 55692, 0.1588, 1, 0, 1, 1),
(40936, 55693, 0.2165, 1, 0, 1, 1),
(40936, 55696, 0.1347, 1, 0, 1, 1),
(40936, 55697, 0.089, 1, 0, 1, 1),
(40936, 55698, 0.1443, 1, 0, 1, 1),
(40936, 55701, 0.1949, 1, 0, 1, 1),
(40936, 55702, 0.255, 1, 0, 1, 1),
(40936, 55705, 0.2117, 1, 0, 1, 1),
(40936, 55706, 0.1756, 1, 0, 1, 1),
(40936, 55707, 0.2502, 1, 0, 1, 1),
(40936, 55710, 0.2382, 1, 0, 1, 1),
(40936, 55711, 0.2069, 1, 0, 1, 1),
(40936, 55714, 0.1131, 1, 0, 1, 1),
(40936, 55715, 0.2141, 1, 0, 1, 1),
(40936, 55716, 0.2189, 1, 0, 1, 1),
(40936, 55719, 0.4234, 1, 0, 1, 1),
(40936, 55720, 0.2935, 1, 0, 1, 1),
(40936, 55723, 0.1925, 1, 0, 1, 1),
(40936, 55724, 0.2959, 1, 0, 1, 1),
(40936, 55725, 0.178, 1, 0, 1, 1),
(40936, 55728, 0.3152, 1, 0, 1, 1),
(40936, 55729, 0.2165, 1, 0, 1, 1),
(40936, 55732, 0.1949, 1, 0, 1, 1),
(40936, 55733, 0.2574, 1, 0, 1, 1),
(40936, 55734, 0.1973, 1, 0, 1, 1),
(40936, 55737, 0.2887, 1, 0, 1, 1),
(40936, 55738, 0.267, 1, 0, 1, 1),
(40936, 55741, 0.1877, 1, 0, 1, 1),
(40936, 55742, 0.3248, 1, 0, 1, 1),
(40936, 55743, 0.2165, 1, 0, 1, 1),
(40936, 55746, 0.2646, 1, 0, 1, 1),
(40936, 55747, 0.2358, 1, 0, 1, 1),
(40936, 55750, 0.2791, 1, 0, 1, 1),
(40936, 55751, 0.1973, 1, 0, 1, 1),
(40936, 55752, 0.243, 1, 0, 1, 1),
(40936, 55755, 0.332, 1, 0, 1, 1),
(40936, 55756, 0.3103, 1, 0, 1, 1),
(40936, 55759, 0.1516, 1, 0, 1, 1),
(40936, 55760, 0.2117, 1, 0, 1, 1),
(40936, 55761, 0.1708, 1, 0, 1, 1),
(40936, 55764, 0.3128, 1, 0, 1, 1),
(40936, 55765, 0.3464, 1, 0, 1, 1),
(40936, 55768, 0.2093, 1, 0, 1, 1),
(40936, 55769, 0.1828, 1, 0, 1, 1),
(40936, 55770, 0.1732, 1, 0, 1, 1),
(40936, 55773, 0.2815, 1, 0, 1, 1),
(40936, 55774, 0.2743, 1, 0, 1, 1),
(40936, 62063, 0.9575, 1, 0, 1, 1),
(40936, 62064, 0.7602, 1, 0, 1, 1),
(40936, 62065, 0.7915, 1, 0, 1, 1),
(40936, 62066, 0.9864, 1, 0, 1, 1),
(40936, 62067, 0.8156, 1, 0, 1, 1),
(40936, 62068, 1.0321, 1, 0, 1, 1),
(40936, 62069, 1.0562, 1, 0, 1, 1),
(40936, 62070, 0.8228, 1, 0, 1, 1),
(40936, 62071, 0.8661, 1, 0, 1, 1),
(40936, 62072, 0.7578, 1, 0, 1, 1),
(40936, 62073, 0.409, 1, 0, 1, 1),
(40936, 62074, 0.5028, 1, 0, 1, 1),
(40936, 62075, 0.332, 1, 0, 1, 1),
(40936, 62076, 0.3657, 1, 0, 1, 1),
(40936, 62077, 0.4186, 1, 0, 1, 1),
(40936, 62078, 0.3873, 1, 0, 1, 1),
(40936, 62079, 0.4138, 1, 0, 1, 1),
(40936, 62080, 0.4475, 1, 0, 1, 1),
(40936, 62081, 0.3921, 1, 0, 1, 1),
(40936, 62082, 0.421, 1, 0, 1, 1),
(40936, 62083, 0.3488, 1, 0, 1, 1),
(40936, 62084, 0.344, 1, 0, 1, 1),
(40936, 62085, 0.3777, 1, 0, 1, 1),
(40936, 62086, 0.4475, 1, 0, 1, 1),
(40936, 62087, 0.4571, 1, 0, 1, 1),
(40936, 62088, 0.3464, 1, 0, 1, 1),
(40936, 62089, 0.4403, 1, 0, 1, 1),
(40936, 62090, 0.3849, 1, 0, 1, 1),
(40936, 62091, 0.3416, 1, 0, 1, 1),
(40936, 62092, 0.421, 1, 0, 1, 1),
(40936, 62093, 0.3561, 1, 0, 1, 1),
(40936, 62094, 0.3272, 1, 0, 1, 1),
(40936, 62095, 0.4739, 1, 0, 1, 1),
(40936, 62096, 0.421, 1, 0, 1, 1),
(40936, 62097, 0.3128, 1, 0, 1, 1),
(40936, 62098, 0.3681, 1, 0, 1, 1),
(40936, 62099, 0.3368, 1, 0, 1, 1),
(40936, 62100, 0.3392, 1, 0, 1, 1),
(40936, 62101, 0.2815, 1, 0, 1, 1),
(40936, 62102, 0.332, 1, 0, 1, 1),
(40936, 62103, 0.3272, 1, 0, 1, 1),
(40936, 62104, 0.3368, 1, 0, 1, 1),
(40936, 62105, 0.2887, 1, 0, 1, 1),
(40936, 62106, 0.3681, 1, 0, 1, 1),
(40936, 62107, 0.255, 1, 0, 1, 1),
(40936, 62108, 0.3007, 1, 0, 1, 1),
(40936, 62109, 0.2574, 1, 0, 1, 1),
(40936, 62110, 0.2454, 1, 0, 1, 1),
(40936, 62111, 0.2695, 1, 0, 1, 1),
(40936, 62112, 0.3464, 1, 0, 1, 1),
(40936, 62113, 0.3152, 1, 0, 1, 1),
(40936, 62114, 0.3128, 1, 0, 1, 1),
(40936, 62115, 0.2935, 1, 0, 1, 1),
(40936, 62116, 0.231, 1, 0, 1, 1),
(40936, 62117, 0.2574, 1, 0, 1, 1),
(40936, 62118, 0.3007, 1, 0, 1, 1),
(40936, 62119, 0.2358, 1, 0, 1, 1),
(40936, 62120, 0.2382, 1, 0, 1, 1),
(40936, 62121, 0.2646, 1, 0, 1, 1),
(40936, 62122, 0.2574, 1, 0, 1, 1),
(40936, 62123, 0.2646, 1, 0, 1, 1),
(40936, 62124, 0.2406, 1, 0, 1, 1),
(40936, 62125, 0.2887, 1, 0, 1, 1),
(40936, 62126, 0.3007, 1, 0, 1, 1),
(40936, 62127, 0.2622, 1, 0, 1, 1),
(40936, 62128, 0.4018, 1, 0, 1, 1),
(40936, 62129, 0.2887, 1, 0, 1, 1),
(40936, 62130, 0.332, 1, 0, 1, 1),
(40936, 62131, 0.2478, 1, 0, 1, 1),
(40936, 62132, 0.2839, 1, 0, 1, 1),
(40936, 62133, 0.2406, 1, 0, 1, 1),
(40936, 62134, 0.2261, 1, 0, 1, 1),
(40936, 62135, 0.2695, 1, 0, 1, 1),
(40936, 62136, 0.243, 1, 0, 1, 1),
(40936, 66641, 0.0072, 1, 0, 1, 1),
(40936, 66879, 0.0024, 1, 0, 1, 1),
(40936, 66880, 0.0048, 1, 0, 1, 1),
(40936, 66882, 0.0072, 1, 0, 1, 1),
(40936, 66883, 0.0096, 1, 0, 1, 1),
(40936, 66895, 0.0048, 1, 0, 1, 1),
(40936, 66904, 0.0144, 1, 0, 1, 1),
(40936, 66916, 0.0072, 1, 0, 1, 1),
(40936, 66941, 0.0409, 1, 0, 1, 1),
(40936, 66942, 0.0217, 1, 0, 1, 1),
(40936, 66952, 0.0072, 1, 0, 1, 1),
(40936, 66953, 0.0024, 1, 0, 1, 1),
(40936, 66954, 0.0096, 1, 0, 1, 1),
(40936, 66955, 0.0048, 1, 0, 1, 1),
(40936, 66956, 0.0144, 1, 0, 1, 1),
(40936, 66957, 0.0072, 1, 0, 1, 1),
(40936, 66958, 0.0096, 1, 0, 1, 1),
(40936, 66959, 0.0096, 1, 0, 1, 1),
(40936, 66960, 0.0048, 1, 0, 1, 1),
(40936, 66961, 0.012, 1, 0, 1, 1),
(40936, 66962, 0.0048, 1, 0, 1, 1),
(40936, 66963, 0.0096, 1, 0, 1, 1),
(40936, 66972, 0.0265, 1, 0, 1, 1),
(40936, 66973, 0.0313, 1, 0, 1, 1),
(40936, 66974, 0.0192, 1, 0, 1, 1),
(40936, 66975, 0.0241, 1, 0, 1, 1),
(40936, 66976, 0.012, 1, 0, 1, 1),
(40936, 66977, 0.0024, 1, 0, 1, 1),
(40936, 66978, 0.012, 1, 0, 1, 1),
(40936, 66979, 0.0072, 1, 0, 1, 1),
(40936, 66980, 0.0601, 1, 0, 1, 1),
(40936, 66982, 0.0096, 1, 0, 1, 1),
(40936, 66983, 0.0024, 1, 0, 1, 1),
(40936, 66984, 0.0192, 1, 0, 1, 1),
(40936, 66992, 0.0168, 1, 0, 1, 1),
(40936, 66993, 0.0144, 1, 0, 1, 1),
(40936, 66994, 0.0168, 1, 0, 1, 1),
(40936, 67024, 0.0144, 1, 0, 1, 1),
(40936, 67027, 0.0072, 1, 0, 1, 1),
(40936, 67032, 0.0048, 1, 0, 1, 1),
(40936, 67037, 0.0144, 1, 0, 1, 1),
(40936, 67040, 0.0024, 1, 0, 1, 1),
(40936, 67043, 0.0024, 1, 0, 1, 1),
(40936, 67047, 0.0072, 1, 0, 1, 1),
(40936, 67067, 0.0361, 1, 0, 1, 1),
(40936, 67069, 0.0313, 1, 0, 1, 1),
(40936, 67071, 0.0048, 1, 0, 1, 1),
(40936, 67098, 0.0048, 1, 0, 1, 1),
(40936, 67099, 0.0096, 1, 0, 1, 1),
(40936, 67101, 0.0096, 1, 0, 1, 1),
(40936, 67103, 0.0072, 1, 0, 1, 1),
(40936, 67104, 0.0096, 1, 0, 1, 1),
(40936, 67105, 0.012, 1, 0, 1, 1),
(40936, 67106, 0.0024, 1, 0, 1, 1),
(40936, 67109, 0.0048, 1, 0, 1, 1),
(40936, 67111, 0.0096, 1, 0, 1, 1),
(40936, 67113, 0.012, 1, 0, 1, 1),
(40936, 67114, 0.0024, 1, 0, 1, 1),
(40936, 67123, 0.0144, 1, 0, 1, 1),
(40936, 67124, 0.0096, 1, 0, 1, 1),
(40936, 67125, 0.0217, 1, 0, 1, 1),
(40936, 67126, 0.012, 1, 0, 1, 1),
(40936, 67127, 0.0144, 1, 0, 1, 1),
(40936, 67129, 0.0024, 1, 0, 1, 1),
(40936, 67131, 0.0024, 1, 0, 1, 1),
(40936, 67132, 0.0024, 1, 0, 1, 1),
(40936, 67133, 0.0072, 1, 0, 1, 1),
(40936, 67134, 0.0024, 1, 0, 1, 1),
(40936, 67136, 0.0866, 1, 0, 1, 1),
(40936, 67137, 0.0072, 1, 0, 1, 1),
(40936, 67139, 0.0048, 1, 0, 1, 1),
(40936, 67140, 0.0024, 1, 0, 1, 1),
(40936, 67141, 0.0072, 1, 0, 1, 1),
(40936, 67142, 0.0024, 1, 0, 1, 1),
(40936, 67146, 0.0072, 1, 0, 1, 1),
(40936, 67147, 0.0024, 1, 0, 1, 1),
(40936, 67148, 0.0048, 1, 0, 1, 1),
(40936, 67149, 0.0096, 1, 0, 1, 1),
(40936, 67150, 0.0024, 1, 0, 1, 1),
(40936, 67539, 0.1564, 1, 0, 1, 1),
(40936, 68729, 0.6616, 1, 0, 1, 1),
(40936, 68781, 0.0048, 1, 0, 1, 1),
(40936, 68782, 0.0072, 1, 0, 1, 1),
(40936, 68783, 0.0024, 1, 0, 1, 1),
(40936, 68787, 0.0024, 1, 0, 1, 1),
(40936, 68788, 0.0072, 1, 0, 1, 1),
(40936, 68789, 0.0072, 1, 0, 1, 1),
(40936, 69820, 0.012, 1, 0, 1, 1);

REPLACE INTO `creature_template` (`entry`, `difficulty_entry_1`, `difficulty_entry_2`, `difficulty_entry_3`, `KillCredit1`, `KillCredit2`, `modelid1`, `modelid2`, `modelid3`, `modelid4`, `name`, `subname`, `IconName`, `gossip_menu_id`, `minlevel`, `maxlevel`, `exp`, `faction_A`, `faction_H`, `npcflag`, `speed_walk`, `speed_run`, `scale`, `rank`, `mindmg`, `maxdmg`, `dmgschool`, `attackpower`, `dmg_multiplier`, `baseattacktime`, `rangeattacktime`, `unit_class`, `unit_flags`, `unit_flags2`, `dynamicflags`, `family`, `trainer_type`, `trainer_spell`, `trainer_class`, `trainer_race`, `minrangedmg`, `maxrangedmg`, `rangedattackpower`, `type`, `type_flags`, `lootid`, `pickpocketloot`, `skinloot`, `resistance1`, `resistance2`, `resistance3`, `resistance4`, `resistance5`, `resistance6`, `spell1`, `spell2`, `spell3`, `spell4`, `spell5`, `spell6`, `spell7`, `spell8`, `PetSpellDataId`, `VehicleId`, `mingold`, `maxgold`, `AIName`, `MovementType`, `InhabitType`, `HoverHeight`, `Health_mod`, `Mana_mod`, `Armor_mod`, `RacialLeader`, `questItem1`, `questItem2`, `questItem3`, `questItem4`, `questItem5`, `questItem6`, `movementId`, `RegenHealth`, `mechanic_immune_mask`, `flags_extra`, `ScriptName`, `WDBVerified`) VALUES (49074, 0, 0, 0, 0, 0, 31674, 0, 0, 0, 'Faceless Watcher (1)', '', '', 0, 86, 86, 3, 14, 14, 0, 1, 0.912699, 1, 1, 516, 774, 0, 193, 35, 2000, 2000, 1, 64, 2048, 0, 0, 0, 0, 0, 0, 413, 619, 154, 10, 8, 40936, 0, 0, 0, 0, 0, 0, 0, 0, 76590, 76604, 0, 0, 0, 0, 0, 0, 0, 0, 12163, 12163, '', 0, 3, 1, 18, 1, 1, 0, 0, 0, 0, 0, 0, 0, 0, 1, 0, 0, '', 15595);


REPLACE INTO `creature_template` (`entry`, `difficulty_entry_1`, `difficulty_entry_2`, `difficulty_entry_3`, `KillCredit1`, `KillCredit2`, `modelid1`, `modelid2`, `modelid3`, `modelid4`, `name`, `subname`, `IconName`, `gossip_menu_id`, `minlevel`, `maxlevel`, `exp`, `faction_A`, `faction_H`, `npcflag`, `speed_walk`, `speed_run`, `scale`, `rank`, `mindmg`, `maxdmg`, `dmgschool`, `attackpower`, `dmg_multiplier`, `baseattacktime`, `rangeattacktime`, `unit_class`, `unit_flags`, `unit_flags2`, `dynamicflags`, `family`, `trainer_type`, `trainer_spell`, `trainer_class`, `trainer_race`, `minrangedmg`, `maxrangedmg`, `rangedattackpower`, `type`, `type_flags`, `lootid`, `pickpocketloot`, `skinloot`, `resistance1`, `resistance2`, `resistance3`, `resistance4`, `resistance5`, `resistance6`, `spell1`, `spell2`, `spell3`, `spell4`, `spell5`, `spell6`, `spell7`, `spell8`, `PetSpellDataId`, `VehicleId`, `mingold`, `maxgold`, `AIName`, `MovementType`, `InhabitType`, `HoverHeight`, `Health_mod`, `Mana_mod`, `Armor_mod`, `RacialLeader`, `questItem1`, `questItem2`, `questItem3`, `questItem4`, `questItem5`, `questItem6`, `movementId`, `RegenHealth`, `mechanic_immune_mask`, `flags_extra`, `ScriptName`, `WDBVerified`) VALUES (44658, 49068, 49068, 0, 0, 0, 34352, 0, 0, 0, 'Deep Murloc Invader', '', '', 0, 81, 84, 3, 1771, 1771, 0, 1, 1.14286, 1, 0, 550, 950, 0, 36, 7, 1500, 1500, 1, 0, 2048, 0, 0, 0, 0, 0, 0, 290, 435, 109, 10, 8, 0, 0, 0, 0, 0, 0, 0, 0, 0, 0, 0, 0, 0, 0, 0, 0, 0, 0, 0, 0, 0, '', 0, 3, 1, 0.268911, 1, 1, 0, 0, 0, 0, 0, 0, 0, 0, 1, 0, 0, '', 15595);


REPLACE INTO `creature_template` (`entry`, `difficulty_entry_1`, `difficulty_entry_2`, `difficulty_entry_3`, `KillCredit1`, `KillCredit2`, `modelid1`, `modelid2`, `modelid3`, `modelid4`, `name`, `subname`, `IconName`, `gossip_menu_id`, `minlevel`, `maxlevel`, `exp`, `faction_A`, `faction_H`, `npcflag`, `speed_walk`, `speed_run`, `scale`, `rank`, `mindmg`, `maxdmg`, `dmgschool`, `attackpower`, `dmg_multiplier`, `baseattacktime`, `rangeattacktime`, `unit_class`, `unit_flags`, `unit_flags2`, `dynamicflags`, `family`, `trainer_type`, `trainer_spell`, `trainer_class`, `trainer_race`, `minrangedmg`, `maxrangedmg`, `rangedattackpower`, `type`, `type_flags`, `lootid`, `pickpocketloot`, `skinloot`, `resistance1`, `resistance2`, `resistance3`, `resistance4`, `resistance5`, `resistance6`, `spell1`, `spell2`, `spell3`, `spell4`, `spell5`, `spell6`, `spell7`, `spell8`, `PetSpellDataId`, `VehicleId`, `mingold`, `maxgold`, `AIName`, `MovementType`, `InhabitType`, `HoverHeight`, `Health_mod`, `Mana_mod`, `Armor_mod`, `RacialLeader`, `questItem1`, `questItem2`, `questItem3`, `questItem4`, `questItem5`, `questItem6`, `movementId`, `RegenHealth`, `mechanic_immune_mask`, `flags_extra`, `ScriptName`, `WDBVerified`) VALUES (49068, 0, 0, 0, 0, 0, 34352, 0, 0, 0, 'Deep Murloc Invader (1)', '', '', 0, 86, 86, 3, 1771, 1771, 0, 1, 1.14286, 1, 0, 550, 950, 0, 36, 7, 2000, 2000, 1, 0, 2048, 0, 0, 0, 0, 0, 0, 413, 619, 154, 10, 8, 0, 0, 0, 0, 0, 0, 0, 0, 0, 0, 0, 0, 0, 0, 0, 0, 0, 0, 0, 0, 0, '', 0, 3, 1, 0.249392, 1, 1, 0, 0, 0, 0, 0, 0, 0, 0, 1, 0, 0, '', 15595);
