REPLACE INTO `creature_template` (`entry`, `difficulty_entry_1`, `difficulty_entry_2`, `difficulty_entry_3`, `KillCredit1`, `KillCredit2`, `modelid1`, `modelid2`, `modelid3`, `modelid4`, `name`, `subname`, `IconName`, `gossip_menu_id`, `minlevel`, `maxlevel`, `exp`, `faction_A`, `faction_H`, `npcflag`, `speed_walk`, `speed_run`, `scale`, `rank`, `mindmg`, `maxdmg`, `dmgschool`, `attackpower`, `dmg_multiplier`, `baseattacktime`, `rangeattacktime`, `unit_class`, `unit_flags`, `unit_flags2`, `dynamicflags`, `family`, `trainer_type`, `trainer_spell`, `trainer_class`, `trainer_race`, `minrangedmg`, `maxrangedmg`, `rangedattackpower`, `type`, `type_flags`, `lootid`, `pickpocketloot`, `skinloot`, `resistance1`, `resistance2`, `resistance3`, `resistance4`, `resistance5`, `resistance6`, `spell1`, `spell2`, `spell3`, `spell4`, `spell5`, `spell6`, `spell7`, `spell8`, `PetSpellDataId`, `VehicleId`, `mingold`, `maxgold`, `AIName`, `MovementType`, `InhabitType`, `HoverHeight`, `Health_mod`, `Mana_mod`, `Armor_mod`, `RacialLeader`, `questItem1`, `questItem2`, `questItem3`, `questItem4`, `questItem5`, `questItem6`, `movementId`, `RegenHealth`, `mechanic_immune_mask`, `flags_extra`, `ScriptName`, `WDBVerified`) VALUES (39708, 39709, 39709, 0, 0, 0, 34088, 34089, 0, 0, 'Twilight Flame Caller', '', '', 0, 85, 85, 3, 16, 16, 0, 1, 1.14286, 1, 1, 500, 750, 0, 187, 35, 2000, 2000, 1, 32832, 2048, 12, 0, 0, 0, 0, 0, 400, 600, 150, 7, 8, 39708, 39708, 0, 0, 0, 0, 0, 0, 0, 93633, 76473, 76325, 0, 0, 0, 0, 0, 0, 0, 12193, 12193, '', 0, 3, 1, 4, 5, 1, 0, 0, 0, 0, 0, 0, 0, 0, 1, 0, 0, 'generic_creature', 15595);

DELETE FROM `creature_loot_template` WHERE (`entry`=39708);
INSERT INTO `creature_loot_template` VALUES 
(39708, 43624, 0.0241, 1, 0, 1, 1),
(39708, 44310, 0.0008, 1, 0, 1, 1),
(39708, 52363, 0.0098, 1, 0, 1, 1),
(39708, 52365, 0.0083, 1, 0, 1, 1),
(39708, 52366, 0.0051, 1, 0, 1, 1),
(39708, 52367, 0.0128, 1, 0, 1, 1),
(39708, 52368, 0.0075, 1, 0, 1, 1),
(39708, 52369, 0.0068, 1, 0, 1, 1),
(39708, 52371, 0.0075, 1, 0, 1, 1),
(39708, 52373, 0.006, 1, 0, 1, 1),
(39708, 52374, 0.0128, 1, 0, 1, 1),
(39708, 52375, 0.0053, 1, 0, 1, 1),
(39708, 52376, 0.0075, 1, 0, 1, 1),
(39708, 52378, 0.0083, 1, 0, 1, 1),
(39708, 52379, 0.0113, 1, 0, 1, 1),
(39708, 52382, 0.0121, 1, 0, 1, 1),
(39708, 52383, 0.0075, 1, 0, 1, 1),
(39708, 52385, 0.0083, 1, 0, 1, 1),
(39708, 52386, 0.006, 1, 0, 1, 1),
(39708, 52388, 0.0166, 1, 0, 1, 1),
(39708, 52495, 0.0151, 1, 0, 1, 1),
(39708, 52496, 0.0068, 1, 0, 1, 1),
(39708, 52719, 0.0154, 1, 0, 1, 1),
(39708, 53010, 28.2, 1, 0, 1, 6),
(39708, 55281, 0.0339, 1, 0, 1, 1),
(39708, 55282, 0.0354, 1, 0, 1, 1),
(39708, 55283, 0.0452, 1, 0, 1, 1),
(39708, 55286, 0.0294, 1, 0, 1, 1),
(39708, 55287, 0.0369, 1, 0, 1, 1),
(39708, 55288, 0.0291, 1, 0, 1, 1),
(39708, 55290, 0.0302, 1, 0, 1, 1),
(39708, 55291, 0.0369, 1, 0, 1, 1),
(39708, 55292, 0.0332, 1, 0, 1, 1),
(39708, 55295, 0.0385, 1, 0, 1, 1),
(39708, 55297, 0.0291, 1, 0, 1, 1),
(39708, 55299, 0.0083, 1, 0, 1, 1),
(39708, 55300, 0.0075, 1, 0, 1, 1),
(39708, 55301, 0.0023, 1, 0, 1, 1),
(39708, 55304, 0.0075, 1, 0, 1, 1),
(39708, 55305, 0.0121, 1, 0, 1, 1),
(39708, 55306, 0.0017, 1, 0, 1, 1),
(39708, 55308, 0.0302, 1, 0, 1, 1),
(39708, 55309, 0.046, 1, 0, 1, 1),
(39708, 55310, 0.0498, 1, 0, 1, 1),
(39708, 55313, 0.0626, 1, 0, 1, 1),
(39708, 55314, 0.052, 1, 0, 1, 1),
(39708, 55315, 0.0611, 1, 0, 1, 1),
(39708, 55317, 0.0113, 1, 0, 1, 1),
(39708, 55318, 0.0136, 1, 0, 1, 1),
(39708, 55319, 0.0068, 1, 0, 1, 1),
(39708, 55322, 0.0083, 1, 0, 1, 1),
(39708, 55324, 0.0098, 1, 0, 1, 1),
(39708, 55326, 0.0369, 1, 0, 1, 1),
(39708, 55327, 0.0362, 1, 0, 1, 1),
(39708, 55328, 0.0332, 1, 0, 1, 1),
(39708, 55331, 0.0377, 1, 0, 1, 1),
(39708, 55332, 0.0392, 1, 0, 1, 1),
(39708, 55333, 0.0415, 1, 0, 1, 1),
(39708, 55335, 0.0166, 1, 0, 1, 1),
(39708, 55336, 0.0226, 1, 0, 1, 1),
(39708, 55337, 0.0226, 1, 0, 1, 1),
(39708, 55340, 0.0256, 1, 0, 1, 1),
(39708, 55341, 0.0324, 1, 0, 1, 1),
(39708, 55342, 0.0317, 1, 0, 1, 1),
(39708, 55344, 0.0468, 1, 0, 1, 1),
(39708, 55345, 0.0369, 1, 0, 1, 1),
(39708, 55346, 0.0294, 1, 0, 1, 1),
(39708, 55349, 0.0528, 1, 0, 1, 1),
(39708, 55350, 0.04, 1, 0, 1, 1),
(39708, 55351, 0.0377, 1, 0, 1, 1),
(39708, 55353, 0.006, 1, 0, 1, 1),
(39708, 55354, 0.0113, 1, 0, 1, 1),
(39708, 55355, 0.006, 1, 0, 1, 1),
(39708, 55359, 0.0098, 1, 0, 1, 1),
(39708, 55360, 0.009, 1, 0, 1, 1),
(39708, 55362, 0.0648, 1, 0, 1, 1),
(39708, 55363, 0.0784, 1, 0, 1, 1),
(39708, 55364, 0.0664, 1, 0, 1, 1),
(39708, 55367, 0.0958, 1, 0, 1, 1),
(39708, 55368, 0.0769, 1, 0, 1, 1),
(39708, 55369, 0.1071, 1, 0, 1, 1),
(39708, 55371, 0.0633, 1, 0, 1, 1),
(39708, 55372, 0.0407, 1, 0, 1, 1),
(39708, 55373, 0.043, 1, 0, 1, 1),
(39708, 55376, 0.0543, 1, 0, 1, 1),
(39708, 55377, 0.0498, 1, 0, 1, 1),
(39708, 55378, 0.0626, 1, 0, 1, 1),
(39708, 55380, 0.0452, 1, 0, 1, 1),
(39708, 55381, 0.0483, 1, 0, 1, 1),
(39708, 55382, 0.0317, 1, 0, 1, 1),
(39708, 55385, 0.0528, 1, 0, 1, 1),
(39708, 55386, 0.0596, 1, 0, 1, 1),
(39708, 55387, 0.0223, 1, 0, 1, 1),
(39708, 55389, 0.0234, 1, 0, 1, 1),
(39708, 55390, 0.0347, 1, 0, 1, 1),
(39708, 55391, 0.0271, 1, 0, 1, 1),
(39708, 55394, 0.0347, 1, 0, 1, 1),
(39708, 55395, 0.0294, 1, 0, 1, 1),
(39708, 55398, 0.092, 1, 0, 1, 1),
(39708, 55399, 0.1124, 1, 0, 1, 1),
(39708, 55400, 0.1041, 1, 0, 1, 1),
(39708, 55403, 0.132, 1, 0, 1, 1),
(39708, 55404, 0.1297, 1, 0, 1, 1),
(39708, 55405, 0.0651, 1, 0, 1, 1),
(39708, 55407, 0.0264, 1, 0, 1, 1),
(39708, 55408, 0.0234, 1, 0, 1, 1),
(39708, 55409, 0.0264, 1, 0, 1, 1),
(39708, 55412, 0.0256, 1, 0, 1, 1),
(39708, 55413, 0.0354, 1, 0, 1, 1),
(39708, 55414, 0.0309, 1, 0, 1, 1),
(39708, 55416, 0.1915, 1, 0, 1, 1),
(39708, 55417, 0.2164, 1, 0, 1, 1),
(39708, 55418, 0.2194, 1, 0, 1, 1),
(39708, 55421, 0.2285, 1, 0, 1, 1),
(39708, 55422, 0.2473, 1, 0, 1, 1),
(39708, 55423, 0.2285, 1, 0, 1, 1),
(39708, 55425, 0.0686, 1, 0, 1, 1),
(39708, 55426, 0.0392, 1, 0, 1, 1),
(39708, 55427, 0.049, 1, 0, 1, 1),
(39708, 55430, 0.0731, 1, 0, 1, 1),
(39708, 55431, 0.0573, 1, 0, 1, 1),
(39708, 55432, 0.0633, 1, 0, 1, 1),
(39708, 55434, 0.1764, 1, 0, 1, 1),
(39708, 55435, 0.1448, 1, 0, 1, 1),
(39708, 55436, 0.1576, 1, 0, 1, 1),
(39708, 55439, 0.1938, 1, 0, 1, 1),
(39708, 55440, 0.1795, 1, 0, 1, 1),
(39708, 55441, 0.2089, 1, 0, 1, 1),
(39708, 55443, 0.0181, 1, 0, 1, 1),
(39708, 55444, 0.0332, 1, 0, 1, 1),
(39708, 55445, 0.0249, 1, 0, 1, 1),
(39708, 55448, 0.0279, 1, 0, 1, 1),
(39708, 55449, 0.0362, 1, 0, 1, 1),
(39708, 55450, 0.0302, 1, 0, 1, 1),
(39708, 55452, 0.0377, 1, 0, 1, 1),
(39708, 55453, 0.0249, 1, 0, 1, 1),
(39708, 55454, 0.0468, 1, 0, 1, 1),
(39708, 55457, 0.043, 1, 0, 1, 1),
(39708, 55458, 0.0452, 1, 0, 1, 1),
(39708, 55459, 0.055, 1, 0, 1, 1),
(39708, 55461, 0.0271, 1, 0, 1, 1),
(39708, 55462, 0.0256, 1, 0, 1, 1),
(39708, 55463, 0.0249, 1, 0, 1, 1),
(39708, 55466, 0.0234, 1, 0, 1, 1),
(39708, 55467, 0.0256, 1, 0, 1, 1),
(39708, 55470, 0.0053, 1, 0, 1, 1),
(39708, 55471, 0.0023, 1, 0, 1, 1),
(39708, 55472, 0.0053, 1, 0, 1, 1),
(39708, 55475, 0.0068, 1, 0, 1, 1),
(39708, 55476, 0.0051, 1, 0, 1, 1),
(39708, 55477, 0.0121, 1, 0, 1, 1),
(39708, 55479, 0.1018, 1, 0, 1, 1),
(39708, 55480, 0.092, 1, 0, 1, 1),
(39708, 55481, 0.1214, 1, 0, 1, 1),
(39708, 55484, 0.0702, 1, 0, 1, 1),
(39708, 55485, 0.1169, 1, 0, 1, 1),
(39708, 55486, 0.0822, 1, 0, 1, 1),
(39708, 55488, 0.0671, 1, 0, 1, 1),
(39708, 55489, 0.0573, 1, 0, 1, 1),
(39708, 55490, 0.0611, 1, 0, 1, 1),
(39708, 55493, 0.1086, 1, 0, 1, 1),
(39708, 55494, 0.0664, 1, 0, 1, 1),
(39708, 55495, 0.0531, 1, 0, 1, 1),
(39708, 55497, 0.1199, 1, 0, 1, 1),
(39708, 55498, 0.0596, 1, 0, 1, 1),
(39708, 55499, 0.0837, 1, 0, 1, 1),
(39708, 55502, 0.0581, 1, 0, 1, 1),
(39708, 55503, 0.0754, 1, 0, 1, 1),
(39708, 55504, 0.0762, 1, 0, 1, 1),
(39708, 55506, 0.0648, 1, 0, 1, 1),
(39708, 55507, 0.0656, 1, 0, 1, 1),
(39708, 55508, 0.0686, 1, 0, 1, 1),
(39708, 55511, 0.0664, 1, 0, 1, 1),
(39708, 55512, 0.0875, 1, 0, 1, 1),
(39708, 55513, 0.0325, 1, 0, 1, 1),
(39708, 55515, 0.0671, 1, 0, 1, 1),
(39708, 55516, 0.0746, 1, 0, 1, 1),
(39708, 55517, 0.0709, 1, 0, 1, 1),
(39708, 55520, 0.0905, 1, 0, 1, 1),
(39708, 55521, 0.0965, 1, 0, 1, 1),
(39708, 55522, 0.0497, 1, 0, 1, 1),
(39708, 55524, 0.0845, 1, 0, 1, 1),
(39708, 55525, 0.0958, 1, 0, 1, 1),
(39708, 55526, 0.0875, 1, 0, 1, 1),
(39708, 55529, 0.0905, 1, 0, 1, 1),
(39708, 55530, 0.0784, 1, 0, 1, 1),
(39708, 55531, 0.095, 1, 0, 1, 1),
(39708, 55533, 0.0746, 1, 0, 1, 1),
(39708, 55534, 0.0822, 1, 0, 1, 1),
(39708, 55535, 0.0618, 1, 0, 1, 1),
(39708, 55538, 0.0814, 1, 0, 1, 1),
(39708, 55539, 0.0799, 1, 0, 1, 1),
(39708, 55540, 0.1184, 1, 0, 1, 1),
(39708, 55542, 0.1101, 1, 0, 1, 1),
(39708, 55543, 0.0822, 1, 0, 1, 1),
(39708, 55544, 0.1018, 1, 0, 1, 1),
(39708, 55547, 0.0927, 1, 0, 1, 1),
(39708, 55548, 0.0943, 1, 0, 1, 1),
(39708, 55549, 0.0912, 1, 0, 1, 1),
(39708, 55551, 0.0603, 1, 0, 1, 1),
(39708, 55552, 0.0731, 1, 0, 1, 1),
(39708, 55553, 0.0679, 1, 0, 1, 1),
(39708, 55556, 0.0822, 1, 0, 1, 1),
(39708, 55557, 0.0829, 1, 0, 1, 1),
(39708, 55558, 0.0428, 1, 0, 1, 1),
(39708, 55560, 0.0724, 1, 0, 1, 1),
(39708, 55561, 0.0731, 1, 0, 1, 1),
(39708, 55562, 0.0694, 1, 0, 1, 1),
(39708, 55565, 0.0822, 1, 0, 1, 1),
(39708, 55566, 0.0769, 1, 0, 1, 1),
(39708, 55567, 0.0935, 1, 0, 1, 1),
(39708, 55569, 0.0829, 1, 0, 1, 1),
(39708, 55570, 0.095, 1, 0, 1, 1),
(39708, 55571, 0.089, 1, 0, 1, 1),
(39708, 55574, 0.0769, 1, 0, 1, 1),
(39708, 55575, 0.0807, 1, 0, 1, 1),
(39708, 55576, 0.0462, 1, 0, 1, 1),
(39708, 55578, 0.0618, 1, 0, 1, 1),
(39708, 55579, 0.0754, 1, 0, 1, 1),
(39708, 55580, 0.0535, 1, 0, 1, 1),
(39708, 55583, 0.0935, 1, 0, 1, 1),
(39708, 55584, 0.0716, 1, 0, 1, 1),
(39708, 55585, 0.0445, 1, 0, 1, 1),
(39708, 55587, 0.0822, 1, 0, 1, 1),
(39708, 55588, 0.0679, 1, 0, 1, 1),
(39708, 55589, 0.052, 1, 0, 1, 1),
(39708, 55592, 0.0709, 1, 0, 1, 1),
(39708, 55593, 0.0462, 1, 0, 1, 1),
(39708, 55594, 0.086, 1, 0, 1, 1),
(39708, 55596, 0.0641, 1, 0, 1, 1),
(39708, 55597, 0.098, 1, 0, 1, 1),
(39708, 55598, 0.0671, 1, 0, 1, 1),
(39708, 55601, 0.0777, 1, 0, 1, 1),
(39708, 55602, 0.0882, 1, 0, 1, 1),
(39708, 55603, 0.0411, 1, 0, 1, 1),
(39708, 55605, 0.1237, 1, 0, 1, 1),
(39708, 55606, 0.049, 1, 0, 1, 1),
(39708, 55607, 0.0633, 1, 0, 1, 1),
(39708, 55610, 0.1169, 1, 0, 1, 1),
(39708, 55611, 0.0829, 1, 0, 1, 1),
(39708, 55612, 0.0965, 1, 0, 1, 1),
(39708, 55614, 0.0701, 1, 0, 1, 1),
(39708, 55615, 0.0588, 1, 0, 1, 1),
(39708, 55616, 0.1018, 1, 0, 1, 1),
(39708, 55619, 0.0792, 1, 0, 1, 1),
(39708, 55620, 0.0912, 1, 0, 1, 1),
(39708, 55621, 0.0807, 1, 0, 1, 1),
(39708, 55623, 0.0716, 1, 0, 1, 1),
(39708, 55624, 0.0799, 1, 0, 1, 1),
(39708, 55625, 0.0528, 1, 0, 1, 1),
(39708, 55628, 0.0822, 1, 0, 1, 1),
(39708, 55629, 0.0762, 1, 0, 1, 1),
(39708, 55630, 0.0582, 1, 0, 1, 1),
(39708, 55632, 0.0475, 1, 0, 1, 1),
(39708, 55633, 0.0935, 1, 0, 1, 1),
(39708, 55634, 0.0905, 1, 0, 1, 1),
(39708, 55637, 0.0611, 1, 0, 1, 1),
(39708, 55638, 0.0799, 1, 0, 1, 1),
(39708, 55639, 0.0807, 1, 0, 1, 1),
(39708, 55641, 0.0739, 1, 0, 1, 1),
(39708, 55642, 0.0792, 1, 0, 1, 1),
(39708, 55643, 0.0528, 1, 0, 1, 1),
(39708, 55646, 0.0724, 1, 0, 1, 1),
(39708, 55647, 0.0377, 1, 0, 1, 1),
(39708, 55648, 0.0822, 1, 0, 1, 1),
(39708, 55650, 0.055, 1, 0, 1, 1),
(39708, 55651, 0.0716, 1, 0, 1, 1),
(39708, 55652, 0.0664, 1, 0, 1, 1),
(39708, 55655, 0.0762, 1, 0, 1, 1),
(39708, 55656, 0.0724, 1, 0, 1, 1),
(39708, 55657, 0.0716, 1, 0, 1, 1),
(39708, 55659, 0.1199, 1, 0, 1, 1),
(39708, 55660, 0.0867, 1, 0, 1, 1),
(39708, 55661, 0.098, 1, 0, 1, 1),
(39708, 55664, 0.0746, 1, 0, 1, 1),
(39708, 55665, 0.1071, 1, 0, 1, 1),
(39708, 55666, 0.0739, 1, 0, 1, 1),
(39708, 55668, 0.0897, 1, 0, 1, 1),
(39708, 55669, 0.0792, 1, 0, 1, 1),
(39708, 55670, 0.0716, 1, 0, 1, 1),
(39708, 55673, 0.0664, 1, 0, 1, 1),
(39708, 55674, 0.0784, 1, 0, 1, 1),
(39708, 55675, 0.0837, 1, 0, 1, 1),
(39708, 55677, 0.0611, 1, 0, 1, 1),
(39708, 55678, 0.0822, 1, 0, 1, 1),
(39708, 55679, 0.0739, 1, 0, 1, 1),
(39708, 55682, 0.0852, 1, 0, 1, 1),
(39708, 55683, 0.0762, 1, 0, 1, 1),
(39708, 55684, 0.0428, 1, 0, 1, 1),
(39708, 55686, 0.055, 1, 0, 1, 1),
(39708, 55687, 0.1124, 1, 0, 1, 1),
(39708, 55688, 0.0784, 1, 0, 1, 1),
(39708, 55691, 0.0611, 1, 0, 1, 1),
(39708, 55692, 0.0875, 1, 0, 1, 1),
(39708, 55693, 0.0762, 1, 0, 1, 1),
(39708, 55695, 0.0475, 1, 0, 1, 1),
(39708, 55696, 0.0701, 1, 0, 1, 1),
(39708, 55697, 0.0596, 1, 0, 1, 1),
(39708, 55700, 0.1018, 1, 0, 1, 1),
(39708, 55701, 0.0746, 1, 0, 1, 1),
(39708, 55702, 0.0497, 1, 0, 1, 1),
(39708, 55704, 0.0927, 1, 0, 1, 1),
(39708, 55705, 0.1101, 1, 0, 1, 1),
(39708, 55706, 0.1335, 1, 0, 1, 1),
(39708, 55709, 0.1259, 1, 0, 1, 1),
(39708, 55710, 0.1056, 1, 0, 1, 1),
(39708, 55711, 0.0616, 1, 0, 1, 1),
(39708, 55713, 0.089, 1, 0, 1, 1),
(39708, 55714, 0.1154, 1, 0, 1, 1),
(39708, 55715, 0.0867, 1, 0, 1, 1),
(39708, 55718, 0.0927, 1, 0, 1, 1),
(39708, 55719, 0.1041, 1, 0, 1, 1),
(39708, 55720, 0.0719, 1, 0, 1, 1),
(39708, 55722, 0.1184, 1, 0, 1, 1),
(39708, 55723, 0.101, 1, 0, 1, 1),
(39708, 55724, 0.0641, 1, 0, 1, 1),
(39708, 55727, 0.1704, 1, 0, 1, 1),
(39708, 55728, 0.1237, 1, 0, 1, 1),
(39708, 55729, 0.1078, 1, 0, 1, 1),
(39708, 55731, 0.098, 1, 0, 1, 1),
(39708, 55732, 0.1169, 1, 0, 1, 1),
(39708, 55733, 0.1206, 1, 0, 1, 1),
(39708, 55736, 0.089, 1, 0, 1, 1),
(39708, 55737, 0.1395, 1, 0, 1, 1),
(39708, 55738, 0.1131, 1, 0, 1, 1),
(39708, 55740, 0.0912, 1, 0, 1, 1),
(39708, 55741, 0.1101, 1, 0, 1, 1),
(39708, 55742, 0.1048, 1, 0, 1, 1),
(39708, 55745, 0.1304, 1, 0, 1, 1),
(39708, 55746, 0.1274, 1, 0, 1, 1),
(39708, 55747, 0.0856, 1, 0, 1, 1),
(39708, 55749, 0.1169, 1, 0, 1, 1),
(39708, 55750, 0.132, 1, 0, 1, 1),
(39708, 55751, 0.0716, 1, 0, 1, 1),
(39708, 55754, 0.1086, 1, 0, 1, 1),
(39708, 55755, 0.1244, 1, 0, 1, 1),
(39708, 55756, 0.0616, 1, 0, 1, 1),
(39708, 55758, 0.1086, 1, 0, 1, 1),
(39708, 55759, 0.1297, 1, 0, 1, 1),
(39708, 55760, 0.1056, 1, 0, 1, 1),
(39708, 55763, 0.1237, 1, 0, 1, 1),
(39708, 55764, 0.1101, 1, 0, 1, 1),
(39708, 55765, 0.1621, 1, 0, 1, 1),
(39708, 55767, 0.086, 1, 0, 1, 1),
(39708, 55768, 0.1093, 1, 0, 1, 1),
(39708, 55769, 0.0822, 1, 0, 1, 1),
(39708, 55772, 0.1101, 1, 0, 1, 1),
(39708, 55773, 0.1108, 1, 0, 1, 1),
(39708, 55774, 0.0908, 1, 0, 1, 1),
(39708, 55789, 1.4176, 1, 0, 1, 1),
(39708, 55790, 1.4726, 1, 0, 1, 1),
(39708, 55791, 1.6219, 1, 0, 1, 1),
(39708, 58256, 4.3, 1, 0, 1, 1),
(39708, 58268, 8.0636, 1, 0, 1, 1),
(39708, 58269, 27.1845, 1, 0, 1, 1),
(39708, 62063, 0.4328, 1, 0, 1, 1),
(39708, 62064, 0.377, 1, 0, 1, 1),
(39708, 62065, 0.3981, 1, 0, 1, 1),
(39708, 62066, 0.3763, 1, 0, 1, 1),
(39708, 62067, 0.4373, 1, 0, 1, 1),
(39708, 62068, 0.4185, 1, 0, 1, 1),
(39708, 62069, 0.4011, 1, 0, 1, 1),
(39708, 62070, 0.4449, 1, 0, 1, 1),
(39708, 62071, 0.3318, 1, 0, 1, 1),
(39708, 62072, 0.3665, 1, 0, 1, 1),
(39708, 62073, 0.3288, 1, 0, 1, 1),
(39708, 62074, 0.3144, 1, 0, 1, 1),
(39708, 62075, 0.2707, 1, 0, 1, 1),
(39708, 62076, 0.3076, 1, 0, 1, 1),
(39708, 62077, 0.3197, 1, 0, 1, 1),
(39708, 62078, 0.3076, 1, 0, 1, 1),
(39708, 62079, 0.3024, 1, 0, 1, 1),
(39708, 62080, 0.2941, 1, 0, 1, 1),
(39708, 62081, 0.2858, 1, 0, 1, 1),
(39708, 62082, 0.2911, 1, 0, 1, 1),
(39708, 62083, 0.3295, 1, 0, 1, 1),
(39708, 62084, 0.2556, 1, 0, 1, 1),
(39708, 62085, 0.2752, 1, 0, 1, 1),
(39708, 62086, 0.3114, 1, 0, 1, 1),
(39708, 62087, 0.288, 1, 0, 1, 1),
(39708, 62088, 0.3024, 1, 0, 1, 1),
(39708, 62089, 0.2624, 1, 0, 1, 1),
(39708, 62090, 0.2217, 1, 0, 1, 1),
(39708, 62091, 0.2956, 1, 0, 1, 1),
(39708, 62092, 0.3175, 1, 0, 1, 1),
(39708, 62093, 0.2722, 1, 0, 1, 1),
(39708, 62094, 0.2232, 1, 0, 1, 1),
(39708, 62095, 0.3084, 1, 0, 1, 1),
(39708, 62096, 0.3046, 1, 0, 1, 1),
(39708, 62097, 0.2994, 1, 0, 1, 1),
(39708, 62098, 0.2911, 1, 0, 1, 1),
(39708, 62099, 0.3092, 1, 0, 1, 1),
(39708, 62100, 0.2443, 1, 0, 1, 1),
(39708, 62101, 0.2488, 1, 0, 1, 1),
(39708, 62102, 0.2994, 1, 0, 1, 1),
(39708, 62103, 0.2654, 1, 0, 1, 1),
(39708, 62104, 0.2654, 1, 0, 1, 1),
(39708, 62105, 0.0634, 1, 0, 1, 1),
(39708, 62107, 0.095, 1, 0, 1, 1),
(39708, 62113, 0.0973, 1, 0, 1, 1),
(39708, 62114, 0.0995, 1, 0, 1, 1),
(39708, 62115, 0.0965, 1, 0, 1, 1),
(39708, 62116, 0.0958, 1, 0, 1, 1),
(39708, 62128, 0.1139, 1, 0, 1, 1),
(39708, 62132, 0.0753, 1, 0, 1, 1),
(39708, 62134, 0.086, 1, 0, 1, 1),
(39708, 62136, 0.101, 1, 0, 1, 1),
(39708, 63291, 46.2136, 1, 0, 1, 1),
(39708, 63300, 23.6893, 1, 0, 1, 1),
(39708, 63310, 24.0777, 1, 0, 1, 1),
(39708, 63316, 3.1068, 1, 0, 1, 1),
(39708, 63317, 47.3786, 1, 0, 1, 1),
(39708, 63318, 0.3883, 1, 0, 1, 1),
(39708, 63348, 44.2718, 1, 0, 1, 1),
(39708, 63349, 38.4466, 1, 0, 1, 1),
(39708, 66641, 0.006, 1, 0, 1, 1),
(39708, 66879, 0.0045, 1, 0, 1, 1),
(39708, 66880, 0.0053, 1, 0, 1, 1),
(39708, 66882, 0.0045, 1, 0, 1, 1),
(39708, 66883, 0.006, 1, 0, 1, 1),
(39708, 66895, 0.006, 1, 0, 1, 1),
(39708, 66931, 0.006, 1, 0, 1, 1),
(39708, 66932, 0.0075, 1, 0, 1, 1),
(39708, 66940, 0.0045, 1, 0, 1, 1),
(39708, 66941, 0.0083, 1, 0, 1, 1),
(39708, 66942, 0.0034, 1, 0, 1, 1),
(39708, 66952, 0.0045, 1, 0, 1, 1),
(39708, 66953, 0.0023, 1, 0, 1, 1),
(39708, 66954, 0.0015, 1, 0, 1, 1),
(39708, 66955, 0.0038, 1, 0, 1, 1),
(39708, 66956, 0.0045, 1, 0, 1, 1),
(39708, 66957, 0.0023, 1, 0, 1, 1),
(39708, 66958, 0.006, 1, 0, 1, 1),
(39708, 66959, 0.0023, 1, 0, 1, 1),
(39708, 66968, 0.0106, 1, 0, 1, 1),
(39708, 66969, 0.0068, 1, 0, 1, 1),
(39708, 66970, 0.0053, 1, 0, 1, 1),
(39708, 66971, 0.0045, 1, 0, 1, 1),
(39708, 66972, 0.0051, 1, 0, 1, 1),
(39708, 66973, 0.0053, 1, 0, 1, 1),
(39708, 66975, 0.0075, 1, 0, 1, 1),
(39708, 66976, 0.0128, 1, 0, 1, 1),
(39708, 66977, 0.0038, 1, 0, 1, 1),
(39708, 66978, 0.0098, 1, 0, 1, 1),
(39708, 66980, 0.009, 1, 0, 1, 1),
(39708, 66981, 0.006, 1, 0, 1, 1),
(39708, 66982, 0.0045, 1, 0, 1, 1),
(39708, 66989, 0.0053, 1, 0, 1, 1),
(39708, 66990, 0.0053, 1, 0, 1, 1),
(39708, 66991, 0.0075, 1, 0, 1, 1),
(39708, 66992, 0.0068, 1, 0, 1, 1),
(39708, 66993, 0.0017, 1, 0, 1, 1),
(39708, 66994, 0.006, 1, 0, 1, 1),
(39708, 67024, 0.0068, 1, 0, 1, 1),
(39708, 67027, 0.0015, 1, 0, 1, 1),
(39708, 67029, 0.0098, 1, 0, 1, 1),
(39708, 67032, 0.0045, 1, 0, 1, 1),
(39708, 67037, 0.0068, 1, 0, 1, 1),
(39708, 67040, 0.006, 1, 0, 1, 1),
(39708, 67059, 0.0083, 1, 0, 1, 1),
(39708, 67061, 0.0075, 1, 0, 1, 1),
(39708, 67067, 0.0051, 1, 0, 1, 1),
(39708, 67069, 0.0045, 1, 0, 1, 1),
(39708, 67071, 0.0075, 1, 0, 1, 1),
(39708, 67088, 0.0008, 1, 0, 1, 1),
(39708, 67098, 0.0113, 1, 0, 1, 1),
(39708, 67099, 0.0015, 1, 0, 1, 1),
(39708, 67101, 0.0053, 1, 0, 1, 1),
(39708, 67102, 0.006, 1, 0, 1, 1),
(39708, 67103, 0.0075, 1, 0, 1, 1),
(39708, 67104, 0.0053, 1, 0, 1, 1),
(39708, 67105, 0.0045, 1, 0, 1, 1),
(39708, 67106, 0.0053, 1, 0, 1, 1),
(39708, 67109, 0.006, 1, 0, 1, 1),
(39708, 67119, 0.006, 1, 0, 1, 1),
(39708, 67120, 0.0075, 1, 0, 1, 1),
(39708, 67121, 0.0017, 1, 0, 1, 1),
(39708, 67122, 0.0068, 1, 0, 1, 1),
(39708, 67123, 0.0051, 1, 0, 1, 1),
(39708, 67124, 0.0034, 1, 0, 1, 1),
(39708, 67125, 0.0034, 1, 0, 1, 1),
(39708, 67126, 0.0051, 1, 0, 1, 1),
(39708, 67129, 0.0053, 1, 0, 1, 1),
(39708, 67131, 0.0045, 1, 0, 1, 1),
(39708, 67132, 0.0015, 1, 0, 1, 1),
(39708, 67133, 0.003, 1, 0, 1, 1),
(39708, 67135, 0.0015, 1, 0, 1, 1),
(39708, 67137, 0.0015, 1, 0, 1, 1),
(39708, 67138, 0.003, 1, 0, 1, 1),
(39708, 67139, 0.0017, 1, 0, 1, 1),
(39708, 67142, 0.003, 1, 0, 1, 1),
(39708, 67143, 0.003, 1, 0, 1, 1),
(39708, 67146, 0.0023, 1, 0, 1, 1),
(39708, 67147, 0.003, 1, 0, 1, 1),
(39708, 67148, 0.0015, 1, 0, 1, 1),
(39708, 67149, 0.0038, 1, 0, 1, 1),
(39708, 67150, 0.0017, 1, 0, 1, 1),
(39708, 68197, 3.4, 1, 0, 1, 2),
(39708, 68198, 11, 1, 0, 1, 2),
(39708, 68729, 0.3381, 1, 0, 1, 1),
(39708, 68781, 0.001, 1, 0, 1, 1),
(39708, 68782, 0.002, 1, 0, 1, 1),
(39708, 68787, 0.0053, 1, 0, 1, 1),
(39708, 68789, 0.001, 1, 0, 1, 1);

REPLACE INTO `creature_template` (`entry`, `difficulty_entry_1`, `difficulty_entry_2`, `difficulty_entry_3`, `KillCredit1`, `KillCredit2`, `modelid1`, `modelid2`, `modelid3`, `modelid4`, `name`, `subname`, `IconName`, `gossip_menu_id`, `minlevel`, `maxlevel`, `exp`, `faction_A`, `faction_H`, `npcflag`, `speed_walk`, `speed_run`, `scale`, `rank`, `mindmg`, `maxdmg`, `dmgschool`, `attackpower`, `dmg_multiplier`, `baseattacktime`, `rangeattacktime`, `unit_class`, `unit_flags`, `unit_flags2`, `dynamicflags`, `family`, `trainer_type`, `trainer_spell`, `trainer_class`, `trainer_race`, `minrangedmg`, `maxrangedmg`, `rangedattackpower`, `type`, `type_flags`, `lootid`, `pickpocketloot`, `skinloot`, `resistance1`, `resistance2`, `resistance3`, `resistance4`, `resistance5`, `resistance6`, `spell1`, `spell2`, `spell3`, `spell4`, `spell5`, `spell6`, `spell7`, `spell8`, `PetSpellDataId`, `VehicleId`, `mingold`, `maxgold`, `AIName`, `MovementType`, `InhabitType`, `HoverHeight`, `Health_mod`, `Mana_mod`, `Armor_mod`, `RacialLeader`, `questItem1`, `questItem2`, `questItem3`, `questItem4`, `questItem5`, `questItem6`, `movementId`, `RegenHealth`, `mechanic_immune_mask`, `flags_extra`, `ScriptName`, `WDBVerified`) VALUES (39709, 0, 0, 0, 0, 0, 34088, 34089, 0, 0, 'Twilight Flame Caller (1)', '', '', 0, 85, 85, 3, 16, 16, 0, 1, 1.14286, 1, 1, 500, 750, 0, 187, 35, 2000, 2000, 1, 32832, 2048, 12, 0, 0, 0, 0, 0, 400, 600, 150, 7, 8, 39708, 39708, 0, 0, 0, 0, 0, 0, 0, 93633, 76473, 76325, 0, 0, 0, 0, 0, 0, 0, 12193, 12193, '', 0, 3, 1, 5, 5, 1, 0, 0, 0, 0, 0, 0, 0, 0, 1, 0, 0, '', 15595);

DELETE FROM `pickpocketing_loot_template` WHERE (`entry`=39708);
INSERT INTO `pickpocketing_loot_template` VALUES 
(39708, 58269, 17.0091, 1, 0, 1, 1),
(39708, 63291, 21.6538, 1, 0, 1, 1),
(39708, 63300, 23.6893, 1, 0, 1, 1),
(39708, 63310, 10.8269, 1, 0, 1, 1),
(39708, 63316, 1.7847, 1, 0, 1, 1),
(39708, 63317, 24.1523, 1, 0, 1, 1),
(39708, 63318, 1.3087, 1, 0, 1, 1),
(39708, 63348, 23.2005, 1, 0, 1, 1),
(39708, 63349, 38.4466, 1, 0, 1, 1);

REPLACE INTO `creature_template` (`entry`, `difficulty_entry_1`, `difficulty_entry_2`, `difficulty_entry_3`, `KillCredit1`, `KillCredit2`, `modelid1`, `modelid2`, `modelid3`, `modelid4`, `name`, `subname`, `IconName`, `gossip_menu_id`, `minlevel`, `maxlevel`, `exp`, `faction_A`, `faction_H`, `npcflag`, `speed_walk`, `speed_run`, `scale`, `rank`, `mindmg`, `maxdmg`, `dmgschool`, `attackpower`, `dmg_multiplier`, `baseattacktime`, `rangeattacktime`, `unit_class`, `unit_flags`, `unit_flags2`, `dynamicflags`, `family`, `trainer_type`, `trainer_spell`, `trainer_class`, `trainer_race`, `minrangedmg`, `maxrangedmg`, `rangedattackpower`, `type`, `type_flags`, `lootid`, `pickpocketloot`, `skinloot`, `resistance1`, `resistance2`, `resistance3`, `resistance4`, `resistance5`, `resistance6`, `spell1`, `spell2`, `spell3`, `spell4`, `spell5`, `spell6`, `spell7`, `spell8`, `PetSpellDataId`, `VehicleId`, `mingold`, `maxgold`, `AIName`, `MovementType`, `InhabitType`, `HoverHeight`, `Health_mod`, `Mana_mod`, `Armor_mod`, `RacialLeader`, `questItem1`, `questItem2`, `questItem3`, `questItem4`, `questItem5`, `questItem6`, `movementId`, `RegenHealth`, `mechanic_immune_mask`, `flags_extra`, `ScriptName`, `WDBVerified`) VALUES (39978, 39979, 39979, 0, 0, 0, 33501, 0, 0, 0, 'Twilight Torturer', '', '', 0, 85, 85, 3, 16, 16, 0, 1, 1.14286, 1, 1, 500, 750, 0, 187, 35, 2000, 2000, 1, 32832, 2048, 12, 0, 0, 0, 0, 0, 400, 600, 150, 7, 8, 39978, 39978, 0, 0, 0, 0, 0, 0, 0, 75590, 76478, 93669, 76484, 0, 0, 0, 0, 0, 0, 12205, 12205, '', 0, 3, 1, 4, 5, 1, 0, 0, 0, 0, 0, 0, 0, 0, 1, 0, 0, 'generic_creature', 15595);

DELETE FROM `creature_loot_template` WHERE (`entry`=39978);
INSERT INTO `creature_loot_template` VALUES 
(39978, 6532, 0.0007, 1, 0, 1, 1),
(39978, 43624, 0.0175, 1, 0, 1, 1),
(39978, 49667, 0.0008, 1, 0, 1, 1),
(39978, 52364, 0.0056, 1, 0, 1, 1),
(39978, 52365, 0.0075, 1, 0, 1, 1),
(39978, 52367, 0.0092, 1, 0, 1, 1),
(39978, 52368, 0.0075, 1, 0, 1, 1),
(39978, 52369, 0.0067, 1, 0, 1, 1),
(39978, 52371, 0.0058, 1, 0, 1, 1),
(39978, 52372, 0.0117, 1, 0, 1, 1),
(39978, 52373, 0.0117, 1, 0, 1, 1),
(39978, 52374, 0.0075, 1, 0, 1, 1),
(39978, 52375, 0.0056, 1, 0, 1, 1),
(39978, 52376, 0.015, 1, 0, 1, 1),
(39978, 52377, 0.0075, 1, 0, 1, 1),
(39978, 52378, 0.0067, 1, 0, 1, 1),
(39978, 52379, 0.0092, 1, 0, 1, 1),
(39978, 52382, 0.0067, 1, 0, 1, 1),
(39978, 52383, 0.0056, 1, 0, 1, 1),
(39978, 52385, 0.0058, 1, 0, 1, 1),
(39978, 52386, 0.01, 1, 0, 1, 1),
(39978, 52494, 0.0058, 1, 0, 1, 1),
(39978, 52496, 0.0033, 1, 0, 1, 1),
(39978, 52719, 0.0112, 1, 0, 1, 1),
(39978, 53010, 30, 1, 0, 1, 6),
(39978, 55281, 0.0691, 1, 0, 1, 1),
(39978, 55282, 0.0275, 1, 0, 1, 1),
(39978, 55283, 0.0341, 1, 0, 1, 1),
(39978, 55286, 0.0366, 1, 0, 1, 1),
(39978, 55287, 0.0433, 1, 0, 1, 1),
(39978, 55288, 0.0149, 1, 0, 1, 1),
(39978, 55290, 0.0549, 1, 0, 1, 1),
(39978, 55291, 0.0366, 1, 0, 1, 1),
(39978, 55292, 0.035, 1, 0, 1, 1),
(39978, 55295, 0.0187, 1, 0, 1, 1),
(39978, 55296, 0.0408, 1, 0, 1, 1),
(39978, 55297, 0.0205, 1, 0, 1, 1),
(39978, 55299, 0.0008, 1, 0, 1, 1),
(39978, 55300, 0.0058, 1, 0, 1, 1),
(39978, 55301, 0.0017, 1, 0, 1, 1),
(39978, 55304, 0.0058, 1, 0, 1, 1),
(39978, 55305, 0.0141, 1, 0, 1, 1),
(39978, 55306, 0.0117, 1, 0, 1, 1),
(39978, 55308, 0.0441, 1, 0, 1, 1),
(39978, 55309, 0.0441, 1, 0, 1, 1),
(39978, 55310, 0.0449, 1, 0, 1, 1),
(39978, 55313, 0.0741, 1, 0, 1, 1),
(39978, 55314, 0.0374, 1, 0, 1, 1),
(39978, 55315, 0.0261, 1, 0, 1, 1),
(39978, 55317, 0.0025, 1, 0, 1, 1),
(39978, 55318, 0.0083, 1, 0, 1, 1),
(39978, 55319, 0.0025, 1, 0, 1, 1),
(39978, 55323, 0.0083, 1, 0, 1, 1),
(39978, 55324, 0.0125, 1, 0, 1, 1),
(39978, 55326, 0.0341, 1, 0, 1, 1),
(39978, 55327, 0.0183, 1, 0, 1, 1),
(39978, 55328, 0.0383, 1, 0, 1, 1),
(39978, 55331, 0.0732, 1, 0, 1, 1),
(39978, 55333, 0.0224, 1, 0, 1, 1),
(39978, 55335, 0.0233, 1, 0, 1, 1),
(39978, 55336, 0.0175, 1, 0, 1, 1),
(39978, 55337, 0.0108, 1, 0, 1, 1),
(39978, 55340, 0.0275, 1, 0, 1, 1),
(39978, 55341, 0.035, 1, 0, 1, 1),
(39978, 55342, 0.0131, 1, 0, 1, 1),
(39978, 55344, 0.0491, 1, 0, 1, 1),
(39978, 55345, 0.0566, 1, 0, 1, 1),
(39978, 55346, 0.0433, 1, 0, 1, 1),
(39978, 55349, 0.0391, 1, 0, 1, 1),
(39978, 55350, 0.0336, 1, 0, 1, 1),
(39978, 55351, 0.028, 1, 0, 1, 1),
(39978, 55353, 0.0042, 1, 0, 1, 1),
(39978, 55354, 0.0141, 1, 0, 1, 1),
(39978, 55355, 0.01, 1, 0, 1, 1),
(39978, 55358, 0.0037, 1, 0, 1, 1),
(39978, 55359, 0.01, 1, 0, 1, 1),
(39978, 55360, 0.0067, 1, 0, 1, 1),
(39978, 55362, 0.0649, 1, 0, 1, 1),
(39978, 55363, 0.0483, 1, 0, 1, 1),
(39978, 55364, 0.0641, 1, 0, 1, 1),
(39978, 55367, 0.0732, 1, 0, 1, 1),
(39978, 55368, 0.0672, 1, 0, 1, 1),
(39978, 55369, 0.0816, 1, 0, 1, 1),
(39978, 55371, 0.0466, 1, 0, 1, 1),
(39978, 55372, 0.04, 1, 0, 1, 1),
(39978, 55373, 0.0416, 1, 0, 1, 1),
(39978, 55376, 0.028, 1, 0, 1, 1),
(39978, 55377, 0.0392, 1, 0, 1, 1),
(39978, 55378, 0.0591, 1, 0, 1, 1),
(39978, 55380, 0.0499, 1, 0, 1, 1),
(39978, 55381, 0.0449, 1, 0, 1, 1),
(39978, 55382, 0.0316, 1, 0, 1, 1),
(39978, 55385, 0.0408, 1, 0, 1, 1),
(39978, 55386, 0.0317, 1, 0, 1, 1),
(39978, 55387, 0.0299, 1, 0, 1, 1),
(39978, 55389, 0.0333, 1, 0, 1, 1),
(39978, 55390, 0.0333, 1, 0, 1, 1),
(39978, 55391, 0.0083, 1, 0, 1, 1),
(39978, 55394, 0.0375, 1, 0, 1, 1),
(39978, 55395, 0.0168, 1, 0, 1, 1),
(39978, 55396, 0.03, 1, 0, 1, 1),
(39978, 55398, 0.1007, 1, 0, 1, 1),
(39978, 55399, 0.0891, 1, 0, 1, 1),
(39978, 55400, 0.0932, 1, 0, 1, 1),
(39978, 55403, 0.0982, 1, 0, 1, 1),
(39978, 55404, 0.0784, 1, 0, 1, 1),
(39978, 55405, 0.1248, 1, 0, 1, 1),
(39978, 55407, 0.0133, 1, 0, 1, 1),
(39978, 55408, 0.025, 1, 0, 1, 1),
(39978, 55409, 0.0158, 1, 0, 1, 1),
(39978, 55413, 0.0243, 1, 0, 1, 1),
(39978, 55414, 0.0408, 1, 0, 1, 1),
(39978, 55416, 0.1939, 1, 0, 1, 1),
(39978, 55417, 0.1631, 1, 0, 1, 1),
(39978, 55418, 0.1573, 1, 0, 1, 1),
(39978, 55421, 0.1214, 1, 0, 1, 1),
(39978, 55422, 0.1793, 1, 0, 1, 1),
(39978, 55423, 0.1681, 1, 0, 1, 1),
(39978, 55425, 0.1182, 1, 0, 1, 1),
(39978, 55426, 0.0366, 1, 0, 1, 1),
(39978, 55427, 0.0283, 1, 0, 1, 1),
(39978, 55430, 0.0624, 1, 0, 1, 1),
(39978, 55431, 0.0941, 1, 0, 1, 1),
(39978, 55432, 0.028, 1, 0, 1, 1),
(39978, 55434, 0.1298, 1, 0, 1, 1),
(39978, 55435, 0.149, 1, 0, 1, 1),
(39978, 55436, 0.1432, 1, 0, 1, 1),
(39978, 55439, 0.1498, 1, 0, 1, 1),
(39978, 55440, 0.1556, 1, 0, 1, 1),
(39978, 55441, 0.1065, 1, 0, 1, 1),
(39978, 55443, 0.0233, 1, 0, 1, 1),
(39978, 55444, 0.0225, 1, 0, 1, 1),
(39978, 55445, 0.0383, 1, 0, 1, 1),
(39978, 55448, 0.0316, 1, 0, 1, 1),
(39978, 55449, 0.0261, 1, 0, 1, 1),
(39978, 55450, 0.0149, 1, 0, 1, 1),
(39978, 55452, 0.0591, 1, 0, 1, 1),
(39978, 55453, 0.0424, 1, 0, 1, 1),
(39978, 55454, 0.0333, 1, 0, 1, 1),
(39978, 55457, 0.0391, 1, 0, 1, 1),
(39978, 55459, 0.0224, 1, 0, 1, 1),
(39978, 55461, 0.0375, 1, 0, 1, 1),
(39978, 55462, 0.01, 1, 0, 1, 1),
(39978, 55463, 0.025, 1, 0, 1, 1),
(39978, 55466, 0.0341, 1, 0, 1, 1),
(39978, 55467, 0.0187, 1, 0, 1, 1),
(39978, 55468, 0.0149, 1, 0, 1, 1),
(39978, 55470, 0.0092, 1, 0, 1, 1),
(39978, 55471, 0.0092, 1, 0, 1, 1),
(39978, 55472, 0.0067, 1, 0, 1, 1),
(39978, 55475, 0.005, 1, 0, 1, 1),
(39978, 55476, 0.0075, 1, 0, 1, 1),
(39978, 55477, 0.0058, 1, 0, 1, 1),
(39978, 55479, 0.0916, 1, 0, 1, 1),
(39978, 55480, 0.0782, 1, 0, 1, 1),
(39978, 55481, 0.0882, 1, 0, 1, 1),
(39978, 55484, 0.0934, 1, 0, 1, 1),
(39978, 55485, 0.0878, 1, 0, 1, 1),
(39978, 55486, 0.0635, 1, 0, 1, 1),
(39978, 55488, 0.0524, 1, 0, 1, 1),
(39978, 55489, 0.0674, 1, 0, 1, 1),
(39978, 55490, 0.0707, 1, 0, 1, 1),
(39978, 55493, 0.0448, 1, 0, 1, 1),
(39978, 55494, 0.0542, 1, 0, 1, 1),
(39978, 55495, 0.071, 1, 0, 1, 1),
(39978, 55497, 0.0832, 1, 0, 1, 1),
(39978, 55498, 0.0424, 1, 0, 1, 1),
(39978, 55499, 0.0441, 1, 0, 1, 1),
(39978, 55502, 0.0336, 1, 0, 1, 1),
(39978, 55503, 0.0504, 1, 0, 1, 1),
(39978, 55504, 0.0866, 1, 0, 1, 1),
(39978, 55506, 0.0791, 1, 0, 1, 1),
(39978, 55507, 0.0608, 1, 0, 1, 1),
(39978, 55508, 0.0549, 1, 0, 1, 1),
(39978, 55511, 0.1007, 1, 0, 1, 1),
(39978, 55512, 0.056, 1, 0, 1, 1),
(39978, 55513, 0.0542, 1, 0, 1, 1),
(39978, 55515, 0.0599, 1, 0, 1, 1),
(39978, 55516, 0.0608, 1, 0, 1, 1),
(39978, 55517, 0.0841, 1, 0, 1, 1),
(39978, 55520, 0.0724, 1, 0, 1, 1),
(39978, 55521, 0.0728, 1, 0, 1, 1),
(39978, 55522, 0.0635, 1, 0, 1, 1),
(39978, 55524, 0.0508, 1, 0, 1, 1),
(39978, 55525, 0.0549, 1, 0, 1, 1),
(39978, 55526, 0.0416, 1, 0, 1, 1),
(39978, 55529, 0.0716, 1, 0, 1, 1),
(39978, 55531, 0.0411, 1, 0, 1, 1),
(39978, 55533, 0.0707, 1, 0, 1, 1),
(39978, 55534, 0.0616, 1, 0, 1, 1),
(39978, 55535, 0.0658, 1, 0, 1, 1),
(39978, 55538, 0.0866, 1, 0, 1, 1),
(39978, 55539, 0.0616, 1, 0, 1, 1),
(39978, 55540, 0.0392, 1, 0, 1, 1),
(39978, 55542, 0.0633, 1, 0, 1, 1),
(39978, 55543, 0.0757, 1, 0, 1, 1),
(39978, 55544, 0.0441, 1, 0, 1, 1),
(39978, 55547, 0.0641, 1, 0, 1, 1),
(39978, 55548, 0.0392, 1, 0, 1, 1),
(39978, 55549, 0.0448, 1, 0, 1, 1),
(39978, 55551, 0.0599, 1, 0, 1, 1),
(39978, 55552, 0.0541, 1, 0, 1, 1),
(39978, 55553, 0.0649, 1, 0, 1, 1),
(39978, 55556, 0.0599, 1, 0, 1, 1),
(39978, 55557, 0.071, 1, 0, 1, 1),
(39978, 55558, 0.0523, 1, 0, 1, 1),
(39978, 55560, 0.0649, 1, 0, 1, 1),
(39978, 55561, 0.0616, 1, 0, 1, 1),
(39978, 55562, 0.0424, 1, 0, 1, 1),
(39978, 55565, 0.043, 1, 0, 1, 1),
(39978, 55566, 0.0658, 1, 0, 1, 1),
(39978, 55567, 0.0707, 1, 0, 1, 1),
(39978, 55569, 0.0574, 1, 0, 1, 1),
(39978, 55570, 0.0916, 1, 0, 1, 1),
(39978, 55571, 0.0624, 1, 0, 1, 1),
(39978, 55574, 0.0932, 1, 0, 1, 1),
(39978, 55575, 0.0374, 1, 0, 1, 1),
(39978, 55576, 0.0486, 1, 0, 1, 1),
(39978, 55578, 0.0474, 1, 0, 1, 1),
(39978, 55579, 0.0807, 1, 0, 1, 1),
(39978, 55580, 0.0449, 1, 0, 1, 1),
(39978, 55583, 0.0616, 1, 0, 1, 1),
(39978, 55584, 0.0448, 1, 0, 1, 1),
(39978, 55587, 0.0658, 1, 0, 1, 1),
(39978, 55588, 0.0608, 1, 0, 1, 1),
(39978, 55589, 0.0658, 1, 0, 1, 1),
(39978, 55593, 0.0766, 1, 0, 1, 1),
(39978, 55594, 0.0467, 1, 0, 1, 1),
(39978, 55596, 0.0391, 1, 0, 1, 1),
(39978, 55597, 0.0666, 1, 0, 1, 1),
(39978, 55598, 0.0766, 1, 0, 1, 1),
(39978, 55601, 0.0757, 1, 0, 1, 1),
(39978, 55602, 0.0874, 1, 0, 1, 1),
(39978, 55603, 0.0807, 1, 0, 1, 1),
(39978, 55605, 0.0433, 1, 0, 1, 1),
(39978, 55606, 0.0499, 1, 0, 1, 1),
(39978, 55607, 0.0466, 1, 0, 1, 1),
(39978, 55610, 0.0448, 1, 0, 1, 1),
(39978, 55611, 0.0816, 1, 0, 1, 1),
(39978, 55612, 0.0523, 1, 0, 1, 1),
(39978, 55614, 0.0649, 1, 0, 1, 1),
(39978, 55615, 0.0666, 1, 0, 1, 1),
(39978, 55616, 0.0583, 1, 0, 1, 1),
(39978, 55619, 0.0666, 1, 0, 1, 1),
(39978, 55620, 0.0598, 1, 0, 1, 1),
(39978, 55621, 0.0579, 1, 0, 1, 1),
(39978, 55623, 0.0599, 1, 0, 1, 1),
(39978, 55624, 0.0549, 1, 0, 1, 1),
(39978, 55625, 0.0583, 1, 0, 1, 1),
(39978, 55628, 0.0691, 1, 0, 1, 1),
(39978, 55629, 0.0732, 1, 0, 1, 1),
(39978, 55630, 0.0411, 1, 0, 1, 1),
(39978, 55632, 0.0549, 1, 0, 1, 1),
(39978, 55633, 0.0533, 1, 0, 1, 1),
(39978, 55634, 0.0766, 1, 0, 1, 1),
(39978, 55638, 0.0672, 1, 0, 1, 1),
(39978, 55639, 0.0598, 1, 0, 1, 1),
(39978, 55641, 0.0458, 1, 0, 1, 1),
(39978, 55642, 0.0516, 1, 0, 1, 1),
(39978, 55643, 0.0408, 1, 0, 1, 1),
(39978, 55646, 0.0541, 1, 0, 1, 1),
(39978, 55647, 0.0866, 1, 0, 1, 1),
(39978, 55648, 0.0707, 1, 0, 1, 1),
(39978, 55650, 0.0766, 1, 0, 1, 1),
(39978, 55651, 0.0541, 1, 0, 1, 1),
(39978, 55652, 0.0524, 1, 0, 1, 1),
(39978, 55655, 0.0774, 1, 0, 1, 1),
(39978, 55656, 0.0523, 1, 0, 1, 1),
(39978, 55657, 0.0392, 1, 0, 1, 1),
(39978, 55659, 0.0541, 1, 0, 1, 1),
(39978, 55660, 0.0849, 1, 0, 1, 1),
(39978, 55661, 0.0408, 1, 0, 1, 1),
(39978, 55664, 0.0724, 1, 0, 1, 1),
(39978, 55665, 0.0336, 1, 0, 1, 1),
(39978, 55666, 0.0411, 1, 0, 1, 1),
(39978, 55668, 0.0508, 1, 0, 1, 1),
(39978, 55669, 0.0716, 1, 0, 1, 1),
(39978, 55670, 0.0541, 1, 0, 1, 1),
(39978, 55673, 0.0448, 1, 0, 1, 1),
(39978, 55674, 0.0504, 1, 0, 1, 1),
(39978, 55675, 0.0635, 1, 0, 1, 1),
(39978, 55677, 0.0508, 1, 0, 1, 1),
(39978, 55678, 0.0649, 1, 0, 1, 1),
(39978, 55679, 0.0533, 1, 0, 1, 1),
(39978, 55682, 0.0649, 1, 0, 1, 1),
(39978, 55683, 0.0616, 1, 0, 1, 1),
(39978, 55684, 0.0448, 1, 0, 1, 1),
(39978, 55686, 0.0649, 1, 0, 1, 1),
(39978, 55687, 0.0491, 1, 0, 1, 1),
(39978, 55688, 0.0599, 1, 0, 1, 1),
(39978, 55691, 0.0658, 1, 0, 1, 1),
(39978, 55692, 0.0683, 1, 0, 1, 1),
(39978, 55693, 0.043, 1, 0, 1, 1),
(39978, 55695, 0.0474, 1, 0, 1, 1),
(39978, 55696, 0.0583, 1, 0, 1, 1),
(39978, 55697, 0.0574, 1, 0, 1, 1),
(39978, 55700, 0.0674, 1, 0, 1, 1),
(39978, 55701, 0.0654, 1, 0, 1, 1),
(39978, 55702, 0.0486, 1, 0, 1, 1),
(39978, 55704, 0.0924, 1, 0, 1, 1),
(39978, 55705, 0.0916, 1, 0, 1, 1),
(39978, 55706, 0.0874, 1, 0, 1, 1),
(39978, 55709, 0.0504, 1, 0, 1, 1),
(39978, 55710, 0.0672, 1, 0, 1, 1),
(39978, 55711, 0.0672, 1, 0, 1, 1),
(39978, 55713, 0.0732, 1, 0, 1, 1),
(39978, 55714, 0.0824, 1, 0, 1, 1),
(39978, 55715, 0.0732, 1, 0, 1, 1),
(39978, 55718, 0.0907, 1, 0, 1, 1),
(39978, 55719, 0.124, 1, 0, 1, 1),
(39978, 55720, 0.0952, 1, 0, 1, 1),
(39978, 55722, 0.0849, 1, 0, 1, 1),
(39978, 55723, 0.0441, 1, 0, 1, 1),
(39978, 55724, 0.0866, 1, 0, 1, 1),
(39978, 55727, 0.0857, 1, 0, 1, 1),
(39978, 55728, 0.0635, 1, 0, 1, 1),
(39978, 55729, 0.1065, 1, 0, 1, 1),
(39978, 55731, 0.0757, 1, 0, 1, 1),
(39978, 55732, 0.0716, 1, 0, 1, 1),
(39978, 55733, 0.1174, 1, 0, 1, 1),
(39978, 55736, 0.0747, 1, 0, 1, 1),
(39978, 55737, 0.119, 1, 0, 1, 1),
(39978, 55738, 0.0859, 1, 0, 1, 1),
(39978, 55740, 0.0724, 1, 0, 1, 1),
(39978, 55741, 0.0849, 1, 0, 1, 1),
(39978, 55742, 0.0766, 1, 0, 1, 1),
(39978, 55745, 0.0579, 1, 0, 1, 1),
(39978, 55746, 0.0784, 1, 0, 1, 1),
(39978, 55747, 0.1365, 1, 0, 1, 1),
(39978, 55749, 0.0791, 1, 0, 1, 1),
(39978, 55750, 0.0982, 1, 0, 1, 1),
(39978, 55751, 0.1157, 1, 0, 1, 1),
(39978, 55754, 0.0598, 1, 0, 1, 1),
(39978, 55755, 0.0579, 1, 0, 1, 1),
(39978, 55756, 0.1083, 1, 0, 1, 1),
(39978, 55758, 0.0699, 1, 0, 1, 1),
(39978, 55759, 0.0949, 1, 0, 1, 1),
(39978, 55760, 0.0782, 1, 0, 1, 1),
(39978, 55763, 0.0866, 1, 0, 1, 1),
(39978, 55765, 0.071, 1, 0, 1, 1),
(39978, 55767, 0.0982, 1, 0, 1, 1),
(39978, 55768, 0.1581, 1, 0, 1, 1),
(39978, 55769, 0.0674, 1, 0, 1, 1),
(39978, 55772, 0.104, 1, 0, 1, 1),
(39978, 55773, 0.1298, 1, 0, 1, 1),
(39978, 55774, 0.1083, 1, 0, 1, 1),
(39978, 55789, 1.3142, 1, 0, 1, 1),
(39978, 55790, 1.3034, 1, 0, 1, 1),
(39978, 55791, 1.231, 1, 0, 1, 1),
(39978, 58256, 4.3, 1, 0, 1, 1),
(39978, 58268, 8.3307, 1, 0, 1, 1),
(39978, 58269, 30.3571, 1, 0, 1, 1),
(39978, 62063, 0.3354, 1, 0, 1, 1),
(39978, 62064, 0.3562, 1, 0, 1, 1),
(39978, 62065, 0.3662, 1, 0, 1, 1),
(39978, 62066, 0.4062, 1, 0, 1, 1),
(39978, 62067, 0.4478, 1, 0, 1, 1),
(39978, 62068, 0.4378, 1, 0, 1, 1),
(39978, 62069, 0.3343, 1, 0, 1, 1),
(39978, 62070, 0.3904, 1, 0, 1, 1),
(39978, 62071, 0.3629, 1, 0, 1, 1),
(39978, 62072, 0.3637, 1, 0, 1, 1),
(39978, 62073, 0.313, 1, 0, 1, 1),
(39978, 62074, 0.3446, 1, 0, 1, 1),
(39978, 62075, 0.2763, 1, 0, 1, 1),
(39978, 62076, 0.3396, 1, 0, 1, 1),
(39978, 62077, 0.278, 1, 0, 1, 1),
(39978, 62078, 0.3021, 1, 0, 1, 1),
(39978, 62079, 0.293, 1, 0, 1, 1),
(39978, 62080, 0.2306, 1, 0, 1, 1),
(39978, 62081, 0.3238, 1, 0, 1, 1),
(39978, 62082, 0.3138, 1, 0, 1, 1),
(39978, 62083, 0.3071, 1, 0, 1, 1),
(39978, 62084, 0.2397, 1, 0, 1, 1),
(39978, 62085, 0.3471, 1, 0, 1, 1),
(39978, 62086, 0.2946, 1, 0, 1, 1),
(39978, 62087, 0.3479, 1, 0, 1, 1),
(39978, 62088, 0.2971, 1, 0, 1, 1),
(39978, 62089, 0.3196, 1, 0, 1, 1),
(39978, 62090, 0.2547, 1, 0, 1, 1),
(39978, 62091, 0.3113, 1, 0, 1, 1),
(39978, 62092, 0.268, 1, 0, 1, 1),
(39978, 62093, 0.2988, 1, 0, 1, 1),
(39978, 62094, 0.2589, 1, 0, 1, 1),
(39978, 62095, 0.2697, 1, 0, 1, 1),
(39978, 62096, 0.3238, 1, 0, 1, 1),
(39978, 62097, 0.3013, 1, 0, 1, 1),
(39978, 62098, 0.3154, 1, 0, 1, 1),
(39978, 62099, 0.2455, 1, 0, 1, 1),
(39978, 62100, 0.2763, 1, 0, 1, 1),
(39978, 62101, 0.253, 1, 0, 1, 1),
(39978, 62102, 0.253, 1, 0, 1, 1),
(39978, 62103, 0.268, 1, 0, 1, 1),
(39978, 62104, 0.2539, 1, 0, 1, 1),
(39978, 62105, 0.0891, 1, 0, 1, 1),
(39978, 62107, 0.084, 1, 0, 1, 1),
(39978, 62109, 0.0949, 1, 0, 1, 1),
(39978, 62110, 0.071, 1, 0, 1, 1),
(39978, 62111, 0.071, 1, 0, 1, 1),
(39978, 62112, 0.1057, 1, 0, 1, 1),
(39978, 62115, 0.0803, 1, 0, 1, 1),
(39978, 62118, 0.0691, 1, 0, 1, 1),
(39978, 62122, 0.084, 1, 0, 1, 1),
(39978, 62126, 0.0982, 1, 0, 1, 1),
(39978, 62128, 0.071, 1, 0, 1, 1),
(39978, 62131, 0.0949, 1, 0, 1, 1),
(39978, 62135, 0.0896, 1, 0, 1, 1),
(39978, 62136, 0.071, 1, 0, 1, 1),
(39978, 63291, 64.881, 1, 0, 1, 1),
(39978, 63300, 9.5238, 1, 0, 1, 1),
(39978, 63310, 22.0238, 1, 0, 1, 1),
(39978, 63316, 6.5476, 1, 0, 1, 1),
(39978, 63317, 41.0714, 1, 0, 1, 1),
(39978, 63318, 1.1905, 1, 0, 1, 1),
(39978, 63348, 42.8571, 1, 0, 1, 1),
(39978, 63349, 41.6667, 1, 0, 1, 1),
(39978, 66641, 0.0058, 1, 0, 1, 1),
(39978, 66879, 0.0033, 1, 0, 1, 1),
(39978, 66880, 0.005, 1, 0, 1, 1),
(39978, 66882, 0.0058, 1, 0, 1, 1),
(39978, 66883, 0.0017, 1, 0, 1, 1),
(39978, 66895, 0.005, 1, 0, 1, 1),
(39978, 66932, 0.0058, 1, 0, 1, 1),
(39978, 66940, 0.0067, 1, 0, 1, 1),
(39978, 66941, 0.0075, 1, 0, 1, 1),
(39978, 66942, 0.0158, 1, 0, 1, 1),
(39978, 66952, 0.0017, 1, 0, 1, 1),
(39978, 66953, 0.0033, 1, 0, 1, 1),
(39978, 66954, 0.0025, 1, 0, 1, 1),
(39978, 66955, 0.0042, 1, 0, 1, 1),
(39978, 66956, 0.0042, 1, 0, 1, 1),
(39978, 66957, 0.0058, 1, 0, 1, 1),
(39978, 66958, 0.0092, 1, 0, 1, 1),
(39978, 66959, 0.0017, 1, 0, 1, 1),
(39978, 66968, 0.0075, 1, 0, 1, 1),
(39978, 66969, 0.0067, 1, 0, 1, 1),
(39978, 66970, 0.0037, 1, 0, 1, 1),
(39978, 66971, 0.0092, 1, 0, 1, 1),
(39978, 66972, 0.0067, 1, 0, 1, 1),
(39978, 66974, 0.0019, 1, 0, 1, 1),
(39978, 66975, 0.0037, 1, 0, 1, 1),
(39978, 66976, 0.0083, 1, 0, 1, 1),
(39978, 66977, 0.0042, 1, 0, 1, 1),
(39978, 66978, 0.0166, 1, 0, 1, 1),
(39978, 66979, 0.0042, 1, 0, 1, 1),
(39978, 66980, 0.005, 1, 0, 1, 1),
(39978, 66981, 0.0042, 1, 0, 1, 1),
(39978, 66982, 0.0017, 1, 0, 1, 1),
(39978, 66989, 0.0083, 1, 0, 1, 1),
(39978, 66990, 0.0092, 1, 0, 1, 1),
(39978, 66991, 0.0037, 1, 0, 1, 1),
(39978, 66992, 0.0075, 1, 0, 1, 1),
(39978, 66993, 0.0058, 1, 0, 1, 1),
(39978, 67024, 0.0042, 1, 0, 1, 1),
(39978, 67027, 0.0058, 1, 0, 1, 1),
(39978, 67029, 0.0008, 1, 0, 1, 1),
(39978, 67032, 0.0058, 1, 0, 1, 1),
(39978, 67037, 0.0025, 1, 0, 1, 1),
(39978, 67040, 0.0033, 1, 0, 1, 1),
(39978, 67059, 0.0037, 1, 0, 1, 1),
(39978, 67061, 0.0037, 1, 0, 1, 1),
(39978, 67067, 0.0058, 1, 0, 1, 1),
(39978, 67069, 0.0058, 1, 0, 1, 1),
(39978, 67071, 0.0067, 1, 0, 1, 1),
(39978, 67088, 0.0042, 1, 0, 1, 1),
(39978, 67098, 0.0042, 1, 0, 1, 1),
(39978, 67099, 0.0083, 1, 0, 1, 1),
(39978, 67101, 0.005, 1, 0, 1, 1),
(39978, 67102, 0.0042, 1, 0, 1, 1),
(39978, 67103, 0.0033, 1, 0, 1, 1),
(39978, 67104, 0.0067, 1, 0, 1, 1),
(39978, 67105, 0.0025, 1, 0, 1, 1),
(39978, 67106, 0.0058, 1, 0, 1, 1),
(39978, 67109, 0.0058, 1, 0, 1, 1),
(39978, 67119, 0.005, 1, 0, 1, 1),
(39978, 67120, 0.0075, 1, 0, 1, 1),
(39978, 67121, 0.0067, 1, 0, 1, 1),
(39978, 67122, 0.0037, 1, 0, 1, 1),
(39978, 67123, 0.0058, 1, 0, 1, 1),
(39978, 67124, 0.0019, 1, 0, 1, 1),
(39978, 67125, 0.01, 1, 0, 1, 1),
(39978, 67126, 0.0037, 1, 0, 1, 1),
(39978, 67127, 0.0019, 1, 0, 1, 1),
(39978, 67130, 0.005, 1, 0, 1, 1),
(39978, 67132, 0.0008, 1, 0, 1, 1),
(39978, 67135, 0.0017, 1, 0, 1, 1),
(39978, 67136, 0.0042, 1, 0, 1, 1),
(39978, 67137, 0.0017, 1, 0, 1, 1),
(39978, 67138, 0.0008, 1, 0, 1, 1),
(39978, 67139, 0.0025, 1, 0, 1, 1),
(39978, 67140, 0.0017, 1, 0, 1, 1),
(39978, 67142, 0.0017, 1, 0, 1, 1),
(39978, 67143, 0.0042, 1, 0, 1, 1),
(39978, 67144, 0.0008, 1, 0, 1, 1),
(39978, 67145, 0.0019, 1, 0, 1, 1),
(39978, 67146, 0.0033, 1, 0, 1, 1),
(39978, 67147, 0.005, 1, 0, 1, 1),
(39978, 67148, 0.0008, 1, 0, 1, 1),
(39978, 67402, 0.0008, 1, 0, 1, 1),
(39978, 67403, 0.0008, 1, 0, 1, 1),
(39978, 68197, 3.9, 1, 0, 1, 2),
(39978, 68198, 11.8, 1, 0, 1, 2),
(39978, 68729, 0.2602, 1, 0, 1, 1),
(39978, 68781, 0.0025, 1, 0, 1, 1),
(39978, 68782, 0.005, 1, 0, 1, 1),
(39978, 68788, 0.0022, 1, 0, 1, 1),
(39978, 68789, 0.0033, 1, 0, 1, 1),
(39978, 69820, 0.0008, 1, 0, 1, 1);

DELETE FROM `pickpocketing_loot_template` WHERE (`entry`=39978);
INSERT INTO `pickpocketing_loot_template` VALUES 
(39978, 58269, 15.7609, 1, 0, 1, 1),
(39978, 63291, 26.4706, 1, 0, 1, 1),
(39978, 63300, 9.5238, 1, 0, 1, 1),
(39978, 63310, 9.5588, 1, 0, 1, 1),
(39978, 63316, 2.5735, 1, 0, 1, 1),
(39978, 63317, 21.3235, 1, 0, 1, 1),
(39978, 63318, 1.1905, 1, 0, 1, 1),
(39978, 63348, 22.1507, 1, 0, 1, 1),
(39978, 63349, 41.6667, 1, 0, 1, 1);

REPLACE INTO `creature_template` (`entry`, `difficulty_entry_1`, `difficulty_entry_2`, `difficulty_entry_3`, `KillCredit1`, `KillCredit2`, `modelid1`, `modelid2`, `modelid3`, `modelid4`, `name`, `subname`, `IconName`, `gossip_menu_id`, `minlevel`, `maxlevel`, `exp`, `faction_A`, `faction_H`, `npcflag`, `speed_walk`, `speed_run`, `scale`, `rank`, `mindmg`, `maxdmg`, `dmgschool`, `attackpower`, `dmg_multiplier`, `baseattacktime`, `rangeattacktime`, `unit_class`, `unit_flags`, `unit_flags2`, `dynamicflags`, `family`, `trainer_type`, `trainer_spell`, `trainer_class`, `trainer_race`, `minrangedmg`, `maxrangedmg`, `rangedattackpower`, `type`, `type_flags`, `lootid`, `pickpocketloot`, `skinloot`, `resistance1`, `resistance2`, `resistance3`, `resistance4`, `resistance5`, `resistance6`, `spell1`, `spell2`, `spell3`, `spell4`, `spell5`, `spell6`, `spell7`, `spell8`, `PetSpellDataId`, `VehicleId`, `mingold`, `maxgold`, `AIName`, `MovementType`, `InhabitType`, `HoverHeight`, `Health_mod`, `Mana_mod`, `Armor_mod`, `RacialLeader`, `questItem1`, `questItem2`, `questItem3`, `questItem4`, `questItem5`, `questItem6`, `movementId`, `RegenHealth`, `mechanic_immune_mask`, `flags_extra`, `ScriptName`, `WDBVerified`) VALUES (39979, 0, 0, 0, 0, 0, 33501, 0, 0, 0, 'Twilight Torturer (1)', '', '', 0, 85, 85, 3, 16, 16, 0, 1, 1.14286, 1, 1, 500, 750, 0, 187, 35, 2000, 2000, 1, 32832, 2048, 12, 0, 0, 0, 0, 0, 400, 600, 150, 7, 8, 39978, 39978, 0, 0, 0, 0, 0, 0, 0, 75590, 76478, 93669, 76484, 0, 0, 0, 0, 0, 0, 12205, 12205, '', 0, 3, 1, 5, 5, 1, 0, 0, 0, 0, 0, 0, 0, 0, 1, 0, 0, '', 15595);

REPLACE INTO `creature_template` (`entry`, `difficulty_entry_1`, `difficulty_entry_2`, `difficulty_entry_3`, `KillCredit1`, `KillCredit2`, `modelid1`, `modelid2`, `modelid3`, `modelid4`, `name`, `subname`, `IconName`, `gossip_menu_id`, `minlevel`, `maxlevel`, `exp`, `faction_A`, `faction_H`, `npcflag`, `speed_walk`, `speed_run`, `scale`, `rank`, `mindmg`, `maxdmg`, `dmgschool`, `attackpower`, `dmg_multiplier`, `baseattacktime`, `rangeattacktime`, `unit_class`, `unit_flags`, `unit_flags2`, `dynamicflags`, `family`, `trainer_type`, `trainer_spell`, `trainer_class`, `trainer_race`, `minrangedmg`, `maxrangedmg`, `rangedattackpower`, `type`, `type_flags`, `lootid`, `pickpocketloot`, `skinloot`, `resistance1`, `resistance2`, `resistance3`, `resistance4`, `resistance5`, `resistance6`, `spell1`, `spell2`, `spell3`, `spell4`, `spell5`, `spell6`, `spell7`, `spell8`, `PetSpellDataId`, `VehicleId`, `mingold`, `maxgold`, `AIName`, `MovementType`, `InhabitType`, `HoverHeight`, `Health_mod`, `Mana_mod`, `Armor_mod`, `RacialLeader`, `questItem1`, `questItem2`, `questItem3`, `questItem4`, `questItem5`, `questItem6`, `movementId`, `RegenHealth`, `mechanic_immune_mask`, `flags_extra`, `ScriptName`, `WDBVerified`) VALUES (39982, 39983, 39983, 0, 0, 0, 34095, 34096, 34097, 0, 'Crazed Mage', '', '', 0, 85, 85, 3, 16, 16, 0, 1, 1.14286, 1, 1, 465, 697, 0, 174, 37.6, 2000, 2000, 2, 294992, 2048, 12, 0, 0, 0, 0, 0, 372, 558, 139, 7, 8, 39982, 39982, 0, 0, 0, 0, 0, 0, 0, 76509, 93652, 76508, 93650, 0, 0, 0, 0, 0, 0, 12146, 12146, '', 0, 3, 1, 4, 5, 1, 0, 0, 0, 0, 0, 0, 0, 0, 1, 0, 0, 'generic_creature', 15595);

DELETE FROM `creature_loot_template` WHERE (`entry`=39982);
INSERT INTO `creature_loot_template` VALUES 
(39982, 43624, 0.0159, 1, 0, 1, 1),
(39982, 52363, 0.0073, 1, 0, 1, 1),
(39982, 52364, 0.0191, 1, 0, 1, 1),
(39982, 52365, 0.0073, 1, 0, 1, 1),
(39982, 52366, 0.0064, 1, 0, 1, 1),
(39982, 52367, 0.0064, 1, 0, 1, 1),
(39982, 52369, 0.0073, 1, 0, 1, 1),
(39982, 52371, 0.0073, 1, 0, 1, 1),
(39982, 52372, 0.0064, 1, 0, 1, 1),
(39982, 52376, 0.0064, 1, 0, 1, 1),
(39982, 52383, 0.0095, 1, 0, 1, 1),
(39982, 52385, 0.0127, 1, 0, 1, 1),
(39982, 52494, 0.0032, 1, 0, 1, 1),
(39982, 52719, 0.0219, 1, 0, 1, 1),
(39982, 53010, 29.7, 1, 0, 1, 6),
(39982, 55281, 0.0254, 1, 0, 1, 1),
(39982, 55282, 0.0191, 1, 0, 1, 1),
(39982, 55283, 0.0286, 1, 0, 1, 1),
(39982, 55286, 0.0349, 1, 0, 1, 1),
(39982, 55287, 0.0219, 1, 0, 1, 1),
(39982, 55290, 0.0254, 1, 0, 1, 1),
(39982, 55291, 0.0032, 1, 0, 1, 1),
(39982, 55292, 0.0286, 1, 0, 1, 1),
(39982, 55297, 0.0292, 1, 0, 1, 1),
(39982, 55299, 0.0064, 1, 0, 1, 1),
(39982, 55301, 0.0127, 1, 0, 1, 1),
(39982, 55304, 0.0064, 1, 0, 1, 1),
(39982, 55305, 0.0191, 1, 0, 1, 1),
(39982, 55306, 0.0095, 1, 0, 1, 1),
(39982, 55308, 0.0349, 1, 0, 1, 1),
(39982, 55309, 0.0381, 1, 0, 1, 1),
(39982, 55310, 0.0445, 1, 0, 1, 1),
(39982, 55313, 0.0292, 1, 0, 1, 1),
(39982, 55314, 0.0584, 1, 0, 1, 1),
(39982, 55315, 0.0219, 1, 0, 1, 1),
(39982, 55317, 0.0064, 1, 0, 1, 1),
(39982, 55318, 0.0032, 1, 0, 1, 1),
(39982, 55319, 0.0127, 1, 0, 1, 1),
(39982, 55324, 0.0095, 1, 0, 1, 1),
(39982, 55326, 0.0413, 1, 0, 1, 1),
(39982, 55327, 0.0508, 1, 0, 1, 1),
(39982, 55328, 0.0159, 1, 0, 1, 1),
(39982, 55331, 0.0219, 1, 0, 1, 1),
(39982, 55333, 0.0413, 1, 0, 1, 1),
(39982, 55335, 0.0127, 1, 0, 1, 1),
(39982, 55337, 0.0095, 1, 0, 1, 1),
(39982, 55341, 0.0146, 1, 0, 1, 1),
(39982, 55342, 0.0349, 1, 0, 1, 1),
(39982, 55344, 0.0222, 1, 0, 1, 1),
(39982, 55345, 0.0381, 1, 0, 1, 1),
(39982, 55346, 0.0254, 1, 0, 1, 1),
(39982, 55349, 0.054, 1, 0, 1, 1),
(39982, 55350, 0.0292, 1, 0, 1, 1),
(39982, 55354, 0.0032, 1, 0, 1, 1),
(39982, 55355, 0.0381, 1, 0, 1, 1),
(39982, 55358, 0.0095, 1, 0, 1, 1),
(39982, 55362, 0.0731, 1, 0, 1, 1),
(39982, 55363, 0.0286, 1, 0, 1, 1),
(39982, 55364, 0.0826, 1, 0, 1, 1),
(39982, 55367, 0.0699, 1, 0, 1, 1),
(39982, 55368, 0.0803, 1, 0, 1, 1),
(39982, 55369, 0.0889, 1, 0, 1, 1),
(39982, 55371, 0.0508, 1, 0, 1, 1),
(39982, 55372, 0.0413, 1, 0, 1, 1),
(39982, 55373, 0.0445, 1, 0, 1, 1),
(39982, 55376, 0.0858, 1, 0, 1, 1),
(39982, 55377, 0.0508, 1, 0, 1, 1),
(39982, 55378, 0.0572, 1, 0, 1, 1),
(39982, 55380, 0.0445, 1, 0, 1, 1),
(39982, 55381, 0.0254, 1, 0, 1, 1),
(39982, 55382, 0.0572, 1, 0, 1, 1),
(39982, 55385, 0.0657, 1, 0, 1, 1),
(39982, 55386, 0.054, 1, 0, 1, 1),
(39982, 55387, 0.0445, 1, 0, 1, 1),
(39982, 55389, 0.0254, 1, 0, 1, 1),
(39982, 55390, 0.0508, 1, 0, 1, 1),
(39982, 55391, 0.0127, 1, 0, 1, 1),
(39982, 55394, 0.0254, 1, 0, 1, 1),
(39982, 55395, 0.0318, 1, 0, 1, 1),
(39982, 55398, 0.0953, 1, 0, 1, 1),
(39982, 55399, 0.0699, 1, 0, 1, 1),
(39982, 55400, 0.0603, 1, 0, 1, 1),
(39982, 55403, 0.0876, 1, 0, 1, 1),
(39982, 55405, 0.1021, 1, 0, 1, 1),
(39982, 55407, 0.0318, 1, 0, 1, 1),
(39982, 55408, 0.0254, 1, 0, 1, 1),
(39982, 55409, 0.2382, 1, 0, 1, 1),
(39982, 55413, 0.0146, 1, 0, 1, 1),
(39982, 55416, 0.2255, 1, 0, 1, 1),
(39982, 55417, 0.1429, 1, 0, 1, 1),
(39982, 55418, 0.2827, 1, 0, 1, 1),
(39982, 55421, 0.2096, 1, 0, 1, 1),
(39982, 55422, 0.1167, 1, 0, 1, 1),
(39982, 55423, 0.1532, 1, 0, 1, 1),
(39982, 55425, 0.0286, 1, 0, 1, 1),
(39982, 55426, 0.0095, 1, 0, 1, 1),
(39982, 55427, 0.0318, 1, 0, 1, 1),
(39982, 55430, 0.054, 1, 0, 1, 1),
(39982, 55431, 0.0438, 1, 0, 1, 1),
(39982, 55432, 0.0365, 1, 0, 1, 1),
(39982, 55434, 0.108, 1, 0, 1, 1),
(39982, 55435, 0.2096, 1, 0, 1, 1),
(39982, 55436, 0.0889, 1, 0, 1, 1),
(39982, 55439, 0.1493, 1, 0, 1, 1),
(39982, 55440, 0.1874, 1, 0, 1, 1),
(39982, 55441, 0.1715, 1, 0, 1, 1),
(39982, 55443, 0.0095, 1, 0, 1, 1),
(39982, 55444, 0.0064, 1, 0, 1, 1),
(39982, 55445, 0.0127, 1, 0, 1, 1),
(39982, 55448, 0.0445, 1, 0, 1, 1),
(39982, 55452, 0.0222, 1, 0, 1, 1),
(39982, 55453, 0.0222, 1, 0, 1, 1),
(39982, 55454, 0.0254, 1, 0, 1, 1),
(39982, 55457, 0.0292, 1, 0, 1, 1),
(39982, 55458, 0.0365, 1, 0, 1, 1),
(39982, 55459, 0.0508, 1, 0, 1, 1),
(39982, 55461, 0.0318, 1, 0, 1, 1),
(39982, 55462, 0.0191, 1, 0, 1, 1),
(39982, 55463, 0.0222, 1, 0, 1, 1),
(39982, 55466, 0.0292, 1, 0, 1, 1),
(39982, 55468, 0.0381, 1, 0, 1, 1),
(39982, 55470, 0.0064, 1, 0, 1, 1),
(39982, 55471, 0.0191, 1, 0, 1, 1),
(39982, 55472, 0.0064, 1, 0, 1, 1),
(39982, 55475, 0.0073, 1, 0, 1, 1),
(39982, 55477, 0.0064, 1, 0, 1, 1),
(39982, 55479, 0.1016, 1, 0, 1, 1),
(39982, 55480, 0.0445, 1, 0, 1, 1),
(39982, 55481, 0.0985, 1, 0, 1, 1),
(39982, 55484, 0.0803, 1, 0, 1, 1),
(39982, 55485, 0.0657, 1, 0, 1, 1),
(39982, 55486, 0.0584, 1, 0, 1, 1),
(39982, 55488, 0.0222, 1, 0, 1, 1),
(39982, 55489, 0.0508, 1, 0, 1, 1),
(39982, 55490, 0.0445, 1, 0, 1, 1),
(39982, 55493, 0.0667, 1, 0, 1, 1),
(39982, 55494, 0.0657, 1, 0, 1, 1),
(39982, 55495, 0.0584, 1, 0, 1, 1),
(39982, 55497, 0.0508, 1, 0, 1, 1),
(39982, 55498, 0.0699, 1, 0, 1, 1),
(39982, 55499, 0.0572, 1, 0, 1, 1),
(39982, 55503, 0.0762, 1, 0, 1, 1),
(39982, 55504, 0.0667, 1, 0, 1, 1),
(39982, 55506, 0.0445, 1, 0, 1, 1),
(39982, 55507, 0.0445, 1, 0, 1, 1),
(39982, 55508, 0.0953, 1, 0, 1, 1),
(39982, 55511, 0.0889, 1, 0, 1, 1),
(39982, 55512, 0.0584, 1, 0, 1, 1),
(39982, 55515, 0.0731, 1, 0, 1, 1),
(39982, 55516, 0.0572, 1, 0, 1, 1),
(39982, 55517, 0.0572, 1, 0, 1, 1),
(39982, 55521, 0.108, 1, 0, 1, 1),
(39982, 55522, 0.0511, 1, 0, 1, 1),
(39982, 55524, 0.0476, 1, 0, 1, 1),
(39982, 55525, 0.0286, 1, 0, 1, 1),
(39982, 55526, 0.1683, 1, 0, 1, 1),
(39982, 55529, 0.0921, 1, 0, 1, 1),
(39982, 55530, 0.0511, 1, 0, 1, 1),
(39982, 55531, 0.0438, 1, 0, 1, 1),
(39982, 55533, 0.0794, 1, 0, 1, 1),
(39982, 55534, 0.0762, 1, 0, 1, 1),
(39982, 55535, 0.0476, 1, 0, 1, 1),
(39982, 55539, 0.0584, 1, 0, 1, 1),
(39982, 55542, 0.0953, 1, 0, 1, 1),
(39982, 55543, 0.0667, 1, 0, 1, 1),
(39982, 55544, 0.0413, 1, 0, 1, 1),
(39982, 55547, 0.0826, 1, 0, 1, 1),
(39982, 55548, 0.0731, 1, 0, 1, 1),
(39982, 55549, 0.108, 1, 0, 1, 1),
(39982, 55551, 0.054, 1, 0, 1, 1),
(39982, 55552, 0.0508, 1, 0, 1, 1),
(39982, 55553, 0.0318, 1, 0, 1, 1),
(39982, 55556, 0.1143, 1, 0, 1, 1),
(39982, 55557, 0.0731, 1, 0, 1, 1),
(39982, 55558, 0.0657, 1, 0, 1, 1),
(39982, 55560, 0.0889, 1, 0, 1, 1),
(39982, 55561, 0.054, 1, 0, 1, 1),
(39982, 55562, 0.0476, 1, 0, 1, 1),
(39982, 55565, 0.108, 1, 0, 1, 1),
(39982, 55566, 0.0584, 1, 0, 1, 1),
(39982, 55569, 0.0413, 1, 0, 1, 1),
(39982, 55570, 0.0508, 1, 0, 1, 1),
(39982, 55571, 0.0572, 1, 0, 1, 1),
(39982, 55575, 0.0889, 1, 0, 1, 1),
(39982, 55578, 0.0476, 1, 0, 1, 1),
(39982, 55579, 0.1112, 1, 0, 1, 1),
(39982, 55580, 0.054, 1, 0, 1, 1),
(39982, 55583, 0.0667, 1, 0, 1, 1),
(39982, 55584, 0.1143, 1, 0, 1, 1),
(39982, 55585, 0.0794, 1, 0, 1, 1),
(39982, 55587, 0.0826, 1, 0, 1, 1),
(39982, 55588, 0.0699, 1, 0, 1, 1),
(39982, 55589, 0.0191, 1, 0, 1, 1),
(39982, 55592, 0.1239, 1, 0, 1, 1),
(39982, 55593, 0.0511, 1, 0, 1, 1),
(39982, 55596, 0.0286, 1, 0, 1, 1),
(39982, 55597, 0.0572, 1, 0, 1, 1),
(39982, 55598, 0.0318, 1, 0, 1, 1),
(39982, 55601, 0.0921, 1, 0, 1, 1),
(39982, 55602, 0.0985, 1, 0, 1, 1),
(39982, 55603, 0.0438, 1, 0, 1, 1),
(39982, 55605, 0.0476, 1, 0, 1, 1),
(39982, 55606, 0.0762, 1, 0, 1, 1),
(39982, 55607, 0.0603, 1, 0, 1, 1),
(39982, 55610, 0.0635, 1, 0, 1, 1),
(39982, 55611, 0.0921, 1, 0, 1, 1),
(39982, 55614, 0.0508, 1, 0, 1, 1),
(39982, 55615, 0.0635, 1, 0, 1, 1),
(39982, 55616, 0.0794, 1, 0, 1, 1),
(39982, 55620, 0.0889, 1, 0, 1, 1),
(39982, 55621, 0.0858, 1, 0, 1, 1),
(39982, 55623, 0.1525, 1, 0, 1, 1),
(39982, 55624, 0.0731, 1, 0, 1, 1),
(39982, 55625, 0.0603, 1, 0, 1, 1),
(39982, 55628, 0.0511, 1, 0, 1, 1),
(39982, 55629, 0.0803, 1, 0, 1, 1),
(39982, 55630, 0.1016, 1, 0, 1, 1),
(39982, 55632, 0.0508, 1, 0, 1, 1),
(39982, 55633, 0.0381, 1, 0, 1, 1),
(39982, 55634, 0.0476, 1, 0, 1, 1),
(39982, 55637, 0.0794, 1, 0, 1, 1),
(39982, 55638, 0.0699, 1, 0, 1, 1),
(39982, 55639, 0.0657, 1, 0, 1, 1),
(39982, 55641, 0.0889, 1, 0, 1, 1),
(39982, 55642, 0.054, 1, 0, 1, 1),
(39982, 55643, 0.054, 1, 0, 1, 1),
(39982, 55647, 0.0438, 1, 0, 1, 1),
(39982, 55648, 0.0584, 1, 0, 1, 1),
(39982, 55650, 0.0445, 1, 0, 1, 1),
(39982, 55651, 0.0731, 1, 0, 1, 1),
(39982, 55652, 0.0731, 1, 0, 1, 1),
(39982, 55655, 0.0699, 1, 0, 1, 1),
(39982, 55656, 0.0731, 1, 0, 1, 1),
(39982, 55657, 0.0584, 1, 0, 1, 1),
(39982, 55659, 0.1112, 1, 0, 1, 1),
(39982, 55660, 0.0508, 1, 0, 1, 1),
(39982, 55661, 0.0476, 1, 0, 1, 1),
(39982, 55664, 0.0889, 1, 0, 1, 1),
(39982, 55665, 0.0365, 1, 0, 1, 1),
(39982, 55666, 0.0292, 1, 0, 1, 1),
(39982, 55668, 0.0381, 1, 0, 1, 1),
(39982, 55669, 0.0349, 1, 0, 1, 1),
(39982, 55670, 0.0572, 1, 0, 1, 1),
(39982, 55673, 0.1048, 1, 0, 1, 1),
(39982, 55674, 0.0889, 1, 0, 1, 1),
(39982, 55675, 0.0584, 1, 0, 1, 1),
(39982, 55677, 0.0667, 1, 0, 1, 1),
(39982, 55678, 0.0635, 1, 0, 1, 1),
(39982, 55679, 0.0572, 1, 0, 1, 1),
(39982, 55682, 0.0584, 1, 0, 1, 1),
(39982, 55684, 0.0657, 1, 0, 1, 1),
(39982, 55686, 0.0731, 1, 0, 1, 1),
(39982, 55687, 0.0762, 1, 0, 1, 1),
(39982, 55688, 0.0635, 1, 0, 1, 1),
(39982, 55691, 0.0858, 1, 0, 1, 1),
(39982, 55692, 0.0731, 1, 0, 1, 1),
(39982, 55695, 0.0476, 1, 0, 1, 1),
(39982, 55696, 0.108, 1, 0, 1, 1),
(39982, 55697, 0.0699, 1, 0, 1, 1),
(39982, 55701, 0.0438, 1, 0, 1, 1),
(39982, 55702, 0.0731, 1, 0, 1, 1),
(39982, 55704, 0.0635, 1, 0, 1, 1),
(39982, 55705, 0.0731, 1, 0, 1, 1),
(39982, 55706, 0.1556, 1, 0, 1, 1),
(39982, 55710, 0.1143, 1, 0, 1, 1),
(39982, 55711, 0.0511, 1, 0, 1, 1),
(39982, 55713, 0.0667, 1, 0, 1, 1),
(39982, 55714, 0.0667, 1, 0, 1, 1),
(39982, 55715, 0.0667, 1, 0, 1, 1),
(39982, 55718, 0.0657, 1, 0, 1, 1),
(39982, 55719, 0.0657, 1, 0, 1, 1),
(39982, 55720, 0.1112, 1, 0, 1, 1),
(39982, 55722, 0.1239, 1, 0, 1, 1),
(39982, 55723, 0.0858, 1, 0, 1, 1),
(39982, 55724, 0.0858, 1, 0, 1, 1),
(39982, 55729, 0.1094, 1, 0, 1, 1),
(39982, 55731, 0.0985, 1, 0, 1, 1),
(39982, 55732, 0.0794, 1, 0, 1, 1),
(39982, 55733, 0.0508, 1, 0, 1, 1),
(39982, 55736, 0.1207, 1, 0, 1, 1),
(39982, 55737, 0.1021, 1, 0, 1, 1),
(39982, 55738, 0.108, 1, 0, 1, 1),
(39982, 55740, 0.0413, 1, 0, 1, 1),
(39982, 55741, 0.0603, 1, 0, 1, 1),
(39982, 55742, 0.0667, 1, 0, 1, 1),
(39982, 55745, 0.1842, 1, 0, 1, 1),
(39982, 55747, 0.073, 1, 0, 1, 1),
(39982, 55749, 0.0826, 1, 0, 1, 1),
(39982, 55750, 0.054, 1, 0, 1, 1),
(39982, 55751, 0.0794, 1, 0, 1, 1),
(39982, 55754, 0.1143, 1, 0, 1, 1),
(39982, 55756, 0.1167, 1, 0, 1, 1),
(39982, 55758, 0.0858, 1, 0, 1, 1),
(39982, 55759, 0.0921, 1, 0, 1, 1),
(39982, 55760, 0.0762, 1, 0, 1, 1),
(39982, 55763, 0.0948, 1, 0, 1, 1),
(39982, 55764, 0.127, 1, 0, 1, 1),
(39982, 55765, 0.0584, 1, 0, 1, 1),
(39982, 55767, 0.0858, 1, 0, 1, 1),
(39982, 55768, 0.0794, 1, 0, 1, 1),
(39982, 55769, 0.0731, 1, 0, 1, 1),
(39982, 55772, 0.1112, 1, 0, 1, 1),
(39982, 55773, 0.073, 1, 0, 1, 1),
(39982, 55789, 1.3086, 1, 0, 1, 1),
(39982, 55790, 1.1466, 1, 0, 1, 1),
(39982, 55791, 1.2101, 1, 0, 1, 1),
(39982, 58256, 4.7862, 1, 0, 1, 1),
(39982, 58268, 8.4295, 1, 0, 1, 1),
(39982, 58269, 55.814, 1, 0, 1, 1),
(39982, 62063, 0.3648, 1, 0, 1, 1),
(39982, 62064, 0.2918, 1, 0, 1, 1),
(39982, 62065, 0.3907, 1, 0, 1, 1),
(39982, 62066, 0.3621, 1, 0, 1, 1),
(39982, 62067, 0.378, 1, 0, 1, 1),
(39982, 62068, 0.5971, 1, 0, 1, 1),
(39982, 62069, 0.3589, 1, 0, 1, 1),
(39982, 62070, 0.3303, 1, 0, 1, 1),
(39982, 62072, 0.343, 1, 0, 1, 1),
(39982, 62073, 0.3049, 1, 0, 1, 1),
(39982, 62074, 0.324, 1, 0, 1, 1),
(39982, 62075, 0.2509, 1, 0, 1, 1),
(39982, 62076, 0.2573, 1, 0, 1, 1),
(39982, 62077, 0.2573, 1, 0, 1, 1),
(39982, 62078, 0.4955, 1, 0, 1, 1),
(39982, 62079, 0.3811, 1, 0, 1, 1),
(39982, 62080, 0.3938, 1, 0, 1, 1),
(39982, 62081, 0.3938, 1, 0, 1, 1),
(39982, 62082, 0.2604, 1, 0, 1, 1),
(39982, 62083, 0.2859, 1, 0, 1, 1),
(39982, 62084, 0.2446, 1, 0, 1, 1),
(39982, 62085, 0.3907, 1, 0, 1, 1),
(39982, 62086, 0.3017, 1, 0, 1, 1),
(39982, 62087, 0.3144, 1, 0, 1, 1),
(39982, 62088, 0.2287, 1, 0, 1, 1),
(39982, 62089, 0.2668, 1, 0, 1, 1),
(39982, 62090, 0.4097, 1, 0, 1, 1),
(39982, 62091, 0.3049, 1, 0, 1, 1),
(39982, 62092, 0.343, 1, 0, 1, 1),
(39982, 62093, 0.2192, 1, 0, 1, 1),
(39982, 62094, 0.2192, 1, 0, 1, 1),
(39982, 62095, 0.2731, 1, 0, 1, 1),
(39982, 62096, 0.3049, 1, 0, 1, 1),
(39982, 62097, 0.2668, 1, 0, 1, 1),
(39982, 62098, 0.2922, 1, 0, 1, 1),
(39982, 62099, 0.2954, 1, 0, 1, 1),
(39982, 62100, 0.3176, 1, 0, 1, 1),
(39982, 62101, 0.2382, 1, 0, 1, 1),
(39982, 62102, 0.3684, 1, 0, 1, 1),
(39982, 62103, 0.2795, 1, 0, 1, 1),
(39982, 62104, 0.2509, 1, 0, 1, 1),
(39982, 62105, 0.0826, 1, 0, 1, 1),
(39982, 62107, 0.0803, 1, 0, 1, 1),
(39982, 62108, 0.1048, 1, 0, 1, 1),
(39982, 62111, 0.0803, 1, 0, 1, 1),
(39982, 62112, 0.108, 1, 0, 1, 1),
(39982, 62113, 0.1016, 1, 0, 1, 1),
(39982, 62114, 0.1021, 1, 0, 1, 1),
(39982, 62115, 0.1779, 1, 0, 1, 1),
(39982, 62116, 0.073, 1, 0, 1, 1),
(39982, 62118, 0.0876, 1, 0, 1, 1),
(39982, 62119, 0.1016, 1, 0, 1, 1),
(39982, 62120, 0.1112, 1, 0, 1, 1),
(39982, 62121, 0.108, 1, 0, 1, 1),
(39982, 62122, 0.1094, 1, 0, 1, 1),
(39982, 62127, 0.1207, 1, 0, 1, 1),
(39982, 62128, 0.073, 1, 0, 1, 1),
(39982, 62130, 0.0657, 1, 0, 1, 1),
(39982, 62132, 0.108, 1, 0, 1, 1),
(39982, 62135, 0.1016, 1, 0, 1, 1),
(39982, 63291, 37.2093, 1, 0, 1, 1),
(39982, 63300, 7.7519, 1, 0, 1, 1),
(39982, 63310, 43.4109, 1, 0, 1, 1),
(39982, 63317, 54.2636, 1, 0, 1, 1),
(39982, 63348, 34.1085, 1, 0, 1, 1),
(39982, 63349, 34.1085, 1, 0, 1, 1),
(39982, 66641, 0.0032, 1, 0, 1, 1),
(39982, 66880, 0.0127, 1, 0, 1, 1),
(39982, 66932, 0.0073, 1, 0, 1, 1),
(39982, 66940, 0.0095, 1, 0, 1, 1),
(39982, 66942, 0.0064, 1, 0, 1, 1),
(39982, 66952, 0.0032, 1, 0, 1, 1),
(39982, 66953, 0.0032, 1, 0, 1, 1),
(39982, 66954, 0.0127, 1, 0, 1, 1),
(39982, 66955, 0.0032, 1, 0, 1, 1),
(39982, 66956, 0.0064, 1, 0, 1, 1),
(39982, 66958, 0.0064, 1, 0, 1, 1),
(39982, 66959, 0.0191, 1, 0, 1, 1),
(39982, 66969, 0.0095, 1, 0, 1, 1),
(39982, 66971, 0.0073, 1, 0, 1, 1),
(39982, 66972, 0.0064, 1, 0, 1, 1),
(39982, 66974, 0.0064, 1, 0, 1, 1),
(39982, 66975, 0.0064, 1, 0, 1, 1),
(39982, 66976, 0.0073, 1, 0, 1, 1),
(39982, 66978, 0.0032, 1, 0, 1, 1),
(39982, 66979, 0.0064, 1, 0, 1, 1),
(39982, 66980, 0.0064, 1, 0, 1, 1),
(39982, 66981, 0.0032, 1, 0, 1, 1),
(39982, 66982, 0.0032, 1, 0, 1, 1),
(39982, 66990, 0.0073, 1, 0, 1, 1),
(39982, 66991, 0.0127, 1, 0, 1, 1),
(39982, 66994, 0.0095, 1, 0, 1, 1),
(39982, 67024, 0.0127, 1, 0, 1, 1),
(39982, 67032, 0.0032, 1, 0, 1, 1),
(39982, 67037, 0.0667, 1, 0, 1, 1),
(39982, 67059, 0.0064, 1, 0, 1, 1),
(39982, 67069, 0.0064, 1, 0, 1, 1),
(39982, 67071, 0.0095, 1, 0, 1, 1),
(39982, 67098, 0.0095, 1, 0, 1, 1),
(39982, 67099, 0.0032, 1, 0, 1, 1),
(39982, 67102, 0.0032, 1, 0, 1, 1),
(39982, 67103, 0.0032, 1, 0, 1, 1),
(39982, 67105, 0.0064, 1, 0, 1, 1),
(39982, 67109, 0.0064, 1, 0, 1, 1),
(39982, 67119, 0.0095, 1, 0, 1, 1),
(39982, 67120, 0.0064, 1, 0, 1, 1),
(39982, 67121, 0.0064, 1, 0, 1, 1),
(39982, 67122, 0.0095, 1, 0, 1, 1),
(39982, 67123, 0.0064, 1, 0, 1, 1),
(39982, 67125, 0.0095, 1, 0, 1, 1),
(39982, 67129, 0.0064, 1, 0, 1, 1),
(39982, 67132, 0.0032, 1, 0, 1, 1),
(39982, 67133, 0.0032, 1, 0, 1, 1),
(39982, 67134, 0.0064, 1, 0, 1, 1),
(39982, 67136, 0.0032, 1, 0, 1, 1),
(39982, 67138, 0.0095, 1, 0, 1, 1),
(39982, 67139, 0.0032, 1, 0, 1, 1),
(39982, 67140, 0.0032, 1, 0, 1, 1),
(39982, 67141, 0.0032, 1, 0, 1, 1),
(39982, 67143, 0.0095, 1, 0, 1, 1),
(39982, 67145, 0.0159, 1, 0, 1, 1),
(39982, 67539, 0.0953, 1, 0, 1, 1),
(39982, 68197, 4.6, 1, 0, 1, 2),
(39982, 68198, 11.2, 1, 0, 1, 2),
(39982, 68729, 0.301, 1, 0, 1, 1),
(39982, 68782, 0.0032, 1, 0, 1, 1);


DELETE FROM `pickpocketing_loot_template` WHERE (`entry`=39982);
INSERT INTO `pickpocketing_loot_template` VALUES 
(39982, 58269, 21.2314, 1, 0, 1, 1),
(39982, 63291, 37.2093, 1, 0, 1, 1),
(39982, 63300, 7.7519, 1, 0, 1, 1),
(39982, 63310, 16.0804, 1, 0, 1, 1),
(39982, 63316, 0.5025, 1, 0, 1, 1),
(39982, 63317, 27.6382, 1, 0, 1, 1),
(39982, 63318, 1.005, 1, 0, 1, 1),
(39982, 63348, 21.1055, 1, 0, 1, 1),
(39982, 63349, 34.1085, 1, 0, 1, 1);

REPLACE INTO `creature_template` (`entry`, `difficulty_entry_1`, `difficulty_entry_2`, `difficulty_entry_3`, `KillCredit1`, `KillCredit2`, `modelid1`, `modelid2`, `modelid3`, `modelid4`, `name`, `subname`, `IconName`, `gossip_menu_id`, `minlevel`, `maxlevel`, `exp`, `faction_A`, `faction_H`, `npcflag`, `speed_walk`, `speed_run`, `scale`, `rank`, `mindmg`, `maxdmg`, `dmgschool`, `attackpower`, `dmg_multiplier`, `baseattacktime`, `rangeattacktime`, `unit_class`, `unit_flags`, `unit_flags2`, `dynamicflags`, `family`, `trainer_type`, `trainer_spell`, `trainer_class`, `trainer_race`, `minrangedmg`, `maxrangedmg`, `rangedattackpower`, `type`, `type_flags`, `lootid`, `pickpocketloot`, `skinloot`, `resistance1`, `resistance2`, `resistance3`, `resistance4`, `resistance5`, `resistance6`, `spell1`, `spell2`, `spell3`, `spell4`, `spell5`, `spell6`, `spell7`, `spell8`, `PetSpellDataId`, `VehicleId`, `mingold`, `maxgold`, `AIName`, `MovementType`, `InhabitType`, `HoverHeight`, `Health_mod`, `Mana_mod`, `Armor_mod`, `RacialLeader`, `questItem1`, `questItem2`, `questItem3`, `questItem4`, `questItem5`, `questItem6`, `movementId`, `RegenHealth`, `mechanic_immune_mask`, `flags_extra`, `ScriptName`, `WDBVerified`) VALUES (39983, 0, 0, 0, 0, 0, 34095, 34096, 34097, 0, 'Crazed Mage (1)', '', '', 0, 85, 85, 3, 16, 16, 0, 1, 1.14286, 1, 1, 465, 697, 0, 174, 37.7, 2000, 2000, 2, 294992, 2048, 12, 0, 0, 0, 0, 0, 372, 558, 139, 7, 8, 39982, 39982, 0, 0, 0, 0, 0, 0, 0, 76509, 93652, 76508, 93650, 0, 0, 0, 0, 0, 0, 12146, 12146, '', 0, 3, 1, 5, 5, 1, 0, 0, 0, 0, 0, 0, 0, 0, 1, 0, 0, '', 15595);

REPLACE INTO `creature_template` (`entry`, `difficulty_entry_1`, `difficulty_entry_2`, `difficulty_entry_3`, `KillCredit1`, `KillCredit2`, `modelid1`, `modelid2`, `modelid3`, `modelid4`, `name`, `subname`, `IconName`, `gossip_menu_id`, `minlevel`, `maxlevel`, `exp`, `faction_A`, `faction_H`, `npcflag`, `speed_walk`, `speed_run`, `scale`, `rank`, `mindmg`, `maxdmg`, `dmgschool`, `attackpower`, `dmg_multiplier`, `baseattacktime`, `rangeattacktime`, `unit_class`, `unit_flags`, `unit_flags2`, `dynamicflags`, `family`, `trainer_type`, `trainer_spell`, `trainer_class`, `trainer_race`, `minrangedmg`, `maxrangedmg`, `rangedattackpower`, `type`, `type_flags`, `lootid`, `pickpocketloot`, `skinloot`, `resistance1`, `resistance2`, `resistance3`, `resistance4`, `resistance5`, `resistance6`, `spell1`, `spell2`, `spell3`, `spell4`, `spell5`, `spell6`, `spell7`, `spell8`, `PetSpellDataId`, `VehicleId`, `mingold`, `maxgold`, `AIName`, `MovementType`, `InhabitType`, `HoverHeight`, `Health_mod`, `Mana_mod`, `Armor_mod`, `RacialLeader`, `questItem1`, `questItem2`, `questItem3`, `questItem4`, `questItem5`, `questItem6`, `movementId`, `RegenHealth`, `mechanic_immune_mask`, `flags_extra`, `ScriptName`, `WDBVerified`) VALUES (50376, 51405, 51405, 0, 0, 0, 36776, 0, 0, 0, 'Angered Earth', '', '', 0, 81, 83, 3, 16, 16, 0, 1.6, 1.42857, 1, 0, 550, 950, 0, 36, 7, 2000, 2000, 1, 32768, 2048, 0, 0, 0, 0, 0, 0, 374, 562, 140, 4, 8, 0, 0, 0, 0, 0, 0, 0, 0, 0, 0, 0, 0, 0, 0, 0, 0, 0, 0, 0, 0, 0, '', 0, 3, 1, 1, 1, 1, 0, 0, 0, 0, 0, 0, 0, 150, 1, 0, 0, '', 15595);

REPLACE INTO `creature_template` (`entry`, `difficulty_entry_1`, `difficulty_entry_2`, `difficulty_entry_3`, `KillCredit1`, `KillCredit2`, `modelid1`, `modelid2`, `modelid3`, `modelid4`, `name`, `subname`, `IconName`, `gossip_menu_id`, `minlevel`, `maxlevel`, `exp`, `faction_A`, `faction_H`, `npcflag`, `speed_walk`, `speed_run`, `scale`, `rank`, `mindmg`, `maxdmg`, `dmgschool`, `attackpower`, `dmg_multiplier`, `baseattacktime`, `rangeattacktime`, `unit_class`, `unit_flags`, `unit_flags2`, `dynamicflags`, `family`, `trainer_type`, `trainer_spell`, `trainer_class`, `trainer_race`, `minrangedmg`, `maxrangedmg`, `rangedattackpower`, `type`, `type_flags`, `lootid`, `pickpocketloot`, `skinloot`, `resistance1`, `resistance2`, `resistance3`, `resistance4`, `resistance5`, `resistance6`, `spell1`, `spell2`, `spell3`, `spell4`, `spell5`, `spell6`, `spell7`, `spell8`, `PetSpellDataId`, `VehicleId`, `mingold`, `maxgold`, `AIName`, `MovementType`, `InhabitType`, `HoverHeight`, `Health_mod`, `Mana_mod`, `Armor_mod`, `RacialLeader`, `questItem1`, `questItem2`, `questItem3`, `questItem4`, `questItem5`, `questItem6`, `movementId`, `RegenHealth`, `mechanic_immune_mask`, `flags_extra`, `ScriptName`, `WDBVerified`) VALUES (51405, 0, 0, 0, 0, 0, 36776, 0, 0, 0, 'Angered Earth', '', '', 0, 85, 85, 3, 16, 16, 0, 1.6, 1.42857, 1, 0, 550, 950, 0, 36, 7, 2000, 2000, 1, 32768, 2048, 0, 0, 0, 0, 0, 0, 400, 600, 150, 4, 8, 0, 0, 0, 0, 0, 0, 0, 0, 0, 0, 0, 0, 0, 0, 0, 0, 0, 0, 0, 0, 0, '', 0, 3, 1, 5, 1, 1, 0, 0, 0, 0, 0, 0, 0, 150, 1, 0, 0, '', 15595);

update creature set movementtype=0 where id in (39987);

REPLACE INTO `creature_template` (`entry`, `difficulty_entry_1`, `difficulty_entry_2`, `difficulty_entry_3`, `KillCredit1`, `KillCredit2`, `modelid1`, `modelid2`, `modelid3`, `modelid4`, `name`, `subname`, `IconName`, `gossip_menu_id`, `minlevel`, `maxlevel`, `exp`, `faction_A`, `faction_H`, `npcflag`, `speed_walk`, `speed_run`, `scale`, `rank`, `mindmg`, `maxdmg`, `dmgschool`, `attackpower`, `dmg_multiplier`, `baseattacktime`, `rangeattacktime`, `unit_class`, `unit_flags`, `unit_flags2`, `dynamicflags`, `family`, `trainer_type`, `trainer_spell`, `trainer_class`, `trainer_race`, `minrangedmg`, `maxrangedmg`, `rangedattackpower`, `type`, `type_flags`, `lootid`, `pickpocketloot`, `skinloot`, `resistance1`, `resistance2`, `resistance3`, `resistance4`, `resistance5`, `resistance6`, `spell1`, `spell2`, `spell3`, `spell4`, `spell5`, `spell6`, `spell7`, `spell8`, `PetSpellDataId`, `VehicleId`, `mingold`, `maxgold`, `AIName`, `MovementType`, `InhabitType`, `HoverHeight`, `Health_mod`, `Mana_mod`, `Armor_mod`, `RacialLeader`, `questItem1`, `questItem2`, `questItem3`, `questItem4`, `questItem5`, `questItem6`, `movementId`, `RegenHealth`, `mechanic_immune_mask`, `flags_extra`, `ScriptName`, `WDBVerified`) VALUES (39990, 39991, 39991, 0, 0, 0, 34098, 34099, 34100, 34101, 'Twilight Zealot', '', '', 0, 85, 85, 3, 16, 16, 0, 1, 1.14286, 1, 1, 465, 697, 0, 174, 37.6, 2000, 2000, 2, 0, 2048, 0, 0, 0, 0, 0, 0, 372, 558, 139, 7, 8, 39990, 39990, 0, 0, 0, 0, 0, 0, 0, 93626, 76589, 93632, 76612, 0, 0, 0, 0, 0, 0, 12190, 12190, '', 0, 3, 1, 4, 5, 1, 0, 0, 0, 0, 0, 0, 0, 0, 1, 0, 0, 'generic_creature', 15595);

DELETE FROM `creature_loot_template` WHERE (`entry`=39990);
INSERT INTO `creature_loot_template` VALUES 
(39990, 43624, 0.0203, 1, 0, 1, 1),
(39990, 52325, 0.0002, 1, 0, 1, 1),
(39990, 52363, 0.0103, 1, 0, 1, 1),
(39990, 52364, 0.0045, 1, 0, 1, 1),
(39990, 52365, 0.0075, 1, 0, 1, 1),
(39990, 52366, 0.0094, 1, 0, 1, 1),
(39990, 52367, 0.0077, 1, 0, 1, 1),
(39990, 52368, 0.0073, 1, 0, 1, 1),
(39990, 52369, 0.0068, 1, 0, 1, 1),
(39990, 52370, 0.0063, 1, 0, 1, 1),
(39990, 52371, 0.0077, 1, 0, 1, 1),
(39990, 52372, 0.0075, 1, 0, 1, 1),
(39990, 52373, 0.0081, 1, 0, 1, 1),
(39990, 52374, 0.0135, 1, 0, 1, 1),
(39990, 52375, 0.0079, 1, 0, 1, 1),
(39990, 52376, 0.0064, 1, 0, 1, 1),
(39990, 52377, 0.009, 1, 0, 1, 1),
(39990, 52378, 0.0081, 1, 0, 1, 1),
(39990, 52379, 0.0092, 1, 0, 1, 1),
(39990, 52383, 0.0073, 1, 0, 1, 1),
(39990, 52385, 0.0063, 1, 0, 1, 1),
(39990, 52386, 0.0088, 1, 0, 1, 1),
(39990, 52388, 0.0063, 1, 0, 1, 1),
(39990, 52494, 0.0086, 1, 0, 1, 1),
(39990, 52495, 0.0028, 1, 0, 1, 1),
(39990, 52496, 0.005, 1, 0, 1, 1),
(39990, 52719, 0.01, 1, 0, 1, 1),
(39990, 53010, 30.1, 1, 0, 1, 6),
(39990, 55281, 0.0419, 1, 0, 1, 1),
(39990, 55282, 0.0443, 1, 0, 1, 1),
(39990, 55283, 0.0407, 1, 0, 1, 1),
(39990, 55286, 0.0332, 1, 0, 1, 1),
(39990, 55287, 0.0222, 1, 0, 1, 1),
(39990, 55288, 0.0299, 1, 0, 1, 1),
(39990, 55290, 0.0272, 1, 0, 1, 1),
(39990, 55291, 0.0274, 1, 0, 1, 1),
(39990, 55292, 0.0383, 1, 0, 1, 1),
(39990, 55295, 0.0308, 1, 0, 1, 1),
(39990, 55296, 0.034, 1, 0, 1, 1),
(39990, 55297, 0.0364, 1, 0, 1, 1),
(39990, 55299, 0.0165, 1, 0, 1, 1),
(39990, 55300, 0.0118, 1, 0, 1, 1),
(39990, 55301, 0.0073, 1, 0, 1, 1),
(39990, 55304, 0.0073, 1, 0, 1, 1),
(39990, 55305, 0.0094, 1, 0, 1, 1),
(39990, 55306, 0.0063, 1, 0, 1, 1),
(39990, 55308, 0.0394, 1, 0, 1, 1),
(39990, 55309, 0.0685, 1, 0, 1, 1),
(39990, 55310, 0.0481, 1, 0, 1, 1),
(39990, 55313, 0.0419, 1, 0, 1, 1),
(39990, 55314, 0.0277, 1, 0, 1, 1),
(39990, 55315, 0.029, 1, 0, 1, 1),
(39990, 55317, 0.0077, 1, 0, 1, 1),
(39990, 55318, 0.0092, 1, 0, 1, 1),
(39990, 55319, 0.0073, 1, 0, 1, 1),
(39990, 55322, 0.0111, 1, 0, 1, 1),
(39990, 55323, 0.0054, 1, 0, 1, 1),
(39990, 55324, 0.0083, 1, 0, 1, 1),
(39990, 55326, 0.0402, 1, 0, 1, 1),
(39990, 55327, 0.0561, 1, 0, 1, 1),
(39990, 55328, 0.0325, 1, 0, 1, 1),
(39990, 55331, 0.0437, 1, 0, 1, 1),
(39990, 55332, 0.0407, 1, 0, 1, 1),
(39990, 55333, 0.0227, 1, 0, 1, 1),
(39990, 55335, 0.0244, 1, 0, 1, 1),
(39990, 55336, 0.0253, 1, 0, 1, 1),
(39990, 55337, 0.027, 1, 0, 1, 1),
(39990, 55340, 0.0304, 1, 0, 1, 1),
(39990, 55341, 0.0276, 1, 0, 1, 1),
(39990, 55342, 0.0159, 1, 0, 1, 1),
(39990, 55344, 0.0426, 1, 0, 1, 1),
(39990, 55345, 0.0494, 1, 0, 1, 1),
(39990, 55346, 0.037, 1, 0, 1, 1),
(39990, 55349, 0.0381, 1, 0, 1, 1),
(39990, 55350, 0.0407, 1, 0, 1, 1),
(39990, 55351, 0.0281, 1, 0, 1, 1),
(39990, 55353, 0.0088, 1, 0, 1, 1),
(39990, 55354, 0.0075, 1, 0, 1, 1),
(39990, 55355, 0.0077, 1, 0, 1, 1),
(39990, 55358, 0.0098, 1, 0, 1, 1),
(39990, 55360, 0.0073, 1, 0, 1, 1),
(39990, 55362, 0.0828, 1, 0, 1, 1),
(39990, 55363, 0.0856, 1, 0, 1, 1),
(39990, 55364, 0.0899, 1, 0, 1, 1),
(39990, 55367, 0.064, 1, 0, 1, 1),
(39990, 55368, 0.0508, 1, 0, 1, 1),
(39990, 55369, 0.0644, 1, 0, 1, 1),
(39990, 55371, 0.055, 1, 0, 1, 1),
(39990, 55372, 0.0526, 1, 0, 1, 1),
(39990, 55373, 0.0509, 1, 0, 1, 1),
(39990, 55376, 0.0471, 1, 0, 1, 1),
(39990, 55377, 0.0494, 1, 0, 1, 1),
(39990, 55378, 0.0404, 1, 0, 1, 1),
(39990, 55380, 0.061, 1, 0, 1, 1),
(39990, 55381, 0.0514, 1, 0, 1, 1),
(39990, 55382, 0.0458, 1, 0, 1, 1),
(39990, 55385, 0.0419, 1, 0, 1, 1),
(39990, 55386, 0.0629, 1, 0, 1, 1),
(39990, 55387, 0.0363, 1, 0, 1, 1),
(39990, 55389, 0.0351, 1, 0, 1, 1),
(39990, 55390, 0.0342, 1, 0, 1, 1),
(39990, 55391, 0.0347, 1, 0, 1, 1),
(39990, 55394, 0.0259, 1, 0, 1, 1),
(39990, 55395, 0.0186, 1, 0, 1, 1),
(39990, 55396, 0.0227, 1, 0, 1, 1),
(39990, 55398, 0.086, 1, 0, 1, 1),
(39990, 55399, 0.0873, 1, 0, 1, 1),
(39990, 55400, 0.0865, 1, 0, 1, 1),
(39990, 55403, 0.0626, 1, 0, 1, 1),
(39990, 55404, 0.0784, 1, 0, 1, 1),
(39990, 55405, 0.0852, 1, 0, 1, 1),
(39990, 55407, 0.0246, 1, 0, 1, 1),
(39990, 55408, 0.0434, 1, 0, 1, 1),
(39990, 55409, 0.0323, 1, 0, 1, 1),
(39990, 55412, 0.0136, 1, 0, 1, 1),
(39990, 55413, 0.0177, 1, 0, 1, 1),
(39990, 55414, 0.0186, 1, 0, 1, 1),
(39990, 55416, 0.2067, 1, 0, 1, 1),
(39990, 55417, 0.2358, 1, 0, 1, 1),
(39990, 55418, 0.2116, 1, 0, 1, 1),
(39990, 55421, 0.1215, 1, 0, 1, 1),
(39990, 55422, 0.1582, 1, 0, 1, 1),
(39990, 55423, 0.1419, 1, 0, 1, 1),
(39990, 55425, 0.0477, 1, 0, 1, 1),
(39990, 55426, 0.0458, 1, 0, 1, 1),
(39990, 55427, 0.0655, 1, 0, 1, 1),
(39990, 55430, 0.0295, 1, 0, 1, 1),
(39990, 55431, 0.0516, 1, 0, 1, 1),
(39990, 55432, 0.0417, 1, 0, 1, 1),
(39990, 55434, 0.1442, 1, 0, 1, 1),
(39990, 55435, 0.1721, 1, 0, 1, 1),
(39990, 55436, 0.1699, 1, 0, 1, 1),
(39990, 55439, 0.1043, 1, 0, 1, 1),
(39990, 55440, 0.1134, 1, 0, 1, 1),
(39990, 55441, 0.1016, 1, 0, 1, 1),
(39990, 55443, 0.0263, 1, 0, 1, 1),
(39990, 55444, 0.028, 1, 0, 1, 1),
(39990, 55445, 0.0223, 1, 0, 1, 1),
(39990, 55448, 0.0235, 1, 0, 1, 1),
(39990, 55449, 0.0236, 1, 0, 1, 1),
(39990, 55450, 0.0236, 1, 0, 1, 1),
(39990, 55452, 0.0494, 1, 0, 1, 1),
(39990, 55453, 0.058, 1, 0, 1, 1),
(39990, 55454, 0.0379, 1, 0, 1, 1),
(39990, 55457, 0.0349, 1, 0, 1, 1),
(39990, 55458, 0.0236, 1, 0, 1, 1),
(39990, 55459, 0.0419, 1, 0, 1, 1),
(39990, 55461, 0.0345, 1, 0, 1, 1),
(39990, 55462, 0.0195, 1, 0, 1, 1),
(39990, 55463, 0.0238, 1, 0, 1, 1),
(39990, 55466, 0.0238, 1, 0, 1, 1),
(39990, 55467, 0.0209, 1, 0, 1, 1),
(39990, 55468, 0.0154, 1, 0, 1, 1),
(39990, 55470, 0.0109, 1, 0, 1, 1),
(39990, 55471, 0.0088, 1, 0, 1, 1),
(39990, 55472, 0.0092, 1, 0, 1, 1),
(39990, 55475, 0.0051, 1, 0, 1, 1),
(39990, 55476, 0.0041, 1, 0, 1, 1),
(39990, 55477, 0.006, 1, 0, 1, 1),
(39990, 55479, 0.1076, 1, 0, 1, 1),
(39990, 55480, 0.1286, 1, 0, 1, 1),
(39990, 55481, 0.1042, 1, 0, 1, 1),
(39990, 55484, 0.092, 1, 0, 1, 1),
(39990, 55485, 0.0753, 1, 0, 1, 1),
(39990, 55486, 0.078, 1, 0, 1, 1),
(39990, 55488, 0.0593, 1, 0, 1, 1),
(39990, 55489, 0.1051, 1, 0, 1, 1),
(39990, 55490, 0.0588, 1, 0, 1, 1),
(39990, 55493, 0.0367, 1, 0, 1, 1),
(39990, 55494, 0.0715, 1, 0, 1, 1),
(39990, 55495, 0.0462, 1, 0, 1, 1),
(39990, 55497, 0.0687, 1, 0, 1, 1),
(39990, 55498, 0.0695, 1, 0, 1, 1),
(39990, 55499, 0.0642, 1, 0, 1, 1),
(39990, 55502, 0.0444, 1, 0, 1, 1),
(39990, 55503, 0.0526, 1, 0, 1, 1),
(39990, 55504, 0.0367, 1, 0, 1, 1),
(39990, 55506, 0.067, 1, 0, 1, 1),
(39990, 55507, 0.0775, 1, 0, 1, 1),
(39990, 55508, 0.0612, 1, 0, 1, 1),
(39990, 55511, 0.0633, 1, 0, 1, 1),
(39990, 55512, 0.086, 1, 0, 1, 1),
(39990, 55513, 0.0553, 1, 0, 1, 1),
(39990, 55515, 0.0764, 1, 0, 1, 1),
(39990, 55516, 0.079, 1, 0, 1, 1),
(39990, 55517, 0.0745, 1, 0, 1, 1),
(39990, 55520, 0.0706, 1, 0, 1, 1),
(39990, 55521, 0.0562, 1, 0, 1, 1),
(39990, 55522, 0.0494, 1, 0, 1, 1),
(39990, 55524, 0.0781, 1, 0, 1, 1),
(39990, 55525, 0.0854, 1, 0, 1, 1),
(39990, 55526, 0.0815, 1, 0, 1, 1),
(39990, 55529, 0.0648, 1, 0, 1, 1),
(39990, 55530, 0.0603, 1, 0, 1, 1),
(39990, 55531, 0.0508, 1, 0, 1, 1),
(39990, 55533, 0.08, 1, 0, 1, 1),
(39990, 55534, 0.0999, 1, 0, 1, 1),
(39990, 55535, 0.073, 1, 0, 1, 1),
(39990, 55538, 0.054, 1, 0, 1, 1),
(39990, 55539, 0.0792, 1, 0, 1, 1),
(39990, 55540, 0.0526, 1, 0, 1, 1),
(39990, 55542, 0.073, 1, 0, 1, 1),
(39990, 55543, 0.071, 1, 0, 1, 1),
(39990, 55544, 0.0779, 1, 0, 1, 1),
(39990, 55547, 0.0638, 1, 0, 1, 1),
(39990, 55548, 0.0736, 1, 0, 1, 1),
(39990, 55549, 0.0508, 1, 0, 1, 1),
(39990, 55551, 0.086, 1, 0, 1, 1),
(39990, 55552, 0.0982, 1, 0, 1, 1),
(39990, 55553, 0.1019, 1, 0, 1, 1),
(39990, 55556, 0.0601, 1, 0, 1, 1),
(39990, 55557, 0.074, 1, 0, 1, 1),
(39990, 55558, 0.0404, 1, 0, 1, 1),
(39990, 55560, 0.0636, 1, 0, 1, 1),
(39990, 55561, 0.073, 1, 0, 1, 1),
(39990, 55562, 0.08, 1, 0, 1, 1),
(39990, 55565, 0.0651, 1, 0, 1, 1),
(39990, 55566, 0.0549, 1, 0, 1, 1),
(39990, 55567, 0.0413, 1, 0, 1, 1),
(39990, 55569, 0.0916, 1, 0, 1, 1),
(39990, 55570, 0.0931, 1, 0, 1, 1),
(39990, 55571, 0.0646, 1, 0, 1, 1),
(39990, 55574, 0.0476, 1, 0, 1, 1),
(39990, 55575, 0.0381, 1, 0, 1, 1),
(39990, 55576, 0.0422, 1, 0, 1, 1),
(39990, 55578, 0.0593, 1, 0, 1, 1),
(39990, 55579, 0.0777, 1, 0, 1, 1),
(39990, 55580, 0.0526, 1, 0, 1, 1),
(39990, 55583, 0.0408, 1, 0, 1, 1),
(39990, 55584, 0.0871, 1, 0, 1, 1),
(39990, 55585, 0.0481, 1, 0, 1, 1),
(39990, 55587, 0.0768, 1, 0, 1, 1),
(39990, 55588, 0.0758, 1, 0, 1, 1),
(39990, 55589, 0.0702, 1, 0, 1, 1),
(39990, 55592, 0.0706, 1, 0, 1, 1),
(39990, 55593, 0.0549, 1, 0, 1, 1),
(39990, 55594, 0.0608, 1, 0, 1, 1),
(39990, 55596, 0.0747, 1, 0, 1, 1),
(39990, 55597, 0.071, 1, 0, 1, 1),
(39990, 55598, 0.0751, 1, 0, 1, 1),
(39990, 55601, 0.0472, 1, 0, 1, 1),
(39990, 55602, 0.0594, 1, 0, 1, 1),
(39990, 55603, 0.0608, 1, 0, 1, 1),
(39990, 55605, 0.0636, 1, 0, 1, 1),
(39990, 55606, 0.0937, 1, 0, 1, 1),
(39990, 55607, 0.0841, 1, 0, 1, 1),
(39990, 55610, 0.0734, 1, 0, 1, 1),
(39990, 55611, 0.058, 1, 0, 1, 1),
(39990, 55612, 0.0535, 1, 0, 1, 1),
(39990, 55614, 0.076, 1, 0, 1, 1),
(39990, 55615, 0.0762, 1, 0, 1, 1),
(39990, 55616, 0.074, 1, 0, 1, 1),
(39990, 55619, 0.0704, 1, 0, 1, 1),
(39990, 55620, 0.0562, 1, 0, 1, 1),
(39990, 55621, 0.0485, 1, 0, 1, 1),
(39990, 55623, 0.0576, 1, 0, 1, 1),
(39990, 55624, 0.0877, 1, 0, 1, 1),
(39990, 55625, 0.0764, 1, 0, 1, 1),
(39990, 55628, 0.0636, 1, 0, 1, 1),
(39990, 55629, 0.0462, 1, 0, 1, 1),
(39990, 55630, 0.0394, 1, 0, 1, 1),
(39990, 55632, 0.0734, 1, 0, 1, 1),
(39990, 55633, 0.0595, 1, 0, 1, 1),
(39990, 55634, 0.0659, 1, 0, 1, 1),
(39990, 55637, 0.0576, 1, 0, 1, 1),
(39990, 55638, 0.049, 1, 0, 1, 1),
(39990, 55639, 0.0367, 1, 0, 1, 1),
(39990, 55641, 0.0668, 1, 0, 1, 1),
(39990, 55642, 0.0663, 1, 0, 1, 1),
(39990, 55643, 0.0623, 1, 0, 1, 1),
(39990, 55646, 0.0385, 1, 0, 1, 1),
(39990, 55647, 0.0408, 1, 0, 1, 1),
(39990, 55648, 0.034, 1, 0, 1, 1),
(39990, 55650, 0.0631, 1, 0, 1, 1),
(39990, 55651, 0.0745, 1, 0, 1, 1),
(39990, 55652, 0.0655, 1, 0, 1, 1),
(39990, 55655, 0.0588, 1, 0, 1, 1),
(39990, 55656, 0.0449, 1, 0, 1, 1),
(39990, 55657, 0.0417, 1, 0, 1, 1),
(39990, 55659, 0.0822, 1, 0, 1, 1),
(39990, 55660, 0.0713, 1, 0, 1, 1),
(39990, 55661, 0.0811, 1, 0, 1, 1),
(39990, 55664, 0.0481, 1, 0, 1, 1),
(39990, 55665, 0.0512, 1, 0, 1, 1),
(39990, 55666, 0.0576, 1, 0, 1, 1),
(39990, 55668, 0.0783, 1, 0, 1, 1),
(39990, 55669, 0.0755, 1, 0, 1, 1),
(39990, 55670, 0.0805, 1, 0, 1, 1),
(39990, 55673, 0.0636, 1, 0, 1, 1),
(39990, 55674, 0.0653, 1, 0, 1, 1),
(39990, 55675, 0.049, 1, 0, 1, 1),
(39990, 55677, 0.0944, 1, 0, 1, 1),
(39990, 55678, 0.0805, 1, 0, 1, 1),
(39990, 55679, 0.0884, 1, 0, 1, 1),
(39990, 55682, 0.0608, 1, 0, 1, 1),
(39990, 55683, 0.0755, 1, 0, 1, 1),
(39990, 55684, 0.0435, 1, 0, 1, 1),
(39990, 55686, 0.0681, 1, 0, 1, 1),
(39990, 55687, 0.0798, 1, 0, 1, 1),
(39990, 55688, 0.0683, 1, 0, 1, 1),
(39990, 55691, 0.0642, 1, 0, 1, 1),
(39990, 55692, 0.0732, 1, 0, 1, 1),
(39990, 55693, 0.0508, 1, 0, 1, 1),
(39990, 55695, 0.0826, 1, 0, 1, 1),
(39990, 55696, 0.0809, 1, 0, 1, 1),
(39990, 55697, 0.0783, 1, 0, 1, 1),
(39990, 55700, 0.039, 1, 0, 1, 1),
(39990, 55701, 0.0687, 1, 0, 1, 1),
(39990, 55702, 0.0385, 1, 0, 1, 1),
(39990, 55704, 0.0961, 1, 0, 1, 1),
(39990, 55705, 0.1079, 1, 0, 1, 1),
(39990, 55706, 0.1055, 1, 0, 1, 1),
(39990, 55709, 0.0603, 1, 0, 1, 1),
(39990, 55710, 0.101, 1, 0, 1, 1),
(39990, 55711, 0.0589, 1, 0, 1, 1),
(39990, 55713, 0.0869, 1, 0, 1, 1),
(39990, 55714, 0.1136, 1, 0, 1, 1),
(39990, 55715, 0.0901, 1, 0, 1, 1),
(39990, 55718, 0.0982, 1, 0, 1, 1),
(39990, 55719, 0.0621, 1, 0, 1, 1),
(39990, 55720, 0.0553, 1, 0, 1, 1),
(39990, 55722, 0.1153, 1, 0, 1, 1),
(39990, 55723, 0.0972, 1, 0, 1, 1),
(39990, 55724, 0.0984, 1, 0, 1, 1),
(39990, 55727, 0.1019, 1, 0, 1, 1),
(39990, 55728, 0.0603, 1, 0, 1, 1),
(39990, 55729, 0.0739, 1, 0, 1, 1),
(39990, 55731, 0.1038, 1, 0, 1, 1),
(39990, 55732, 0.1269, 1, 0, 1, 1),
(39990, 55733, 0.0995, 1, 0, 1, 1),
(39990, 55736, 0.0676, 1, 0, 1, 1),
(39990, 55737, 0.0757, 1, 0, 1, 1),
(39990, 55738, 0.0839, 1, 0, 1, 1),
(39990, 55740, 0.1106, 1, 0, 1, 1),
(39990, 55741, 0.1209, 1, 0, 1, 1),
(39990, 55742, 0.0993, 1, 0, 1, 1),
(39990, 55745, 0.0935, 1, 0, 1, 1),
(39990, 55746, 0.1053, 1, 0, 1, 1),
(39990, 55747, 0.0598, 1, 0, 1, 1),
(39990, 55749, 0.0931, 1, 0, 1, 1),
(39990, 55750, 0.1166, 1, 0, 1, 1),
(39990, 55751, 0.11, 1, 0, 1, 1),
(39990, 55754, 0.0626, 1, 0, 1, 1),
(39990, 55755, 0.0689, 1, 0, 1, 1),
(39990, 55756, 0.0775, 1, 0, 1, 1),
(39990, 55758, 0.1094, 1, 0, 1, 1),
(39990, 55759, 0.1038, 1, 0, 1, 1),
(39990, 55760, 0.1156, 1, 0, 1, 1),
(39990, 55763, 0.0694, 1, 0, 1, 1),
(39990, 55764, 0.0644, 1, 0, 1, 1),
(39990, 55765, 0.0871, 1, 0, 1, 1),
(39990, 55767, 0.1158, 1, 0, 1, 1),
(39990, 55768, 0.1162, 1, 0, 1, 1),
(39990, 55769, 0.0899, 1, 0, 1, 1),
(39990, 55772, 0.0892, 1, 0, 1, 1),
(39990, 55773, 0.0626, 1, 0, 1, 1),
(39990, 55774, 0.0703, 1, 0, 1, 1),
(39990, 55789, 1.3653, 1, 0, 1, 1),
(39990, 55790, 1.3578, 1, 0, 1, 1),
(39990, 55791, 1.3745, 1, 0, 1, 1),
(39990, 58256, 4.2906, 1, 0, 1, 1),
(39990, 58268, 8.3966, 1, 0, 1, 1),
(39990, 58269, 29.2857, 1, 0, 1, 1),
(39990, 62063, 0.34, 1, 0, 1, 1),
(39990, 62064, 0.3441, 1, 0, 1, 1),
(39990, 62065, 0.3745, 1, 0, 1, 1),
(39990, 62066, 0.3591, 1, 0, 1, 1),
(39990, 62067, 0.3738, 1, 0, 1, 1),
(39990, 62068, 0.3899, 1, 0, 1, 1),
(39990, 62069, 0.4079, 1, 0, 1, 1),
(39990, 62070, 0.3762, 1, 0, 1, 1),
(39990, 62071, 0.3683, 1, 0, 1, 1),
(39990, 62072, 0.3631, 1, 0, 1, 1),
(39990, 62073, 0.3197, 1, 0, 1, 1),
(39990, 62074, 0.3246, 1, 0, 1, 1),
(39990, 62075, 0.299, 1, 0, 1, 1),
(39990, 62076, 0.3353, 1, 0, 1, 1),
(39990, 62077, 0.303, 1, 0, 1, 1),
(39990, 62078, 0.3218, 1, 0, 1, 1),
(39990, 62079, 0.3199, 1, 0, 1, 1),
(39990, 62080, 0.3075, 1, 0, 1, 1),
(39990, 62081, 0.3131, 1, 0, 1, 1),
(39990, 62082, 0.3094, 1, 0, 1, 1),
(39990, 62083, 0.3293, 1, 0, 1, 1),
(39990, 62084, 0.3216, 1, 0, 1, 1),
(39990, 62085, 0.3319, 1, 0, 1, 1),
(39990, 62086, 0.3169, 1, 0, 1, 1),
(39990, 62087, 0.2921, 1, 0, 1, 1),
(39990, 62088, 0.3086, 1, 0, 1, 1),
(39990, 62089, 0.3281, 1, 0, 1, 1),
(39990, 62090, 0.3366, 1, 0, 1, 1),
(39990, 62091, 0.3163, 1, 0, 1, 1),
(39990, 62092, 0.3017, 1, 0, 1, 1),
(39990, 62093, 0.3146, 1, 0, 1, 1),
(39990, 62094, 0.2932, 1, 0, 1, 1),
(39990, 62095, 0.2994, 1, 0, 1, 1),
(39990, 62096, 0.3216, 1, 0, 1, 1),
(39990, 62097, 0.3221, 1, 0, 1, 1),
(39990, 62098, 0.3103, 1, 0, 1, 1),
(39990, 62099, 0.3129, 1, 0, 1, 1),
(39990, 62100, 0.2799, 1, 0, 1, 1),
(39990, 62101, 0.2874, 1, 0, 1, 1),
(39990, 62102, 0.2992, 1, 0, 1, 1),
(39990, 62103, 0.2557, 1, 0, 1, 1),
(39990, 62104, 0.2619, 1, 0, 1, 1),
(39990, 62129, 0.0712, 1, 0, 1, 1),
(39990, 62133, 0.0662, 1, 0, 1, 1),
(39990, 63291, 49.0476, 1, 0, 1, 1),
(39990, 63300, 12.7381, 1, 0, 1, 1),
(39990, 63310, 24.5238, 1, 0, 1, 1),
(39990, 63316, 5.3571, 1, 0, 1, 1),
(39990, 63317, 43.2143, 1, 0, 1, 1),
(39990, 63318, 2.1429, 1, 0, 1, 1),
(39990, 63348, 39.0476, 1, 0, 1, 1),
(39990, 63349, 44.1667, 1, 0, 1, 1),
(39990, 66641, 0.0047, 1, 0, 1, 1),
(39990, 66879, 0.0056, 1, 0, 1, 1),
(39990, 66880, 0.006, 1, 0, 1, 1),
(39990, 66882, 0.0047, 1, 0, 1, 1),
(39990, 66883, 0.0032, 1, 0, 1, 1),
(39990, 66895, 0.0062, 1, 0, 1, 1),
(39990, 66931, 0.0039, 1, 0, 1, 1),
(39990, 66932, 0.0062, 1, 0, 1, 1),
(39990, 66941, 0.0058, 1, 0, 1, 1),
(39990, 66942, 0.0053, 1, 0, 1, 1),
(39990, 66952, 0.0053, 1, 0, 1, 1),
(39990, 66953, 0.0049, 1, 0, 1, 1),
(39990, 66954, 0.0045, 1, 0, 1, 1),
(39990, 66955, 0.0026, 1, 0, 1, 1),
(39990, 66956, 0.0092, 1, 0, 1, 1),
(39990, 66957, 0.0103, 1, 0, 1, 1),
(39990, 66958, 0.0053, 1, 0, 1, 1),
(39990, 66959, 0.0049, 1, 0, 1, 1),
(39990, 66968, 0.0043, 1, 0, 1, 1),
(39990, 66969, 0.0051, 1, 0, 1, 1),
(39990, 66970, 0.0101, 1, 0, 1, 1),
(39990, 66971, 0.0068, 1, 0, 1, 1),
(39990, 66972, 0.0073, 1, 0, 1, 1),
(39990, 66973, 0.006, 1, 0, 1, 1),
(39990, 66974, 0.0041, 1, 0, 1, 1),
(39990, 66975, 0.0036, 1, 0, 1, 1),
(39990, 66976, 0.0023, 1, 0, 1, 1),
(39990, 66977, 0.0075, 1, 0, 1, 1),
(39990, 66978, 0.0043, 1, 0, 1, 1),
(39990, 66979, 0.0039, 1, 0, 1, 1),
(39990, 66980, 0.0049, 1, 0, 1, 1),
(39990, 66981, 0.0053, 1, 0, 1, 1),
(39990, 66982, 0.0034, 1, 0, 1, 1),
(39990, 66989, 0.0034, 1, 0, 1, 1),
(39990, 66990, 0.0064, 1, 0, 1, 1),
(39990, 66991, 0.0023, 1, 0, 1, 1),
(39990, 66992, 0.0064, 1, 0, 1, 1),
(39990, 66993, 0.0073, 1, 0, 1, 1),
(39990, 66994, 0.0073, 1, 0, 1, 1),
(39990, 67024, 0.0068, 1, 0, 1, 1),
(39990, 67027, 0.0036, 1, 0, 1, 1),
(39990, 67029, 0.0071, 1, 0, 1, 1),
(39990, 67032, 0.0056, 1, 0, 1, 1),
(39990, 67037, 0.0079, 1, 0, 1, 1),
(39990, 67040, 0.0045, 1, 0, 1, 1),
(39990, 67057, 0.0041, 1, 0, 1, 1),
(39990, 67059, 0.006, 1, 0, 1, 1),
(39990, 67061, 0.0064, 1, 0, 1, 1),
(39990, 67067, 0.0018, 1, 0, 1, 1),
(39990, 67069, 0.0056, 1, 0, 1, 1),
(39990, 67071, 0.0051, 1, 0, 1, 1),
(39990, 67088, 0.0036, 1, 0, 1, 1),
(39990, 67098, 0.0026, 1, 0, 1, 1),
(39990, 67099, 0.0049, 1, 0, 1, 1),
(39990, 67101, 0.0032, 1, 0, 1, 1),
(39990, 67102, 0.0043, 1, 0, 1, 1),
(39990, 67103, 0.003, 1, 0, 1, 1),
(39990, 67104, 0.0075, 1, 0, 1, 1),
(39990, 67105, 0.0062, 1, 0, 1, 1),
(39990, 67106, 0.0045, 1, 0, 1, 1),
(39990, 67109, 0.0081, 1, 0, 1, 1),
(39990, 67119, 0.0056, 1, 0, 1, 1),
(39990, 67120, 0.0139, 1, 0, 1, 1),
(39990, 67121, 0.006, 1, 0, 1, 1),
(39990, 67122, 0.0041, 1, 0, 1, 1),
(39990, 67123, 0.0027, 1, 0, 1, 1),
(39990, 67124, 0.0023, 1, 0, 1, 1),
(39990, 67125, 0.0041, 1, 0, 1, 1),
(39990, 67126, 0.0032, 1, 0, 1, 1),
(39990, 67127, 0.0083, 1, 0, 1, 1),
(39990, 67130, 0.0015, 1, 0, 1, 1),
(39990, 67131, 0.0019, 1, 0, 1, 1),
(39990, 67132, 0.0017, 1, 0, 1, 1),
(39990, 67133, 0.0013, 1, 0, 1, 1),
(39990, 67134, 0.0013, 1, 0, 1, 1),
(39990, 67135, 0.0013, 1, 0, 1, 1),
(39990, 67136, 0.0026, 1, 0, 1, 1),
(39990, 67137, 0.0015, 1, 0, 1, 1),
(39990, 67138, 0.0021, 1, 0, 1, 1),
(39990, 67139, 0.0005, 1, 0, 1, 1),
(39990, 67140, 0.0028, 1, 0, 1, 1),
(39990, 67141, 0.0015, 1, 0, 1, 1),
(39990, 67142, 0.0009, 1, 0, 1, 1),
(39990, 67143, 0.0026, 1, 0, 1, 1),
(39990, 67144, 0.0013, 1, 0, 1, 1),
(39990, 67145, 0.0005, 1, 0, 1, 1),
(39990, 67146, 0.0015, 1, 0, 1, 1),
(39990, 67147, 0.0019, 1, 0, 1, 1),
(39990, 67149, 0.0013, 1, 0, 1, 1),
(39990, 67150, 0.0013, 1, 0, 1, 1),
(39990, 68047, 0.0002, 1, 0, 1, 1),
(39990, 68197, 3.8, 1, 0, 1, 2),
(39990, 68198, 10.8, 1, 0, 1, 2),
(39990, 68729, 0.2648, 1, 0, 1, 1),
(39990, 68781, 0.0008, 1, 0, 1, 1),
(39990, 68782, 0.0041, 1, 0, 1, 1),
(39990, 68783, 0.0011, 1, 0, 1, 1),
(39990, 68787, 0.0024, 1, 0, 1, 1),
(39990, 68788, 0.0014, 1, 0, 1, 1),
(39990, 68789, 0.0016, 1, 0, 1, 1),
(39990, 69820, 0.0005, 1, 0, 1, 1);

DELETE FROM `pickpocketing_loot_template` WHERE (`entry`=39990);
INSERT INTO `pickpocketing_loot_template` VALUES 
(39990, 58269, 16.4422, 1, 0, 1, 1),
(39990, 63291, 22.6871, 1, 0, 1, 1),
(39990, 63300, 12.7381, 1, 0, 1, 1),
(39990, 63310, 10.9405, 1, 0, 1, 1),
(39990, 63316, 2.3033, 1, 0, 1, 1),
(39990, 63317, 21.3628, 1, 0, 1, 1),
(39990, 63318, 1.2092, 1, 0, 1, 1),
(39990, 63348, 21.6123, 1, 0, 1, 1),
(39990, 63349, 44.1667, 1, 0, 1, 1);

REPLACE INTO `creature_template` (`entry`, `difficulty_entry_1`, `difficulty_entry_2`, `difficulty_entry_3`, `KillCredit1`, `KillCredit2`, `modelid1`, `modelid2`, `modelid3`, `modelid4`, `name`, `subname`, `IconName`, `gossip_menu_id`, `minlevel`, `maxlevel`, `exp`, `faction_A`, `faction_H`, `npcflag`, `speed_walk`, `speed_run`, `scale`, `rank`, `mindmg`, `maxdmg`, `dmgschool`, `attackpower`, `dmg_multiplier`, `baseattacktime`, `rangeattacktime`, `unit_class`, `unit_flags`, `unit_flags2`, `dynamicflags`, `family`, `trainer_type`, `trainer_spell`, `trainer_class`, `trainer_race`, `minrangedmg`, `maxrangedmg`, `rangedattackpower`, `type`, `type_flags`, `lootid`, `pickpocketloot`, `skinloot`, `resistance1`, `resistance2`, `resistance3`, `resistance4`, `resistance5`, `resistance6`, `spell1`, `spell2`, `spell3`, `spell4`, `spell5`, `spell6`, `spell7`, `spell8`, `PetSpellDataId`, `VehicleId`, `mingold`, `maxgold`, `AIName`, `MovementType`, `InhabitType`, `HoverHeight`, `Health_mod`, `Mana_mod`, `Armor_mod`, `RacialLeader`, `questItem1`, `questItem2`, `questItem3`, `questItem4`, `questItem5`, `questItem6`, `movementId`, `RegenHealth`, `mechanic_immune_mask`, `flags_extra`, `ScriptName`, `WDBVerified`) VALUES (39991, 0, 0, 0, 0, 0, 34098, 34099, 34100, 34101, 'Twilight Zealot (1)', '', '', 0, 85, 85, 3, 16, 16, 0, 1, 1.14286, 1, 1, 465, 697, 0, 174, 37.7, 2000, 2000, 2, 0, 2048, 0, 0, 0, 0, 0, 0, 372, 558, 139, 7, 8, 39990, 39990, 0, 0, 0, 0, 0, 0, 0, 93626, 76589, 93632, 76612, 0, 0, 0, 0, 0, 0, 12190, 12190, '', 0, 3, 1, 5, 5, 1, 0, 0, 0, 0, 0, 0, 0, 0, 1, 0, 0, '', 15595);

REPLACE INTO `creature_template` (`entry`, `difficulty_entry_1`, `difficulty_entry_2`, `difficulty_entry_3`, `KillCredit1`, `KillCredit2`, `modelid1`, `modelid2`, `modelid3`, `modelid4`, `name`, `subname`, `IconName`, `gossip_menu_id`, `minlevel`, `maxlevel`, `exp`, `faction_A`, `faction_H`, `npcflag`, `speed_walk`, `speed_run`, `scale`, `rank`, `mindmg`, `maxdmg`, `dmgschool`, `attackpower`, `dmg_multiplier`, `baseattacktime`, `rangeattacktime`, `unit_class`, `unit_flags`, `unit_flags2`, `dynamicflags`, `family`, `trainer_type`, `trainer_spell`, `trainer_class`, `trainer_race`, `minrangedmg`, `maxrangedmg`, `rangedattackpower`, `type`, `type_flags`, `lootid`, `pickpocketloot`, `skinloot`, `resistance1`, `resistance2`, `resistance3`, `resistance4`, `resistance5`, `resistance6`, `spell1`, `spell2`, `spell3`, `spell4`, `spell5`, `spell6`, `spell7`, `spell8`, `PetSpellDataId`, `VehicleId`, `mingold`, `maxgold`, `AIName`, `MovementType`, `InhabitType`, `HoverHeight`, `Health_mod`, `Mana_mod`, `Armor_mod`, `RacialLeader`, `questItem1`, `questItem2`, `questItem3`, `questItem4`, `questItem5`, `questItem6`, `movementId`, `RegenHealth`, `mechanic_immune_mask`, `flags_extra`, `ScriptName`, `WDBVerified`) VALUES (50284, 50285, 50285, 0, 0, 0, 34098, 34099, 34100, 34101, 'Twilight Zealot', '', '', 0, 85, 85, 3, 16, 16, 0, 1, 1.14286, 1, 1, 465, 697, 0, 174, 37.6, 2000, 2000, 2, 294912, 2048, 0, 0, 0, 0, 0, 0, 372, 558, 139, 7, 8, 50284, 50284, 0, 0, 0, 0, 0, 0, 0, 93648, 76522, 76561, 93656, 0, 0, 0, 0, 0, 0, 14000, 14000, '', 0, 3, 1, 4, 5, 1, 0, 0, 0, 0, 0, 0, 0, 0, 1, 0, 0, 'generic_creature', 15595);

DELETE FROM `creature_loot_template` WHERE (`entry`=50284);
INSERT INTO `creature_loot_template` VALUES 
(50284, 53010, 20.3, 1, 0, 2, 5),
(50284, 55292, 0.2398, 1, 0, 1, 1),
(50284, 55297, 0.2398, 1, 0, 1, 1),
(50284, 55310, 0.2398, 1, 0, 1, 1),
(50284, 55314, 0.2398, 1, 0, 1, 1),
(50284, 55315, 0.2398, 1, 0, 1, 1),
(50284, 55340, 0.2398, 1, 0, 1, 1),
(50284, 55344, 0.2398, 1, 0, 1, 1),
(50284, 55346, 0.2398, 1, 0, 1, 1),
(50284, 55364, 0.2398, 1, 0, 1, 1),
(50284, 55367, 0.2398, 1, 0, 1, 1),
(50284, 55372, 0.2398, 1, 0, 1, 1),
(50284, 55373, 0.2398, 1, 0, 1, 1),
(50284, 55378, 0.2398, 1, 0, 1, 1),
(50284, 55394, 0.2398, 1, 0, 1, 1),
(50284, 55399, 0.7194, 1, 0, 1, 1),
(50284, 55404, 0.4796, 1, 0, 1, 1),
(50284, 55405, 0.2398, 1, 0, 1, 1),
(50284, 55413, 0.2398, 1, 0, 1, 1),
(50284, 55416, 0.2398, 1, 0, 1, 1),
(50284, 55421, 1.6787, 1, 0, 1, 1),
(50284, 55422, 0.4796, 1, 0, 1, 1),
(50284, 55423, 0.7194, 1, 0, 1, 1),
(50284, 55426, 0.2398, 1, 0, 1, 1),
(50284, 55430, 0.4796, 1, 0, 1, 1),
(50284, 55435, 0.2398, 1, 0, 1, 1),
(50284, 55436, 0.4796, 1, 0, 1, 1),
(50284, 55439, 0.4796, 1, 0, 1, 1),
(50284, 55440, 0.2398, 1, 0, 1, 1),
(50284, 55448, 0.2398, 1, 0, 1, 1),
(50284, 55463, 0.2398, 1, 0, 1, 1),
(50284, 55484, 0.2398, 1, 0, 1, 1),
(50284, 55485, 0.2398, 1, 0, 1, 1),
(50284, 55486, 0.7194, 1, 0, 1, 1),
(50284, 55490, 0.2398, 1, 0, 1, 1),
(50284, 55493, 0.2398, 1, 0, 1, 1),
(50284, 55504, 0.7194, 1, 0, 1, 1),
(50284, 55507, 0.2398, 1, 0, 1, 1),
(50284, 55508, 0.2398, 1, 0, 1, 1),
(50284, 55511, 0.7194, 1, 0, 1, 1),
(50284, 55516, 0.7194, 1, 0, 1, 1),
(50284, 55520, 0.9592, 1, 0, 1, 1),
(50284, 55525, 0.2398, 1, 0, 1, 1),
(50284, 55526, 0.2398, 1, 0, 1, 1),
(50284, 55531, 0.2398, 1, 0, 1, 1),
(50284, 55540, 0.2398, 1, 0, 1, 1),
(50284, 55543, 0.2398, 1, 0, 1, 1),
(50284, 55547, 0.4796, 1, 0, 1, 1),
(50284, 55549, 0.2398, 1, 0, 1, 1),
(50284, 55565, 0.7194, 1, 0, 1, 1),
(50284, 55566, 0.4796, 1, 0, 1, 1),
(50284, 55569, 0.4796, 1, 0, 1, 1),
(50284, 55571, 0.2398, 1, 0, 1, 1),
(50284, 55576, 0.2398, 1, 0, 1, 1),
(50284, 55583, 0.4796, 1, 0, 1, 1),
(50284, 55584, 0.2398, 1, 0, 1, 1),
(50284, 55587, 0.7194, 1, 0, 1, 1),
(50284, 55592, 0.4796, 1, 0, 1, 1),
(50284, 55593, 0.9592, 1, 0, 1, 1),
(50284, 55606, 0.2398, 1, 0, 1, 1),
(50284, 55607, 0.4796, 1, 0, 1, 1),
(50284, 55611, 0.2398, 1, 0, 1, 1),
(50284, 55614, 0.2398, 1, 0, 1, 1),
(50284, 55615, 0.4796, 1, 0, 1, 1),
(50284, 55619, 0.2398, 1, 0, 1, 1),
(50284, 55634, 0.4796, 1, 0, 1, 1),
(50284, 55637, 0.2398, 1, 0, 1, 1),
(50284, 55639, 0.4796, 1, 0, 1, 1),
(50284, 55642, 0.9592, 1, 0, 1, 1),
(50284, 55647, 1.4388, 1, 0, 1, 1),
(50284, 55670, 0.2398, 1, 0, 1, 1),
(50284, 55675, 0.2398, 1, 0, 1, 1),
(50284, 55682, 0.2398, 1, 0, 1, 1),
(50284, 55692, 0.2398, 1, 0, 1, 1),
(50284, 55693, 0.7194, 1, 0, 1, 1),
(50284, 55701, 0.2398, 1, 0, 1, 1),
(50284, 55709, 0.2398, 1, 0, 1, 1),
(50284, 55710, 1.4388, 1, 0, 1, 1),
(50284, 55711, 0.2398, 1, 0, 1, 1),
(50284, 55719, 1.199, 1, 0, 1, 1),
(50284, 55720, 0.7194, 1, 0, 1, 1),
(50284, 55722, 0.2398, 1, 0, 1, 1),
(50284, 55728, 0.2398, 1, 0, 1, 1),
(50284, 55737, 0.2398, 1, 0, 1, 1),
(50284, 55738, 0.7194, 1, 0, 1, 1),
(50284, 55741, 1.199, 1, 0, 1, 1),
(50284, 55745, 0.2398, 1, 0, 1, 1),
(50284, 55746, 0.2398, 1, 0, 1, 1),
(50284, 55747, 0.2398, 1, 0, 1, 1),
(50284, 55754, 0.2398, 1, 0, 1, 1),
(50284, 55758, 0.2398, 1, 0, 1, 1),
(50284, 55760, 0.2398, 1, 0, 1, 1),
(50284, 55767, 0.2398, 1, 0, 1, 1),
(50284, 55772, 0.4796, 1, 0, 1, 1),
(50284, 55773, 0.7194, 1, 0, 1, 1),
(50284, 55789, 2.3981, 1, 0, 1, 1),
(50284, 55790, 3.5971, 1, 0, 1, 1),
(50284, 55791, 1.199, 1, 0, 1, 1),
(50284, 58256, 3.8, 1, 0, 1, 1),
(50284, 58268, 8.2828, 1, 0, 1, 1),
(50284, 58269, 38.7597, 1, 0, 1, 1),
(50284, 62063, 1.6787, 1, 0, 1, 1),
(50284, 62068, 0.4796, 1, 0, 1, 1),
(50284, 62073, 0.2398, 1, 0, 1, 1),
(50284, 62075, 0.2398, 1, 0, 1, 1),
(50284, 62076, 0.7194, 1, 0, 1, 1),
(50284, 62080, 0.2398, 1, 0, 1, 1),
(50284, 62082, 0.4796, 1, 0, 1, 1),
(50284, 62083, 0.2398, 1, 0, 1, 1),
(50284, 62084, 0.2398, 1, 0, 1, 1),
(50284, 62085, 0.4796, 1, 0, 1, 1),
(50284, 62087, 0.7194, 1, 0, 1, 1),
(50284, 62090, 0.2398, 1, 0, 1, 1),
(50284, 62092, 0.7194, 1, 0, 1, 1),
(50284, 62093, 0.4796, 1, 0, 1, 1),
(50284, 62095, 0.4796, 1, 0, 1, 1),
(50284, 62096, 0.4796, 1, 0, 1, 1),
(50284, 62097, 0.2398, 1, 0, 1, 1),
(50284, 62098, 0.2398, 1, 0, 1, 1),
(50284, 62101, 0.4796, 1, 0, 1, 1),
(50284, 62106, 0.2398, 1, 0, 1, 1),
(50284, 62110, 0.2398, 1, 0, 1, 1),
(50284, 62115, 0.4796, 1, 0, 1, 1),
(50284, 62124, 0.2398, 1, 0, 1, 1),
(50284, 62134, 0.2398, 1, 0, 1, 1),
(50284, 62135, 0.7194, 1, 0, 1, 1),
(50284, 63291, 55.814, 1, 0, 1, 1),
(50284, 63300, 10.8527, 1, 0, 1, 1),
(50284, 63310, 27.907, 1, 0, 1, 1),
(50284, 63316, 10.8527, 1, 0, 1, 1),
(50284, 63317, 31.0078, 1, 0, 1, 1),
(50284, 63318, 3.1008, 1, 0, 1, 1),
(50284, 63348, 43.4109, 1, 0, 1, 1),
(50284, 63349, 13.9535, 1, 0, 1, 1),
(50284, 66976, 0.4796, 1, 0, 1, 1),
(50284, 67131, 0.2398, 1, 0, 1, 1),
(50284, 67148, 0.4796, 1, 0, 1, 1),
(50284, 68197, 1.3, 1, 0, 1, 2),
(50284, 68198, 15.2, 1, 0, 1, 2);

DELETE FROM `pickpocketing_loot_template` WHERE (`entry`=50284);
INSERT INTO `pickpocketing_loot_template` VALUES 
(50284, 58269, 15.342, 1, 0, 1, 1),
(50284, 63291, 20.8589, 1, 0, 1, 1),
(50284, 63300, 10.8527, 1, 0, 1, 1),
(50284, 63310, 10.0204, 1, 0, 1, 1),
(50284, 63316, 5.1125, 1, 0, 1, 1),
(50284, 63317, 31.0078, 1, 0, 1, 1),
(50284, 63318, 1.8405, 1, 0, 1, 1),
(50284, 63348, 43.4109, 1, 0, 1, 1),
(50284, 63349, 13.9535, 1, 0, 1, 1);

REPLACE INTO `creature_template` (`entry`, `difficulty_entry_1`, `difficulty_entry_2`, `difficulty_entry_3`, `KillCredit1`, `KillCredit2`, `modelid1`, `modelid2`, `modelid3`, `modelid4`, `name`, `subname`, `IconName`, `gossip_menu_id`, `minlevel`, `maxlevel`, `exp`, `faction_A`, `faction_H`, `npcflag`, `speed_walk`, `speed_run`, `scale`, `rank`, `mindmg`, `maxdmg`, `dmgschool`, `attackpower`, `dmg_multiplier`, `baseattacktime`, `rangeattacktime`, `unit_class`, `unit_flags`, `unit_flags2`, `dynamicflags`, `family`, `trainer_type`, `trainer_spell`, `trainer_class`, `trainer_race`, `minrangedmg`, `maxrangedmg`, `rangedattackpower`, `type`, `type_flags`, `lootid`, `pickpocketloot`, `skinloot`, `resistance1`, `resistance2`, `resistance3`, `resistance4`, `resistance5`, `resistance6`, `spell1`, `spell2`, `spell3`, `spell4`, `spell5`, `spell6`, `spell7`, `spell8`, `PetSpellDataId`, `VehicleId`, `mingold`, `maxgold`, `AIName`, `MovementType`, `InhabitType`, `HoverHeight`, `Health_mod`, `Mana_mod`, `Armor_mod`, `RacialLeader`, `questItem1`, `questItem2`, `questItem3`, `questItem4`, `questItem5`, `questItem6`, `movementId`, `RegenHealth`, `mechanic_immune_mask`, `flags_extra`, `ScriptName`, `WDBVerified`) VALUES (50285, 0, 0, 0, 0, 0, 34098, 34099, 34100, 34101, 'Twilight Zealot (1)', '', '', 0, 85, 85, 3, 16, 16, 0, 1, 1.14286, 1, 1, 465, 697, 0, 174, 37.7, 2000, 2000, 2, 294912, 2048, 0, 0, 0, 0, 0, 0, 372, 558, 139, 7, 8, 50284, 50284, 0, 0, 0, 0, 0, 0, 0, 93648, 76522, 76561, 93656, 0, 0, 0, 0, 0, 0, 14000, 14000, '', 0, 3, 1, 5, 5, 1, 0, 0, 0, 0, 0, 0, 0, 0, 1, 0, 0, '', 15595);

REPLACE INTO `creature_template` (`entry`, `difficulty_entry_1`, `difficulty_entry_2`, `difficulty_entry_3`, `KillCredit1`, `KillCredit2`, `modelid1`, `modelid2`, `modelid3`, `modelid4`, `name`, `subname`, `IconName`, `gossip_menu_id`, `minlevel`, `maxlevel`, `exp`, `faction_A`, `faction_H`, `npcflag`, `speed_walk`, `speed_run`, `scale`, `rank`, `mindmg`, `maxdmg`, `dmgschool`, `attackpower`, `dmg_multiplier`, `baseattacktime`, `rangeattacktime`, `unit_class`, `unit_flags`, `unit_flags2`, `dynamicflags`, `family`, `trainer_type`, `trainer_spell`, `trainer_class`, `trainer_race`, `minrangedmg`, `maxrangedmg`, `rangedattackpower`, `type`, `type_flags`, `lootid`, `pickpocketloot`, `skinloot`, `resistance1`, `resistance2`, `resistance3`, `resistance4`, `resistance5`, `resistance6`, `spell1`, `spell2`, `spell3`, `spell4`, `spell5`, `spell6`, `spell7`, `spell8`, `PetSpellDataId`, `VehicleId`, `mingold`, `maxgold`, `AIName`, `MovementType`, `InhabitType`, `HoverHeight`, `Health_mod`, `Mana_mod`, `Armor_mod`, `RacialLeader`, `questItem1`, `questItem2`, `questItem3`, `questItem4`, `questItem5`, `questItem6`, `movementId`, `RegenHealth`, `mechanic_immune_mask`, `flags_extra`, `ScriptName`, `WDBVerified`) VALUES (39670, 0, 0, 0, 0, 0, 31796, 0, 0, 0, 'Raz the Crazed', '', '', 0, 82, 82, 3, 35, 35, 0, 1.6, 1.42857, 1, 1, 452, 678, 0, 169, 35, 2000, 2000, 1, 294912, 2048, 0, 0, 0, 0, 0, 0, 362, 542, 135, 7, 96, 0, 0, 0, 0, 0, 0, 0, 0, 0, 79725, 0, 0, 0, 0, 0, 0, 0, 0, 0, 0, 0, '', 0, 3, 1, 150, 1, 1, 0, 0, 0, 0, 0, 0, 0, 150, 1, 0, 0, 'generic_creature', 15595);

REPLACE INTO `creature_template` (`entry`, `difficulty_entry_1`, `difficulty_entry_2`, `difficulty_entry_3`, `KillCredit1`, `KillCredit2`, `modelid1`, `modelid2`, `modelid3`, `modelid4`, `name`, `subname`, `IconName`, `gossip_menu_id`, `minlevel`, `maxlevel`, `exp`, `faction_A`, `faction_H`, `npcflag`, `speed_walk`, `speed_run`, `scale`, `rank`, `mindmg`, `maxdmg`, `dmgschool`, `attackpower`, `dmg_multiplier`, `baseattacktime`, `rangeattacktime`, `unit_class`, `unit_flags`, `unit_flags2`, `dynamicflags`, `family`, `trainer_type`, `trainer_spell`, `trainer_class`, `trainer_race`, `minrangedmg`, `maxrangedmg`, `rangedattackpower`, `type`, `type_flags`, `lootid`, `pickpocketloot`, `skinloot`, `resistance1`, `resistance2`, `resistance3`, `resistance4`, `resistance5`, `resistance6`, `spell1`, `spell2`, `spell3`, `spell4`, `spell5`, `spell6`, `spell7`, `spell8`, `PetSpellDataId`, `VehicleId`, `mingold`, `maxgold`, `AIName`, `MovementType`, `InhabitType`, `HoverHeight`, `Health_mod`, `Mana_mod`, `Armor_mod`, `RacialLeader`, `questItem1`, `questItem2`, `questItem3`, `questItem4`, `questItem5`, `questItem6`, `movementId`, `RegenHealth`, `mechanic_immune_mask`, `flags_extra`, `ScriptName`, `WDBVerified`) VALUES (40004, 40005, 40005, 0, 0, 0, 33009, 0, 0, 0, 'Quicksilver', '', '', 0, 85, 85, 3, 16, 16, 0, 1, 0.992063, 0.75, 1, 500, 750, 0, 187, 35, 2000, 2000, 1, 33849664, 2048, 0, 0, 0, 0, 0, 0, 400, 600, 150, 4, 8, 40004, 0, 0, 0, 0, 0, 0, 0, 0, 87379, 76621, 0, 0, 0, 0, 0, 0, 0, 0, 12454, 12454, '', 0, 3, 1, 4, 5, 1, 0, 52506, 0, 0, 0, 0, 0, 0, 1, 0, 0, 'generic_creature', 15595);

DELETE FROM `creature_loot_template` WHERE (`entry`=40004);
INSERT INTO `creature_loot_template` VALUES 
(40004, 43624, 0.057, 1, 0, 1, 1),
(40004, 52325, 18.6557, 1, 0, 1, 1),
(40004, 52363, 0.0285, 1, 0, 1, 1),
(40004, 52369, 0.0285, 1, 0, 1, 1),
(40004, 52373, 0.0285, 1, 0, 1, 1),
(40004, 52377, 0.0285, 1, 0, 1, 1),
(40004, 52506, -2.5634, 1, 0, 1, 1),
(40004, 53010, 27.6, 1, 0, 1, 6),
(40004, 55281, 0.0285, 1, 0, 1, 1),
(40004, 55282, 0.1994, 1, 0, 1, 1),
(40004, 55283, 0.0285, 1, 0, 1, 1),
(40004, 55286, 0.0854, 1, 0, 1, 1),
(40004, 55290, 0.0285, 1, 0, 1, 1),
(40004, 55291, 0.0854, 1, 0, 1, 1),
(40004, 55292, 0.0285, 1, 0, 1, 1),
(40004, 55295, 0.057, 1, 0, 1, 1),
(40004, 55301, 0.057, 1, 0, 1, 1),
(40004, 55308, 0.0285, 1, 0, 1, 1),
(40004, 55309, 0.1139, 1, 0, 1, 1),
(40004, 55310, 0.1139, 1, 0, 1, 1),
(40004, 55319, 0.0285, 1, 0, 1, 1),
(40004, 55326, 0.057, 1, 0, 1, 1),
(40004, 55327, 0.1139, 1, 0, 1, 1),
(40004, 55328, 0.0285, 1, 0, 1, 1),
(40004, 55331, 0.1139, 1, 0, 1, 1),
(40004, 55333, 0.0854, 1, 0, 1, 1),
(40004, 55336, 0.0285, 1, 0, 1, 1),
(40004, 55337, 0.0285, 1, 0, 1, 1),
(40004, 55340, 0.0285, 1, 0, 1, 1),
(40004, 55342, 0.1139, 1, 0, 1, 1),
(40004, 55344, 0.057, 1, 0, 1, 1),
(40004, 55345, 0.057, 1, 0, 1, 1),
(40004, 55346, 0.1994, 1, 0, 1, 1),
(40004, 55350, 0.0854, 1, 0, 1, 1),
(40004, 55362, 0.1139, 1, 0, 1, 1),
(40004, 55363, 0.057, 1, 0, 1, 1),
(40004, 55364, 0.2563, 1, 0, 1, 1),
(40004, 55369, 0.0854, 1, 0, 1, 1),
(40004, 55372, 0.3987, 1, 0, 1, 1),
(40004, 55373, 0.0285, 1, 0, 1, 1),
(40004, 55380, 0.2848, 1, 0, 1, 1),
(40004, 55381, 0.0285, 1, 0, 1, 1),
(40004, 55382, 0.057, 1, 0, 1, 1),
(40004, 55385, 0.057, 1, 0, 1, 1),
(40004, 55394, 0.057, 1, 0, 1, 1),
(40004, 55398, 0.1424, 1, 0, 1, 1),
(40004, 55399, 0.4842, 1, 0, 1, 1),
(40004, 55400, 0.1709, 1, 0, 1, 1),
(40004, 55408, 0.0854, 1, 0, 1, 1),
(40004, 55409, 0.0285, 1, 0, 1, 1),
(40004, 55416, 0.0854, 1, 0, 1, 1),
(40004, 55417, 0.2563, 1, 0, 1, 1),
(40004, 55418, 0.5412, 1, 0, 1, 1),
(40004, 55425, 0.1709, 1, 0, 1, 1),
(40004, 55426, 0.0285, 1, 0, 1, 1),
(40004, 55427, 0.1139, 1, 0, 1, 1),
(40004, 55431, 0.0448, 1, 0, 1, 1),
(40004, 55434, 0.0854, 1, 0, 1, 1),
(40004, 55435, 0.5127, 1, 0, 1, 1),
(40004, 55436, 0.1139, 1, 0, 1, 1),
(40004, 55439, 0.1709, 1, 0, 1, 1),
(40004, 55443, 0.0285, 1, 0, 1, 1),
(40004, 55445, 0.0854, 1, 0, 1, 1),
(40004, 55448, 0.057, 1, 0, 1, 1),
(40004, 55449, 0.0285, 1, 0, 1, 1),
(40004, 55453, 0.057, 1, 0, 1, 1),
(40004, 55454, 0.0285, 1, 0, 1, 1),
(40004, 55461, 0.057, 1, 0, 1, 1),
(40004, 55462, 0.1994, 1, 0, 1, 1),
(40004, 55463, 0.057, 1, 0, 1, 1),
(40004, 55467, 0.0285, 1, 0, 1, 1),
(40004, 55468, 0.0285, 1, 0, 1, 1),
(40004, 55470, 0.0285, 1, 0, 1, 1),
(40004, 55471, 0.0285, 1, 0, 1, 1),
(40004, 55472, 0.1709, 1, 0, 1, 1),
(40004, 55479, 0.1709, 1, 0, 1, 1),
(40004, 55480, 0.0854, 1, 0, 1, 1),
(40004, 55481, 0.1139, 1, 0, 1, 1),
(40004, 55488, 0.057, 1, 0, 1, 1),
(40004, 55489, 0.0854, 1, 0, 1, 1),
(40004, 55490, 0.1139, 1, 0, 1, 1),
(40004, 55497, 0.0854, 1, 0, 1, 1),
(40004, 55499, 0.0854, 1, 0, 1, 1),
(40004, 55503, 0.0897, 1, 0, 1, 1),
(40004, 55506, 0.0285, 1, 0, 1, 1),
(40004, 55507, 0.2563, 1, 0, 1, 1),
(40004, 55508, 0.0854, 1, 0, 1, 1),
(40004, 55512, 0.0448, 1, 0, 1, 1),
(40004, 55516, 0.1139, 1, 0, 1, 1),
(40004, 55517, 0.1139, 1, 0, 1, 1),
(40004, 55520, 0.0448, 1, 0, 1, 1),
(40004, 55524, 0.0285, 1, 0, 1, 1),
(40004, 55525, 0.1139, 1, 0, 1, 1),
(40004, 55526, 0.0285, 1, 0, 1, 1),
(40004, 55530, 0.0448, 1, 0, 1, 1),
(40004, 55533, 0.0285, 1, 0, 1, 1),
(40004, 55534, 0.0854, 1, 0, 1, 1),
(40004, 55535, 0.1424, 1, 0, 1, 1),
(40004, 55542, 0.0285, 1, 0, 1, 1),
(40004, 55543, 0.2563, 1, 0, 1, 1),
(40004, 55544, 0.0854, 1, 0, 1, 1),
(40004, 55547, 0.1709, 1, 0, 1, 1),
(40004, 55548, 0.0854, 1, 0, 1, 1),
(40004, 55551, 0.1424, 1, 0, 1, 1),
(40004, 55552, 0.1709, 1, 0, 1, 1),
(40004, 55553, 0.057, 1, 0, 1, 1),
(40004, 55557, 0.0448, 1, 0, 1, 1),
(40004, 55560, 0.057, 1, 0, 1, 1),
(40004, 55561, 0.1424, 1, 0, 1, 1),
(40004, 55565, 0.0897, 1, 0, 1, 1),
(40004, 55566, 0.0448, 1, 0, 1, 1),
(40004, 55569, 0.1994, 1, 0, 1, 1),
(40004, 55570, 0.1139, 1, 0, 1, 1),
(40004, 55571, 0.1709, 1, 0, 1, 1),
(40004, 55576, 0.0897, 1, 0, 1, 1),
(40004, 55578, 0.1139, 1, 0, 1, 1),
(40004, 55580, 0.057, 1, 0, 1, 1),
(40004, 55584, 0.0854, 1, 0, 1, 1),
(40004, 55585, 0.0448, 1, 0, 1, 1),
(40004, 55587, 0.1994, 1, 0, 1, 1),
(40004, 55588, 0.1139, 1, 0, 1, 1),
(40004, 55589, 0.2563, 1, 0, 1, 1),
(40004, 55593, 0.0854, 1, 0, 1, 1),
(40004, 55596, 0.057, 1, 0, 1, 1),
(40004, 55597, 0.0854, 1, 0, 1, 1),
(40004, 55598, 0.1139, 1, 0, 1, 1),
(40004, 55601, 0.1424, 1, 0, 1, 1),
(40004, 55602, 0.1139, 1, 0, 1, 1),
(40004, 55603, 0.1994, 1, 0, 1, 1),
(40004, 55605, 0.1709, 1, 0, 1, 1),
(40004, 55606, 0.057, 1, 0, 1, 1),
(40004, 55607, 0.0854, 1, 0, 1, 1),
(40004, 55610, 0.0854, 1, 0, 1, 1),
(40004, 55611, 0.0854, 1, 0, 1, 1),
(40004, 55612, 0.0448, 1, 0, 1, 1),
(40004, 55614, 0.2848, 1, 0, 1, 1),
(40004, 55615, 0.057, 1, 0, 1, 1),
(40004, 55616, 0.1139, 1, 0, 1, 1),
(40004, 55620, 0.0854, 1, 0, 1, 1),
(40004, 55623, 0.0854, 1, 0, 1, 1),
(40004, 55624, 0.1994, 1, 0, 1, 1),
(40004, 55625, 0.2848, 1, 0, 1, 1),
(40004, 55628, 0.1139, 1, 0, 1, 1),
(40004, 55632, 0.0854, 1, 0, 1, 1),
(40004, 55633, 0.1139, 1, 0, 1, 1),
(40004, 55634, 0.0854, 1, 0, 1, 1),
(40004, 55637, 0.057, 1, 0, 1, 1),
(40004, 55638, 0.0448, 1, 0, 1, 1),
(40004, 55641, 0.1424, 1, 0, 1, 1),
(40004, 55642, 0.057, 1, 0, 1, 1),
(40004, 55643, 0.057, 1, 0, 1, 1),
(40004, 55650, 0.0854, 1, 0, 1, 1),
(40004, 55651, 0.0285, 1, 0, 1, 1),
(40004, 55652, 0.1709, 1, 0, 1, 1),
(40004, 55659, 0.057, 1, 0, 1, 1),
(40004, 55660, 0.0285, 1, 0, 1, 1),
(40004, 55661, 0.3703, 1, 0, 1, 1),
(40004, 55666, 0.0448, 1, 0, 1, 1),
(40004, 55668, 0.1139, 1, 0, 1, 1),
(40004, 55669, 0.0854, 1, 0, 1, 1),
(40004, 55670, 0.0854, 1, 0, 1, 1),
(40004, 55673, 0.0448, 1, 0, 1, 1),
(40004, 55677, 0.3418, 1, 0, 1, 1),
(40004, 55678, 0.1139, 1, 0, 1, 1),
(40004, 55683, 0.1139, 1, 0, 1, 1),
(40004, 55687, 0.0854, 1, 0, 1, 1),
(40004, 55688, 0.057, 1, 0, 1, 1),
(40004, 55691, 0.0854, 1, 0, 1, 1),
(40004, 55693, 0.0448, 1, 0, 1, 1),
(40004, 55695, 0.0285, 1, 0, 1, 1),
(40004, 55696, 0.1139, 1, 0, 1, 1),
(40004, 55697, 0.0854, 1, 0, 1, 1),
(40004, 55702, 0.0448, 1, 0, 1, 1),
(40004, 55704, 0.1994, 1, 0, 1, 1),
(40004, 55705, 0.0854, 1, 0, 1, 1),
(40004, 55706, 0.2563, 1, 0, 1, 1),
(40004, 55713, 0.1139, 1, 0, 1, 1),
(40004, 55714, 0.1424, 1, 0, 1, 1),
(40004, 55715, 0.057, 1, 0, 1, 1),
(40004, 55722, 0.3418, 1, 0, 1, 1),
(40004, 55723, 0.1139, 1, 0, 1, 1),
(40004, 55724, 0.2279, 1, 0, 1, 1),
(40004, 55731, 0.3133, 1, 0, 1, 1),
(40004, 55732, 0.1994, 1, 0, 1, 1),
(40004, 55733, 0.057, 1, 0, 1, 1),
(40004, 55740, 0.0854, 1, 0, 1, 1),
(40004, 55742, 0.2563, 1, 0, 1, 1),
(40004, 55747, 0.0897, 1, 0, 1, 1),
(40004, 55749, 0.1139, 1, 0, 1, 1),
(40004, 55750, 0.1424, 1, 0, 1, 1),
(40004, 55751, 0.2279, 1, 0, 1, 1),
(40004, 55758, 0.1994, 1, 0, 1, 1),
(40004, 55760, 0.0854, 1, 0, 1, 1),
(40004, 55763, 0.0897, 1, 0, 1, 1),
(40004, 55768, 0.057, 1, 0, 1, 1),
(40004, 55769, 0.1709, 1, 0, 1, 1),
(40004, 55772, 0.0854, 1, 0, 1, 1),
(40004, 55774, 0.0897, 1, 0, 1, 1),
(40004, 55789, 1.3102, 1, 0, 1, 1),
(40004, 55790, 1.9368, 1, 0, 1, 1),
(40004, 55791, 2.2501, 1, 0, 1, 1),
(40004, 62063, 0.2691, 1, 0, 1, 1),
(40004, 62064, 0.5127, 1, 0, 1, 1),
(40004, 62065, 0.3703, 1, 0, 1, 1),
(40004, 62066, 0.4557, 1, 0, 1, 1),
(40004, 62067, 0.9969, 1, 0, 1, 1),
(40004, 62068, 0.3418, 1, 0, 1, 1),
(40004, 62070, 0.4036, 1, 0, 1, 1),
(40004, 62072, 0.2691, 1, 0, 1, 1),
(40004, 62073, 0.1994, 1, 0, 1, 1),
(40004, 62074, 0.5696, 1, 0, 1, 1),
(40004, 62075, 0.3987, 1, 0, 1, 1),
(40004, 62076, 0.2563, 1, 0, 1, 1),
(40004, 62077, 0.4272, 1, 0, 1, 1),
(40004, 62078, 0.2563, 1, 0, 1, 1),
(40004, 62079, 0.5412, 1, 0, 1, 1),
(40004, 62080, 0.3418, 1, 0, 1, 1),
(40004, 62081, 0.2279, 1, 0, 1, 1),
(40004, 62085, 0.2563, 1, 0, 1, 1),
(40004, 62086, 0.3703, 1, 0, 1, 1),
(40004, 62087, 0.3418, 1, 0, 1, 1),
(40004, 62088, 0.4842, 1, 0, 1, 1),
(40004, 62089, 0.4842, 1, 0, 1, 1),
(40004, 62090, 1.2532, 1, 0, 1, 1),
(40004, 62091, 0.1709, 1, 0, 1, 1),
(40004, 62092, 0.1709, 1, 0, 1, 1),
(40004, 62093, 0.2242, 1, 0, 1, 1),
(40004, 62094, 0.4557, 1, 0, 1, 1),
(40004, 62095, 0.4842, 1, 0, 1, 1),
(40004, 62097, 0.2848, 1, 0, 1, 1),
(40004, 62098, 0.3133, 1, 0, 1, 1),
(40004, 62099, 0.1709, 1, 0, 1, 1),
(40004, 62100, 0.3987, 1, 0, 1, 1),
(40004, 62102, 0.5981, 1, 0, 1, 1),
(40004, 62103, 0.2848, 1, 0, 1, 1),
(40004, 62104, 0.4272, 1, 0, 1, 1),
(40004, 62109, 0.1139, 1, 0, 1, 1),
(40004, 62120, 0.1139, 1, 0, 1, 1),
(40004, 62123, 0.1424, 1, 0, 1, 1),
(40004, 62128, 0.0897, 1, 0, 1, 1),
(40004, 62129, 0.0897, 1, 0, 1, 1),
(40004, 62131, 0.1424, 1, 0, 1, 1),
(40004, 66879, 0.0854, 1, 0, 1, 1),
(40004, 66895, 0.057, 1, 0, 1, 1),
(40004, 66940, 0.0285, 1, 0, 1, 1),
(40004, 66956, 0.0285, 1, 0, 1, 1),
(40004, 66959, 0.0285, 1, 0, 1, 1),
(40004, 67098, 0.057, 1, 0, 1, 1),
(40004, 67103, 0.0285, 1, 0, 1, 1),
(40004, 67105, 0.0285, 1, 0, 1, 1),
(40004, 67130, 0.0285, 1, 0, 1, 1),
(40004, 68198, 9.8, 1, 0, 1, 2);

REPLACE INTO `creature_template` (`entry`, `difficulty_entry_1`, `difficulty_entry_2`, `difficulty_entry_3`, `KillCredit1`, `KillCredit2`, `modelid1`, `modelid2`, `modelid3`, `modelid4`, `name`, `subname`, `IconName`, `gossip_menu_id`, `minlevel`, `maxlevel`, `exp`, `faction_A`, `faction_H`, `npcflag`, `speed_walk`, `speed_run`, `scale`, `rank`, `mindmg`, `maxdmg`, `dmgschool`, `attackpower`, `dmg_multiplier`, `baseattacktime`, `rangeattacktime`, `unit_class`, `unit_flags`, `unit_flags2`, `dynamicflags`, `family`, `trainer_type`, `trainer_spell`, `trainer_class`, `trainer_race`, `minrangedmg`, `maxrangedmg`, `rangedattackpower`, `type`, `type_flags`, `lootid`, `pickpocketloot`, `skinloot`, `resistance1`, `resistance2`, `resistance3`, `resistance4`, `resistance5`, `resistance6`, `spell1`, `spell2`, `spell3`, `spell4`, `spell5`, `spell6`, `spell7`, `spell8`, `PetSpellDataId`, `VehicleId`, `mingold`, `maxgold`, `AIName`, `MovementType`, `InhabitType`, `HoverHeight`, `Health_mod`, `Mana_mod`, `Armor_mod`, `RacialLeader`, `questItem1`, `questItem2`, `questItem3`, `questItem4`, `questItem5`, `questItem6`, `movementId`, `RegenHealth`, `mechanic_immune_mask`, `flags_extra`, `ScriptName`, `WDBVerified`) VALUES (40005, 0, 0, 0, 0, 0, 33009, 0, 0, 0, 'Quicksilver (1)', '', '', 0, 85, 85, 3, 16, 16, 0, 1, 0.992063, 0.75, 1, 500, 750, 0, 187, 35, 2000, 2000, 1, 33849664, 2048, 0, 0, 0, 0, 0, 0, 400, 600, 150, 4, 8, 40004, 0, 0, 0, 0, 0, 0, 0, 0, 87379, 76621, 0, 0, 0, 0, 0, 0, 0, 0, 12454, 12454, '', 0, 3, 1, 5, 5, 1, 0, 52506, 0, 0, 0, 0, 0, 0, 1, 0, 0, '', 15595);

REPLACE INTO `creature_template` (`entry`, `difficulty_entry_1`, `difficulty_entry_2`, `difficulty_entry_3`, `KillCredit1`, `KillCredit2`, `modelid1`, `modelid2`, `modelid3`, `modelid4`, `name`, `subname`, `IconName`, `gossip_menu_id`, `minlevel`, `maxlevel`, `exp`, `faction_A`, `faction_H`, `npcflag`, `speed_walk`, `speed_run`, `scale`, `rank`, `mindmg`, `maxdmg`, `dmgschool`, `attackpower`, `dmg_multiplier`, `baseattacktime`, `rangeattacktime`, `unit_class`, `unit_flags`, `unit_flags2`, `dynamicflags`, `family`, `trainer_type`, `trainer_spell`, `trainer_class`, `trainer_race`, `minrangedmg`, `maxrangedmg`, `rangedattackpower`, `type`, `type_flags`, `lootid`, `pickpocketloot`, `skinloot`, `resistance1`, `resistance2`, `resistance3`, `resistance4`, `resistance5`, `resistance6`, `spell1`, `spell2`, `spell3`, `spell4`, `spell5`, `spell6`, `spell7`, `spell8`, `PetSpellDataId`, `VehicleId`, `mingold`, `maxgold`, `AIName`, `MovementType`, `InhabitType`, `HoverHeight`, `Health_mod`, `Mana_mod`, `Armor_mod`, `RacialLeader`, `questItem1`, `questItem2`, `questItem3`, `questItem4`, `questItem5`, `questItem6`, `movementId`, `RegenHealth`, `mechanic_immune_mask`, `flags_extra`, `ScriptName`, `WDBVerified`) VALUES (39994, 39995, 39995, 0, 0, 0, 12231, 0, 0, 0, 'Conflagration', '', '', 0, 85, 85, 3, 16, 16, 0, 1.6, 1.42857, 1, 1, 500, 750, 0, 187, 35, 2000, 2000, 1, 32832, 2048, 0, 0, 0, 0, 0, 0, 400, 600, 150, 4, 8, 39994, 0, 0, 0, 0, 0, 0, 0, 0, 75077, 76617, 87381, 76618, 0, 0, 0, 0, 0, 0, 12196, 12196, '', 0, 3, 1, 8, 8, 1, 0, 52506, 0, 0, 0, 0, 0, 150, 1, 0, 0, 'generic_creature', 15595);

DELETE FROM `creature_loot_template` WHERE (`entry`=39994);
INSERT INTO `creature_loot_template` VALUES 
(39994, 2996, 0.0015, 1, 0, 1, 1),
(39994, 2997, 0.01, 1, 0, 1, 1),
(39994, 52325, 18.8067, 1, 0, 1, 1),
(39994, 52365, 0.0074, 1, 0, 1, 1),
(39994, 52366, 0.0104, 1, 0, 1, 1),
(39994, 52367, 0.0148, 1, 0, 1, 1),
(39994, 52369, 0.0118, 1, 0, 1, 1),
(39994, 52370, 0.0074, 1, 0, 1, 1),
(39994, 52371, 0.0118, 1, 0, 1, 1),
(39994, 52375, 0.0133, 1, 0, 1, 1),
(39994, 52378, 0.0104, 1, 0, 1, 1),
(39994, 52383, 0.0067, 1, 0, 1, 1),
(39994, 52385, 0.0059, 1, 0, 1, 1),
(39994, 52386, 0.0074, 1, 0, 1, 1),
(39994, 52388, 0.0104, 1, 0, 1, 1),
(39994, 52495, 0.003, 1, 0, 1, 1),
(39994, 52496, 0.003, 1, 0, 1, 1),
(39994, 52506, -4.8261, 1, 0, 1, 1),
(39994, 52719, 0.0168, 1, 0, 1, 1),
(39994, 53010, 30.7, 1, 0, 1, 6),
(39994, 55282, 0.0296, 1, 0, 1, 1),
(39994, 55283, 0.0178, 1, 0, 1, 1),
(39994, 55284, 0.0207, 1, 0, 1, 1),
(39994, 55286, 0.0474, 1, 0, 1, 1),
(39994, 55287, 0.04, 1, 0, 1, 1),
(39994, 55288, 0.0168, 1, 0, 1, 1),
(39994, 55291, 0.0355, 1, 0, 1, 1),
(39994, 55292, 0.0222, 1, 0, 1, 1),
(39994, 55293, 0.0148, 1, 0, 1, 1),
(39994, 55295, 0.0385, 1, 0, 1, 1),
(39994, 55296, 0.0168, 1, 0, 1, 1),
(39994, 55300, 0.0044, 1, 0, 1, 1),
(39994, 55301, 0.0059, 1, 0, 1, 1),
(39994, 55302, 0.0015, 1, 0, 1, 1),
(39994, 55304, 0.0118, 1, 0, 1, 1),
(39994, 55305, 0.0034, 1, 0, 1, 1),
(39994, 55306, 0.0074, 1, 0, 1, 1),
(39994, 55309, 0.0755, 1, 0, 1, 1),
(39994, 55310, 0.0429, 1, 0, 1, 1),
(39994, 55311, 0.0267, 1, 0, 1, 1),
(39994, 55313, 0.0429, 1, 0, 1, 1),
(39994, 55314, 0.0652, 1, 0, 1, 1),
(39994, 55315, 0.0578, 1, 0, 1, 1),
(39994, 55318, 0.0015, 1, 0, 1, 1),
(39994, 55319, 0.003, 1, 0, 1, 1),
(39994, 55320, 0.0089, 1, 0, 1, 1),
(39994, 55322, 0.0059, 1, 0, 1, 1),
(39994, 55324, 0.0034, 1, 0, 1, 1),
(39994, 55327, 0.0267, 1, 0, 1, 1),
(39994, 55328, 0.0207, 1, 0, 1, 1),
(39994, 55329, 0.0429, 1, 0, 1, 1),
(39994, 55331, 0.04, 1, 0, 1, 1),
(39994, 55336, 0.0178, 1, 0, 1, 1),
(39994, 55337, 0.0296, 1, 0, 1, 1),
(39994, 55338, 0.0193, 1, 0, 1, 1),
(39994, 55342, 0.0281, 1, 0, 1, 1),
(39994, 55345, 0.0207, 1, 0, 1, 1),
(39994, 55346, 0.0252, 1, 0, 1, 1),
(39994, 55347, 0.0429, 1, 0, 1, 1),
(39994, 55349, 0.0269, 1, 0, 1, 1),
(39994, 55350, 0.0437, 1, 0, 1, 1),
(39994, 55351, 0.0269, 1, 0, 1, 1),
(39994, 55354, 0.0163, 1, 0, 1, 1),
(39994, 55355, 0.0044, 1, 0, 1, 1),
(39994, 55356, 0.0059, 1, 0, 1, 1),
(39994, 55358, 0.0148, 1, 0, 1, 1),
(39994, 55359, 0.0089, 1, 0, 1, 1),
(39994, 55360, 0.0067, 1, 0, 1, 1),
(39994, 55363, 0.0503, 1, 0, 1, 1),
(39994, 55364, 0.0578, 1, 0, 1, 1),
(39994, 55365, 0.0592, 1, 0, 1, 1),
(39994, 55367, 0.0706, 1, 0, 1, 1),
(39994, 55368, 0.0605, 1, 0, 1, 1),
(39994, 55372, 0.0281, 1, 0, 1, 1),
(39994, 55373, 0.0326, 1, 0, 1, 1),
(39994, 55374, 0.0429, 1, 0, 1, 1),
(39994, 55377, 0.0303, 1, 0, 1, 1),
(39994, 55381, 0.0326, 1, 0, 1, 1),
(39994, 55382, 0.0429, 1, 0, 1, 1),
(39994, 55383, 0.0548, 1, 0, 1, 1),
(39994, 55385, 0.0269, 1, 0, 1, 1),
(39994, 55387, 0.0859, 1, 0, 1, 1),
(39994, 55390, 0.0104, 1, 0, 1, 1),
(39994, 55391, 0.0148, 1, 0, 1, 1),
(39994, 55392, 0.0148, 1, 0, 1, 1),
(39994, 55394, 0.0341, 1, 0, 1, 1),
(39994, 55395, 0.0459, 1, 0, 1, 1),
(39994, 55396, 0.0311, 1, 0, 1, 1),
(39994, 55399, 0.0711, 1, 0, 1, 1),
(39994, 55400, 0.0889, 1, 0, 1, 1),
(39994, 55401, 0.0992, 1, 0, 1, 1),
(39994, 55403, 0.0948, 1, 0, 1, 1),
(39994, 55404, 0.1185, 1, 0, 1, 1),
(39994, 55405, 0.0572, 1, 0, 1, 1),
(39994, 55408, 0.0178, 1, 0, 1, 1),
(39994, 55409, 0.0681, 1, 0, 1, 1),
(39994, 55410, 0.0178, 1, 0, 1, 1),
(39994, 55413, 0.0235, 1, 0, 1, 1),
(39994, 55414, 0.0326, 1, 0, 1, 1),
(39994, 55417, 0.1496, 1, 0, 1, 1),
(39994, 55418, 0.2266, 1, 0, 1, 1),
(39994, 55419, 0.1955, 1, 0, 1, 1),
(39994, 55421, 0.194, 1, 0, 1, 1),
(39994, 55422, 0.1412, 1, 0, 1, 1),
(39994, 55423, 0.1379, 1, 0, 1, 1),
(39994, 55426, 0.04, 1, 0, 1, 1),
(39994, 55427, 0.0652, 1, 0, 1, 1),
(39994, 55428, 0.0444, 1, 0, 1, 1),
(39994, 55430, 0.0269, 1, 0, 1, 1),
(39994, 55431, 0.0404, 1, 0, 1, 1),
(39994, 55435, 0.0874, 1, 0, 1, 1),
(39994, 55436, 0.1125, 1, 0, 1, 1),
(39994, 55437, 0.1125, 1, 0, 1, 1),
(39994, 55439, 0.151, 1, 0, 1, 1),
(39994, 55440, 0.111, 1, 0, 1, 1),
(39994, 55441, 0.0874, 1, 0, 1, 1),
(39994, 55444, 0.0267, 1, 0, 1, 1),
(39994, 55445, 0.0341, 1, 0, 1, 1),
(39994, 55446, 0.0163, 1, 0, 1, 1),
(39994, 55449, 0.0281, 1, 0, 1, 1),
(39994, 55450, 0.0429, 1, 0, 1, 1),
(39994, 55453, 0.0163, 1, 0, 1, 1),
(39994, 55454, 0.0429, 1, 0, 1, 1),
(39994, 55455, 0.0281, 1, 0, 1, 1),
(39994, 55457, 0.0681, 1, 0, 1, 1),
(39994, 55458, 0.0444, 1, 0, 1, 1),
(39994, 55459, 0.0474, 1, 0, 1, 1),
(39994, 55462, 0.0311, 1, 0, 1, 1),
(39994, 55463, 0.0222, 1, 0, 1, 1),
(39994, 55464, 0.0178, 1, 0, 1, 1),
(39994, 55466, 0.0281, 1, 0, 1, 1),
(39994, 55467, 0.0202, 1, 0, 1, 1),
(39994, 55468, 0.0252, 1, 0, 1, 1),
(39994, 55471, 0.0015, 1, 0, 1, 1),
(39994, 55472, 0.0015, 1, 0, 1, 1),
(39994, 55473, 0.0074, 1, 0, 1, 1),
(39994, 55475, 0.0104, 1, 0, 1, 1),
(39994, 55476, 0.0034, 1, 0, 1, 1),
(39994, 55477, 0.0089, 1, 0, 1, 1),
(39994, 55480, 0.0578, 1, 0, 1, 1),
(39994, 55481, 0.08, 1, 0, 1, 1),
(39994, 55482, 0.1007, 1, 0, 1, 1),
(39994, 55485, 0.0975, 1, 0, 1, 1),
(39994, 55486, 0.111, 1, 0, 1, 1),
(39994, 55489, 0.0607, 1, 0, 1, 1),
(39994, 55490, 0.04, 1, 0, 1, 1),
(39994, 55491, 0.0578, 1, 0, 1, 1),
(39994, 55493, 0.0578, 1, 0, 1, 1),
(39994, 55494, 0.0504, 1, 0, 1, 1),
(39994, 55498, 0.037, 1, 0, 1, 1),
(39994, 55499, 0.0355, 1, 0, 1, 1),
(39994, 55500, 0.0489, 1, 0, 1, 1),
(39994, 55502, 0.0538, 1, 0, 1, 1),
(39994, 55503, 0.0605, 1, 0, 1, 1),
(39994, 55507, 0.0489, 1, 0, 1, 1),
(39994, 55508, 0.0548, 1, 0, 1, 1),
(39994, 55509, 0.0814, 1, 0, 1, 1),
(39994, 55511, 0.0726, 1, 0, 1, 1),
(39994, 55512, 0.0829, 1, 0, 1, 1),
(39994, 55513, 0.0538, 1, 0, 1, 1),
(39994, 55516, 0.0814, 1, 0, 1, 1),
(39994, 55517, 0.0563, 1, 0, 1, 1),
(39994, 55518, 0.0977, 1, 0, 1, 1),
(39994, 55520, 0.0918, 1, 0, 1, 1),
(39994, 55522, 0.074, 1, 0, 1, 1),
(39994, 55525, 0.0355, 1, 0, 1, 1),
(39994, 55526, 0.0533, 1, 0, 1, 1),
(39994, 55527, 0.0444, 1, 0, 1, 1),
(39994, 55529, 0.0437, 1, 0, 1, 1),
(39994, 55530, 0.0918, 1, 0, 1, 1),
(39994, 55531, 0.1111, 1, 0, 1, 1),
(39994, 55534, 0.0429, 1, 0, 1, 1),
(39994, 55535, 0.0578, 1, 0, 1, 1),
(39994, 55536, 0.0444, 1, 0, 1, 1),
(39994, 55538, 0.0637, 1, 0, 1, 1),
(39994, 55539, 0.0471, 1, 0, 1, 1),
(39994, 55540, 0.0785, 1, 0, 1, 1),
(39994, 55543, 0.0444, 1, 0, 1, 1),
(39994, 55544, 0.0459, 1, 0, 1, 1),
(39994, 55545, 0.0296, 1, 0, 1, 1),
(39994, 55548, 0.0572, 1, 0, 1, 1),
(39994, 55549, 0.0605, 1, 0, 1, 1),
(39994, 55552, 0.0622, 1, 0, 1, 1),
(39994, 55553, 0.0548, 1, 0, 1, 1),
(39994, 55554, 0.0563, 1, 0, 1, 1),
(39994, 55556, 0.0652, 1, 0, 1, 1),
(39994, 55557, 0.0639, 1, 0, 1, 1),
(39994, 55558, 0.0404, 1, 0, 1, 1),
(39994, 55561, 0.0696, 1, 0, 1, 1),
(39994, 55562, 0.0533, 1, 0, 1, 1),
(39994, 55563, 0.0281, 1, 0, 1, 1),
(39994, 55566, 0.0666, 1, 0, 1, 1),
(39994, 55567, 0.0471, 1, 0, 1, 1),
(39994, 55570, 0.0415, 1, 0, 1, 1),
(39994, 55571, 0.0489, 1, 0, 1, 1),
(39994, 55572, 0.037, 1, 0, 1, 1),
(39994, 55574, 0.0639, 1, 0, 1, 1),
(39994, 55575, 0.0696, 1, 0, 1, 1),
(39994, 55576, 0.0336, 1, 0, 1, 1),
(39994, 55579, 0.0385, 1, 0, 1, 1),
(39994, 55580, 0.0281, 1, 0, 1, 1),
(39994, 55581, 0.0518, 1, 0, 1, 1),
(39994, 55583, 0.0726, 1, 0, 1, 1),
(39994, 55584, 0.0785, 1, 0, 1, 1),
(39994, 55585, 0.0538, 1, 0, 1, 1),
(39994, 55588, 0.0429, 1, 0, 1, 1),
(39994, 55589, 0.0607, 1, 0, 1, 1),
(39994, 55590, 0.0592, 1, 0, 1, 1),
(39994, 55592, 0.0755, 1, 0, 1, 1),
(39994, 55593, 0.1096, 1, 0, 1, 1),
(39994, 55594, 0.0829, 1, 0, 1, 1),
(39994, 55597, 0.0711, 1, 0, 1, 1),
(39994, 55598, 0.0977, 1, 0, 1, 1),
(39994, 55599, 0.0429, 1, 0, 1, 1),
(39994, 55601, 0.0572, 1, 0, 1, 1),
(39994, 55602, 0.0572, 1, 0, 1, 1),
(39994, 55603, 0.037, 1, 0, 1, 1),
(39994, 55606, 0.0622, 1, 0, 1, 1),
(39994, 55607, 0.0622, 1, 0, 1, 1),
(39994, 55608, 0.0518, 1, 0, 1, 1),
(39994, 55610, 0.0404, 1, 0, 1, 1),
(39994, 55611, 0.0471, 1, 0, 1, 1),
(39994, 55612, 0.0538, 1, 0, 1, 1),
(39994, 55615, 0.0474, 1, 0, 1, 1),
(39994, 55616, 0.0429, 1, 0, 1, 1),
(39994, 55617, 0.0696, 1, 0, 1, 1),
(39994, 55620, 0.0471, 1, 0, 1, 1),
(39994, 55621, 0.077, 1, 0, 1, 1),
(39994, 55624, 0.0296, 1, 0, 1, 1),
(39994, 55625, 0.0681, 1, 0, 1, 1),
(39994, 55626, 0.04, 1, 0, 1, 1),
(39994, 55628, 0.0504, 1, 0, 1, 1),
(39994, 55629, 0.037, 1, 0, 1, 1),
(39994, 55630, 0.0437, 1, 0, 1, 1),
(39994, 55633, 0.0933, 1, 0, 1, 1),
(39994, 55634, 0.0666, 1, 0, 1, 1),
(39994, 55635, 0.0533, 1, 0, 1, 1),
(39994, 55638, 0.0711, 1, 0, 1, 1),
(39994, 55639, 0.0404, 1, 0, 1, 1),
(39994, 55642, 0.0489, 1, 0, 1, 1),
(39994, 55643, 0.0503, 1, 0, 1, 1),
(39994, 55644, 0.0355, 1, 0, 1, 1),
(39994, 55646, 0.0471, 1, 0, 1, 1),
(39994, 55647, 0.0903, 1, 0, 1, 1),
(39994, 55648, 0.0336, 1, 0, 1, 1),
(39994, 55651, 0.0622, 1, 0, 1, 1),
(39994, 55652, 0.0607, 1, 0, 1, 1),
(39994, 55653, 0.0503, 1, 0, 1, 1),
(39994, 55656, 0.0844, 1, 0, 1, 1),
(39994, 55657, 0.0471, 1, 0, 1, 1),
(39994, 55660, 0.0385, 1, 0, 1, 1),
(39994, 55661, 0.0385, 1, 0, 1, 1),
(39994, 55662, 0.0548, 1, 0, 1, 1),
(39994, 55664, 0.1007, 1, 0, 1, 1),
(39994, 55665, 0.0336, 1, 0, 1, 1),
(39994, 55666, 0.0404, 1, 0, 1, 1),
(39994, 55669, 0.0785, 1, 0, 1, 1),
(39994, 55670, 0.1555, 1, 0, 1, 1),
(39994, 55671, 0.0518, 1, 0, 1, 1),
(39994, 55673, 0.0404, 1, 0, 1, 1),
(39994, 55674, 0.0471, 1, 0, 1, 1),
(39994, 55678, 0.0637, 1, 0, 1, 1),
(39994, 55679, 0.0592, 1, 0, 1, 1),
(39994, 55680, 0.0415, 1, 0, 1, 1),
(39994, 55682, 0.0652, 1, 0, 1, 1),
(39994, 55683, 0.0874, 1, 0, 1, 1),
(39994, 55684, 0.0404, 1, 0, 1, 1),
(39994, 55687, 0.0444, 1, 0, 1, 1),
(39994, 55688, 0.0711, 1, 0, 1, 1),
(39994, 55689, 0.0474, 1, 0, 1, 1),
(39994, 55691, 0.0637, 1, 0, 1, 1),
(39994, 55693, 0.0639, 1, 0, 1, 1),
(39994, 55696, 0.0533, 1, 0, 1, 1),
(39994, 55697, 0.0829, 1, 0, 1, 1),
(39994, 55698, 0.0666, 1, 0, 1, 1),
(39994, 55700, 0.0471, 1, 0, 1, 1),
(39994, 55702, 0.0336, 1, 0, 1, 1),
(39994, 55705, 0.0503, 1, 0, 1, 1),
(39994, 55706, 0.0963, 1, 0, 1, 1),
(39994, 55707, 0.0563, 1, 0, 1, 1),
(39994, 55709, 0.0504, 1, 0, 1, 1),
(39994, 55710, 0.0538, 1, 0, 1, 1),
(39994, 55711, 0.0538, 1, 0, 1, 1),
(39994, 55714, 0.0666, 1, 0, 1, 1),
(39994, 55715, 0.0578, 1, 0, 1, 1),
(39994, 55716, 0.0889, 1, 0, 1, 1),
(39994, 55718, 0.0773, 1, 0, 1, 1),
(39994, 55719, 0.1022, 1, 0, 1, 1),
(39994, 55720, 0.074, 1, 0, 1, 1),
(39994, 55723, 0.0548, 1, 0, 1, 1),
(39994, 55724, 0.074, 1, 0, 1, 1),
(39994, 55725, 0.0903, 1, 0, 1, 1),
(39994, 55727, 0.0538, 1, 0, 1, 1),
(39994, 55728, 0.0874, 1, 0, 1, 1),
(39994, 55729, 0.0841, 1, 0, 1, 1),
(39994, 55732, 0.0933, 1, 0, 1, 1),
(39994, 55733, 0.08, 1, 0, 1, 1),
(39994, 55734, 0.0652, 1, 0, 1, 1),
(39994, 55738, 0.0572, 1, 0, 1, 1),
(39994, 55741, 0.0637, 1, 0, 1, 1),
(39994, 55742, 0.0637, 1, 0, 1, 1),
(39994, 55743, 0.074, 1, 0, 1, 1),
(39994, 55745, 0.1051, 1, 0, 1, 1),
(39994, 55746, 0.074, 1, 0, 1, 1),
(39994, 55747, 0.0639, 1, 0, 1, 1),
(39994, 55750, 0.0666, 1, 0, 1, 1),
(39994, 55751, 0.0637, 1, 0, 1, 1),
(39994, 55752, 0.0637, 1, 0, 1, 1),
(39994, 55754, 0.0918, 1, 0, 1, 1),
(39994, 55755, 0.1096, 1, 0, 1, 1),
(39994, 55756, 0.0538, 1, 0, 1, 1),
(39994, 55759, 0.1066, 1, 0, 1, 1),
(39994, 55760, 0.0681, 1, 0, 1, 1),
(39994, 55761, 0.0889, 1, 0, 1, 1),
(39994, 55763, 0.0948, 1, 0, 1, 1),
(39994, 55765, 0.0639, 1, 0, 1, 1),
(39994, 55768, 0.0652, 1, 0, 1, 1),
(39994, 55769, 0.0666, 1, 0, 1, 1),
(39994, 55770, 0.0518, 1, 0, 1, 1),
(39994, 55772, 0.0859, 1, 0, 1, 1),
(39994, 55773, 0.0572, 1, 0, 1, 1),
(39994, 55789, 1.0662, 1, 0, 1, 1),
(39994, 55790, 1.1758, 1, 0, 1, 1),
(39994, 55791, 1.0573, 1, 0, 1, 1),
(39994, 62064, 0.3302, 1, 0, 1, 1),
(39994, 62065, 0.3262, 1, 0, 1, 1),
(39994, 62066, 0.2892, 1, 0, 1, 1),
(39994, 62067, 0.2959, 1, 0, 1, 1),
(39994, 62068, 0.348, 1, 0, 1, 1),
(39994, 62069, 0.3821, 1, 0, 1, 1),
(39994, 62072, 0.3243, 1, 0, 1, 1),
(39994, 62073, 0.2562, 1, 0, 1, 1),
(39994, 62074, 0.2458, 1, 0, 1, 1),
(39994, 62075, 0.2888, 1, 0, 1, 1),
(39994, 62076, 0.2369, 1, 0, 1, 1),
(39994, 62077, 0.2295, 1, 0, 1, 1),
(39994, 62078, 0.2695, 1, 0, 1, 1),
(39994, 62079, 0.2591, 1, 0, 1, 1),
(39994, 62080, 0.1851, 1, 0, 1, 1),
(39994, 62081, 0.2591, 1, 0, 1, 1),
(39994, 62082, 0.2355, 1, 0, 1, 1),
(39994, 62083, 0.2621, 1, 0, 1, 1),
(39994, 62084, 0.2784, 1, 0, 1, 1),
(39994, 62085, 0.2828, 1, 0, 1, 1),
(39994, 62086, 0.2932, 1, 0, 1, 1),
(39994, 62087, 0.3006, 1, 0, 1, 1),
(39994, 62088, 0.234, 1, 0, 1, 1),
(39994, 62089, 0.2562, 1, 0, 1, 1),
(39994, 62090, 0.2132, 1, 0, 1, 1),
(39994, 62091, 0.2888, 1, 0, 1, 1),
(39994, 62092, 0.2577, 1, 0, 1, 1),
(39994, 62093, 0.2799, 1, 0, 1, 1),
(39994, 62094, 0.2828, 1, 0, 1, 1),
(39994, 62095, 0.2429, 1, 0, 1, 1),
(39994, 62096, 0.2473, 1, 0, 1, 1),
(39994, 62097, 0.2103, 1, 0, 1, 1),
(39994, 62098, 0.2251, 1, 0, 1, 1),
(39994, 62099, 0.3154, 1, 0, 1, 1),
(39994, 62100, 0.2044, 1, 0, 1, 1),
(39994, 62101, 0.2147, 1, 0, 1, 1),
(39994, 62102, 0.1999, 1, 0, 1, 1),
(39994, 62103, 0.191, 1, 0, 1, 1),
(39994, 62104, 0.2147, 1, 0, 1, 1),
(39994, 62105, 0.0874, 1, 0, 1, 1),
(39994, 62109, 0.1288, 1, 0, 1, 1),
(39994, 62114, 0.1143, 1, 0, 1, 1),
(39994, 62116, 0.1125, 1, 0, 1, 1),
(39994, 62117, 0.0773, 1, 0, 1, 1),
(39994, 62121, 0.0992, 1, 0, 1, 1),
(39994, 62124, 0.1007, 1, 0, 1, 1),
(39994, 62126, 0.0975, 1, 0, 1, 1),
(39994, 62129, 0.0948, 1, 0, 1, 1),
(39994, 62130, 0.074, 1, 0, 1, 1),
(39994, 62132, 0.1422, 1, 0, 1, 1),
(39994, 66641, 0.0059, 1, 0, 1, 1),
(39994, 66879, 0.0015, 1, 0, 1, 1),
(39994, 66880, 0.0074, 1, 0, 1, 1),
(39994, 66882, 0.0089, 1, 0, 1, 1),
(39994, 66883, 0.0015, 1, 0, 1, 1),
(39994, 66895, 0.0015, 1, 0, 1, 1),
(39994, 66916, 0.0074, 1, 0, 1, 1),
(39994, 66932, 0.0163, 1, 0, 1, 1),
(39994, 66942, 0.0034, 1, 0, 1, 1),
(39994, 66952, 0.0015, 1, 0, 1, 1),
(39994, 66953, 0.0044, 1, 0, 1, 1),
(39994, 66954, 0.0237, 1, 0, 1, 1),
(39994, 66956, 0.0015, 1, 0, 1, 1),
(39994, 66957, 0.0015, 1, 0, 1, 1),
(39994, 66958, 0.0044, 1, 0, 1, 1),
(39994, 66959, 0.0015, 1, 0, 1, 1),
(39994, 66960, 0.003, 1, 0, 1, 1),
(39994, 66962, 0.0059, 1, 0, 1, 1),
(39994, 66963, 0.0015, 1, 0, 1, 1),
(39994, 66968, 0.0148, 1, 0, 1, 1),
(39994, 66970, 0.0059, 1, 0, 1, 1),
(39994, 66971, 0.0034, 1, 0, 1, 1),
(39994, 66974, 0.0067, 1, 0, 1, 1),
(39994, 66975, 0.0034, 1, 0, 1, 1),
(39994, 66978, 0.003, 1, 0, 1, 1),
(39994, 66979, 0.003, 1, 0, 1, 1),
(39994, 66980, 0.0015, 1, 0, 1, 1),
(39994, 66981, 0.0059, 1, 0, 1, 1),
(39994, 66982, 0.0015, 1, 0, 1, 1),
(39994, 66990, 0.0034, 1, 0, 1, 1),
(39994, 66992, 0.0034, 1, 0, 1, 1),
(39994, 66993, 0.0193, 1, 0, 1, 1),
(39994, 66994, 0.0089, 1, 0, 1, 1),
(39994, 67029, 0.003, 1, 0, 1, 1),
(39994, 67032, 0.003, 1, 0, 1, 1),
(39994, 67037, 0.0044, 1, 0, 1, 1),
(39994, 67040, 0.0015, 1, 0, 1, 1),
(39994, 67043, 0.0015, 1, 0, 1, 1),
(39994, 67057, 0.0044, 1, 0, 1, 1),
(39994, 67059, 0.0059, 1, 0, 1, 1),
(39994, 67061, 0.0034, 1, 0, 1, 1),
(39994, 67067, 0.0034, 1, 0, 1, 1),
(39994, 67069, 0.077, 1, 0, 1, 1),
(39994, 67098, 0.003, 1, 0, 1, 1),
(39994, 67099, 0.003, 1, 0, 1, 1),
(39994, 67102, 0.003, 1, 0, 1, 1),
(39994, 67103, 0.0015, 1, 0, 1, 1),
(39994, 67104, 0.003, 1, 0, 1, 1),
(39994, 67105, 0.0015, 1, 0, 1, 1),
(39994, 67109, 0.0089, 1, 0, 1, 1),
(39994, 67110, 0.0015, 1, 0, 1, 1),
(39994, 67113, 0.0015, 1, 0, 1, 1),
(39994, 67114, 0.0044, 1, 0, 1, 1),
(39994, 67119, 0.0074, 1, 0, 1, 1),
(39994, 67121, 0.0044, 1, 0, 1, 1),
(39994, 67122, 0.0044, 1, 0, 1, 1),
(39994, 67123, 0.0101, 1, 0, 1, 1),
(39994, 67124, 0.0104, 1, 0, 1, 1),
(39994, 67127, 0.0074, 1, 0, 1, 1),
(39994, 67129, 0.003, 1, 0, 1, 1),
(39994, 67130, 0.0044, 1, 0, 1, 1),
(39994, 67132, 0.003, 1, 0, 1, 1),
(39994, 67133, 0.003, 1, 0, 1, 1),
(39994, 67135, 0.0015, 1, 0, 1, 1),
(39994, 67136, 0.003, 1, 0, 1, 1),
(39994, 67137, 0.0178, 1, 0, 1, 1),
(39994, 67138, 0.003, 1, 0, 1, 1),
(39994, 67139, 0.0059, 1, 0, 1, 1),
(39994, 67140, 0.0015, 1, 0, 1, 1),
(39994, 67142, 0.0015, 1, 0, 1, 1),
(39994, 67144, 0.0059, 1, 0, 1, 1),
(39994, 67145, 0.0015, 1, 0, 1, 1),
(39994, 67147, 0.0015, 1, 0, 1, 1),
(39994, 67148, 0.0015, 1, 0, 1, 1),
(39994, 67149, 0.0015, 1, 0, 1, 1),
(39994, 68197, 4.1, 1, 0, 1, 2),
(39994, 68198, 11.5, 1, 0, 1, 2),
(39994, 68729, 0.3541, 1, 0, 1, 1),
(39994, 68782, 0.003, 1, 0, 1, 1),
(39994, 68783, 0.003, 1, 0, 1, 1);

REPLACE INTO `creature_template` (`entry`, `difficulty_entry_1`, `difficulty_entry_2`, `difficulty_entry_3`, `KillCredit1`, `KillCredit2`, `modelid1`, `modelid2`, `modelid3`, `modelid4`, `name`, `subname`, `IconName`, `gossip_menu_id`, `minlevel`, `maxlevel`, `exp`, `faction_A`, `faction_H`, `npcflag`, `speed_walk`, `speed_run`, `scale`, `rank`, `mindmg`, `maxdmg`, `dmgschool`, `attackpower`, `dmg_multiplier`, `baseattacktime`, `rangeattacktime`, `unit_class`, `unit_flags`, `unit_flags2`, `dynamicflags`, `family`, `trainer_type`, `trainer_spell`, `trainer_class`, `trainer_race`, `minrangedmg`, `maxrangedmg`, `rangedattackpower`, `type`, `type_flags`, `lootid`, `pickpocketloot`, `skinloot`, `resistance1`, `resistance2`, `resistance3`, `resistance4`, `resistance5`, `resistance6`, `spell1`, `spell2`, `spell3`, `spell4`, `spell5`, `spell6`, `spell7`, `spell8`, `PetSpellDataId`, `VehicleId`, `mingold`, `maxgold`, `AIName`, `MovementType`, `InhabitType`, `HoverHeight`, `Health_mod`, `Mana_mod`, `Armor_mod`, `RacialLeader`, `questItem1`, `questItem2`, `questItem3`, `questItem4`, `questItem5`, `questItem6`, `movementId`, `RegenHealth`, `mechanic_immune_mask`, `flags_extra`, `ScriptName`, `WDBVerified`) VALUES (39995, 0, 0, 0, 0, 0, 12231, 0, 0, 0, 'Conflagration (1)', '', '', 0, 85, 85, 3, 16, 16, 0, 1.6, 1.42857, 1, 1, 500, 750, 0, 187, 35, 2000, 2000, 1, 32832, 2048, 0, 0, 0, 0, 0, 0, 400, 600, 150, 4, 8, 39994, 0, 0, 0, 0, 0, 0, 0, 0, 75077, 76617, 87381, 76618, 0, 0, 0, 0, 0, 0, 12196, 12196, '', 0, 3, 1, 15, 10, 1, 0, 52506, 0, 0, 0, 0, 0, 150, 1, 0, 0, '', 15595);

REPLACE INTO `creature_template` (`entry`, `difficulty_entry_1`, `difficulty_entry_2`, `difficulty_entry_3`, `KillCredit1`, `KillCredit2`, `modelid1`, `modelid2`, `modelid3`, `modelid4`, `name`, `subname`, `IconName`, `gossip_menu_id`, `minlevel`, `maxlevel`, `exp`, `faction_A`, `faction_H`, `npcflag`, `speed_walk`, `speed_run`, `scale`, `rank`, `mindmg`, `maxdmg`, `dmgschool`, `attackpower`, `dmg_multiplier`, `baseattacktime`, `rangeattacktime`, `unit_class`, `unit_flags`, `unit_flags2`, `dynamicflags`, `family`, `trainer_type`, `trainer_spell`, `trainer_class`, `trainer_race`, `minrangedmg`, `maxrangedmg`, `rangedattackpower`, `type`, `type_flags`, `lootid`, `pickpocketloot`, `skinloot`, `resistance1`, `resistance2`, `resistance3`, `resistance4`, `resistance5`, `resistance6`, `spell1`, `spell2`, `spell3`, `spell4`, `spell5`, `spell6`, `spell7`, `spell8`, `PetSpellDataId`, `VehicleId`, `mingold`, `maxgold`, `AIName`, `MovementType`, `InhabitType`, `HoverHeight`, `Health_mod`, `Mana_mod`, `Armor_mod`, `RacialLeader`, `questItem1`, `questItem2`, `questItem3`, `questItem4`, `questItem5`, `questItem6`, `movementId`, `RegenHealth`, `mechanic_immune_mask`, `flags_extra`, `ScriptName`, `WDBVerified`) VALUES (40017, 40018, 40018, 0, 0, 0, 34105, 34104, 0, 0, 'Twilight Element Warden', '', '', 0, 85, 85, 3, 16, 16, 0, 1, 1.14286, 1, 1, 465, 697, 0, 174, 37.6, 2000, 2000, 2, 0, 2053, 0, 0, 0, 0, 0, 0, 372, 558, 139, 7, 8, 40017, 40017, 0, 0, 0, 0, 0, 0, 0, 76680, 93640, 93645, 76677, 0, 0, 0, 0, 0, 0, 12170, 12170, '', 0, 3, 1, 4, 5, 1, 0, 0, 0, 0, 0, 0, 0, 0, 1, 0, 0, 'generic_creature', 15595);

DELETE FROM `creature_loot_template` WHERE (`entry`=40017);
INSERT INTO `creature_loot_template` VALUES 
(40017, 43624, 0.0287, 1, 0, 1, 1),
(40017, 52365, 0.0063, 1, 0, 1, 1),
(40017, 52366, 0.006, 1, 0, 1, 1),
(40017, 52367, 0.0075, 1, 0, 1, 1),
(40017, 52368, 0.0128, 1, 0, 1, 1),
(40017, 52369, 0.006, 1, 0, 1, 1),
(40017, 52371, 0.0106, 1, 0, 1, 1),
(40017, 52374, 0.0078, 1, 0, 1, 1),
(40017, 52375, 0.0068, 1, 0, 1, 1),
(40017, 52377, 0.0063, 1, 0, 1, 1),
(40017, 52378, 0.0181, 1, 0, 1, 1),
(40017, 52379, 0.0075, 1, 0, 1, 1),
(40017, 52382, 0.0068, 1, 0, 1, 1),
(40017, 52385, 0.0143, 1, 0, 1, 1),
(40017, 52386, 0.0063, 1, 0, 1, 1),
(40017, 52388, 0.0053, 1, 0, 1, 1),
(40017, 52494, 0.0075, 1, 0, 1, 1),
(40017, 52495, 0.003, 1, 0, 1, 1),
(40017, 52719, 0.0078, 1, 0, 1, 1),
(40017, 53010, 30, 1, 0, 1, 6),
(40017, 55281, 0.046, 1, 0, 1, 1),
(40017, 55282, 0.0566, 1, 0, 1, 1),
(40017, 55283, 0.0264, 1, 0, 1, 1),
(40017, 55286, 0.0279, 1, 0, 1, 1),
(40017, 55287, 0.0344, 1, 0, 1, 1),
(40017, 55288, 0.025, 1, 0, 1, 1),
(40017, 55290, 0.0234, 1, 0, 1, 1),
(40017, 55291, 0.0739, 1, 0, 1, 1),
(40017, 55292, 0.0362, 1, 0, 1, 1),
(40017, 55295, 0.0264, 1, 0, 1, 1),
(40017, 55296, 0.0219, 1, 0, 1, 1),
(40017, 55299, 0.006, 1, 0, 1, 1),
(40017, 55300, 0.003, 1, 0, 1, 1),
(40017, 55301, 0.0038, 1, 0, 1, 1),
(40017, 55304, 0.006, 1, 0, 1, 1),
(40017, 55305, 0.0091, 1, 0, 1, 1),
(40017, 55306, 0.0068, 1, 0, 1, 1),
(40017, 55308, 0.0385, 1, 0, 1, 1),
(40017, 55309, 0.0747, 1, 0, 1, 1),
(40017, 55310, 0.0445, 1, 0, 1, 1),
(40017, 55313, 0.0445, 1, 0, 1, 1),
(40017, 55315, 0.0203, 1, 0, 1, 1),
(40017, 55317, 0.006, 1, 0, 1, 1),
(40017, 55318, 0.0038, 1, 0, 1, 1),
(40017, 55319, 0.003, 1, 0, 1, 1),
(40017, 55323, 0.0174, 1, 0, 1, 1),
(40017, 55326, 0.0453, 1, 0, 1, 1),
(40017, 55327, 0.0438, 1, 0, 1, 1),
(40017, 55328, 0.0324, 1, 0, 1, 1),
(40017, 55331, 0.0362, 1, 0, 1, 1),
(40017, 55332, 0.0235, 1, 0, 1, 1),
(40017, 55333, 0.0282, 1, 0, 1, 1),
(40017, 55335, 0.0219, 1, 0, 1, 1),
(40017, 55336, 0.0385, 1, 0, 1, 1),
(40017, 55337, 0.0264, 1, 0, 1, 1),
(40017, 55340, 0.0249, 1, 0, 1, 1),
(40017, 55341, 0.0125, 1, 0, 1, 1),
(40017, 55342, 0.0141, 1, 0, 1, 1),
(40017, 55344, 0.0324, 1, 0, 1, 1),
(40017, 55345, 0.0513, 1, 0, 1, 1),
(40017, 55346, 0.0604, 1, 0, 1, 1),
(40017, 55349, 0.0385, 1, 0, 1, 1),
(40017, 55350, 0.0468, 1, 0, 1, 1),
(40017, 55351, 0.0297, 1, 0, 1, 1),
(40017, 55353, 0.0083, 1, 0, 1, 1),
(40017, 55354, 0.0091, 1, 0, 1, 1),
(40017, 55355, 0.0211, 1, 0, 1, 1),
(40017, 55358, 0.0075, 1, 0, 1, 1),
(40017, 55359, 0.0094, 1, 0, 1, 1),
(40017, 55360, 0.0083, 1, 0, 1, 1),
(40017, 55362, 0.0702, 1, 0, 1, 1),
(40017, 55363, 0.0573, 1, 0, 1, 1),
(40017, 55364, 0.0943, 1, 0, 1, 1),
(40017, 55367, 0.0391, 1, 0, 1, 1),
(40017, 55368, 0.0454, 1, 0, 1, 1),
(40017, 55369, 0.0563, 1, 0, 1, 1),
(40017, 55371, 0.0483, 1, 0, 1, 1),
(40017, 55372, 0.0732, 1, 0, 1, 1),
(40017, 55373, 0.0362, 1, 0, 1, 1),
(40017, 55376, 0.0266, 1, 0, 1, 1),
(40017, 55378, 0.0423, 1, 0, 1, 1),
(40017, 55380, 0.0423, 1, 0, 1, 1),
(40017, 55381, 0.0604, 1, 0, 1, 1),
(40017, 55382, 0.0483, 1, 0, 1, 1),
(40017, 55385, 0.0423, 1, 0, 1, 1),
(40017, 55387, 0.0596, 1, 0, 1, 1),
(40017, 55389, 0.0294, 1, 0, 1, 1),
(40017, 55390, 0.0596, 1, 0, 1, 1),
(40017, 55391, 0.04, 1, 0, 1, 1),
(40017, 55394, 0.0438, 1, 0, 1, 1),
(40017, 55395, 0.0188, 1, 0, 1, 1),
(40017, 55396, 0.0141, 1, 0, 1, 1),
(40017, 55398, 0.0747, 1, 0, 1, 1),
(40017, 55399, 0.1124, 1, 0, 1, 1),
(40017, 55400, 0.0988, 1, 0, 1, 1),
(40017, 55403, 0.061, 1, 0, 1, 1),
(40017, 55405, 0.0501, 1, 0, 1, 1),
(40017, 55407, 0.0181, 1, 0, 1, 1),
(40017, 55408, 0.0249, 1, 0, 1, 1),
(40017, 55409, 0.0309, 1, 0, 1, 1),
(40017, 55412, 0.0302, 1, 0, 1, 1),
(40017, 55413, 0.0317, 1, 0, 1, 1),
(40017, 55414, 0.0125, 1, 0, 1, 1),
(40017, 55416, 0.2762, 1, 0, 1, 1),
(40017, 55417, 0.2211, 1, 0, 1, 1),
(40017, 55418, 0.1675, 1, 0, 1, 1),
(40017, 55421, 0.1597, 1, 0, 1, 1),
(40017, 55423, 0.1127, 1, 0, 1, 1),
(40017, 55425, 0.0468, 1, 0, 1, 1),
(40017, 55426, 0.0445, 1, 0, 1, 1),
(40017, 55427, 0.0536, 1, 0, 1, 1),
(40017, 55432, 0.0573, 1, 0, 1, 1),
(40017, 55434, 0.1539, 1, 0, 1, 1),
(40017, 55435, 0.1479, 1, 0, 1, 1),
(40017, 55436, 0.1502, 1, 0, 1, 1),
(40017, 55439, 0.1456, 1, 0, 1, 1),
(40017, 55440, 0.1237, 1, 0, 1, 1),
(40017, 55441, 0.0845, 1, 0, 1, 1),
(40017, 55443, 0.0407, 1, 0, 1, 1),
(40017, 55444, 0.0211, 1, 0, 1, 1),
(40017, 55445, 0.0355, 1, 0, 1, 1),
(40017, 55448, 0.0204, 1, 0, 1, 1),
(40017, 55450, 0.0125, 1, 0, 1, 1),
(40017, 55452, 0.0309, 1, 0, 1, 1),
(40017, 55453, 0.0415, 1, 0, 1, 1),
(40017, 55454, 0.037, 1, 0, 1, 1),
(40017, 55457, 0.0438, 1, 0, 1, 1),
(40017, 55458, 0.0513, 1, 0, 1, 1),
(40017, 55459, 0.0219, 1, 0, 1, 1),
(40017, 55461, 0.0219, 1, 0, 1, 1),
(40017, 55462, 0.0279, 1, 0, 1, 1),
(40017, 55463, 0.0204, 1, 0, 1, 1),
(40017, 55466, 0.0157, 1, 0, 1, 1),
(40017, 55468, 0.0362, 1, 0, 1, 1),
(40017, 55470, 0.0038, 1, 0, 1, 1),
(40017, 55471, 0.0098, 1, 0, 1, 1),
(40017, 55472, 0.006, 1, 0, 1, 1),
(40017, 55475, 0.0031, 1, 0, 1, 1),
(40017, 55476, 0.0016, 1, 0, 1, 1),
(40017, 55477, 0.006, 1, 0, 1, 1),
(40017, 55479, 0.1011, 1, 0, 1, 1),
(40017, 55480, 0.1049, 1, 0, 1, 1),
(40017, 55481, 0.1305, 1, 0, 1, 1),
(40017, 55484, 0.0673, 1, 0, 1, 1),
(40017, 55485, 0.0579, 1, 0, 1, 1),
(40017, 55488, 0.0747, 1, 0, 1, 1),
(40017, 55489, 0.0702, 1, 0, 1, 1),
(40017, 55490, 0.0566, 1, 0, 1, 1),
(40017, 55493, 0.0438, 1, 0, 1, 1),
(40017, 55494, 0.0454, 1, 0, 1, 1),
(40017, 55497, 0.0619, 1, 0, 1, 1),
(40017, 55498, 0.0815, 1, 0, 1, 1),
(40017, 55499, 0.0687, 1, 0, 1, 1),
(40017, 55502, 0.0536, 1, 0, 1, 1),
(40017, 55504, 0.0777, 1, 0, 1, 1),
(40017, 55506, 0.0649, 1, 0, 1, 1),
(40017, 55507, 0.1962, 1, 0, 1, 1),
(40017, 55508, 0.0566, 1, 0, 1, 1),
(40017, 55511, 0.0391, 1, 0, 1, 1),
(40017, 55513, 0.0898, 1, 0, 1, 1),
(40017, 55515, 0.0626, 1, 0, 1, 1),
(40017, 55516, 0.0649, 1, 0, 1, 1),
(40017, 55517, 0.0679, 1, 0, 1, 1),
(40017, 55520, 0.0485, 1, 0, 1, 1),
(40017, 55521, 0.0739, 1, 0, 1, 1),
(40017, 55522, 0.0391, 1, 0, 1, 1),
(40017, 55524, 0.0807, 1, 0, 1, 1),
(40017, 55525, 0.0777, 1, 0, 1, 1),
(40017, 55526, 0.0838, 1, 0, 1, 1),
(40017, 55529, 0.0579, 1, 0, 1, 1),
(40017, 55530, 0.0815, 1, 0, 1, 1),
(40017, 55531, 0.047, 1, 0, 1, 1),
(40017, 55533, 0.0777, 1, 0, 1, 1),
(40017, 55534, 0.0921, 1, 0, 1, 1),
(40017, 55535, 0.0619, 1, 0, 1, 1),
(40017, 55538, 0.0732, 1, 0, 1, 1),
(40017, 55539, 0.0532, 1, 0, 1, 1),
(40017, 55540, 0.0454, 1, 0, 1, 1),
(40017, 55542, 0.0634, 1, 0, 1, 1),
(40017, 55543, 0.0875, 1, 0, 1, 1),
(40017, 55544, 0.0853, 1, 0, 1, 1),
(40017, 55547, 0.0641, 1, 0, 1, 1),
(40017, 55548, 0.0626, 1, 0, 1, 1),
(40017, 55549, 0.0391, 1, 0, 1, 1),
(40017, 55551, 0.0755, 1, 0, 1, 1),
(40017, 55552, 0.1041, 1, 0, 1, 1),
(40017, 55553, 0.089, 1, 0, 1, 1),
(40017, 55556, 0.0634, 1, 0, 1, 1),
(40017, 55557, 0.077, 1, 0, 1, 1),
(40017, 55558, 0.0313, 1, 0, 1, 1),
(40017, 55560, 0.0717, 1, 0, 1, 1),
(40017, 55561, 0.0573, 1, 0, 1, 1),
(40017, 55562, 0.0521, 1, 0, 1, 1),
(40017, 55566, 0.0687, 1, 0, 1, 1),
(40017, 55569, 0.0521, 1, 0, 1, 1),
(40017, 55570, 0.0815, 1, 0, 1, 1),
(40017, 55571, 0.0694, 1, 0, 1, 1),
(40017, 55575, 0.047, 1, 0, 1, 1),
(40017, 55578, 0.0641, 1, 0, 1, 1),
(40017, 55579, 0.0709, 1, 0, 1, 1),
(40017, 55580, 0.0702, 1, 0, 1, 1),
(40017, 55583, 0.0589, 1, 0, 1, 1),
(40017, 55584, 0.0501, 1, 0, 1, 1),
(40017, 55585, 0.0344, 1, 0, 1, 1),
(40017, 55587, 0.0853, 1, 0, 1, 1),
(40017, 55588, 0.0649, 1, 0, 1, 1),
(40017, 55589, 0.0762, 1, 0, 1, 1),
(40017, 55594, 0.0407, 1, 0, 1, 1),
(40017, 55596, 0.0611, 1, 0, 1, 1),
(40017, 55597, 0.0807, 1, 0, 1, 1),
(40017, 55598, 0.0739, 1, 0, 1, 1),
(40017, 55602, 0.0407, 1, 0, 1, 1),
(40017, 55603, 0.0454, 1, 0, 1, 1),
(40017, 55605, 0.0634, 1, 0, 1, 1),
(40017, 55606, 0.1154, 1, 0, 1, 1),
(40017, 55607, 0.0921, 1, 0, 1, 1),
(40017, 55611, 0.0517, 1, 0, 1, 1),
(40017, 55612, 0.0807, 1, 0, 1, 1),
(40017, 55614, 0.0649, 1, 0, 1, 1),
(40017, 55615, 0.0807, 1, 0, 1, 1),
(40017, 55616, 0.0739, 1, 0, 1, 1),
(40017, 55621, 0.0807, 1, 0, 1, 1),
(40017, 55623, 0.0762, 1, 0, 1, 1),
(40017, 55624, 0.0717, 1, 0, 1, 1),
(40017, 55625, 0.0687, 1, 0, 1, 1),
(40017, 55628, 0.0423, 1, 0, 1, 1),
(40017, 55629, 0.0407, 1, 0, 1, 1),
(40017, 55630, 0.0548, 1, 0, 1, 1),
(40017, 55632, 0.0709, 1, 0, 1, 1),
(40017, 55633, 0.0641, 1, 0, 1, 1),
(40017, 55634, 0.0604, 1, 0, 1, 1),
(40017, 55637, 0.0634, 1, 0, 1, 1),
(40017, 55638, 0.0423, 1, 0, 1, 1),
(40017, 55641, 0.1087, 1, 0, 1, 1),
(40017, 55642, 0.077, 1, 0, 1, 1),
(40017, 55643, 0.0739, 1, 0, 1, 1),
(40017, 55646, 0.0423, 1, 0, 1, 1),
(40017, 55650, 0.0543, 1, 0, 1, 1),
(40017, 55651, 0.0898, 1, 0, 1, 1),
(40017, 55652, 0.0777, 1, 0, 1, 1),
(40017, 55656, 0.0709, 1, 0, 1, 1),
(40017, 55659, 0.0724, 1, 0, 1, 1),
(40017, 55660, 0.0664, 1, 0, 1, 1),
(40017, 55661, 0.0755, 1, 0, 1, 1),
(40017, 55665, 0.036, 1, 0, 1, 1),
(40017, 55666, 0.0548, 1, 0, 1, 1),
(40017, 55668, 0.0807, 1, 0, 1, 1),
(40017, 55669, 0.0596, 1, 0, 1, 1),
(40017, 55670, 0.0883, 1, 0, 1, 1),
(40017, 55673, 0.086, 1, 0, 1, 1),
(40017, 55674, 0.0532, 1, 0, 1, 1),
(40017, 55677, 0.0656, 1, 0, 1, 1),
(40017, 55678, 0.0762, 1, 0, 1, 1),
(40017, 55679, 0.089, 1, 0, 1, 1),
(40017, 55682, 0.0501, 1, 0, 1, 1),
(40017, 55683, 0.061, 1, 0, 1, 1),
(40017, 55684, 0.0762, 1, 0, 1, 1),
(40017, 55686, 0.0709, 1, 0, 1, 1),
(40017, 55687, 0.0988, 1, 0, 1, 1),
(40017, 55688, 0.0709, 1, 0, 1, 1),
(40017, 55692, 0.0579, 1, 0, 1, 1),
(40017, 55693, 0.077, 1, 0, 1, 1),
(40017, 55695, 0.0611, 1, 0, 1, 1),
(40017, 55696, 0.0679, 1, 0, 1, 1),
(40017, 55697, 0.0755, 1, 0, 1, 1),
(40017, 55700, 0.0611, 1, 0, 1, 1),
(40017, 55701, 0.0407, 1, 0, 1, 1),
(40017, 55702, 0.0438, 1, 0, 1, 1),
(40017, 55704, 0.089, 1, 0, 1, 1),
(40017, 55705, 0.1064, 1, 0, 1, 1),
(40017, 55706, 0.1019, 1, 0, 1, 1),
(40017, 55709, 0.089, 1, 0, 1, 1),
(40017, 55710, 0.0548, 1, 0, 1, 1),
(40017, 55713, 0.1056, 1, 0, 1, 1),
(40017, 55714, 0.1117, 1, 0, 1, 1),
(40017, 55715, 0.0988, 1, 0, 1, 1),
(40017, 55719, 0.0532, 1, 0, 1, 1),
(40017, 55720, 0.0501, 1, 0, 1, 1),
(40017, 55722, 0.0921, 1, 0, 1, 1),
(40017, 55723, 0.0853, 1, 0, 1, 1),
(40017, 55724, 0.1207, 1, 0, 1, 1),
(40017, 55728, 0.0689, 1, 0, 1, 1),
(40017, 55729, 0.1275, 1, 0, 1, 1),
(40017, 55731, 0.0958, 1, 0, 1, 1),
(40017, 55732, 0.1494, 1, 0, 1, 1),
(40017, 55733, 0.0928, 1, 0, 1, 1),
(40017, 55736, 0.0595, 1, 0, 1, 1),
(40017, 55738, 0.0689, 1, 0, 1, 1),
(40017, 55740, 0.1336, 1, 0, 1, 1),
(40017, 55741, 0.1237, 1, 0, 1, 1),
(40017, 55742, 0.0913, 1, 0, 1, 1),
(40017, 55745, 0.0673, 1, 0, 1, 1),
(40017, 55747, 0.0626, 1, 0, 1, 1),
(40017, 55749, 0.089, 1, 0, 1, 1),
(40017, 55750, 0.132, 1, 0, 1, 1),
(40017, 55751, 0.1622, 1, 0, 1, 1),
(40017, 55754, 0.0751, 1, 0, 1, 1),
(40017, 55755, 0.0704, 1, 0, 1, 1),
(40017, 55756, 0.0767, 1, 0, 1, 1),
(40017, 55758, 0.0875, 1, 0, 1, 1),
(40017, 55759, 0.0996, 1, 0, 1, 1),
(40017, 55760, 0.1056, 1, 0, 1, 1),
(40017, 55765, 0.0563, 1, 0, 1, 1),
(40017, 55767, 0.1034, 1, 0, 1, 1),
(40017, 55768, 0.1532, 1, 0, 1, 1),
(40017, 55769, 0.1049, 1, 0, 1, 1),
(40017, 55773, 0.0532, 1, 0, 1, 1),
(40017, 55774, 0.0563, 1, 0, 1, 1),
(40017, 55789, 1.3816, 1, 0, 1, 1),
(40017, 55790, 1.2261, 1, 0, 1, 1),
(40017, 55791, 1.4412, 1, 0, 1, 1),
(40017, 58256, 4.5689, 1, 0, 1, 1),
(40017, 58268, 8.1989, 1, 0, 1, 1),
(40017, 58269, 31.0178, 1, 0, 1, 1),
(40017, 62063, 0.3803, 1, 0, 1, 1),
(40017, 62064, 0.3592, 1, 0, 1, 1),
(40017, 62065, 0.3614, 1, 0, 1, 1),
(40017, 62066, 0.3848, 1, 0, 1, 1),
(40017, 62067, 0.458, 1, 0, 1, 1),
(40017, 62068, 0.452, 1, 0, 1, 1),
(40017, 62069, 0.3614, 1, 0, 1, 1),
(40017, 62070, 0.3471, 1, 0, 1, 1),
(40017, 62071, 0.3252, 1, 0, 1, 1),
(40017, 62072, 0.3463, 1, 0, 1, 1),
(40017, 62073, 0.332, 1, 0, 1, 1),
(40017, 62074, 0.3886, 1, 0, 1, 1),
(40017, 62075, 0.2475, 1, 0, 1, 1),
(40017, 62076, 0.3539, 1, 0, 1, 1),
(40017, 62077, 0.3411, 1, 0, 1, 1),
(40017, 62078, 0.2882, 1, 0, 1, 1),
(40017, 62079, 0.3109, 1, 0, 1, 1),
(40017, 62080, 0.3124, 1, 0, 1, 1),
(40017, 62081, 0.3018, 1, 0, 1, 1),
(40017, 62082, 0.3411, 1, 0, 1, 1),
(40017, 62083, 0.3207, 1, 0, 1, 1),
(40017, 62084, 0.3124, 1, 0, 1, 1),
(40017, 62085, 0.2973, 1, 0, 1, 1),
(40017, 62086, 0.3229, 1, 0, 1, 1),
(40017, 62087, 0.3252, 1, 0, 1, 1),
(40017, 62088, 0.329, 1, 0, 1, 1),
(40017, 62089, 0.3365, 1, 0, 1, 1),
(40017, 62090, 0.2769, 1, 0, 1, 1),
(40017, 62091, 0.3448, 1, 0, 1, 1),
(40017, 62092, 0.2709, 1, 0, 1, 1),
(40017, 62093, 0.3614, 1, 0, 1, 1),
(40017, 62094, 0.3192, 1, 0, 1, 1),
(40017, 62095, 0.3343, 1, 0, 1, 1),
(40017, 62096, 0.3033, 1, 0, 1, 1),
(40017, 62097, 0.2754, 1, 0, 1, 1),
(40017, 62098, 0.3139, 1, 0, 1, 1),
(40017, 62099, 0.3116, 1, 0, 1, 1),
(40017, 62100, 0.3011, 1, 0, 1, 1),
(40017, 62101, 0.3131, 1, 0, 1, 1),
(40017, 62102, 0.3343, 1, 0, 1, 1),
(40017, 62103, 0.2875, 1, 0, 1, 1),
(40017, 62104, 0.286, 1, 0, 1, 1),
(40017, 62110, 0.0996, 1, 0, 1, 1),
(40017, 62118, 0.0657, 1, 0, 1, 1),
(40017, 62125, 0.1215, 1, 0, 1, 1),
(40017, 63291, 42.0032, 1, 0, 1, 1),
(40017, 63300, 20.0323, 1, 0, 1, 1),
(40017, 63310, 25.2019, 1, 0, 1, 1),
(40017, 63316, 2.2617, 1, 0, 1, 1),
(40017, 63317, 47.496, 1, 0, 1, 1),
(40017, 63318, 2.9079, 1, 0, 1, 1),
(40017, 63348, 47.1729, 1, 0, 1, 1),
(40017, 63349, 41.6801, 1, 0, 1, 1),
(40017, 66641, 0.0068, 1, 0, 1, 1),
(40017, 66879, 0.003, 1, 0, 1, 1),
(40017, 66880, 0.0038, 1, 0, 1, 1),
(40017, 66882, 0.0347, 1, 0, 1, 1),
(40017, 66883, 0.0075, 1, 0, 1, 1),
(40017, 66895, 0.006, 1, 0, 1, 1),
(40017, 66931, 0.0083, 1, 0, 1, 1),
(40017, 66932, 0.0045, 1, 0, 1, 1),
(40017, 66940, 0.0045, 1, 0, 1, 1),
(40017, 66941, 0.0083, 1, 0, 1, 1),
(40017, 66942, 0.0016, 1, 0, 1, 1),
(40017, 66952, 0.006, 1, 0, 1, 1),
(40017, 66953, 0.0038, 1, 0, 1, 1),
(40017, 66954, 0.0053, 1, 0, 1, 1),
(40017, 66955, 0.0053, 1, 0, 1, 1),
(40017, 66956, 0.0015, 1, 0, 1, 1),
(40017, 66957, 0.006, 1, 0, 1, 1),
(40017, 66958, 0.0075, 1, 0, 1, 1),
(40017, 66959, 0.0136, 1, 0, 1, 1),
(40017, 66968, 0.0045, 1, 0, 1, 1),
(40017, 66969, 0.0016, 1, 0, 1, 1),
(40017, 66970, 0.006, 1, 0, 1, 1),
(40017, 66971, 0.0031, 1, 0, 1, 1),
(40017, 66972, 0.0016, 1, 0, 1, 1),
(40017, 66973, 0.0031, 1, 0, 1, 1),
(40017, 66975, 0.0016, 1, 0, 1, 1),
(40017, 66977, 0.0045, 1, 0, 1, 1),
(40017, 66978, 0.0189, 1, 0, 1, 1),
(40017, 66979, 0.0068, 1, 0, 1, 1),
(40017, 66980, 0.0053, 1, 0, 1, 1),
(40017, 66981, 0.0038, 1, 0, 1, 1),
(40017, 66982, 0.003, 1, 0, 1, 1),
(40017, 66989, 0.006, 1, 0, 1, 1),
(40017, 66990, 0.0031, 1, 0, 1, 1),
(40017, 66991, 0.0068, 1, 0, 1, 1),
(40017, 66992, 0.0083, 1, 0, 1, 1),
(40017, 66993, 0.0151, 1, 0, 1, 1),
(40017, 67024, 0.0008, 1, 0, 1, 1),
(40017, 67027, 0.0083, 1, 0, 1, 1),
(40017, 67029, 0.0023, 1, 0, 1, 1),
(40017, 67032, 0.0045, 1, 0, 1, 1),
(40017, 67037, 0.0053, 1, 0, 1, 1),
(40017, 67040, 0.006, 1, 0, 1, 1),
(40017, 67057, 0.0075, 1, 0, 1, 1),
(40017, 67059, 0.0016, 1, 0, 1, 1),
(40017, 67067, 0.0016, 1, 0, 1, 1),
(40017, 67069, 0.0083, 1, 0, 1, 1),
(40017, 67071, 0.0031, 1, 0, 1, 1),
(40017, 67088, 0.006, 1, 0, 1, 1),
(40017, 67098, 0.0098, 1, 0, 1, 1),
(40017, 67099, 0.0091, 1, 0, 1, 1),
(40017, 67101, 0.006, 1, 0, 1, 1),
(40017, 67102, 0.0038, 1, 0, 1, 1),
(40017, 67103, 0.0053, 1, 0, 1, 1),
(40017, 67104, 0.0038, 1, 0, 1, 1),
(40017, 67105, 0.0023, 1, 0, 1, 1),
(40017, 67106, 0.0234, 1, 0, 1, 1),
(40017, 67109, 0.003, 1, 0, 1, 1),
(40017, 67119, 0.0075, 1, 0, 1, 1),
(40017, 67120, 0.0053, 1, 0, 1, 1),
(40017, 67121, 0.0016, 1, 0, 1, 1),
(40017, 67122, 0.0016, 1, 0, 1, 1),
(40017, 67123, 0.0047, 1, 0, 1, 1),
(40017, 67124, 0.0016, 1, 0, 1, 1),
(40017, 67126, 0.0083, 1, 0, 1, 1),
(40017, 67127, 0.0047, 1, 0, 1, 1),
(40017, 67130, 0.0038, 1, 0, 1, 1),
(40017, 67132, 0.0023, 1, 0, 1, 1),
(40017, 67134, 0.0015, 1, 0, 1, 1),
(40017, 67137, 0.0016, 1, 0, 1, 1),
(40017, 67138, 0.0015, 1, 0, 1, 1),
(40017, 67139, 0.0016, 1, 0, 1, 1),
(40017, 67140, 0.0023, 1, 0, 1, 1),
(40017, 67141, 0.0015, 1, 0, 1, 1),
(40017, 67143, 0.0015, 1, 0, 1, 1),
(40017, 67145, 0.0015, 1, 0, 1, 1),
(40017, 67147, 0.0015, 1, 0, 1, 1),
(40017, 67148, 0.0015, 1, 0, 1, 1),
(40017, 67149, 0.0015, 1, 0, 1, 1),
(40017, 67150, 0.0016, 1, 0, 1, 1),
(40017, 68197, 3.8, 1, 0, 1, 2),
(40017, 68198, 12.1, 1, 0, 1, 2),
(40017, 68729, 0.2562, 1, 0, 1, 1),
(40017, 68782, 0.001, 1, 0, 1, 1),
(40017, 68783, 0.0045, 1, 0, 1, 1),
(40017, 68787, 0.0038, 1, 0, 1, 1);

DELETE FROM `pickpocketing_loot_template` WHERE (`entry`=40017);
INSERT INTO `pickpocketing_loot_template` VALUES 
(40017, 58269, 15.9447, 1, 0, 1, 1),
(40017, 63291, 21.1518, 1, 0, 1, 1),
(40017, 63300, 8.3423, 1, 0, 1, 1),
(40017, 63310, 12.5404, 1, 0, 1, 1),
(40017, 63316, 2.099, 1, 0, 1, 1),
(40017, 63317, 21.7438, 1, 0, 1, 1),
(40017, 63318, 1.1841, 1, 0, 1, 1),
(40017, 63348, 22.4973, 1, 0, 1, 1),
(40017, 63349, 41.6801, 1, 0, 1, 1);

REPLACE INTO `creature_template` (`entry`, `difficulty_entry_1`, `difficulty_entry_2`, `difficulty_entry_3`, `KillCredit1`, `KillCredit2`, `modelid1`, `modelid2`, `modelid3`, `modelid4`, `name`, `subname`, `IconName`, `gossip_menu_id`, `minlevel`, `maxlevel`, `exp`, `faction_A`, `faction_H`, `npcflag`, `speed_walk`, `speed_run`, `scale`, `rank`, `mindmg`, `maxdmg`, `dmgschool`, `attackpower`, `dmg_multiplier`, `baseattacktime`, `rangeattacktime`, `unit_class`, `unit_flags`, `unit_flags2`, `dynamicflags`, `family`, `trainer_type`, `trainer_spell`, `trainer_class`, `trainer_race`, `minrangedmg`, `maxrangedmg`, `rangedattackpower`, `type`, `type_flags`, `lootid`, `pickpocketloot`, `skinloot`, `resistance1`, `resistance2`, `resistance3`, `resistance4`, `resistance5`, `resistance6`, `spell1`, `spell2`, `spell3`, `spell4`, `spell5`, `spell6`, `spell7`, `spell8`, `PetSpellDataId`, `VehicleId`, `mingold`, `maxgold`, `AIName`, `MovementType`, `InhabitType`, `HoverHeight`, `Health_mod`, `Mana_mod`, `Armor_mod`, `RacialLeader`, `questItem1`, `questItem2`, `questItem3`, `questItem4`, `questItem5`, `questItem6`, `movementId`, `RegenHealth`, `mechanic_immune_mask`, `flags_extra`, `ScriptName`, `WDBVerified`) VALUES (40018, 0, 0, 0, 0, 0, 34105, 34104, 0, 0, 'Twilight Element Warden (1)', '', '', 0, 85, 85, 3, 16, 16, 0, 1, 1.14286, 1, 1, 465, 697, 0, 174, 37.7, 2000, 2000, 2, 0, 2053, 0, 0, 0, 0, 0, 0, 372, 558, 139, 7, 8, 40017, 40017, 0, 0, 0, 0, 0, 0, 0, 76680, 93640, 93645, 76677, 0, 0, 0, 0, 0, 0, 12170, 12170, '', 0, 3, 1, 5, 5, 1, 0, 0, 0, 0, 0, 0, 0, 0, 1, 0, 0, '', 15595);

REPLACE INTO `creature_template` (`entry`, `difficulty_entry_1`, `difficulty_entry_2`, `difficulty_entry_3`, `KillCredit1`, `KillCredit2`, `modelid1`, `modelid2`, `modelid3`, `modelid4`, `name`, `subname`, `IconName`, `gossip_menu_id`, `minlevel`, `maxlevel`, `exp`, `faction_A`, `faction_H`, `npcflag`, `speed_walk`, `speed_run`, `scale`, `rank`, `mindmg`, `maxdmg`, `dmgschool`, `attackpower`, `dmg_multiplier`, `baseattacktime`, `rangeattacktime`, `unit_class`, `unit_flags`, `unit_flags2`, `dynamicflags`, `family`, `trainer_type`, `trainer_spell`, `trainer_class`, `trainer_race`, `minrangedmg`, `maxrangedmg`, `rangedattackpower`, `type`, `type_flags`, `lootid`, `pickpocketloot`, `skinloot`, `resistance1`, `resistance2`, `resistance3`, `resistance4`, `resistance5`, `resistance6`, `spell1`, `spell2`, `spell3`, `spell4`, `spell5`, `spell6`, `spell7`, `spell8`, `PetSpellDataId`, `VehicleId`, `mingold`, `maxgold`, `AIName`, `MovementType`, `InhabitType`, `HoverHeight`, `Health_mod`, `Mana_mod`, `Armor_mod`, `RacialLeader`, `questItem1`, `questItem2`, `questItem3`, `questItem4`, `questItem5`, `questItem6`, `movementId`, `RegenHealth`, `mechanic_immune_mask`, `flags_extra`, `ScriptName`, `WDBVerified`) VALUES (40817, 40818, 40818, 0, 0, 0, 35979, 0, 0, 0, 'Shadow of Obsidius', '', '', 0, 85, 85, 3, 16, 16, 0, 2.4, 0.857143, 1, 1, 500, 750, 0, 187, 35, 2000, 2000, 1, 295680, 2048, 0, 0, 0, 0, 0, 0, 400, 600, 150, 4, 8, 0, 0, 0, 0, 0, 0, 0, 0, 0, 0, 0, 0, 0, 0, 0, 0, 0, 0, 0, 0, 0, '', 0, 3, 1, 1, 1, 1, 0, 0, 0, 0, 0, 0, 0, 106, 1, 0, 0, 'npc_shadow_of_obsidius', 15595);

REPLACE INTO `creature_template` (`entry`, `difficulty_entry_1`, `difficulty_entry_2`, `difficulty_entry_3`, `KillCredit1`, `KillCredit2`, `modelid1`, `modelid2`, `modelid3`, `modelid4`, `name`, `subname`, `IconName`, `gossip_menu_id`, `minlevel`, `maxlevel`, `exp`, `faction_A`, `faction_H`, `npcflag`, `speed_walk`, `speed_run`, `scale`, `rank`, `mindmg`, `maxdmg`, `dmgschool`, `attackpower`, `dmg_multiplier`, `baseattacktime`, `rangeattacktime`, `unit_class`, `unit_flags`, `unit_flags2`, `dynamicflags`, `family`, `trainer_type`, `trainer_spell`, `trainer_class`, `trainer_race`, `minrangedmg`, `maxrangedmg`, `rangedattackpower`, `type`, `type_flags`, `lootid`, `pickpocketloot`, `skinloot`, `resistance1`, `resistance2`, `resistance3`, `resistance4`, `resistance5`, `resistance6`, `spell1`, `spell2`, `spell3`, `spell4`, `spell5`, `spell6`, `spell7`, `spell8`, `PetSpellDataId`, `VehicleId`, `mingold`, `maxgold`, `AIName`, `MovementType`, `InhabitType`, `HoverHeight`, `Health_mod`, `Mana_mod`, `Armor_mod`, `RacialLeader`, `questItem1`, `questItem2`, `questItem3`, `questItem4`, `questItem5`, `questItem6`, `movementId`, `RegenHealth`, `mechanic_immune_mask`, `flags_extra`, `ScriptName`, `WDBVerified`) VALUES (40818, 0, 0, 0, 0, 0, 31701, 0, 0, 0, 'Shadow of Obsidius (1)', '', '', 0, 85, 85, 3, 16, 16, 0, 2.4, 0.857143, 1, 1, 500, 750, 0, 187, 35, 2000, 2000, 1, 295680, 2048, 0, 0, 0, 0, 0, 0, 400, 600, 150, 4, 8, 0, 0, 0, 0, 0, 0, 0, 0, 0, 0, 0, 0, 0, 0, 0, 0, 0, 0, 0, 0, 0, '', 0, 3, 1, 1, 1, 1, 0, 0, 0, 0, 0, 0, 0, 106, 1, 0, 0, '', 15595);

REPLACE INTO `creature_template` (`entry`, `difficulty_entry_1`, `difficulty_entry_2`, `difficulty_entry_3`, `KillCredit1`, `KillCredit2`, `modelid1`, `modelid2`, `modelid3`, `modelid4`, `name`, `subname`, `IconName`, `gossip_menu_id`, `minlevel`, `maxlevel`, `exp`, `faction_A`, `faction_H`, `npcflag`, `speed_walk`, `speed_run`, `scale`, `rank`, `mindmg`, `maxdmg`, `dmgschool`, `attackpower`, `dmg_multiplier`, `baseattacktime`, `rangeattacktime`, `unit_class`, `unit_flags`, `unit_flags2`, `dynamicflags`, `family`, `trainer_type`, `trainer_spell`, `trainer_class`, `trainer_race`, `minrangedmg`, `maxrangedmg`, `rangedattackpower`, `type`, `type_flags`, `lootid`, `pickpocketloot`, `skinloot`, `resistance1`, `resistance2`, `resistance3`, `resistance4`, `resistance5`, `resistance6`, `spell1`, `spell2`, `spell3`, `spell4`, `spell5`, `spell6`, `spell7`, `spell8`, `PetSpellDataId`, `VehicleId`, `mingold`, `maxgold`, `AIName`, `MovementType`, `InhabitType`, `HoverHeight`, `Health_mod`, `Mana_mod`, `Armor_mod`, `RacialLeader`, `questItem1`, `questItem2`, `questItem3`, `questItem4`, `questItem5`, `questItem6`, `movementId`, `RegenHealth`, `mechanic_immune_mask`, `flags_extra`, `ScriptName`, `WDBVerified`) VALUES (40013, 40014, 40014, 0, 0, 0, 31701, 0, 0, 0, 'Buster', '', '', 0, 85, 85, 3, 16, 16, 0, 1.6, 1.28571, 1, 1, 500, 750, 0, 187, 35, 2000, 2000, 1, 32832, 2048, 12, 0, 0, 0, 0, 0, 400, 600, 150, 1, 8, 40013, 40013, 40013, 0, 0, 0, 0, 0, 0, 76628, 93666, 76665, 93667, 0, 0, 0, 0, 0, 0, 12426, 12426, '', 0, 3, 1, 8, 10, 1, 0, 0, 0, 0, 0, 0, 0, 134, 1, 0, 0, 'generic_creature', 15595);

DELETE FROM `creature_loot_template` WHERE (`entry`=40013);
INSERT INTO `creature_loot_template` VALUES 
(40013, 52366, 0.0418, 1, 0, 1, 1),
(40013, 52367, 0.0418, 1, 0, 1, 1),
(40013, 52372, 0.0139, 1, 0, 1, 1),
(40013, 52373, 0.0139, 1, 0, 1, 1),
(40013, 52376, 0.0139, 1, 0, 1, 1),
(40013, 52377, 0.0139, 1, 0, 1, 1),
(40013, 52379, 0.0139, 1, 0, 1, 1),
(40013, 52385, 0.0139, 1, 0, 1, 1),
(40013, 52386, 0.0278, 1, 0, 1, 1),
(40013, 52388, 0.0139, 1, 0, 1, 1),
(40013, 52494, 0.0139, 1, 0, 1, 1),
(40013, 52496, 0.0139, 1, 0, 1, 1),
(40013, 52976, 2.3545, 1, 0, 1, 1),
(40013, 52977, 2.3998, 1, 0, 1, 1),
(40013, 52980, 0.0453, 1, 0, 1, 1),
(40013, 55282, 0.1114, 1, 0, 1, 1),
(40013, 55283, 0.1671, 1, 0, 1, 1),
(40013, 55284, 0.0835, 1, 0, 1, 1),
(40013, 55291, 0.1392, 1, 0, 1, 1),
(40013, 55292, 0.2089, 1, 0, 1, 1),
(40013, 55293, 0.1671, 1, 0, 1, 1),
(40013, 55300, 0.0418, 1, 0, 1, 1),
(40013, 55301, 0.0278, 1, 0, 1, 1),
(40013, 55302, 0.0278, 1, 0, 1, 1),
(40013, 55309, 0.1392, 1, 0, 1, 1),
(40013, 55310, 0.2367, 1, 0, 1, 1),
(40013, 55311, 0.2089, 1, 0, 1, 1),
(40013, 55318, 0.0139, 1, 0, 1, 1),
(40013, 55319, 0.0278, 1, 0, 1, 1),
(40013, 55327, 0.181, 1, 0, 1, 1),
(40013, 55328, 0.181, 1, 0, 1, 1),
(40013, 55329, 0.2228, 1, 0, 1, 1),
(40013, 55336, 0.1671, 1, 0, 1, 1),
(40013, 55337, 0.0975, 1, 0, 1, 1),
(40013, 55338, 0.2924, 1, 0, 1, 1),
(40013, 55345, 0.0557, 1, 0, 1, 1),
(40013, 55346, 0.1671, 1, 0, 1, 1),
(40013, 55347, 0.0975, 1, 0, 1, 1),
(40013, 55354, 0.0139, 1, 0, 1, 1),
(40013, 55356, 0.0139, 1, 0, 1, 1),
(40013, 55363, 0.181, 1, 0, 1, 1),
(40013, 55364, 0.3899, 1, 0, 1, 1),
(40013, 55365, 0.2785, 1, 0, 1, 1),
(40013, 55372, 0.5987, 1, 0, 1, 1),
(40013, 55373, 0.3202, 1, 0, 1, 1),
(40013, 55374, 0.1532, 1, 0, 1, 1),
(40013, 55381, 0.1532, 1, 0, 1, 1),
(40013, 55382, 0.1253, 1, 0, 1, 1),
(40013, 55383, 0.0975, 1, 0, 1, 1),
(40013, 55390, 0.0278, 1, 0, 1, 1),
(40013, 55391, 0.0139, 1, 0, 1, 1),
(40013, 55392, 0.1114, 1, 0, 1, 1),
(40013, 55399, 0.3202, 1, 0, 1, 1),
(40013, 55400, 0.2367, 1, 0, 1, 1),
(40013, 55401, 0.2646, 1, 0, 1, 1),
(40013, 55408, 0.0835, 1, 0, 1, 1),
(40013, 55409, 0.0975, 1, 0, 1, 1),
(40013, 55410, 0.1114, 1, 0, 1, 1),
(40013, 55417, 0.6544, 1, 0, 1, 1),
(40013, 55418, 0.6683, 1, 0, 1, 1),
(40013, 55419, 0.8215, 1, 0, 1, 1),
(40013, 55426, 0.3342, 1, 0, 1, 1),
(40013, 55427, 0.1671, 1, 0, 1, 1),
(40013, 55428, 0.3202, 1, 0, 1, 1),
(40013, 55435, 0.5709, 1, 0, 1, 1),
(40013, 55436, 0.4734, 1, 0, 1, 1),
(40013, 55437, 0.6544, 1, 0, 1, 1),
(40013, 55444, 0.0278, 1, 0, 1, 1),
(40013, 55445, 0.0278, 1, 0, 1, 1),
(40013, 55446, 0.0557, 1, 0, 1, 1),
(40013, 55453, 0.1671, 1, 0, 1, 1),
(40013, 55454, 0.0975, 1, 0, 1, 1),
(40013, 55455, 0.1114, 1, 0, 1, 1),
(40013, 55462, 0.1253, 1, 0, 1, 1),
(40013, 55463, 0.2367, 1, 0, 1, 1),
(40013, 55464, 0.0139, 1, 0, 1, 1),
(40013, 55472, 0.0418, 1, 0, 1, 1),
(40013, 55473, 0.0278, 1, 0, 1, 1),
(40013, 55480, 0.3899, 1, 0, 1, 1),
(40013, 55481, 0.3202, 1, 0, 1, 1),
(40013, 55482, 0.3759, 1, 0, 1, 1),
(40013, 55489, 0.2367, 1, 0, 1, 1),
(40013, 55490, 0.362, 1, 0, 1, 1),
(40013, 55491, 0.2367, 1, 0, 1, 1),
(40013, 55498, 0.2924, 1, 0, 1, 1),
(40013, 55499, 0.2506, 1, 0, 1, 1),
(40013, 55500, 0.2646, 1, 0, 1, 1),
(40013, 55507, 0.3202, 1, 0, 1, 1),
(40013, 55508, 0.3342, 1, 0, 1, 1),
(40013, 55509, 1.0721, 1, 0, 1, 1),
(40013, 55516, 0.4734, 1, 0, 1, 1),
(40013, 55517, 0.181, 1, 0, 1, 1),
(40013, 55518, 0.2367, 1, 0, 1, 1),
(40013, 55525, 0.3899, 1, 0, 1, 1),
(40013, 55526, 0.4734, 1, 0, 1, 1),
(40013, 55527, 0.3759, 1, 0, 1, 1),
(40013, 55534, 0.2785, 1, 0, 1, 1),
(40013, 55535, 0.2506, 1, 0, 1, 1),
(40013, 55536, 0.1671, 1, 0, 1, 1),
(40013, 55543, 0.2089, 1, 0, 1, 1),
(40013, 55544, 0.3202, 1, 0, 1, 1),
(40013, 55545, 0.1532, 1, 0, 1, 1),
(40013, 55552, 0.2228, 1, 0, 1, 1),
(40013, 55553, 0.181, 1, 0, 1, 1),
(40013, 55554, 0.1949, 1, 0, 1, 1),
(40013, 55561, 0.1532, 1, 0, 1, 1),
(40013, 55562, 0.3063, 1, 0, 1, 1),
(40013, 55563, 0.1532, 1, 0, 1, 1),
(40013, 55570, 0.1392, 1, 0, 1, 1),
(40013, 55571, 0.1392, 1, 0, 1, 1),
(40013, 55572, 0.2367, 1, 0, 1, 1),
(40013, 55579, 0.2646, 1, 0, 1, 1),
(40013, 55580, 0.2089, 1, 0, 1, 1),
(40013, 55581, 0.2367, 1, 0, 1, 1),
(40013, 55588, 0.2228, 1, 0, 1, 1),
(40013, 55589, 0.1532, 1, 0, 1, 1),
(40013, 55590, 0.3202, 1, 0, 1, 1),
(40013, 55597, 0.3202, 1, 0, 1, 1),
(40013, 55598, 0.1671, 1, 0, 1, 1),
(40013, 55599, 0.181, 1, 0, 1, 1),
(40013, 55606, 0.1949, 1, 0, 1, 1),
(40013, 55607, 0.2785, 1, 0, 1, 1),
(40013, 55608, 0.2785, 1, 0, 1, 1),
(40013, 55615, 0.0696, 1, 0, 1, 1),
(40013, 55616, 0.2089, 1, 0, 1, 1),
(40013, 55617, 0.1671, 1, 0, 1, 1),
(40013, 55624, 0.2228, 1, 0, 1, 1),
(40013, 55625, 0.2367, 1, 0, 1, 1),
(40013, 55626, 0.1392, 1, 0, 1, 1),
(40013, 55633, 0.4177, 1, 0, 1, 1),
(40013, 55634, 0.1949, 1, 0, 1, 1),
(40013, 55635, 0.1392, 1, 0, 1, 1),
(40013, 55642, 0.181, 1, 0, 1, 1),
(40013, 55643, 0.4038, 1, 0, 1, 1),
(40013, 55644, 0.3063, 1, 0, 1, 1),
(40013, 55651, 0.2089, 1, 0, 1, 1),
(40013, 55652, 0.362, 1, 0, 1, 1),
(40013, 55653, 0.3759, 1, 0, 1, 1),
(40013, 55660, 0.181, 1, 0, 1, 1),
(40013, 55661, 0.2785, 1, 0, 1, 1),
(40013, 55662, 0.2506, 1, 0, 1, 1),
(40013, 55669, 1.6012, 1, 0, 1, 1),
(40013, 55670, 0.2646, 1, 0, 1, 1),
(40013, 55671, 0.2089, 1, 0, 1, 1),
(40013, 55678, 0.2785, 1, 0, 1, 1),
(40013, 55679, 0.2646, 1, 0, 1, 1),
(40013, 55680, 0.2089, 1, 0, 1, 1),
(40013, 55687, 0.5987, 1, 0, 1, 1),
(40013, 55688, 0.3759, 1, 0, 1, 1),
(40013, 55689, 0.181, 1, 0, 1, 1),
(40013, 55696, 0.181, 1, 0, 1, 1),
(40013, 55697, 0.1949, 1, 0, 1, 1),
(40013, 55698, 0.362, 1, 0, 1, 1),
(40013, 55705, 0.3342, 1, 0, 1, 1),
(40013, 55706, 0.2506, 1, 0, 1, 1),
(40013, 55707, 0.3899, 1, 0, 1, 1),
(40013, 55714, 0.4595, 1, 0, 1, 1),
(40013, 55715, 0.3202, 1, 0, 1, 1),
(40013, 55716, 0.3063, 1, 0, 1, 1),
(40013, 55723, 0.3342, 1, 0, 1, 1),
(40013, 55724, 0.2924, 1, 0, 1, 1),
(40013, 55725, 0.3202, 1, 0, 1, 1),
(40013, 55732, 0.2228, 1, 0, 1, 1),
(40013, 55733, 1.1139, 1, 0, 1, 1),
(40013, 55734, 0.3481, 1, 0, 1, 1),
(40013, 55741, 0.3899, 1, 0, 1, 1),
(40013, 55742, 0.5987, 1, 0, 1, 1),
(40013, 55743, 0.3342, 1, 0, 1, 1),
(40013, 55750, 0.4456, 1, 0, 1, 1),
(40013, 55751, 0.4038, 1, 0, 1, 1),
(40013, 55752, 0.4038, 1, 0, 1, 1),
(40013, 55759, 0.2089, 1, 0, 1, 1),
(40013, 55760, 0.4595, 1, 0, 1, 1),
(40013, 55761, 0.3899, 1, 0, 1, 1),
(40013, 55768, 0.3899, 1, 0, 1, 1),
(40013, 55769, 0.362, 1, 0, 1, 1),
(40013, 55770, 0.2506, 1, 0, 1, 1),
(40013, 55789, 3.8429, 1, 0, 1, 1),
(40013, 55790, 2.4923, 1, 0, 1, 1),
(40013, 55791, 3.286, 1, 0, 1, 1),
(40013, 58256, 6.1502, 1, 0, 1, 1),
(40013, 58268, 14.6066, 1, 0, 1, 1),
(40013, 62063, 0.3899, 1, 0, 1, 1),
(40013, 62064, 0.6962, 1, 0, 1, 1),
(40013, 62065, 0.4177, 1, 0, 1, 1),
(40013, 62066, 0.4316, 1, 0, 1, 1),
(40013, 62067, 0.6266, 1, 0, 1, 1),
(40013, 62068, 0.9468, 1, 0, 1, 1),
(40013, 62070, 0.5291, 1, 0, 1, 1),
(40013, 62071, 0.3202, 1, 0, 1, 1),
(40013, 62073, 0.7797, 1, 0, 1, 1),
(40013, 62074, 0.6683, 1, 0, 1, 1),
(40013, 62075, 0.738, 1, 0, 1, 1),
(40013, 62076, 0.724, 1, 0, 1, 1),
(40013, 62077, 0.5848, 1, 0, 1, 1),
(40013, 62078, 0.5987, 1, 0, 1, 1),
(40013, 62079, 0.5848, 1, 0, 1, 1),
(40013, 62080, 0.5291, 1, 0, 1, 1),
(40013, 62081, 0.4734, 1, 0, 1, 1),
(40013, 62082, 0.8772, 1, 0, 1, 1),
(40013, 62083, 0.5987, 1, 0, 1, 1),
(40013, 62084, 0.5709, 1, 0, 1, 1),
(40013, 62085, 0.3759, 1, 0, 1, 1),
(40013, 62086, 0.738, 1, 0, 1, 1),
(40013, 62087, 0.6266, 1, 0, 1, 1),
(40013, 62088, 0.7658, 1, 0, 1, 1),
(40013, 62089, 0.7937, 1, 0, 1, 1),
(40013, 62090, 0.7101, 1, 0, 1, 1),
(40013, 62091, 0.5013, 1, 0, 1, 1),
(40013, 62092, 0.6126, 1, 0, 1, 1),
(40013, 62093, 0.4177, 1, 0, 1, 1),
(40013, 62094, 0.8076, 1, 0, 1, 1),
(40013, 62095, 0.5013, 1, 0, 1, 1),
(40013, 62096, 0.8215, 1, 0, 1, 1),
(40013, 62097, 0.5848, 1, 0, 1, 1),
(40013, 62098, 0.5291, 1, 0, 1, 1),
(40013, 62099, 0.7101, 1, 0, 1, 1),
(40013, 62100, 0.7101, 1, 0, 1, 1),
(40013, 62101, 0.543, 1, 0, 1, 1),
(40013, 62102, 0.6266, 1, 0, 1, 1),
(40013, 62103, 0.3202, 1, 0, 1, 1),
(40013, 62104, 0.4177, 1, 0, 1, 1),
(40013, 66641, 0.0278, 1, 0, 1, 1),
(40013, 66879, 0.0139, 1, 0, 1, 1),
(40013, 66880, 0.0975, 1, 0, 1, 1),
(40013, 66904, 0.0139, 1, 0, 1, 1),
(40013, 66912, 0.0278, 1, 0, 1, 1),
(40013, 66952, 0.0139, 1, 0, 1, 1),
(40013, 66954, 0.0278, 1, 0, 1, 1),
(40013, 66960, 0.0139, 1, 0, 1, 1),
(40013, 66962, 0.0278, 1, 0, 1, 1),
(40013, 66963, 0.0278, 1, 0, 1, 1),
(40013, 66977, 0.0139, 1, 0, 1, 1),
(40013, 66979, 0.0139, 1, 0, 1, 1),
(40013, 66980, 0.0418, 1, 0, 1, 1),
(40013, 66981, 0.0139, 1, 0, 1, 1),
(40013, 66982, 0.0139, 1, 0, 1, 1),
(40013, 66983, 0.0418, 1, 0, 1, 1),
(40013, 67029, 0.0139, 1, 0, 1, 1),
(40013, 67037, 0.0278, 1, 0, 1, 1),
(40013, 67045, 0.0278, 1, 0, 1, 1),
(40013, 67047, 0.0139, 1, 0, 1, 1),
(40013, 67088, 0.0278, 1, 0, 1, 1),
(40013, 67098, 0.0975, 1, 0, 1, 1),
(40013, 67101, 0.0139, 1, 0, 1, 1),
(40013, 67106, 0.0278, 1, 0, 1, 1),
(40013, 67110, 0.0278, 1, 0, 1, 1),
(40013, 67112, 0.0139, 1, 0, 1, 1),
(40013, 67495, 0.1532, 1, 0, 1, 1);

DELETE FROM `pickpocketing_loot_template` WHERE (`entry`=40013);
INSERT INTO `pickpocketing_loot_template` VALUES 
(40013, 52976, 96.7012, 1, 0, 1, 3),
(40013, 52977, 100, 1, 0, 1, 4),
(40013, 67495, 6.3148, 1, 0, 1, 1);

DELETE FROM `skinning_loot_template` WHERE (`entry`=40013);
INSERT INTO `skinning_loot_template` VALUES 
(40013, 52976, 48.5922, 1, 0, 1, 1),
(40013, 52977, 51.0026, 1, 0, 1, 1),
(40013, 67495, 3.0717, 1, 0, 1, 1);

REPLACE INTO `creature_template` (`entry`, `difficulty_entry_1`, `difficulty_entry_2`, `difficulty_entry_3`, `KillCredit1`, `KillCredit2`, `modelid1`, `modelid2`, `modelid3`, `modelid4`, `name`, `subname`, `IconName`, `gossip_menu_id`, `minlevel`, `maxlevel`, `exp`, `faction_A`, `faction_H`, `npcflag`, `speed_walk`, `speed_run`, `scale`, `rank`, `mindmg`, `maxdmg`, `dmgschool`, `attackpower`, `dmg_multiplier`, `baseattacktime`, `rangeattacktime`, `unit_class`, `unit_flags`, `unit_flags2`, `dynamicflags`, `family`, `trainer_type`, `trainer_spell`, `trainer_class`, `trainer_race`, `minrangedmg`, `maxrangedmg`, `rangedattackpower`, `type`, `type_flags`, `lootid`, `pickpocketloot`, `skinloot`, `resistance1`, `resistance2`, `resistance3`, `resistance4`, `resistance5`, `resistance6`, `spell1`, `spell2`, `spell3`, `spell4`, `spell5`, `spell6`, `spell7`, `spell8`, `PetSpellDataId`, `VehicleId`, `mingold`, `maxgold`, `AIName`, `MovementType`, `InhabitType`, `HoverHeight`, `Health_mod`, `Mana_mod`, `Armor_mod`, `RacialLeader`, `questItem1`, `questItem2`, `questItem3`, `questItem4`, `questItem5`, `questItem6`, `movementId`, `RegenHealth`, `mechanic_immune_mask`, `flags_extra`, `ScriptName`, `WDBVerified`) VALUES (40014, 0, 0, 0, 0, 0, 31701, 0, 0, 0, 'Buster (1)', '', '', 0, 85, 85, 3, 16, 16, 0, 1.6, 1.28571, 1, 1, 500, 750, 0, 187, 35, 2000, 2000, 1, 32832, 2048, 12, 0, 0, 0, 0, 0, 400, 600, 150, 1, 8, 40013, 40013, 40013, 0, 0, 0, 0, 0, 0, 76628, 93666, 76665, 93667, 0, 0, 0, 0, 0, 0, 12426, 12426, '', 0, 3, 1, 15, 20, 1, 0, 0, 0, 0, 0, 0, 0, 134, 1, 0, 0, '', 15595);

REPLACE INTO `creature_template` (`entry`, `difficulty_entry_1`, `difficulty_entry_2`, `difficulty_entry_3`, `KillCredit1`, `KillCredit2`, `modelid1`, `modelid2`, `modelid3`, `modelid4`, `name`, `subname`, `IconName`, `gossip_menu_id`, `minlevel`, `maxlevel`, `exp`, `faction_A`, `faction_H`, `npcflag`, `speed_walk`, `speed_run`, `scale`, `rank`, `mindmg`, `maxdmg`, `dmgschool`, `attackpower`, `dmg_multiplier`, `baseattacktime`, `rangeattacktime`, `unit_class`, `unit_flags`, `unit_flags2`, `dynamicflags`, `family`, `trainer_type`, `trainer_spell`, `trainer_class`, `trainer_race`, `minrangedmg`, `maxrangedmg`, `rangedattackpower`, `type`, `type_flags`, `lootid`, `pickpocketloot`, `skinloot`, `resistance1`, `resistance2`, `resistance3`, `resistance4`, `resistance5`, `resistance6`, `spell1`, `spell2`, `spell3`, `spell4`, `spell5`, `spell6`, `spell7`, `spell8`, `PetSpellDataId`, `VehicleId`, `mingold`, `maxgold`, `AIName`, `MovementType`, `InhabitType`, `HoverHeight`, `Health_mod`, `Mana_mod`, `Armor_mod`, `RacialLeader`, `questItem1`, `questItem2`, `questItem3`, `questItem4`, `questItem5`, `questItem6`, `movementId`, `RegenHealth`, `mechanic_immune_mask`, `flags_extra`, `ScriptName`, `WDBVerified`) VALUES (40011, 40012, 40012, 0, 0, 0, 31701, 0, 0, 0, 'Spot', '', '', 0, 81, 81, 3, 16, 16, 0, 1.6, 1.28571, 1, 1, 436, 654, 0, 163, 40.1, 2000, 2000, 1, 32832, 2048, 0, 0, 0, 0, 0, 0, 349, 523, 130, 1, 8, 40011, 40011, 40011, 0, 0, 0, 0, 0, 0, 76628, 93666, 76665, 93667, 0, 0, 0, 0, 0, 0, 12357, 12357, '', 0, 3, 1, 8, 10, 1, 0, 0, 0, 0, 0, 0, 0, 134, 1, 0, 0, 'generic_creature', 15595);

DELETE FROM `creature_loot_template` WHERE (`entry`=40011);
INSERT INTO `creature_loot_template` VALUES 
(40011, 52365, 0.0235, 1, 0, 1, 1),
(40011, 52382, 0.0235, 1, 0, 1, 1),
(40011, 52386, 0.0469, 1, 0, 1, 1),
(40011, 52495, 0.0235, 1, 0, 1, 1),
(40011, 52976, 4.1549, 1, 0, 1, 1),
(40011, 52977, 4.6244, 1, 0, 1, 1),
(40011, 52980, 0.0235, 1, 0, 1, 1),
(40011, 55282, 0.0704, 1, 0, 1, 1),
(40011, 55283, 0.1408, 1, 0, 1, 1),
(40011, 55284, 0.1408, 1, 0, 1, 1),
(40011, 55291, 0.2817, 1, 0, 1, 1),
(40011, 55292, 0.1408, 1, 0, 1, 1),
(40011, 55293, 0.0469, 1, 0, 1, 1),
(40011, 55300, 0.0939, 1, 0, 1, 1),
(40011, 55301, 0.0235, 1, 0, 1, 1),
(40011, 55309, 0.2113, 1, 0, 1, 1),
(40011, 55310, 0.2113, 1, 0, 1, 1),
(40011, 55311, 0.0235, 1, 0, 1, 1),
(40011, 55327, 0.2347, 1, 0, 1, 1),
(40011, 55328, 0.0939, 1, 0, 1, 1),
(40011, 55329, 0.1174, 1, 0, 1, 1),
(40011, 55336, 0.1174, 1, 0, 1, 1),
(40011, 55337, 0.1174, 1, 0, 1, 1),
(40011, 55338, 0.0235, 1, 0, 1, 1),
(40011, 55345, 0.0704, 1, 0, 1, 1),
(40011, 55346, 0.1878, 1, 0, 1, 1),
(40011, 55347, 0.1878, 1, 0, 1, 1),
(40011, 55354, 0.0235, 1, 0, 1, 1),
(40011, 55355, 0.0939, 1, 0, 1, 1),
(40011, 55363, 0.2113, 1, 0, 1, 1),
(40011, 55364, 0.1408, 1, 0, 1, 1),
(40011, 55365, 0.4225, 1, 0, 1, 1),
(40011, 55372, 0.1878, 1, 0, 1, 1),
(40011, 55373, 0.0939, 1, 0, 1, 1),
(40011, 55374, 0.1878, 1, 0, 1, 1),
(40011, 55381, 0.0704, 1, 0, 1, 1),
(40011, 55382, 0.0704, 1, 0, 1, 1),
(40011, 55383, 0.1408, 1, 0, 1, 1),
(40011, 55390, 0.1174, 1, 0, 1, 1),
(40011, 55391, 0.1643, 1, 0, 1, 1),
(40011, 55392, 0.0704, 1, 0, 1, 1),
(40011, 55399, 0.6103, 1, 0, 1, 1),
(40011, 55400, 0.2582, 1, 0, 1, 1),
(40011, 55401, 0.493, 1, 0, 1, 1),
(40011, 55408, 0.1174, 1, 0, 1, 1),
(40011, 55409, 0.1174, 1, 0, 1, 1),
(40011, 55410, 0.0939, 1, 0, 1, 1),
(40011, 55417, 0.8685, 1, 0, 1, 1),
(40011, 55418, 0.7277, 1, 0, 1, 1),
(40011, 55419, 0.5869, 1, 0, 1, 1),
(40011, 55426, 0.1643, 1, 0, 1, 1),
(40011, 55427, 0.1643, 1, 0, 1, 1),
(40011, 55428, 0.1878, 1, 0, 1, 1),
(40011, 55435, 0.7042, 1, 0, 1, 1),
(40011, 55436, 0.3521, 1, 0, 1, 1),
(40011, 55437, 0.8685, 1, 0, 1, 1),
(40011, 55444, 0.0235, 1, 0, 1, 1),
(40011, 55445, 0.0704, 1, 0, 1, 1),
(40011, 55446, 0.1878, 1, 0, 1, 1),
(40011, 55453, 0.0939, 1, 0, 1, 1),
(40011, 55454, 0.2113, 1, 0, 1, 1),
(40011, 55455, 0.1174, 1, 0, 1, 1),
(40011, 55462, 0.2582, 1, 0, 1, 1),
(40011, 55463, 0.0704, 1, 0, 1, 1),
(40011, 55464, 0.0939, 1, 0, 1, 1),
(40011, 55472, 0.0704, 1, 0, 1, 1),
(40011, 55473, 0.0235, 1, 0, 1, 1),
(40011, 55480, 0.6808, 1, 0, 1, 1),
(40011, 55481, 0.6103, 1, 0, 1, 1),
(40011, 55482, 0.3052, 1, 0, 1, 1),
(40011, 55489, 0.3052, 1, 0, 1, 1),
(40011, 55490, 0.1878, 1, 0, 1, 1),
(40011, 55491, 0.2582, 1, 0, 1, 1),
(40011, 55498, 0.2817, 1, 0, 1, 1),
(40011, 55499, 0.1878, 1, 0, 1, 1),
(40011, 55500, 0.1643, 1, 0, 1, 1),
(40011, 55507, 0.4225, 1, 0, 1, 1),
(40011, 55508, 0.3286, 1, 0, 1, 1),
(40011, 55509, 0.4225, 1, 0, 1, 1),
(40011, 55516, 0.1878, 1, 0, 1, 1),
(40011, 55517, 0.3756, 1, 0, 1, 1),
(40011, 55518, 0.3521, 1, 0, 1, 1),
(40011, 55525, 0.3756, 1, 0, 1, 1),
(40011, 55526, 0.3052, 1, 0, 1, 1),
(40011, 55527, 0.1878, 1, 0, 1, 1),
(40011, 55534, 0.2582, 1, 0, 1, 1),
(40011, 55535, 0.4225, 1, 0, 1, 1),
(40011, 55536, 0.1878, 1, 0, 1, 1),
(40011, 55543, 0.1408, 1, 0, 1, 1),
(40011, 55544, 0.3756, 1, 0, 1, 1),
(40011, 55545, 0.1643, 1, 0, 1, 1),
(40011, 55552, 0.1643, 1, 0, 1, 1),
(40011, 55553, 0.3756, 1, 0, 1, 1),
(40011, 55554, 0.0939, 1, 0, 1, 1),
(40011, 55561, 0.1878, 1, 0, 1, 1),
(40011, 55562, 0.2817, 1, 0, 1, 1),
(40011, 55563, 0.1174, 1, 0, 1, 1),
(40011, 55570, 0.446, 1, 0, 1, 1),
(40011, 55571, 0.2582, 1, 0, 1, 1),
(40011, 55572, 0.1878, 1, 0, 1, 1),
(40011, 55579, 0.0704, 1, 0, 1, 1),
(40011, 55580, 0.2817, 1, 0, 1, 1),
(40011, 55581, 0.1408, 1, 0, 1, 1),
(40011, 55588, 0.1408, 1, 0, 1, 1),
(40011, 55589, 0.3052, 1, 0, 1, 1),
(40011, 55590, 0.1878, 1, 0, 1, 1),
(40011, 55597, 1.1033, 1, 0, 1, 1),
(40011, 55598, 0.3052, 1, 0, 1, 1),
(40011, 55599, 0.1174, 1, 0, 1, 1),
(40011, 55606, 0.2113, 1, 0, 1, 1),
(40011, 55607, 0.2817, 1, 0, 1, 1),
(40011, 55608, 0.3286, 1, 0, 1, 1),
(40011, 55615, 0.3052, 1, 0, 1, 1),
(40011, 55616, 0.1408, 1, 0, 1, 1),
(40011, 55617, 0.5399, 1, 0, 1, 1),
(40011, 55624, 0.2113, 1, 0, 1, 1),
(40011, 55625, 0.1878, 1, 0, 1, 1),
(40011, 55626, 0.2582, 1, 0, 1, 1),
(40011, 55633, 0.7277, 1, 0, 1, 1),
(40011, 55634, 0.0235, 1, 0, 1, 1),
(40011, 55635, 0.1174, 1, 0, 1, 1),
(40011, 55642, 0.1878, 1, 0, 1, 1),
(40011, 55643, 0.3286, 1, 0, 1, 1),
(40011, 55644, 0.1174, 1, 0, 1, 1),
(40011, 55651, 0.2113, 1, 0, 1, 1),
(40011, 55652, 0.2817, 1, 0, 1, 1),
(40011, 55653, 0.1408, 1, 0, 1, 1),
(40011, 55660, 0.2347, 1, 0, 1, 1),
(40011, 55661, 0.1408, 1, 0, 1, 1),
(40011, 55662, 0.1408, 1, 0, 1, 1),
(40011, 55669, 0.2582, 1, 0, 1, 1),
(40011, 55670, 0.4695, 1, 0, 1, 1),
(40011, 55671, 0.3991, 1, 0, 1, 1),
(40011, 55678, 0.1174, 1, 0, 1, 1),
(40011, 55679, 0.0939, 1, 0, 1, 1),
(40011, 55680, 0.2582, 1, 0, 1, 1),
(40011, 55687, 0.2113, 1, 0, 1, 1),
(40011, 55688, 0.2582, 1, 0, 1, 1),
(40011, 55689, 0.1878, 1, 0, 1, 1),
(40011, 55696, 0.6573, 1, 0, 1, 1),
(40011, 55697, 0.3756, 1, 0, 1, 1),
(40011, 55698, 0.1878, 1, 0, 1, 1),
(40011, 55705, 0.4695, 1, 0, 1, 1),
(40011, 55706, 0.4225, 1, 0, 1, 1),
(40011, 55707, 1.0094, 1, 0, 1, 1),
(40011, 55714, 0.446, 1, 0, 1, 1),
(40011, 55715, 0.3991, 1, 0, 1, 1),
(40011, 55716, 0.1878, 1, 0, 1, 1),
(40011, 55723, 0.2347, 1, 0, 1, 1),
(40011, 55724, 0.2817, 1, 0, 1, 1),
(40011, 55725, 0.2347, 1, 0, 1, 1),
(40011, 55732, 0.3286, 1, 0, 1, 1),
(40011, 55733, 0.5164, 1, 0, 1, 1),
(40011, 55734, 0.2113, 1, 0, 1, 1),
(40011, 55741, 0.3991, 1, 0, 1, 1),
(40011, 55742, 0.3991, 1, 0, 1, 1),
(40011, 55743, 0.4695, 1, 0, 1, 1),
(40011, 55750, 0.3991, 1, 0, 1, 1),
(40011, 55751, 0.3991, 1, 0, 1, 1),
(40011, 55752, 0.1643, 1, 0, 1, 1),
(40011, 55759, 0.2817, 1, 0, 1, 1),
(40011, 55760, 0.3286, 1, 0, 1, 1),
(40011, 55761, 0.5869, 1, 0, 1, 1),
(40011, 55768, 0.3052, 1, 0, 1, 1),
(40011, 55769, 0.5399, 1, 0, 1, 1),
(40011, 55770, 0.6103, 1, 0, 1, 1),
(40011, 55789, 4.0845, 1, 0, 1, 1),
(40011, 55790, 3.0047, 1, 0, 1, 1),
(40011, 55791, 3.0047, 1, 0, 1, 1),
(40011, 58256, 6.1737, 1, 0, 1, 1),
(40011, 58268, 13.6854, 1, 0, 1, 1),
(40011, 62063, 0.3521, 1, 0, 1, 1),
(40011, 62064, 0.5399, 1, 0, 1, 1),
(40011, 62065, 0.7042, 1, 0, 1, 1),
(40011, 62066, 0.3991, 1, 0, 1, 1),
(40011, 62067, 0.3756, 1, 0, 1, 1),
(40011, 62068, 0.892, 1, 0, 1, 1),
(40011, 62069, 0.5634, 1, 0, 1, 1),
(40011, 62070, 0.6103, 1, 0, 1, 1),
(40011, 62072, 0.6808, 1, 0, 1, 1),
(40011, 62073, 0.5634, 1, 0, 1, 1),
(40011, 62074, 0.6573, 1, 0, 1, 1),
(40011, 62075, 0.446, 1, 0, 1, 1),
(40011, 62076, 0.446, 1, 0, 1, 1),
(40011, 62077, 1.0094, 1, 0, 1, 1),
(40011, 62078, 0.7746, 1, 0, 1, 1),
(40011, 62079, 0.4695, 1, 0, 1, 1),
(40011, 62080, 0.5399, 1, 0, 1, 1),
(40011, 62081, 0.5399, 1, 0, 1, 1),
(40011, 62082, 0.7981, 1, 0, 1, 1),
(40011, 62083, 0.7512, 1, 0, 1, 1),
(40011, 62084, 1.338, 1, 0, 1, 1),
(40011, 62085, 0.7981, 1, 0, 1, 1),
(40011, 62086, 1.1268, 1, 0, 1, 1),
(40011, 62087, 0.4225, 1, 0, 1, 1),
(40011, 62088, 1.1972, 1, 0, 1, 1),
(40011, 62089, 0.8451, 1, 0, 1, 1),
(40011, 62090, 0.446, 1, 0, 1, 1),
(40011, 62091, 0.5164, 1, 0, 1, 1),
(40011, 62092, 0.8216, 1, 0, 1, 1),
(40011, 62093, 0.9624, 1, 0, 1, 1),
(40011, 62094, 0.7512, 1, 0, 1, 1),
(40011, 62095, 0.5634, 1, 0, 1, 1),
(40011, 62096, 0.5869, 1, 0, 1, 1),
(40011, 62097, 0.7042, 1, 0, 1, 1),
(40011, 62098, 0.3521, 1, 0, 1, 1),
(40011, 62099, 0.5399, 1, 0, 1, 1),
(40011, 62100, 0.446, 1, 0, 1, 1),
(40011, 62101, 0.446, 1, 0, 1, 1),
(40011, 62102, 0.3286, 1, 0, 1, 1),
(40011, 62103, 0.5164, 1, 0, 1, 1),
(40011, 62104, 0.493, 1, 0, 1, 1),
(40011, 66883, 0.0235, 1, 0, 1, 1),
(40011, 66958, 0.0469, 1, 0, 1, 1),
(40011, 66960, 0.0704, 1, 0, 1, 1),
(40011, 66962, 0.0235, 1, 0, 1, 1),
(40011, 66979, 0.0469, 1, 0, 1, 1),
(40011, 67040, 0.0469, 1, 0, 1, 1),
(40011, 67045, 0.0235, 1, 0, 1, 1),
(40011, 67098, 0.0235, 1, 0, 1, 1),
(40011, 67101, 0.0235, 1, 0, 1, 1),
(40011, 67103, 0.0235, 1, 0, 1, 1);

DELETE FROM `skinning_loot_template` WHERE (`entry`=40011);
INSERT INTO `skinning_loot_template` VALUES 
(40011, 52976, 75.6931, 1, 0, 1, 1),
(40011, 52977, 74.459, 1, 0, 1, 1);

DELETE FROM `pickpocketing_loot_template` WHERE (`entry`=40011);
INSERT INTO `pickpocketing_loot_template` VALUES 
(40011, 52976, 100, 1, 0, 1, 2),
(40011, 52977, 100, 1, 0, 1, 8);

REPLACE INTO `creature_template` (`entry`, `difficulty_entry_1`, `difficulty_entry_2`, `difficulty_entry_3`, `KillCredit1`, `KillCredit2`, `modelid1`, `modelid2`, `modelid3`, `modelid4`, `name`, `subname`, `IconName`, `gossip_menu_id`, `minlevel`, `maxlevel`, `exp`, `faction_A`, `faction_H`, `npcflag`, `speed_walk`, `speed_run`, `scale`, `rank`, `mindmg`, `maxdmg`, `dmgschool`, `attackpower`, `dmg_multiplier`, `baseattacktime`, `rangeattacktime`, `unit_class`, `unit_flags`, `unit_flags2`, `dynamicflags`, `family`, `trainer_type`, `trainer_spell`, `trainer_class`, `trainer_race`, `minrangedmg`, `maxrangedmg`, `rangedattackpower`, `type`, `type_flags`, `lootid`, `pickpocketloot`, `skinloot`, `resistance1`, `resistance2`, `resistance3`, `resistance4`, `resistance5`, `resistance6`, `spell1`, `spell2`, `spell3`, `spell4`, `spell5`, `spell6`, `spell7`, `spell8`, `PetSpellDataId`, `VehicleId`, `mingold`, `maxgold`, `AIName`, `MovementType`, `InhabitType`, `HoverHeight`, `Health_mod`, `Mana_mod`, `Armor_mod`, `RacialLeader`, `questItem1`, `questItem2`, `questItem3`, `questItem4`, `questItem5`, `questItem6`, `movementId`, `RegenHealth`, `mechanic_immune_mask`, `flags_extra`, `ScriptName`, `WDBVerified`) VALUES (40012, 0, 0, 0, 0, 0, 31701, 0, 0, 0, 'Spot (1)', '', '', 0, 80, 85, 3, 16, 16, 0, 1.6, 1.28571, 1, 1, 500, 750, 0, 187, 35, 2000, 2000, 1, 32832, 2048, 0, 0, 0, 0, 0, 0, 400, 600, 150, 1, 8, 40011, 40011, 40011, 0, 0, 0, 0, 0, 0, 76628, 93666, 76665, 93667, 0, 0, 0, 0, 0, 0, 12357, 12357, '', 0, 3, 1, 15, 20, 1, 0, 0, 0, 0, 0, 0, 0, 134, 1, 0, 0, '', 15595);


REPLACE INTO `creature_template` (`entry`, `difficulty_entry_1`, `difficulty_entry_2`, `difficulty_entry_3`, `KillCredit1`, `KillCredit2`, `modelid1`, `modelid2`, `modelid3`, `modelid4`, `name`, `subname`, `IconName`, `gossip_menu_id`, `minlevel`, `maxlevel`, `exp`, `faction_A`, `faction_H`, `npcflag`, `speed_walk`, `speed_run`, `scale`, `rank`, `mindmg`, `maxdmg`, `dmgschool`, `attackpower`, `dmg_multiplier`, `baseattacktime`, `rangeattacktime`, `unit_class`, `unit_flags`, `unit_flags2`, `dynamicflags`, `family`, `trainer_type`, `trainer_spell`, `trainer_class`, `trainer_race`, `minrangedmg`, `maxrangedmg`, `rangedattackpower`, `type`, `type_flags`, `lootid`, `pickpocketloot`, `skinloot`, `resistance1`, `resistance2`, `resistance3`, `resistance4`, `resistance5`, `resistance6`, `spell1`, `spell2`, `spell3`, `spell4`, `spell5`, `spell6`, `spell7`, `spell8`, `PetSpellDataId`, `VehicleId`, `mingold`, `maxgold`, `AIName`, `MovementType`, `InhabitType`, `HoverHeight`, `Health_mod`, `Mana_mod`, `Armor_mod`, `RacialLeader`, `questItem1`, `questItem2`, `questItem3`, `questItem4`, `questItem5`, `questItem6`, `movementId`, `RegenHealth`, `mechanic_immune_mask`, `flags_extra`, `ScriptName`, `WDBVerified`) VALUES (40008, 40009, 40009, 0, 0, 0, 31701, 0, 0, 0, 'Lucky', '', '', 0, 85, 85, 3, 16, 16, 0, 1.6, 1.28571, 1, 1, 500, 750, 0, 187, 35, 2000, 2000, 1, 0, 2048, 0, 0, 0, 0, 0, 0, 400, 600, 150, 1, 8, 40008, 40008, 40008, 0, 0, 0, 0, 0, 0, 76628, 93666, 76665, 93667, 0, 0, 0, 0, 0, 0, 12357, 12357, '', 0, 3, 1, 8, 10, 1, 0, 0, 0, 0, 0, 0, 0, 134, 1, 0, 0, 'generic_creature', 15595);

DELETE FROM `creature_loot_template` WHERE (`entry`=40008);
INSERT INTO `creature_loot_template` VALUES 
(40008, 52325, 0.0301, 1, 0, 1, 1),
(40008, 52367, 0.015, 1, 0, 1, 1),
(40008, 52369, 0.0301, 1, 0, 1, 1),
(40008, 52370, 0.015, 1, 0, 1, 1),
(40008, 52374, 0.0601, 1, 0, 1, 1),
(40008, 52375, 0.1052, 1, 0, 1, 1),
(40008, 52376, 0.015, 1, 0, 1, 1),
(40008, 52379, 0.015, 1, 0, 1, 1),
(40008, 52383, 0.0751, 1, 0, 1, 1),
(40008, 52385, 0.015, 1, 0, 1, 1),
(40008, 52386, 0.0301, 1, 0, 1, 1),
(40008, 52388, 0.0301, 1, 0, 1, 1),
(40008, 52496, 0.015, 1, 0, 1, 1),
(40008, 52976, 2.8422, 1, 0, 1, 1),
(40008, 52977, 3.2162, 1, 0, 1, 1),
(40008, 52980, 0.0249, 1, 0, 1, 1),
(40008, 55282, 0.4808, 1, 0, 1, 1),
(40008, 55283, 0.2254, 1, 0, 1, 1),
(40008, 55284, 0.1352, 1, 0, 1, 1),
(40008, 55291, 0.1352, 1, 0, 1, 1),
(40008, 55292, 0.1052, 1, 0, 1, 1),
(40008, 55293, 0.2705, 1, 0, 1, 1),
(40008, 55300, 0.0301, 1, 0, 1, 1),
(40008, 55301, 0.0601, 1, 0, 1, 1),
(40008, 55302, 0.0451, 1, 0, 1, 1),
(40008, 55309, 0.1202, 1, 0, 1, 1),
(40008, 55310, 0.1503, 1, 0, 1, 1),
(40008, 55311, 0.0902, 1, 0, 1, 1),
(40008, 55319, 0.015, 1, 0, 1, 1),
(40008, 55320, 0.015, 1, 0, 1, 1),
(40008, 55327, 0.1202, 1, 0, 1, 1),
(40008, 55328, 0.1202, 1, 0, 1, 1),
(40008, 55329, 0.0902, 1, 0, 1, 1),
(40008, 55336, 0.1503, 1, 0, 1, 1),
(40008, 55337, 0.0451, 1, 0, 1, 1),
(40008, 55338, 0.1202, 1, 0, 1, 1),
(40008, 55345, 0.1352, 1, 0, 1, 1),
(40008, 55346, 0.3156, 1, 0, 1, 1),
(40008, 55347, 0.3156, 1, 0, 1, 1),
(40008, 55354, 0.015, 1, 0, 1, 1),
(40008, 55355, 0.0902, 1, 0, 1, 1),
(40008, 55356, 0.0301, 1, 0, 1, 1),
(40008, 55363, 0.0902, 1, 0, 1, 1),
(40008, 55364, 0.3005, 1, 0, 1, 1),
(40008, 55365, 0.6011, 1, 0, 1, 1),
(40008, 55372, 0.2104, 1, 0, 1, 1),
(40008, 55373, 0.2554, 1, 0, 1, 1),
(40008, 55374, 0.2104, 1, 0, 1, 1),
(40008, 55381, 0.1653, 1, 0, 1, 1),
(40008, 55382, 0.1953, 1, 0, 1, 1),
(40008, 55383, 0.1352, 1, 0, 1, 1),
(40008, 55390, 0.0301, 1, 0, 1, 1),
(40008, 55391, 0.0451, 1, 0, 1, 1),
(40008, 55392, 0.0451, 1, 0, 1, 1),
(40008, 55399, 0.9767, 1, 0, 1, 1),
(40008, 55400, 0.3306, 1, 0, 1, 1),
(40008, 55401, 0.3456, 1, 0, 1, 1),
(40008, 55408, 0.1352, 1, 0, 1, 1),
(40008, 55409, 0.1503, 1, 0, 1, 1),
(40008, 55410, 0.1503, 1, 0, 1, 1),
(40008, 55417, 0.7062, 1, 0, 1, 1),
(40008, 55418, 0.8715, 1, 0, 1, 1),
(40008, 55419, 0.571, 1, 0, 1, 1),
(40008, 55426, 0.0451, 1, 0, 1, 1),
(40008, 55427, 0.2554, 1, 0, 1, 1),
(40008, 55428, 0.0902, 1, 0, 1, 1),
(40008, 55435, 0.5259, 1, 0, 1, 1),
(40008, 55436, 0.3306, 1, 0, 1, 1),
(40008, 55437, 0.9767, 1, 0, 1, 1),
(40008, 55444, 0.0601, 1, 0, 1, 1),
(40008, 55445, 0.0451, 1, 0, 1, 1),
(40008, 55446, 0.0301, 1, 0, 1, 1),
(40008, 55453, 0.1803, 1, 0, 1, 1),
(40008, 55454, 0.2104, 1, 0, 1, 1),
(40008, 55455, 0.1803, 1, 0, 1, 1),
(40008, 55462, 0.1803, 1, 0, 1, 1),
(40008, 55463, 0.0902, 1, 0, 1, 1),
(40008, 55464, 0.0451, 1, 0, 1, 1),
(40008, 55471, 0.0451, 1, 0, 1, 1),
(40008, 55480, 0.2254, 1, 0, 1, 1),
(40008, 55481, 0.4808, 1, 0, 1, 1),
(40008, 55482, 0.2705, 1, 0, 1, 1),
(40008, 55489, 0.2404, 1, 0, 1, 1),
(40008, 55490, 0.3156, 1, 0, 1, 1),
(40008, 55491, 0.2104, 1, 0, 1, 1),
(40008, 55498, 0.2554, 1, 0, 1, 1),
(40008, 55499, 0.2855, 1, 0, 1, 1),
(40008, 55500, 0.1653, 1, 0, 1, 1),
(40008, 55507, 0.2404, 1, 0, 1, 1),
(40008, 55508, 0.1503, 1, 0, 1, 1),
(40008, 55509, 0.2254, 1, 0, 1, 1),
(40008, 55516, 0.1352, 1, 0, 1, 1),
(40008, 55517, 0.3606, 1, 0, 1, 1),
(40008, 55518, 0.4207, 1, 0, 1, 1),
(40008, 55525, 0.2104, 1, 0, 1, 1),
(40008, 55526, 0.2855, 1, 0, 1, 1),
(40008, 55527, 1.157, 1, 0, 1, 1),
(40008, 55534, 0.5409, 1, 0, 1, 1),
(40008, 55535, 0.2855, 1, 0, 1, 1),
(40008, 55536, 0.1052, 1, 0, 1, 1),
(40008, 55543, 0.2254, 1, 0, 1, 1),
(40008, 55544, 0.1953, 1, 0, 1, 1),
(40008, 55545, 0.4658, 1, 0, 1, 1),
(40008, 55552, 0.3606, 1, 0, 1, 1),
(40008, 55553, 0.2705, 1, 0, 1, 1),
(40008, 55554, 0.2554, 1, 0, 1, 1),
(40008, 55561, 0.1953, 1, 0, 1, 1),
(40008, 55562, 0.7513, 1, 0, 1, 1),
(40008, 55563, 0.5109, 1, 0, 1, 1),
(40008, 55570, 0.6311, 1, 0, 1, 1),
(40008, 55571, 0.2705, 1, 0, 1, 1),
(40008, 55572, 0.1653, 1, 0, 1, 1),
(40008, 55579, 0.6762, 1, 0, 1, 1),
(40008, 55580, 0.3005, 1, 0, 1, 1),
(40008, 55581, 0.3456, 1, 0, 1, 1),
(40008, 55588, 0.1803, 1, 0, 1, 1),
(40008, 55589, 0.1653, 1, 0, 1, 1),
(40008, 55590, 0.4358, 1, 0, 1, 1),
(40008, 55597, 0.2705, 1, 0, 1, 1),
(40008, 55598, 0.2554, 1, 0, 1, 1),
(40008, 55599, 0.2705, 1, 0, 1, 1),
(40008, 55606, 0.3456, 1, 0, 1, 1),
(40008, 55607, 0.2104, 1, 0, 1, 1),
(40008, 55608, 0.1803, 1, 0, 1, 1),
(40008, 55615, 0.1503, 1, 0, 1, 1),
(40008, 55616, 0.556, 1, 0, 1, 1),
(40008, 55617, 0.2404, 1, 0, 1, 1),
(40008, 55624, 0.4808, 1, 0, 1, 1),
(40008, 55625, 0.2254, 1, 0, 1, 1),
(40008, 55626, 0.2855, 1, 0, 1, 1),
(40008, 55633, 0.2554, 1, 0, 1, 1),
(40008, 55634, 0.1953, 1, 0, 1, 1),
(40008, 55635, 0.1352, 1, 0, 1, 1),
(40008, 55642, 0.3156, 1, 0, 1, 1),
(40008, 55643, 0.3005, 1, 0, 1, 1),
(40008, 55644, 0.1503, 1, 0, 1, 1),
(40008, 55651, 0.2254, 1, 0, 1, 1),
(40008, 55652, 0.2104, 1, 0, 1, 1),
(40008, 55653, 0.2104, 1, 0, 1, 1),
(40008, 55660, 0.1202, 1, 0, 1, 1),
(40008, 55661, 0.1953, 1, 0, 1, 1),
(40008, 55662, 0.4207, 1, 0, 1, 1),
(40008, 55669, 0.1352, 1, 0, 1, 1),
(40008, 55670, 0.2554, 1, 0, 1, 1),
(40008, 55671, 0.7062, 1, 0, 1, 1),
(40008, 55678, 0.0751, 1, 0, 1, 1),
(40008, 55679, 0.2404, 1, 0, 1, 1),
(40008, 55680, 0.2554, 1, 0, 1, 1),
(40008, 55687, 0.3306, 1, 0, 1, 1),
(40008, 55688, 0.2254, 1, 0, 1, 1),
(40008, 55689, 0.1803, 1, 0, 1, 1),
(40008, 55696, 0.1953, 1, 0, 1, 1),
(40008, 55697, 0.3606, 1, 0, 1, 1),
(40008, 55698, 0.3005, 1, 0, 1, 1),
(40008, 55705, 0.2855, 1, 0, 1, 1),
(40008, 55706, 0.3156, 1, 0, 1, 1),
(40008, 55707, 0.3456, 1, 0, 1, 1),
(40008, 55714, 0.6612, 1, 0, 1, 1),
(40008, 55715, 0.2404, 1, 0, 1, 1),
(40008, 55716, 0.3306, 1, 0, 1, 1),
(40008, 55723, 0.4057, 1, 0, 1, 1),
(40008, 55724, 0.3907, 1, 0, 1, 1),
(40008, 55725, 0.3757, 1, 0, 1, 1),
(40008, 55732, 0.3456, 1, 0, 1, 1),
(40008, 55733, 0.2855, 1, 0, 1, 1),
(40008, 55734, 0.3757, 1, 0, 1, 1),
(40008, 55741, 0.4808, 1, 0, 1, 1),
(40008, 55742, 0.5259, 1, 0, 1, 1),
(40008, 55743, 0.3907, 1, 0, 1, 1),
(40008, 55750, 0.3306, 1, 0, 1, 1),
(40008, 55751, 0.4358, 1, 0, 1, 1),
(40008, 55752, 0.6461, 1, 0, 1, 1),
(40008, 55759, 0.556, 1, 0, 1, 1),
(40008, 55760, 0.4207, 1, 0, 1, 1),
(40008, 55761, 0.2404, 1, 0, 1, 1),
(40008, 55768, 0.3156, 1, 0, 1, 1),
(40008, 55769, 0.2404, 1, 0, 1, 1),
(40008, 55770, 0.3306, 1, 0, 1, 1),
(40008, 55789, 2.5695, 1, 0, 1, 1),
(40008, 55790, 2.7498, 1, 0, 1, 1),
(40008, 55791, 3.0804, 1, 0, 1, 1),
(40008, 58256, 5.7401, 1, 0, 1, 1),
(40008, 58268, 13.0963, 1, 0, 1, 1),
(40008, 62063, 0.586, 1, 0, 1, 1),
(40008, 62064, 0.2742, 1, 0, 1, 1),
(40008, 62065, 0.3757, 1, 0, 1, 1),
(40008, 62066, 0.6912, 1, 0, 1, 1),
(40008, 62067, 0.4207, 1, 0, 1, 1),
(40008, 62068, 0.5259, 1, 0, 1, 1),
(40008, 62069, 0.4508, 1, 0, 1, 1),
(40008, 62070, 0.3757, 1, 0, 1, 1),
(40008, 62071, 0.3606, 1, 0, 1, 1),
(40008, 62072, 0.3907, 1, 0, 1, 1),
(40008, 62073, 0.4358, 1, 0, 1, 1),
(40008, 62074, 0.6912, 1, 0, 1, 1),
(40008, 62075, 0.9166, 1, 0, 1, 1),
(40008, 62076, 0.586, 1, 0, 1, 1),
(40008, 62077, 0.7062, 1, 0, 1, 1),
(40008, 62078, 0.6011, 1, 0, 1, 1),
(40008, 62079, 0.5259, 1, 0, 1, 1),
(40008, 62080, 0.571, 1, 0, 1, 1),
(40008, 62081, 0.5409, 1, 0, 1, 1),
(40008, 62082, 0.4057, 1, 0, 1, 1),
(40008, 62083, 0.5109, 1, 0, 1, 1),
(40008, 62084, 0.6461, 1, 0, 1, 1),
(40008, 62085, 0.5409, 1, 0, 1, 1),
(40008, 62086, 0.6161, 1, 0, 1, 1),
(40008, 62087, 0.7363, 1, 0, 1, 1),
(40008, 62088, 0.6762, 1, 0, 1, 1),
(40008, 62089, 0.6762, 1, 0, 1, 1),
(40008, 62090, 1.5026, 1, 0, 1, 1),
(40008, 62091, 0.6461, 1, 0, 1, 1),
(40008, 62092, 0.571, 1, 0, 1, 1),
(40008, 62093, 0.4508, 1, 0, 1, 1),
(40008, 62094, 0.7062, 1, 0, 1, 1),
(40008, 62095, 0.6161, 1, 0, 1, 1),
(40008, 62096, 0.8264, 1, 0, 1, 1),
(40008, 62097, 0.6311, 1, 0, 1, 1),
(40008, 62098, 0.6311, 1, 0, 1, 1),
(40008, 62099, 0.4658, 1, 0, 1, 1),
(40008, 62100, 0.4207, 1, 0, 1, 1),
(40008, 62101, 0.6311, 1, 0, 1, 1),
(40008, 62102, 0.6161, 1, 0, 1, 1),
(40008, 62103, 0.556, 1, 0, 1, 1),
(40008, 62104, 0.8415, 1, 0, 1, 1),
(40008, 66882, 0.015, 1, 0, 1, 1),
(40008, 66904, 0.0301, 1, 0, 1, 1),
(40008, 66912, 0.0451, 1, 0, 1, 1),
(40008, 66916, 0.0601, 1, 0, 1, 1),
(40008, 66959, 0.015, 1, 0, 1, 1),
(40008, 66961, 0.0601, 1, 0, 1, 1),
(40008, 66962, 0.0451, 1, 0, 1, 1),
(40008, 66977, 0.0301, 1, 0, 1, 1),
(40008, 66979, 0.0301, 1, 0, 1, 1),
(40008, 66980, 0.015, 1, 0, 1, 1),
(40008, 66985, 0.0301, 1, 0, 1, 1),
(40008, 67027, 0.015, 1, 0, 1, 1),
(40008, 67029, 0.0301, 1, 0, 1, 1),
(40008, 67037, 0.015, 1, 0, 1, 1),
(40008, 67043, 0.015, 1, 0, 1, 1),
(40008, 67099, 0.0301, 1, 0, 1, 1),
(40008, 67101, 0.015, 1, 0, 1, 1),
(40008, 67103, 0.015, 1, 0, 1, 1),
(40008, 67105, 0.015, 1, 0, 1, 1),
(40008, 67106, 0.015, 1, 0, 1, 1),
(40008, 67109, 0.0301, 1, 0, 1, 1),
(40008, 67114, 0.0451, 1, 0, 1, 1),
(40008, 67495, 0.2254, 1, 0, 1, 1),
(40008, 67539, 0.1052, 1, 0, 1, 1),
(40008, 68783, 0.015, 1, 0, 1, 1),
(40008, 68787, 0.015, 1, 0, 1, 1);

DELETE FROM `pickpocketing_loot_template` WHERE (`entry`=40008);
INSERT INTO `pickpocketing_loot_template` VALUES 
(40008, 52976, 94.9227, 1, 0, 1, 1),
(40008, 52977, 100, 1, 0, 1, 4),
(40008, 67495, 9.2225, 1, 0, 1, 1);

DELETE FROM `skinning_loot_template` WHERE (`entry`=40008);
INSERT INTO `skinning_loot_template` VALUES 
(40008, 52976, 47.5095, 1, 0, 1, 1),
(40008, 52977, 52.2348, 1, 0, 1, 1),
(40008, 67495, 3.569, 1, 0, 1, 1);

REPLACE INTO `creature_template` (`entry`, `difficulty_entry_1`, `difficulty_entry_2`, `difficulty_entry_3`, `KillCredit1`, `KillCredit2`, `modelid1`, `modelid2`, `modelid3`, `modelid4`, `name`, `subname`, `IconName`, `gossip_menu_id`, `minlevel`, `maxlevel`, `exp`, `faction_A`, `faction_H`, `npcflag`, `speed_walk`, `speed_run`, `scale`, `rank`, `mindmg`, `maxdmg`, `dmgschool`, `attackpower`, `dmg_multiplier`, `baseattacktime`, `rangeattacktime`, `unit_class`, `unit_flags`, `unit_flags2`, `dynamicflags`, `family`, `trainer_type`, `trainer_spell`, `trainer_class`, `trainer_race`, `minrangedmg`, `maxrangedmg`, `rangedattackpower`, `type`, `type_flags`, `lootid`, `pickpocketloot`, `skinloot`, `resistance1`, `resistance2`, `resistance3`, `resistance4`, `resistance5`, `resistance6`, `spell1`, `spell2`, `spell3`, `spell4`, `spell5`, `spell6`, `spell7`, `spell8`, `PetSpellDataId`, `VehicleId`, `mingold`, `maxgold`, `AIName`, `MovementType`, `InhabitType`, `HoverHeight`, `Health_mod`, `Mana_mod`, `Armor_mod`, `RacialLeader`, `questItem1`, `questItem2`, `questItem3`, `questItem4`, `questItem5`, `questItem6`, `movementId`, `RegenHealth`, `mechanic_immune_mask`, `flags_extra`, `ScriptName`, `WDBVerified`) VALUES (40009, 0, 0, 0, 0, 0, 31701, 0, 0, 0, 'Lucky (1)', '', '', 0, 85, 85, 3, 16, 16, 0, 1.6, 1.28571, 1, 1, 500, 750, 0, 187, 35, 2000, 2000, 1, 0, 2048, 0, 0, 0, 0, 0, 0, 400, 600, 150, 1, 8, 40008, 40008, 40008, 0, 0, 0, 0, 0, 0, 76628, 93666, 76665, 93667, 0, 0, 0, 0, 0, 0, 12357, 12357, '', 0, 3, 1, 15, 20, 1, 0, 0, 0, 0, 0, 0, 0, 134, 1, 0, 0, '', 15595);

REPLACE INTO `creature_template` (`entry`, `difficulty_entry_1`, `difficulty_entry_2`, `difficulty_entry_3`, `KillCredit1`, `KillCredit2`, `modelid1`, `modelid2`, `modelid3`, `modelid4`, `name`, `subname`, `IconName`, `gossip_menu_id`, `minlevel`, `maxlevel`, `exp`, `faction_A`, `faction_H`, `npcflag`, `speed_walk`, `speed_run`, `scale`, `rank`, `mindmg`, `maxdmg`, `dmgschool`, `attackpower`, `dmg_multiplier`, `baseattacktime`, `rangeattacktime`, `unit_class`, `unit_flags`, `unit_flags2`, `dynamicflags`, `family`, `trainer_type`, `trainer_spell`, `trainer_class`, `trainer_race`, `minrangedmg`, `maxrangedmg`, `rangedattackpower`, `type`, `type_flags`, `lootid`, `pickpocketloot`, `skinloot`, `resistance1`, `resistance2`, `resistance3`, `resistance4`, `resistance5`, `resistance6`, `spell1`, `spell2`, `spell3`, `spell4`, `spell5`, `spell6`, `spell7`, `spell8`, `PetSpellDataId`, `VehicleId`, `mingold`, `maxgold`, `AIName`, `MovementType`, `InhabitType`, `HoverHeight`, `Health_mod`, `Mana_mod`, `Armor_mod`, `RacialLeader`, `questItem1`, `questItem2`, `questItem3`, `questItem4`, `questItem5`, `questItem6`, `movementId`, `RegenHealth`, `mechanic_immune_mask`, `flags_extra`, `ScriptName`, `WDBVerified`) VALUES (40015, 40016, 40016, 0, 0, 0, 31541, 0, 0, 0, 'Runty', '', '', 0, 85, 85, 3, 16, 16, 0, 1.6, 1, 1, 1, 500, 750, 0, 187, 35, 2000, 2000, 1, 32832, 2048, 0, 0, 0, 0, 0, 0, 400, 600, 150, 1, 8, 40015, 0, 0, 0, 0, 0, 0, 0, 0, 93666, 76628, 76665, 93667, 0, 0, 0, 0, 0, 0, 14110, 14110, '', 0, 3, 1, 6.4, 10, 1, 0, 0, 0, 0, 0, 0, 0, 116, 1, 0, 0, 'generic_creature', 15595);

DELETE FROM `creature_loot_template` WHERE (`entry`=40015);
INSERT INTO `creature_loot_template` VALUES 
(40015, 52364, 0.0691, 1, 0, 1, 1),
(40015, 52366, 0.0691, 1, 0, 1, 1),
(40015, 52374, 0.0691, 1, 0, 1, 1),
(40015, 55282, 0.0691, 1, 0, 1, 1),
(40015, 55288, 0.0691, 1, 0, 1, 1),
(40015, 55291, 0.0691, 1, 0, 1, 1),
(40015, 55296, 0.0691, 1, 0, 1, 1),
(40015, 55297, 0.2762, 1, 0, 1, 1),
(40015, 55310, 0.1381, 1, 0, 1, 1),
(40015, 55311, 2.3481, 1, 0, 1, 1),
(40015, 55322, 0.0691, 1, 0, 1, 1),
(40015, 55324, 0.0691, 1, 0, 1, 1),
(40015, 55327, 0.4144, 1, 0, 1, 1),
(40015, 55331, 0.0691, 1, 0, 1, 1),
(40015, 55337, 0.0691, 1, 0, 1, 1),
(40015, 55338, 0.1381, 1, 0, 1, 1),
(40015, 55341, 0.2762, 1, 0, 1, 1),
(40015, 55346, 0.2762, 1, 0, 1, 1),
(40015, 55347, 0.0691, 1, 0, 1, 1),
(40015, 55349, 0.0691, 1, 0, 1, 1),
(40015, 55351, 0.0691, 1, 0, 1, 1),
(40015, 55354, 0.0691, 1, 0, 1, 1),
(40015, 55358, 0.0691, 1, 0, 1, 1),
(40015, 55359, 0.0691, 1, 0, 1, 1),
(40015, 55363, 0.1381, 1, 0, 1, 1),
(40015, 55365, 0.0691, 1, 0, 1, 1),
(40015, 55368, 0.1381, 1, 0, 1, 1),
(40015, 55372, 0.0691, 1, 0, 1, 1),
(40015, 55373, 0.0691, 1, 0, 1, 1),
(40015, 55377, 0.0691, 1, 0, 1, 1),
(40015, 55378, 0.0691, 1, 0, 1, 1),
(40015, 55383, 0.2762, 1, 0, 1, 1),
(40015, 55386, 0.0691, 1, 0, 1, 1),
(40015, 55391, 0.4144, 1, 0, 1, 1),
(40015, 55392, 0.0691, 1, 0, 1, 1),
(40015, 55394, 0.2072, 1, 0, 1, 1),
(40015, 55395, 0.0691, 1, 0, 1, 1),
(40015, 55396, 0.0691, 1, 0, 1, 1),
(40015, 55399, 0.0691, 1, 0, 1, 1),
(40015, 55401, 1.3122, 1, 0, 1, 1),
(40015, 55403, 0.2072, 1, 0, 1, 1),
(40015, 55404, 0.1381, 1, 0, 1, 1),
(40015, 55405, 0.2762, 1, 0, 1, 1),
(40015, 55417, 0.4834, 1, 0, 1, 1),
(40015, 55418, 0.9669, 1, 0, 1, 1),
(40015, 55419, 0.2762, 1, 0, 1, 1),
(40015, 55422, 0.2762, 1, 0, 1, 1),
(40015, 55423, 1.0359, 1, 0, 1, 1),
(40015, 55426, 0.1381, 1, 0, 1, 1),
(40015, 55428, 0.1381, 1, 0, 1, 1),
(40015, 55430, 2.7624, 1, 0, 1, 1),
(40015, 55432, 0.2762, 1, 0, 1, 1),
(40015, 55435, 0.2762, 1, 0, 1, 1),
(40015, 55436, 0.1381, 1, 0, 1, 1),
(40015, 55437, 0.4144, 1, 0, 1, 1),
(40015, 55439, 0.2072, 1, 0, 1, 1),
(40015, 55440, 0.2762, 1, 0, 1, 1),
(40015, 55441, 0.3453, 1, 0, 1, 1),
(40015, 55445, 0.1381, 1, 0, 1, 1),
(40015, 55449, 0.0691, 1, 0, 1, 1),
(40015, 55453, 0.1381, 1, 0, 1, 1),
(40015, 55454, 0.2072, 1, 0, 1, 1),
(40015, 55455, 0.2762, 1, 0, 1, 1),
(40015, 55458, 0.0691, 1, 0, 1, 1),
(40015, 55467, 0.0691, 1, 0, 1, 1),
(40015, 55468, 0.0691, 1, 0, 1, 1),
(40015, 55480, 0.1381, 1, 0, 1, 1),
(40015, 55482, 0.1381, 1, 0, 1, 1),
(40015, 55484, 0.1381, 1, 0, 1, 1),
(40015, 55485, 0.6215, 1, 0, 1, 1),
(40015, 55486, 0.1381, 1, 0, 1, 1),
(40015, 55489, 0.0691, 1, 0, 1, 1),
(40015, 55490, 0.0691, 1, 0, 1, 1),
(40015, 55491, 0.4144, 1, 0, 1, 1),
(40015, 55494, 0.0691, 1, 0, 1, 1),
(40015, 55498, 0.1381, 1, 0, 1, 1),
(40015, 55500, 0.4144, 1, 0, 1, 1),
(40015, 55502, 0.2072, 1, 0, 1, 1),
(40015, 55503, 0.5525, 1, 0, 1, 1),
(40015, 55507, 0.2762, 1, 0, 1, 1),
(40015, 55508, 0.5525, 1, 0, 1, 1),
(40015, 55509, 0.6906, 1, 0, 1, 1),
(40015, 55511, 0.2762, 1, 0, 1, 1),
(40015, 55512, 0.2072, 1, 0, 1, 1),
(40015, 55513, 0.1381, 1, 0, 1, 1),
(40015, 55516, 0.6906, 1, 0, 1, 1),
(40015, 55517, 0.4834, 1, 0, 1, 1),
(40015, 55518, 0.5525, 1, 0, 1, 1),
(40015, 55520, 0.0691, 1, 0, 1, 1),
(40015, 55521, 0.0691, 1, 0, 1, 1),
(40015, 55522, 0.4834, 1, 0, 1, 1),
(40015, 55525, 0.2762, 1, 0, 1, 1),
(40015, 55526, 0.1381, 1, 0, 1, 1),
(40015, 55527, 0.0691, 1, 0, 1, 1),
(40015, 55534, 0.0691, 1, 0, 1, 1),
(40015, 55535, 0.0691, 1, 0, 1, 1),
(40015, 55536, 0.0691, 1, 0, 1, 1),
(40015, 55538, 0.2762, 1, 0, 1, 1),
(40015, 55539, 0.2072, 1, 0, 1, 1),
(40015, 55540, 0.1381, 1, 0, 1, 1),
(40015, 55543, 0.0691, 1, 0, 1, 1),
(40015, 55544, 0.6906, 1, 0, 1, 1),
(40015, 55545, 0.2762, 1, 0, 1, 1),
(40015, 55548, 0.1066, 1, 0, 1, 1),
(40015, 55549, 0.3453, 1, 0, 1, 1),
(40015, 55553, 0.1381, 1, 0, 1, 1),
(40015, 55556, 0.0691, 1, 0, 1, 1),
(40015, 55557, 0.1066, 1, 0, 1, 1),
(40015, 55558, 0.3453, 1, 0, 1, 1),
(40015, 55561, 0.0691, 1, 0, 1, 1),
(40015, 55562, 0.2762, 1, 0, 1, 1),
(40015, 55563, 0.2072, 1, 0, 1, 1),
(40015, 55565, 0.1381, 1, 0, 1, 1),
(40015, 55570, 0.0691, 1, 0, 1, 1),
(40015, 55571, 0.2762, 1, 0, 1, 1),
(40015, 55572, 0.0691, 1, 0, 1, 1),
(40015, 55575, 0.0691, 1, 0, 1, 1),
(40015, 55580, 0.2762, 1, 0, 1, 1),
(40015, 55581, 0.1381, 1, 0, 1, 1),
(40015, 55583, 0.1381, 1, 0, 1, 1),
(40015, 55584, 0.1381, 1, 0, 1, 1),
(40015, 55589, 0.2072, 1, 0, 1, 1),
(40015, 55590, 0.2762, 1, 0, 1, 1),
(40015, 55592, 0.2762, 1, 0, 1, 1),
(40015, 55593, 0.2072, 1, 0, 1, 1),
(40015, 55594, 0.1381, 1, 0, 1, 1),
(40015, 55597, 0.0691, 1, 0, 1, 1),
(40015, 55598, 0.2762, 1, 0, 1, 1),
(40015, 55602, 0.1381, 1, 0, 1, 1),
(40015, 55606, 0.0691, 1, 0, 1, 1),
(40015, 55607, 0.5525, 1, 0, 1, 1),
(40015, 55608, 0.0691, 1, 0, 1, 1),
(40015, 55611, 0.1066, 1, 0, 1, 1),
(40015, 55612, 0.1066, 1, 0, 1, 1),
(40015, 55617, 0.0691, 1, 0, 1, 1),
(40015, 55619, 0.1381, 1, 0, 1, 1),
(40015, 55621, 0.1381, 1, 0, 1, 1),
(40015, 55624, 0.0691, 1, 0, 1, 1),
(40015, 55625, 0.1381, 1, 0, 1, 1),
(40015, 55626, 0.2072, 1, 0, 1, 1),
(40015, 55629, 0.0691, 1, 0, 1, 1),
(40015, 55635, 0.1381, 1, 0, 1, 1),
(40015, 55637, 0.0691, 1, 0, 1, 1),
(40015, 55638, 0.0691, 1, 0, 1, 1),
(40015, 55639, 0.2072, 1, 0, 1, 1),
(40015, 55642, 0.6215, 1, 0, 1, 1),
(40015, 55643, 0.2072, 1, 0, 1, 1),
(40015, 55646, 0.0691, 1, 0, 1, 1),
(40015, 55647, 0.2072, 1, 0, 1, 1),
(40015, 55648, 0.2072, 1, 0, 1, 1),
(40015, 55651, 0.1381, 1, 0, 1, 1),
(40015, 55653, 0.0691, 1, 0, 1, 1),
(40015, 55656, 0.0691, 1, 0, 1, 1),
(40015, 55657, 0.1066, 1, 0, 1, 1),
(40015, 55660, 0.2762, 1, 0, 1, 1),
(40015, 55661, 0.1381, 1, 0, 1, 1),
(40015, 55662, 0.3453, 1, 0, 1, 1),
(40015, 55664, 0.0691, 1, 0, 1, 1),
(40015, 55666, 0.1066, 1, 0, 1, 1),
(40015, 55669, 0.2072, 1, 0, 1, 1),
(40015, 55670, 0.1381, 1, 0, 1, 1),
(40015, 55671, 0.6215, 1, 0, 1, 1),
(40015, 55674, 0.1381, 1, 0, 1, 1),
(40015, 55675, 0.1066, 1, 0, 1, 1),
(40015, 55678, 0.1381, 1, 0, 1, 1),
(40015, 55679, 0.6906, 1, 0, 1, 1),
(40015, 55680, 0.3453, 1, 0, 1, 1),
(40015, 55682, 0.0691, 1, 0, 1, 1),
(40015, 55683, 0.1381, 1, 0, 1, 1),
(40015, 55687, 0.1381, 1, 0, 1, 1),
(40015, 55688, 0.3453, 1, 0, 1, 1),
(40015, 55689, 0.1381, 1, 0, 1, 1),
(40015, 55692, 0.0691, 1, 0, 1, 1),
(40015, 55696, 0.3453, 1, 0, 1, 1),
(40015, 55697, 0.0691, 1, 0, 1, 1),
(40015, 55701, 0.0691, 1, 0, 1, 1),
(40015, 55705, 0.2762, 1, 0, 1, 1),
(40015, 55707, 0.0691, 1, 0, 1, 1),
(40015, 55709, 0.2762, 1, 0, 1, 1),
(40015, 55710, 0.1066, 1, 0, 1, 1),
(40015, 55711, 0.3453, 1, 0, 1, 1),
(40015, 55714, 0.2072, 1, 0, 1, 1),
(40015, 55715, 0.3453, 1, 0, 1, 1),
(40015, 55716, 0.0691, 1, 0, 1, 1),
(40015, 55718, 0.1381, 1, 0, 1, 1),
(40015, 55720, 0.2762, 1, 0, 1, 1),
(40015, 55723, 0.0691, 1, 0, 1, 1),
(40015, 55724, 0.1381, 1, 0, 1, 1),
(40015, 55725, 0.1381, 1, 0, 1, 1),
(40015, 55727, 0.1066, 1, 0, 1, 1),
(40015, 55728, 0.2072, 1, 0, 1, 1),
(40015, 55732, 0.2072, 1, 0, 1, 1),
(40015, 55733, 0.2762, 1, 0, 1, 1),
(40015, 55734, 1.0359, 1, 0, 1, 1),
(40015, 55736, 0.1381, 1, 0, 1, 1),
(40015, 55737, 0.1381, 1, 0, 1, 1),
(40015, 55738, 0.2072, 1, 0, 1, 1),
(40015, 55741, 0.2072, 1, 0, 1, 1),
(40015, 55742, 0.1381, 1, 0, 1, 1),
(40015, 55743, 0.1381, 1, 0, 1, 1),
(40015, 55745, 0.4144, 1, 0, 1, 1),
(40015, 55746, 0.2762, 1, 0, 1, 1),
(40015, 55747, 0.2762, 1, 0, 1, 1),
(40015, 55750, 0.5525, 1, 0, 1, 1),
(40015, 55751, 0.0691, 1, 0, 1, 1),
(40015, 55752, 0.0691, 1, 0, 1, 1),
(40015, 55754, 0.2072, 1, 0, 1, 1),
(40015, 55756, 0.2072, 1, 0, 1, 1),
(40015, 55759, 0.1381, 1, 0, 1, 1),
(40015, 55760, 0.2762, 1, 0, 1, 1),
(40015, 55761, 0.8287, 1, 0, 1, 1),
(40015, 55763, 0.2762, 1, 0, 1, 1),
(40015, 55768, 0.1381, 1, 0, 1, 1),
(40015, 55769, 0.2762, 1, 0, 1, 1),
(40015, 55770, 0.0691, 1, 0, 1, 1),
(40015, 55774, 0.2072, 1, 0, 1, 1),
(40015, 55789, 3.2459, 1, 0, 1, 1),
(40015, 55790, 2.1409, 1, 0, 1, 1),
(40015, 55791, 3.0387, 1, 0, 1, 1),
(40015, 58256, 7.458, 1, 0, 1, 1),
(40015, 58268, 12.6787, 1, 0, 1, 1),
(40015, 62063, 0.8978, 1, 0, 1, 1),
(40015, 62064, 0.6906, 1, 0, 1, 1),
(40015, 62065, 1.3122, 1, 0, 1, 1),
(40015, 62066, 0.5525, 1, 0, 1, 1),
(40015, 62068, 0.8287, 1, 0, 1, 1),
(40015, 62069, 0.3453, 1, 0, 1, 1),
(40015, 62070, 0.4834, 1, 0, 1, 1),
(40015, 62072, 0.4144, 1, 0, 1, 1),
(40015, 62073, 0.4834, 1, 0, 1, 1),
(40015, 62074, 0.6906, 1, 0, 1, 1),
(40015, 62075, 0.3453, 1, 0, 1, 1),
(40015, 62076, 0.3453, 1, 0, 1, 1),
(40015, 62077, 0.5525, 1, 0, 1, 1),
(40015, 62078, 0.4144, 1, 0, 1, 1),
(40015, 62079, 0.2762, 1, 0, 1, 1),
(40015, 62081, 0.3453, 1, 0, 1, 1),
(40015, 62082, 0.5525, 1, 0, 1, 1),
(40015, 62083, 0.3453, 1, 0, 1, 1),
(40015, 62084, 0.3453, 1, 0, 1, 1),
(40015, 62085, 0.6215, 1, 0, 1, 1),
(40015, 62086, 0.2132, 1, 0, 1, 1),
(40015, 62087, 0.2762, 1, 0, 1, 1),
(40015, 62088, 0.7597, 1, 0, 1, 1),
(40015, 62089, 0.2762, 1, 0, 1, 1),
(40015, 62090, 0.5525, 1, 0, 1, 1),
(40015, 62091, 0.2072, 1, 0, 1, 1),
(40015, 62092, 0.3453, 1, 0, 1, 1),
(40015, 62093, 0.5525, 1, 0, 1, 1),
(40015, 62094, 0.4144, 1, 0, 1, 1),
(40015, 62095, 0.5525, 1, 0, 1, 1),
(40015, 62096, 0.2072, 1, 0, 1, 1),
(40015, 62097, 0.2762, 1, 0, 1, 1),
(40015, 62098, 0.4834, 1, 0, 1, 1),
(40015, 62099, 1.2431, 1, 0, 1, 1),
(40015, 62100, 0.2072, 1, 0, 1, 1),
(40015, 62101, 0.8978, 1, 0, 1, 1),
(40015, 62103, 0.8978, 1, 0, 1, 1),
(40015, 62104, 0.2762, 1, 0, 1, 1),
(40015, 62105, 0.1066, 1, 0, 1, 1),
(40015, 62106, 0.2762, 1, 0, 1, 1),
(40015, 62108, 0.2072, 1, 0, 1, 1),
(40015, 62110, 0.1066, 1, 0, 1, 1),
(40015, 62112, 0.1381, 1, 0, 1, 1),
(40015, 62115, 0.1066, 1, 0, 1, 1),
(40015, 62116, 0.2072, 1, 0, 1, 1),
(40015, 62118, 0.1066, 1, 0, 1, 1),
(40015, 62119, 0.1381, 1, 0, 1, 1),
(40015, 62122, 0.1381, 1, 0, 1, 1),
(40015, 62123, 0.1381, 1, 0, 1, 1),
(40015, 62125, 0.9669, 1, 0, 1, 1),
(40015, 62127, 0.2072, 1, 0, 1, 1),
(40015, 62128, 0.2762, 1, 0, 1, 1),
(40015, 62131, 0.2762, 1, 0, 1, 1),
(40015, 62132, 0.1066, 1, 0, 1, 1),
(40015, 62133, 0.1066, 1, 0, 1, 1),
(40015, 62134, 0.1066, 1, 0, 1, 1),
(40015, 62136, 0.1066, 1, 0, 1, 1),
(40015, 66904, 0.0691, 1, 0, 1, 1),
(40015, 66954, 0.0691, 1, 0, 1, 1),
(40015, 66990, 0.0691, 1, 0, 1, 1),
(40015, 66992, 0.0691, 1, 0, 1, 1),
(40015, 67104, 0.0691, 1, 0, 1, 1),
(40015, 67119, 0.0691, 1, 0, 1, 1),
(40015, 67120, 0.0691, 1, 0, 1, 1),
(40015, 67134, 0.1381, 1, 0, 1, 1),
(40015, 67135, 0.0691, 1, 0, 1, 1),
(40015, 67539, 0.1066, 1, 0, 1, 1),
(40015, 68729, 0.7597, 1, 0, 1, 1);

REPLACE INTO `creature_template` (`entry`, `difficulty_entry_1`, `difficulty_entry_2`, `difficulty_entry_3`, `KillCredit1`, `KillCredit2`, `modelid1`, `modelid2`, `modelid3`, `modelid4`, `name`, `subname`, `IconName`, `gossip_menu_id`, `minlevel`, `maxlevel`, `exp`, `faction_A`, `faction_H`, `npcflag`, `speed_walk`, `speed_run`, `scale`, `rank`, `mindmg`, `maxdmg`, `dmgschool`, `attackpower`, `dmg_multiplier`, `baseattacktime`, `rangeattacktime`, `unit_class`, `unit_flags`, `unit_flags2`, `dynamicflags`, `family`, `trainer_type`, `trainer_spell`, `trainer_class`, `trainer_race`, `minrangedmg`, `maxrangedmg`, `rangedattackpower`, `type`, `type_flags`, `lootid`, `pickpocketloot`, `skinloot`, `resistance1`, `resistance2`, `resistance3`, `resistance4`, `resistance5`, `resistance6`, `spell1`, `spell2`, `spell3`, `spell4`, `spell5`, `spell6`, `spell7`, `spell8`, `PetSpellDataId`, `VehicleId`, `mingold`, `maxgold`, `AIName`, `MovementType`, `InhabitType`, `HoverHeight`, `Health_mod`, `Mana_mod`, `Armor_mod`, `RacialLeader`, `questItem1`, `questItem2`, `questItem3`, `questItem4`, `questItem5`, `questItem6`, `movementId`, `RegenHealth`, `mechanic_immune_mask`, `flags_extra`, `ScriptName`, `WDBVerified`) VALUES (40016, 0, 0, 0, 0, 0, 31541, 0, 0, 0, 'Runty (1)', '', '', 0, 85, 85, 3, 16, 16, 0, 1.6, 1, 1, 1, 500, 750, 0, 187, 35, 2000, 2000, 1, 32832, 2048, 0, 0, 0, 0, 0, 0, 400, 600, 150, 1, 8, 40015, 0, 0, 0, 0, 0, 0, 0, 0, 93666, 76628, 76665, 93667, 0, 0, 0, 0, 0, 0, 14110, 14110, '', 0, 3, 1, 10, 20, 1, 0, 0, 0, 0, 0, 0, 0, 116, 1, 0, 0, '', 15595);
