REPLACE INTO `creature_template` (`entry`, `difficulty_entry_1`, `difficulty_entry_2`, `difficulty_entry_3`, `KillCredit1`, `KillCredit2`, `modelid1`, `modelid2`, `modelid3`, `modelid4`, `name`, `subname`, `IconName`, `gossip_menu_id`, `minlevel`, `maxlevel`, `exp`, `faction_A`, `faction_H`, `npcflag`, `speed_walk`, `speed_run`, `scale`, `rank`, `mindmg`, `maxdmg`, `dmgschool`, `attackpower`, `dmg_multiplier`, `baseattacktime`, `rangeattacktime`, `unit_class`, `unit_flags`, `unit_flags2`, `dynamicflags`, `family`, `trainer_type`, `trainer_spell`, `trainer_class`, `trainer_race`, `minrangedmg`, `maxrangedmg`, `rangedattackpower`, `type`, `type_flags`, `lootid`, `pickpocketloot`, `skinloot`, `resistance1`, `resistance2`, `resistance3`, `resistance4`, `resistance5`, `resistance6`, `spell1`, `spell2`, `spell3`, `spell4`, `spell5`, `spell6`, `spell7`, `spell8`, `PetSpellDataId`, `VehicleId`, `mingold`, `maxgold`, `AIName`, `MovementType`, `InhabitType`, `HoverHeight`, `Health_mod`, `Mana_mod`, `Armor_mod`, `RacialLeader`, `questItem1`, `questItem2`, `questItem3`, `questItem4`, `questItem5`, `questItem6`, `movementId`, `RegenHealth`, `mechanic_immune_mask`, `flags_extra`, `ScriptName`, `WDBVerified`) VALUES (50036, 0, 0, 0, 0, 0, 35929, 36171, 0, 0, 'Ramkahen Scout', '', '', 0, 85, 85, 3, 2331, 2331, 0, 0.666668, 1.14286, 1, 0, 927.2, 1219.8, 0, 1486, 1, 2000, 0, 1, 0, 0, 0, 0, 0, 0, 0, 0, 689.7, 989.9, 157, 7, 0, 0, 0, 0, 0, 0, 0, 0, 0, 0, 0, 0, 0, 0, 0, 0, 0, 0, 0, 0, 15, 33, '', 0, 1, 1, 3.20394, 8338, 1, 0, 0, 0, 0, 0, 0, 0, 0, 1, 0, 0, '', 1);

REPLACE INTO `creature_template` (`entry`, `difficulty_entry_1`, `difficulty_entry_2`, `difficulty_entry_3`, `KillCredit1`, `KillCredit2`, `modelid1`, `modelid2`, `modelid3`, `modelid4`, `name`, `subname`, `IconName`, `gossip_menu_id`, `minlevel`, `maxlevel`, `exp`, `faction_A`, `faction_H`, `npcflag`, `speed_walk`, `speed_run`, `scale`, `rank`, `mindmg`, `maxdmg`, `dmgschool`, `attackpower`, `dmg_multiplier`, `baseattacktime`, `rangeattacktime`, `unit_class`, `unit_flags`, `unit_flags2`, `dynamicflags`, `family`, `trainer_type`, `trainer_spell`, `trainer_class`, `trainer_race`, `minrangedmg`, `maxrangedmg`, `rangedattackpower`, `type`, `type_flags`, `lootid`, `pickpocketloot`, `skinloot`, `resistance1`, `resistance2`, `resistance3`, `resistance4`, `resistance5`, `resistance6`, `spell1`, `spell2`, `spell3`, `spell4`, `spell5`, `spell6`, `spell7`, `spell8`, `PetSpellDataId`, `VehicleId`, `mingold`, `maxgold`, `AIName`, `MovementType`, `InhabitType`, `HoverHeight`, `Health_mod`, `Mana_mod`, `Armor_mod`, `RacialLeader`, `questItem1`, `questItem2`, `questItem3`, `questItem4`, `questItem5`, `questItem6`, `movementId`, `RegenHealth`, `mechanic_immune_mask`, `flags_extra`, `ScriptName`, `WDBVerified`) VALUES (44924, 49321, 49321, 0, 0, 0, 35826, 0, 0, 0, 'Oathsworn Myrmidon', '', '', 0, 85, 85, 3, 16, 16, 0, 0.666668, 1.14286, 1, 1, 1007, 1354.7, 0, 1571, 7.5, 2000, 0, 1, 32832, 0, 0, 0, 0, 0, 0, 0, 758.1, 1062.1, 220, 7, 72, 44924, 44924, 0, 0, 0, 0, 0, 0, 0, 0, 0, 0, 0, 0, 0, 0, 0, 0, 0, 15, 33, 'SmartAI', 1, 1, 1, 4, 7, 1, 0, 0, 0, 0, 0, 0, 0, 0, 1, 1048576, 0, '', 1);

DELETE FROM `smart_scripts` WHERE (`entryorguid`=44924 AND `source_type`=0);
INSERT INTO `smart_scripts` (`entryorguid`, `source_type`, `id`, `link`, `event_type`, `event_phase_mask`, `event_chance`, `event_flags`, `event_param1`, `event_param2`, `event_param3`, `event_param4`, `action_type`, `action_param1`, `action_param2`, `action_param3`, `action_param4`, `action_param5`, `action_param6`, `target_type`, `target_param1`, `target_param2`, `target_param3`, `target_x`, `target_y`, `target_z`, `target_o`, `comment`) VALUES 
(44924, 0, 0, 0, 0, 0, 100, 0, 1000, 1000, 12000, 17000, 11, 82673, 0, 0, 0, 0, 0, 1, 0, 0, 0, 0, 0, 0, 0, "Oathsworn Myrmidon cast Resistance");

DELETE FROM `creature_loot_template` WHERE (`entry`=44924);
INSERT INTO `creature_loot_template` VALUES 
(44924, 52363, 0.0065, 1, 0, 1, 1),
(44924, 52364, 0.0057, 1, 0, 1, 1),
(44924, 52365, 0.0065, 1, 0, 1, 1),
(44924, 52366, 0.0057, 1, 0, 1, 1),
(44924, 52368, 0.0085, 1, 0, 1, 1),
(44924, 52369, 0.0106, 1, 0, 1, 1),
(44924, 52370, 0.0107, 1, 0, 1, 1),
(44924, 52377, 0.0163, 1, 0, 1, 1),
(44924, 52378, 0.0064, 1, 0, 1, 1),
(44924, 52379, 0.0098, 1, 0, 1, 1),
(44924, 52383, 0.009, 1, 0, 1, 1),
(44924, 52385, 0.0065, 1, 0, 1, 1),
(44924, 52386, 0.0085, 1, 0, 1, 1),
(44924, 52388, 0.0085, 1, 0, 1, 1),
(44924, 52495, 0.0057, 1, 0, 1, 1),
(44924, 52496, 0.0033, 1, 0, 1, 1),
(44924, 52719, 0.0341, 1, 0, 1, 1),
(44924, 53010, 38.1, 1, 0, 1, 6),
(44924, 55286, 0.0636, 1, 0, 1, 1),
(44924, 55287, 0.0432, 1, 0, 1, 1),
(44924, 55288, 0.0595, 1, 0, 1, 1),
(44924, 55295, 0.0481, 1, 0, 1, 1),
(44924, 55296, 0.0546, 1, 0, 1, 1),
(44924, 55297, 0.0661, 1, 0, 1, 1),
(44924, 55304, 0.0139, 1, 0, 1, 1),
(44924, 55305, 0.0147, 1, 0, 1, 1),
(44924, 55306, 0.0131, 1, 0, 1, 1),
(44924, 55313, 0.084, 1, 0, 1, 1),
(44924, 55314, 0.0865, 1, 0, 1, 1),
(44924, 55315, 0.0726, 1, 0, 1, 1),
(44924, 55322, 0.0155, 1, 0, 1, 1),
(44924, 55323, 0.0082, 1, 0, 1, 1),
(44924, 55324, 0.0082, 1, 0, 1, 1),
(44924, 55331, 0.0522, 1, 0, 1, 1),
(44924, 55332, 0.0873, 1, 0, 1, 1),
(44924, 55333, 0.0522, 1, 0, 1, 1),
(44924, 55340, 0.0375, 1, 0, 1, 1),
(44924, 55341, 0.0465, 1, 0, 1, 1),
(44924, 55342, 0.0416, 1, 0, 1, 1),
(44924, 55349, 0.0587, 1, 0, 1, 1),
(44924, 55350, 0.0685, 1, 0, 1, 1),
(44924, 55351, 0.0808, 1, 0, 1, 1),
(44924, 55358, 0.0122, 1, 0, 1, 1),
(44924, 55359, 0.0147, 1, 0, 1, 1),
(44924, 55360, 0.0098, 1, 0, 1, 1),
(44924, 55367, 0.1436, 1, 0, 1, 1),
(44924, 55368, 0.1338, 1, 0, 1, 1),
(44924, 55369, 0.1044, 1, 0, 1, 1),
(44924, 55376, 0.0889, 1, 0, 1, 1),
(44924, 55377, 0.1093, 1, 0, 1, 1),
(44924, 55378, 0.0905, 1, 0, 1, 1),
(44924, 55385, 0.0856, 1, 0, 1, 1),
(44924, 55386, 0.075, 1, 0, 1, 1),
(44924, 55387, 0.0604, 1, 0, 1, 1),
(44924, 55394, 0.0432, 1, 0, 1, 1),
(44924, 55395, 0.0481, 1, 0, 1, 1),
(44924, 55396, 0.0416, 1, 0, 1, 1),
(44924, 55403, 0.1485, 1, 0, 1, 1),
(44924, 55404, 0.186, 1, 0, 1, 1),
(44924, 55405, 0.2007, 1, 0, 1, 1),
(44924, 55412, 0.053, 1, 0, 1, 1),
(44924, 55413, 0.0742, 1, 0, 1, 1),
(44924, 55414, 0.0392, 1, 0, 1, 1),
(44924, 55421, 0.3589, 1, 0, 1, 1),
(44924, 55422, 0.3369, 1, 0, 1, 1),
(44924, 55423, 0.3507, 1, 0, 1, 1),
(44924, 55430, 0.133, 1, 0, 1, 1),
(44924, 55431, 0.0824, 1, 0, 1, 1),
(44924, 55432, 0.0669, 1, 0, 1, 1),
(44924, 55439, 0.3067, 1, 0, 1, 1),
(44924, 55440, 0.2847, 1, 0, 1, 1),
(44924, 55441, 0.292, 1, 0, 1, 1),
(44924, 55448, 0.0506, 1, 0, 1, 1),
(44924, 55449, 0.0432, 1, 0, 1, 1),
(44924, 55450, 0.0302, 1, 0, 1, 1),
(44924, 55457, 0.075, 1, 0, 1, 1),
(44924, 55458, 0.0767, 1, 0, 1, 1),
(44924, 55459, 0.0669, 1, 0, 1, 1),
(44924, 55466, 0.0424, 1, 0, 1, 1),
(44924, 55467, 0.0351, 1, 0, 1, 1),
(44924, 55468, 0.0424, 1, 0, 1, 1),
(44924, 55475, 0.0147, 1, 0, 1, 1),
(44924, 55476, 0.0155, 1, 0, 1, 1),
(44924, 55477, 0.0106, 1, 0, 1, 1),
(44924, 55484, 0.1868, 1, 0, 1, 1),
(44924, 55485, 0.1762, 1, 0, 1, 1),
(44924, 55486, 0.1582, 1, 0, 1, 1),
(44924, 55493, 0.0979, 1, 0, 1, 1),
(44924, 55494, 0.1403, 1, 0, 1, 1),
(44924, 55495, 0.1297, 1, 0, 1, 1),
(44924, 55502, 0.1069, 1, 0, 1, 1),
(44924, 55503, 0.0979, 1, 0, 1, 1),
(44924, 55504, 0.1297, 1, 0, 1, 1),
(44924, 55511, 0.1232, 1, 0, 1, 1),
(44924, 55512, 0.1126, 1, 0, 1, 1),
(44924, 55513, 0.1338, 1, 0, 1, 1),
(44924, 55520, 0.1085, 1, 0, 1, 1),
(44924, 55521, 0.1582, 1, 0, 1, 1),
(44924, 55522, 0.1272, 1, 0, 1, 1),
(44924, 55529, 0.1395, 1, 0, 1, 1),
(44924, 55530, 0.1297, 1, 0, 1, 1),
(44924, 55531, 0.1436, 1, 0, 1, 1),
(44924, 55538, 0.1232, 1, 0, 1, 1),
(44924, 55539, 0.1509, 1, 0, 1, 1),
(44924, 55540, 0.1411, 1, 0, 1, 1),
(44924, 55547, 0.093, 1, 0, 1, 1),
(44924, 55548, 0.1305, 1, 0, 1, 1),
(44924, 55549, 0.1011, 1, 0, 1, 1),
(44924, 55556, 0.1052, 1, 0, 1, 1),
(44924, 55557, 0.1444, 1, 0, 1, 1),
(44924, 55558, 0.0881, 1, 0, 1, 1),
(44924, 55565, 0.1272, 1, 0, 1, 1),
(44924, 55566, 0.0881, 1, 0, 1, 1),
(44924, 55567, 0.1166, 1, 0, 1, 1),
(44924, 55574, 0.1224, 1, 0, 1, 1),
(44924, 55575, 0.1289, 1, 0, 1, 1),
(44924, 55576, 0.1011, 1, 0, 1, 1),
(44924, 55583, 0.0832, 1, 0, 1, 1),
(44924, 55584, 0.1411, 1, 0, 1, 1),
(44924, 55585, 0.1501, 1, 0, 1, 1),
(44924, 55592, 0.1166, 1, 0, 1, 1),
(44924, 55593, 0.1468, 1, 0, 1, 1),
(44924, 55594, 0.1264, 1, 0, 1, 1),
(44924, 55601, 0.1232, 1, 0, 1, 1),
(44924, 55602, 0.1378, 1, 0, 1, 1),
(44924, 55603, 0.0995, 1, 0, 1, 1),
(44924, 55610, 0.1256, 1, 0, 1, 1),
(44924, 55611, 0.1411, 1, 0, 1, 1),
(44924, 55612, 0.1256, 1, 0, 1, 1),
(44924, 55619, 0.1011, 1, 0, 1, 1),
(44924, 55620, 0.1452, 1, 0, 1, 1),
(44924, 55621, 0.1207, 1, 0, 1, 1),
(44924, 55628, 0.1901, 1, 0, 1, 1),
(44924, 55629, 0.1126, 1, 0, 1, 1),
(44924, 55630, 0.1199, 1, 0, 1, 1),
(44924, 55637, 0.1191, 1, 0, 1, 1),
(44924, 55638, 0.1338, 1, 0, 1, 1),
(44924, 55639, 0.1142, 1, 0, 1, 1),
(44924, 55646, 0.1101, 1, 0, 1, 1),
(44924, 55647, 0.1109, 1, 0, 1, 1),
(44924, 55648, 0.1281, 1, 0, 1, 1),
(44924, 55655, 0.1003, 1, 0, 1, 1),
(44924, 55656, 0.1142, 1, 0, 1, 1),
(44924, 55657, 0.106, 1, 0, 1, 1),
(44924, 55664, 0.1175, 1, 0, 1, 1),
(44924, 55665, 0.1346, 1, 0, 1, 1),
(44924, 55666, 0.106, 1, 0, 1, 1),
(44924, 55673, 0.1101, 1, 0, 1, 1),
(44924, 55674, 0.1533, 1, 0, 1, 1),
(44924, 55675, 0.1232, 1, 0, 1, 1),
(44924, 55682, 0.1052, 1, 0, 1, 1),
(44924, 55683, 0.1305, 1, 0, 1, 1),
(44924, 55684, 0.1175, 1, 0, 1, 1),
(44924, 55691, 0.1289, 1, 0, 1, 1),
(44924, 55692, 0.1321, 1, 0, 1, 1),
(44924, 55693, 0.1264, 1, 0, 1, 1),
(44924, 55700, 0.1101, 1, 0, 1, 1),
(44924, 55701, 0.1648, 1, 0, 1, 1),
(44924, 55702, 0.1166, 1, 0, 1, 1),
(44924, 55709, 0.1387, 1, 0, 1, 1),
(44924, 55710, 0.1574, 1, 0, 1, 1),
(44924, 55711, 0.1362, 1, 0, 1, 1),
(44924, 55718, 0.1509, 1, 0, 1, 1),
(44924, 55719, 0.186, 1, 0, 1, 1),
(44924, 55720, 0.1403, 1, 0, 1, 1),
(44924, 55727, 0.1485, 1, 0, 1, 1),
(44924, 55728, 0.137, 1, 0, 1, 1),
(44924, 55729, 0.1517, 1, 0, 1, 1),
(44924, 55736, 0.1525, 1, 0, 1, 1),
(44924, 55737, 0.1713, 1, 0, 1, 1),
(44924, 55738, 0.1811, 1, 0, 1, 1),
(44924, 55745, 0.1648, 1, 0, 1, 1),
(44924, 55746, 0.1843, 1, 0, 1, 1),
(44924, 55747, 0.1778, 1, 0, 1, 1),
(44924, 55754, 0.1794, 1, 0, 1, 1),
(44924, 55755, 0.2374, 1, 0, 1, 1),
(44924, 55756, 0.2194, 1, 0, 1, 1),
(44924, 55763, 0.1378, 1, 0, 1, 1),
(44924, 55764, 0.1721, 1, 0, 1, 1),
(44924, 55765, 0.1338, 1, 0, 1, 1),
(44924, 55772, 0.1958, 1, 0, 1, 1),
(44924, 55773, 0.1762, 1, 0, 1, 1),
(44924, 55774, 0.1338, 1, 0, 1, 1),
(44924, 55881, 1.2015, 1, 0, 1, 1),
(44924, 55882, 1.1305, 1, 0, 1, 1),
(44924, 55884, 1.1101, 1, 0, 1, 1),
(44924, 58256, 4.1, 1, 0, 1, 1),
(44924, 58268, 7.4448, 1, 0, 1, 1),
(44924, 58269, 35.0962, 1, 0, 1, 1),
(44924, 62063, 0.4462, 1, 0, 1, 1),
(44924, 62064, 0.3785, 1, 0, 1, 1),
(44924, 62065, 0.4144, 1, 0, 1, 1),
(44924, 62066, 0.447, 1, 0, 1, 1),
(44924, 62067, 0.4356, 1, 0, 1, 1),
(44924, 62068, 0.4502, 1, 0, 1, 1),
(44924, 62069, 0.4348, 1, 0, 1, 1),
(44924, 62070, 0.4274, 1, 0, 1, 1),
(44924, 62071, 0.3475, 1, 0, 1, 1),
(44924, 62072, 0.3801, 1, 0, 1, 1),
(44924, 62073, 0.1966, 1, 0, 1, 1),
(44924, 62074, 0.1852, 1, 0, 1, 1),
(44924, 62075, 0.1856, 1, 0, 1, 1),
(44924, 62076, 0.1721, 1, 0, 1, 1),
(44924, 62077, 0.1925, 1, 0, 1, 1),
(44924, 62078, 0.1899, 1, 0, 1, 1),
(44924, 62079, 0.1762, 1, 0, 1, 1),
(44924, 62080, 0.1365, 1, 0, 1, 1),
(44924, 62081, 0.2096, 1, 0, 1, 1),
(44924, 62082, 0.1941, 1, 0, 1, 1),
(44924, 62083, 0.1884, 1, 0, 1, 1),
(44924, 62084, 0.1925, 1, 0, 1, 1),
(44924, 62085, 0.1778, 1, 0, 1, 1),
(44924, 62086, 0.1901, 1, 0, 1, 1),
(44924, 62087, 0.1925, 1, 0, 1, 1),
(44924, 62088, 0.1827, 1, 0, 1, 1),
(44924, 62089, 0.1639, 1, 0, 1, 1),
(44924, 62090, 0.1623, 1, 0, 1, 1),
(44924, 62091, 0.1901, 1, 0, 1, 1),
(44924, 62093, 0.1966, 1, 0, 1, 1),
(44924, 62094, 0.1472, 1, 0, 1, 1),
(44924, 62095, 0.1436, 1, 0, 1, 1),
(44924, 62096, 0.2113, 1, 0, 1, 1),
(44924, 62097, 0.1794, 1, 0, 1, 1),
(44924, 62098, 0.1974, 1, 0, 1, 1),
(44924, 62099, 0.1729, 1, 0, 1, 1),
(44924, 62100, 0.1925, 1, 0, 1, 1),
(44924, 62101, 0.1835, 1, 0, 1, 1),
(44924, 62102, 0.2781, 1, 0, 1, 1),
(44924, 62103, 0.1917, 1, 0, 1, 1),
(44924, 62104, 0.1966, 1, 0, 1, 1),
(44924, 62105, 0.1305, 1, 0, 1, 1),
(44924, 62106, 0.146, 1, 0, 1, 1),
(44924, 62107, 0.146, 1, 0, 1, 1),
(44924, 62108, 0.1558, 1, 0, 1, 1),
(44924, 62109, 0.1199, 1, 0, 1, 1),
(44924, 62110, 0.1183, 1, 0, 1, 1),
(44924, 62111, 0.1639, 1, 0, 1, 1),
(44924, 62112, 0.1672, 1, 0, 1, 1),
(44924, 62113, 0.1558, 1, 0, 1, 1),
(44924, 62114, 0.1591, 1, 0, 1, 1),
(44924, 62115, 0.137, 1, 0, 1, 1),
(44924, 62116, 0.1346, 1, 0, 1, 1),
(44924, 62117, 0.1264, 1, 0, 1, 1),
(44924, 62118, 0.1224, 1, 0, 1, 1),
(44924, 62119, 0.1183, 1, 0, 1, 1),
(44924, 62120, 0.1648, 1, 0, 1, 1),
(44924, 62121, 0.1697, 1, 0, 1, 1),
(44924, 62122, 0.1305, 1, 0, 1, 1),
(44924, 62123, 0.1395, 1, 0, 1, 1),
(44924, 62124, 0.1338, 1, 0, 1, 1),
(44924, 62125, 0.1876, 1, 0, 1, 1),
(44924, 62126, 0.1272, 1, 0, 1, 1),
(44924, 62127, 0.1207, 1, 0, 1, 1),
(44924, 62128, 0.1346, 1, 0, 1, 1),
(44924, 62129, 0.1166, 1, 0, 1, 1),
(44924, 62130, 0.1207, 1, 0, 1, 1),
(44924, 62131, 0.1533, 1, 0, 1, 1),
(44924, 62132, 0.1117, 1, 0, 1, 1),
(44924, 62133, 0.1248, 1, 0, 1, 1),
(44924, 62134, 0.1264, 1, 0, 1, 1),
(44924, 62135, 0.1232, 1, 0, 1, 1),
(44924, 62136, 0.124, 1, 0, 1, 1),
(44924, 63291, 49.7596, 1, 0, 1, 1),
(44924, 63300, 14.1827, 1, 0, 1, 1),
(44924, 63310, 17.5481, 1, 0, 1, 1),
(44924, 63316, 3.3654, 1, 0, 1, 1),
(44924, 63317, 34.6154, 1, 0, 1, 1),
(44924, 63318, 1.4423, 1, 0, 1, 1),
(44924, 63348, 49.2788, 1, 0, 1, 1),
(44924, 63349, 50, 1, 0, 1, 1),
(44924, 66931, 0.0098, 1, 0, 1, 1),
(44924, 66932, 0.0106, 1, 0, 1, 1),
(44924, 66940, 0.0131, 1, 0, 1, 1),
(44924, 66941, 0.0082, 1, 0, 1, 1),
(44924, 66942, 0.0057, 1, 0, 1, 1),
(44924, 66968, 0.0139, 1, 0, 1, 1),
(44924, 66969, 0.0106, 1, 0, 1, 1),
(44924, 66970, 0.0057, 1, 0, 1, 1),
(44924, 66971, 0.0073, 1, 0, 1, 1),
(44924, 66972, 0.009, 1, 0, 1, 1),
(44924, 66973, 0.0114, 1, 0, 1, 1),
(44924, 66974, 0.0057, 1, 0, 1, 1),
(44924, 66975, 0.0098, 1, 0, 1, 1),
(44924, 66976, 0.0131, 1, 0, 1, 1),
(44924, 66989, 0.0196, 1, 0, 1, 1),
(44924, 66990, 0.0139, 1, 0, 1, 1),
(44924, 66991, 0.0057, 1, 0, 1, 1),
(44924, 66992, 0.0098, 1, 0, 1, 1),
(44924, 66993, 0.0073, 1, 0, 1, 1),
(44924, 66994, 0.0057, 1, 0, 1, 1),
(44924, 67057, 0.0163, 1, 0, 1, 1),
(44924, 67059, 0.0041, 1, 0, 1, 1),
(44924, 67061, 0.0106, 1, 0, 1, 1),
(44924, 67067, 0.0147, 1, 0, 1, 1),
(44924, 67069, 0.0114, 1, 0, 1, 1),
(44924, 67071, 0.0122, 1, 0, 1, 1),
(44924, 67119, 0.0057, 1, 0, 1, 1),
(44924, 67120, 0.0098, 1, 0, 1, 1),
(44924, 67121, 0.0049, 1, 0, 1, 1),
(44924, 67122, 0.0163, 1, 0, 1, 1),
(44924, 67123, 0.0043, 1, 0, 1, 1),
(44924, 67124, 0.0163, 1, 0, 1, 1),
(44924, 67125, 0.0057, 1, 0, 1, 1),
(44924, 67126, 0.0106, 1, 0, 1, 1),
(44924, 67127, 0.009, 1, 0, 1, 1),
(44924, 67129, 0.0016, 1, 0, 1, 1),
(44924, 67130, 0.0024, 1, 0, 1, 1),
(44924, 67131, 0.0016, 1, 0, 1, 1),
(44924, 67132, 0.0016, 1, 0, 1, 1),
(44924, 67133, 0.0016, 1, 0, 1, 1),
(44924, 67134, 0.0024, 1, 0, 1, 1),
(44924, 67135, 0.0024, 1, 0, 1, 1),
(44924, 67136, 0.0024, 1, 0, 1, 1),
(44924, 67137, 0.0049, 1, 0, 1, 1),
(44924, 67138, 0.0008, 1, 0, 1, 1),
(44924, 67139, 0.0041, 1, 0, 1, 1),
(44924, 67140, 0.0024, 1, 0, 1, 1),
(44924, 67141, 0.0033, 1, 0, 1, 1),
(44924, 67142, 0.0024, 1, 0, 1, 1),
(44924, 67143, 0.0016, 1, 0, 1, 1),
(44924, 67144, 0.0016, 1, 0, 1, 1),
(44924, 67145, 0.0041, 1, 0, 1, 1),
(44924, 67146, 0.0024, 1, 0, 1, 1),
(44924, 67147, 0.0024, 1, 0, 1, 1),
(44924, 67148, 0.0033, 1, 0, 1, 1),
(44924, 67150, 0.0008, 1, 0, 1, 1),
(44924, 68197, 5.1, 1, 0, 1, 2),
(44924, 68198, 15.7, 1, 0, 1, 2),
(44924, 68729, 0.7733, 1, 0, 1, 1),
(44924, 68781, 0.0033, 1, 0, 1, 1),
(44924, 68782, 0.0139, 1, 0, 1, 1),
(44924, 68783, 0.0033, 1, 0, 1, 1),
(44924, 68787, 0.0041, 1, 0, 1, 1);

DELETE FROM `pickpocketing_loot_template` WHERE (`entry`=44924);
INSERT INTO `pickpocketing_loot_template` VALUES 
(44924, 58269, 17.8329, 1, 0, 1, 1),
(44924, 63291, 23.1932, 1, 0, 1, 1),
(44924, 63300, 14.1827, 1, 0, 1, 1),
(44924, 63310, 10.5457, 1, 0, 1, 1),
(44924, 63316, 1.7699, 1, 0, 1, 1),
(44924, 63317, 19.9115, 1, 0, 1, 1),
(44924, 63318, 0.8481, 1, 0, 1, 1),
(44924, 63348, 22.4189, 1, 0, 1, 1),
(44924, 63349, 50, 1, 0, 1, 1);

REPLACE INTO `creature_template` (`entry`, `difficulty_entry_1`, `difficulty_entry_2`, `difficulty_entry_3`, `KillCredit1`, `KillCredit2`, `modelid1`, `modelid2`, `modelid3`, `modelid4`, `name`, `subname`, `IconName`, `gossip_menu_id`, `minlevel`, `maxlevel`, `exp`, `faction_A`, `faction_H`, `npcflag`, `speed_walk`, `speed_run`, `scale`, `rank`, `mindmg`, `maxdmg`, `dmgschool`, `attackpower`, `dmg_multiplier`, `baseattacktime`, `rangeattacktime`, `unit_class`, `unit_flags`, `unit_flags2`, `dynamicflags`, `family`, `trainer_type`, `trainer_spell`, `trainer_class`, `trainer_race`, `minrangedmg`, `maxrangedmg`, `rangedattackpower`, `type`, `type_flags`, `lootid`, `pickpocketloot`, `skinloot`, `resistance1`, `resistance2`, `resistance3`, `resistance4`, `resistance5`, `resistance6`, `spell1`, `spell2`, `spell3`, `spell4`, `spell5`, `spell6`, `spell7`, `spell8`, `PetSpellDataId`, `VehicleId`, `mingold`, `maxgold`, `AIName`, `MovementType`, `InhabitType`, `HoverHeight`, `Health_mod`, `Mana_mod`, `Armor_mod`, `RacialLeader`, `questItem1`, `questItem2`, `questItem3`, `questItem4`, `questItem5`, `questItem6`, `movementId`, `RegenHealth`, `mechanic_immune_mask`, `flags_extra`, `ScriptName`, `WDBVerified`) VALUES (49321, 0, 0, 0, 0, 0, 35826, 0, 0, 0, 'Oathsworn Myrmidon (1)', '', '', 0, 85, 85, 3, 16, 16, 0, 0.666668, 1.14286, 1, 1, 1007, 1354.7, 0, 1571, 13, 1400, 0, 1, 32832, 0, 0, 0, 0, 0, 0, 0, 758.1, 1062.1, 220, 7, 72, 44924, 0, 0, 0, 0, 0, 0, 0, 0, 0, 0, 0, 0, 0, 0, 0, 0, 0, 0, 15, 33, '', 1, 1, 1, 4.25, 7, 1, 0, 0, 0, 0, 0, 0, 0, 0, 1, 1048576, 0, '', 1);


REPLACE INTO `creature_template` (`entry`, `difficulty_entry_1`, `difficulty_entry_2`, `difficulty_entry_3`, `KillCredit1`, `KillCredit2`, `modelid1`, `modelid2`, `modelid3`, `modelid4`, `name`, `subname`, `IconName`, `gossip_menu_id`, `minlevel`, `maxlevel`, `exp`, `faction_A`, `faction_H`, `npcflag`, `speed_walk`, `speed_run`, `scale`, `rank`, `mindmg`, `maxdmg`, `dmgschool`, `attackpower`, `dmg_multiplier`, `baseattacktime`, `rangeattacktime`, `unit_class`, `unit_flags`, `unit_flags2`, `dynamicflags`, `family`, `trainer_type`, `trainer_spell`, `trainer_class`, `trainer_race`, `minrangedmg`, `maxrangedmg`, `rangedattackpower`, `type`, `type_flags`, `lootid`, `pickpocketloot`, `skinloot`, `resistance1`, `resistance2`, `resistance3`, `resistance4`, `resistance5`, `resistance6`, `spell1`, `spell2`, `spell3`, `spell4`, `spell5`, `spell6`, `spell7`, `spell8`, `PetSpellDataId`, `VehicleId`, `mingold`, `maxgold`, `AIName`, `MovementType`, `InhabitType`, `HoverHeight`, `Health_mod`, `Mana_mod`, `Armor_mod`, `RacialLeader`, `questItem1`, `questItem2`, `questItem3`, `questItem4`, `questItem5`, `questItem6`, `movementId`, `RegenHealth`, `mechanic_immune_mask`, `flags_extra`, `ScriptName`, `WDBVerified`) VALUES (44932, 49323, 49323, 0, 0, 0, 34741, 0, 0, 0, 'Oathsworn Pathfinder', '', '', 0, 85, 85, 3, 16, 16, 0, 0.666668, 1.14286, 1, 1, 1007, 1354.7, 0, 1571, 7.5, 2000, 0, 1, 0, 0, 0, 0, 0, 0, 0, 0, 758.1, 1062.1, 220, 7, 72, 44932, 44932, 0, 0, 0, 0, 0, 0, 0, 82792, 82764, 83877, 0, 0, 0, 0, 0, 0, 0, 15, 33, 'SmartAI', 1, 1, 1, 4.2287, 1, 1, 0, 0, 0, 0, 0, 0, 0, 0, 1, 1048576, 0, '', 1);

DELETE FROM `smart_scripts` WHERE (`entryorguid`=44932 AND `source_type`=0);
INSERT INTO `smart_scripts` (`entryorguid`, `source_type`, `id`, `link`, `event_type`, `event_phase_mask`, `event_chance`, `event_flags`, `event_param1`, `event_param2`, `event_param3`, `event_param4`, `action_type`, `action_param1`, `action_param2`, `action_param3`, `action_param4`, `action_param5`, `action_param6`, `target_type`, `target_param1`, `target_param2`, `target_param3`, `target_x`, `target_y`, `target_z`, `target_o`, `comment`) VALUES 
(44932, 0, 0, 0, 4, 0, 100, 0, 0, 0, 0, 0, 11, 82792, 0, 0, 0, 0, 0, 1, 0, 0, 0, 0, 0, 0, 0, "Oathsworn Pathfinder cast Call Falcon"),
(44932, 0, 1, 0, 0, 0, 100, 0, 3000, 3000, 5000, 10000, 11, 83877, 0, 0, 0, 0, 0, 6, 0, 0, 0, 0, 0, 0, 0, "Oathsworn Pathfinder cast Shoot"),
(44932, 0, 2, 0, 0, 0, 100, 0, 2000, 5000, 7000, 7000, 11, 82764, 0, 0, 0, 0, 0, 2, 0, 0, 0, 0, 0, 0, 0, "Oathsworn Pathfinder cast Wing Clip");

DELETE FROM `creature_loot_template` WHERE (`entry`=44932);
INSERT INTO `creature_loot_template` VALUES 
(44932, 52326, 0.0015, 1, 0, 1, 1),
(44932, 52363, 0.0062, 1, 0, 1, 1),
(44932, 52365, 0.008, 1, 0, 1, 1),
(44932, 52366, 0.0077, 1, 0, 1, 1),
(44932, 52367, 0.0092, 1, 0, 1, 1),
(44932, 52368, 0.0123, 1, 0, 1, 1),
(44932, 52370, 0.0108, 1, 0, 1, 1),
(44932, 52371, 0.008, 1, 0, 1, 1),
(44932, 52376, 0.0139, 1, 0, 1, 1),
(44932, 52377, 0.0077, 1, 0, 1, 1),
(44932, 52378, 0.0092, 1, 0, 1, 1),
(44932, 52382, 0.0062, 1, 0, 1, 1),
(44932, 52385, 0.0123, 1, 0, 1, 1),
(44932, 52386, 0.0231, 1, 0, 1, 1),
(44932, 52388, 0.004, 1, 0, 1, 1),
(44932, 52496, 0.0031, 1, 0, 1, 1),
(44932, 52719, 0.008, 1, 0, 1, 1),
(44932, 53010, 38.4, 1, 0, 1, 6),
(44932, 55286, 0.0647, 1, 0, 1, 1),
(44932, 55287, 0.0724, 1, 0, 1, 1),
(44932, 55288, 0.0632, 1, 0, 1, 1),
(44932, 55295, 0.032, 1, 0, 1, 1),
(44932, 55296, 0.0647, 1, 0, 1, 1),
(44932, 55297, 0.0385, 1, 0, 1, 1),
(44932, 55304, 0.0077, 1, 0, 1, 1),
(44932, 55305, 0.0154, 1, 0, 1, 1),
(44932, 55306, 0.0092, 1, 0, 1, 1),
(44932, 55313, 0.0894, 1, 0, 1, 1),
(44932, 55314, 0.0709, 1, 0, 1, 1),
(44932, 55315, 0.074, 1, 0, 1, 1),
(44932, 55322, 0.02, 1, 0, 1, 1),
(44932, 55323, 0.0154, 1, 0, 1, 1),
(44932, 55324, 0.0139, 1, 0, 1, 1),
(44932, 55331, 0.0678, 1, 0, 1, 1),
(44932, 55332, 0.0616, 1, 0, 1, 1),
(44932, 55333, 0.1079, 1, 0, 1, 1),
(44932, 55340, 0.037, 1, 0, 1, 1),
(44932, 55341, 0.0401, 1, 0, 1, 1),
(44932, 55342, 0.0462, 1, 0, 1, 1),
(44932, 55349, 0.0601, 1, 0, 1, 1),
(44932, 55350, 0.0663, 1, 0, 1, 1),
(44932, 55351, 0.0909, 1, 0, 1, 1),
(44932, 55358, 0.0108, 1, 0, 1, 1),
(44932, 55359, 0.0216, 1, 0, 1, 1),
(44932, 55360, 0.012, 1, 0, 1, 1),
(44932, 55367, 0.1248, 1, 0, 1, 1),
(44932, 55368, 0.1048, 1, 0, 1, 1),
(44932, 55369, 0.1402, 1, 0, 1, 1),
(44932, 55376, 0.0693, 1, 0, 1, 1),
(44932, 55377, 0.1002, 1, 0, 1, 1),
(44932, 55378, 0.0863, 1, 0, 1, 1),
(44932, 55385, 0.0678, 1, 0, 1, 1),
(44932, 55386, 0.1032, 1, 0, 1, 1),
(44932, 55387, 0.0724, 1, 0, 1, 1),
(44932, 55394, 0.0385, 1, 0, 1, 1),
(44932, 55395, 0.0324, 1, 0, 1, 1),
(44932, 55396, 0.0385, 1, 0, 1, 1),
(44932, 55403, 0.2127, 1, 0, 1, 1),
(44932, 55404, 0.1711, 1, 0, 1, 1),
(44932, 55405, 0.1664, 1, 0, 1, 1),
(44932, 55412, 0.0555, 1, 0, 1, 1),
(44932, 55413, 0.0462, 1, 0, 1, 1),
(44932, 55414, 0.057, 1, 0, 1, 1),
(44932, 55421, 0.2959, 1, 0, 1, 1),
(44932, 55422, 0.4053, 1, 0, 1, 1),
(44932, 55423, 0.3097, 1, 0, 1, 1),
(44932, 55430, 0.0863, 1, 0, 1, 1),
(44932, 55431, 0.0709, 1, 0, 1, 1),
(44932, 55432, 0.0632, 1, 0, 1, 1),
(44932, 55439, 0.3113, 1, 0, 1, 1),
(44932, 55440, 0.2635, 1, 0, 1, 1),
(44932, 55441, 0.2281, 1, 0, 1, 1),
(44932, 55448, 0.0447, 1, 0, 1, 1),
(44932, 55449, 0.0339, 1, 0, 1, 1),
(44932, 55450, 0.0555, 1, 0, 1, 1),
(44932, 55457, 0.0462, 1, 0, 1, 1),
(44932, 55458, 0.0586, 1, 0, 1, 1),
(44932, 55459, 0.0894, 1, 0, 1, 1),
(44932, 55466, 0.0539, 1, 0, 1, 1),
(44932, 55467, 0.1079, 1, 0, 1, 1),
(44932, 55468, 0.0262, 1, 0, 1, 1),
(44932, 55475, 0.0108, 1, 0, 1, 1),
(44932, 55476, 0.0077, 1, 0, 1, 1),
(44932, 55477, 0.0062, 1, 0, 1, 1),
(44932, 55484, 0.1757, 1, 0, 1, 1),
(44932, 55485, 0.1541, 1, 0, 1, 1),
(44932, 55486, 0.1895, 1, 0, 1, 1),
(44932, 55493, 0.0817, 1, 0, 1, 1),
(44932, 55494, 0.1449, 1, 0, 1, 1),
(44932, 55495, 0.1187, 1, 0, 1, 1),
(44932, 55502, 0.1187, 1, 0, 1, 1),
(44932, 55503, 0.1156, 1, 0, 1, 1),
(44932, 55504, 0.0909, 1, 0, 1, 1),
(44932, 55511, 0.1248, 1, 0, 1, 1),
(44932, 55512, 0.1171, 1, 0, 1, 1),
(44932, 55513, 0.111, 1, 0, 1, 1),
(44932, 55520, 0.0909, 1, 0, 1, 1),
(44932, 55521, 0.1094, 1, 0, 1, 1),
(44932, 55522, 0.1125, 1, 0, 1, 1),
(44932, 55529, 0.1264, 1, 0, 1, 1),
(44932, 55530, 0.1294, 1, 0, 1, 1),
(44932, 55531, 0.1248, 1, 0, 1, 1),
(44932, 55538, 0.1217, 1, 0, 1, 1),
(44932, 55539, 0.1187, 1, 0, 1, 1),
(44932, 55540, 0.1325, 1, 0, 1, 1),
(44932, 55547, 0.1002, 1, 0, 1, 1),
(44932, 55548, 0.1002, 1, 0, 1, 1),
(44932, 55549, 0.1294, 1, 0, 1, 1),
(44932, 55556, 0.1002, 1, 0, 1, 1),
(44932, 55557, 0.094, 1, 0, 1, 1),
(44932, 55558, 0.1541, 1, 0, 1, 1),
(44932, 55565, 0.0878, 1, 0, 1, 1),
(44932, 55566, 0.1356, 1, 0, 1, 1),
(44932, 55567, 0.0786, 1, 0, 1, 1),
(44932, 55574, 0.1294, 1, 0, 1, 1),
(44932, 55575, 0.1217, 1, 0, 1, 1),
(44932, 55576, 0.1479, 1, 0, 1, 1),
(44932, 55583, 0.0894, 1, 0, 1, 1),
(44932, 55584, 0.1094, 1, 0, 1, 1),
(44932, 55585, 0.131, 1, 0, 1, 1),
(44932, 55592, 0.1125, 1, 0, 1, 1),
(44932, 55593, 0.1032, 1, 0, 1, 1),
(44932, 55594, 0.1402, 1, 0, 1, 1),
(44932, 55601, 0.1156, 1, 0, 1, 1),
(44932, 55602, 0.1002, 1, 0, 1, 1),
(44932, 55603, 0.1048, 1, 0, 1, 1),
(44932, 55610, 0.1032, 1, 0, 1, 1),
(44932, 55611, 0.1187, 1, 0, 1, 1),
(44932, 55612, 0.1371, 1, 0, 1, 1),
(44932, 55619, 0.1202, 1, 0, 1, 1),
(44932, 55620, 0.1187, 1, 0, 1, 1),
(44932, 55621, 0.1479, 1, 0, 1, 1),
(44932, 55628, 0.1233, 1, 0, 1, 1),
(44932, 55629, 0.1217, 1, 0, 1, 1),
(44932, 55630, 0.1017, 1, 0, 1, 1),
(44932, 55637, 0.094, 1, 0, 1, 1),
(44932, 55638, 0.1264, 1, 0, 1, 1),
(44932, 55639, 0.0986, 1, 0, 1, 1),
(44932, 55646, 0.114, 1, 0, 1, 1),
(44932, 55647, 0.1156, 1, 0, 1, 1),
(44932, 55648, 0.0848, 1, 0, 1, 1),
(44932, 55655, 0.0971, 1, 0, 1, 1),
(44932, 55656, 0.1002, 1, 0, 1, 1),
(44932, 55657, 0.077, 1, 0, 1, 1),
(44932, 55664, 0.1264, 1, 0, 1, 1),
(44932, 55665, 0.1649, 1, 0, 1, 1),
(44932, 55666, 0.0878, 1, 0, 1, 1),
(44932, 55673, 0.094, 1, 0, 1, 1),
(44932, 55674, 0.114, 1, 0, 1, 1),
(44932, 55675, 0.2758, 1, 0, 1, 1),
(44932, 55682, 0.1156, 1, 0, 1, 1),
(44932, 55683, 0.1094, 1, 0, 1, 1),
(44932, 55684, 0.111, 1, 0, 1, 1),
(44932, 55691, 0.1171, 1, 0, 1, 1),
(44932, 55692, 0.1002, 1, 0, 1, 1),
(44932, 55693, 0.1002, 1, 0, 1, 1),
(44932, 55700, 0.0971, 1, 0, 1, 1),
(44932, 55701, 0.1063, 1, 0, 1, 1),
(44932, 55702, 0.1603, 1, 0, 1, 1),
(44932, 55709, 0.1664, 1, 0, 1, 1),
(44932, 55710, 0.188, 1, 0, 1, 1),
(44932, 55711, 0.1048, 1, 0, 1, 1),
(44932, 55718, 0.1264, 1, 0, 1, 1),
(44932, 55719, 0.1464, 1, 0, 1, 1),
(44932, 55720, 0.114, 1, 0, 1, 1),
(44932, 55727, 0.1479, 1, 0, 1, 1),
(44932, 55728, 0.2188, 1, 0, 1, 1),
(44932, 55729, 0.1757, 1, 0, 1, 1),
(44932, 55736, 0.2065, 1, 0, 1, 1),
(44932, 55737, 0.1541, 1, 0, 1, 1),
(44932, 55738, 0.2327, 1, 0, 1, 1),
(44932, 55745, 0.1618, 1, 0, 1, 1),
(44932, 55746, 0.1371, 1, 0, 1, 1),
(44932, 55747, 0.131, 1, 0, 1, 1),
(44932, 55754, 0.1541, 1, 0, 1, 1),
(44932, 55755, 0.1649, 1, 0, 1, 1),
(44932, 55756, 0.1587, 1, 0, 1, 1),
(44932, 55763, 0.1433, 1, 0, 1, 1),
(44932, 55764, 0.1572, 1, 0, 1, 1),
(44932, 55765, 0.1556, 1, 0, 1, 1),
(44932, 55772, 0.1572, 1, 0, 1, 1),
(44932, 55773, 0.1664, 1, 0, 1, 1),
(44932, 55774, 0.1556, 1, 0, 1, 1),
(44932, 55881, 1.1111, 1, 0, 1, 1),
(44932, 55882, 1.2004, 1, 0, 1, 1),
(44932, 55884, 1.1172, 1, 0, 1, 1),
(44932, 58256, 3.7, 1, 0, 1, 1),
(44932, 58268, 7.5492, 1, 0, 1, 1),
(44932, 58269, 32.4324, 1, 0, 1, 1),
(44932, 62063, 0.4546, 1, 0, 1, 1),
(44932, 62064, 0.3914, 1, 0, 1, 1),
(44932, 62065, 0.4962, 1, 0, 1, 1),
(44932, 62066, 0.47, 1, 0, 1, 1),
(44932, 62067, 0.3806, 1, 0, 1, 1),
(44932, 62068, 0.45, 1, 0, 1, 1),
(44932, 62069, 0.4546, 1, 0, 1, 1),
(44932, 62070, 0.4084, 1, 0, 1, 1),
(44932, 62071, 0.5763, 1, 0, 1, 1),
(44932, 62072, 0.3698, 1, 0, 1, 1),
(44932, 62073, 0.1678, 1, 0, 1, 1),
(44932, 62075, 0.1664, 1, 0, 1, 1),
(44932, 62076, 0.1972, 1, 0, 1, 1),
(44932, 62077, 0.1926, 1, 0, 1, 1),
(44932, 62079, 0.2157, 1, 0, 1, 1),
(44932, 62080, 0.2219, 1, 0, 1, 1),
(44932, 62081, 0.2835, 1, 0, 1, 1),
(44932, 62082, 0.1849, 1, 0, 1, 1),
(44932, 62083, 0.205, 1, 0, 1, 1),
(44932, 62084, 0.1895, 1, 0, 1, 1),
(44932, 62085, 0.2173, 1, 0, 1, 1),
(44932, 62086, 0.2118, 1, 0, 1, 1),
(44932, 62087, 0.205, 1, 0, 1, 1),
(44932, 62088, 0.2234, 1, 0, 1, 1),
(44932, 62089, 0.1911, 1, 0, 1, 1),
(44932, 62090, 0.2065, 1, 0, 1, 1),
(44932, 62091, 0.1618, 1, 0, 1, 1),
(44932, 62092, 0.1988, 1, 0, 1, 1),
(44932, 62093, 0.1838, 1, 0, 1, 1),
(44932, 62094, 0.1772, 1, 0, 1, 1),
(44932, 62095, 0.1664, 1, 0, 1, 1),
(44932, 62097, 0.2342, 1, 0, 1, 1),
(44932, 62098, 0.1757, 1, 0, 1, 1),
(44932, 62099, 0.1757, 1, 0, 1, 1),
(44932, 62100, 0.2003, 1, 0, 1, 1),
(44932, 62101, 0.1695, 1, 0, 1, 1),
(44932, 62102, 0.208, 1, 0, 1, 1),
(44932, 62105, 0.114, 1, 0, 1, 1),
(44932, 62106, 0.1618, 1, 0, 1, 1),
(44932, 62107, 0.1356, 1, 0, 1, 1),
(44932, 62108, 0.1479, 1, 0, 1, 1),
(44932, 62109, 0.1741, 1, 0, 1, 1),
(44932, 62110, 0.1495, 1, 0, 1, 1),
(44932, 62111, 0.1371, 1, 0, 1, 1),
(44932, 62112, 0.1464, 1, 0, 1, 1),
(44932, 62113, 0.1495, 1, 0, 1, 1),
(44932, 62114, 0.1849, 1, 0, 1, 1),
(44932, 62115, 0.1171, 1, 0, 1, 1),
(44932, 62116, 0.1972, 1, 0, 1, 1),
(44932, 62117, 0.168, 1, 0, 1, 1),
(44932, 62118, 0.1217, 1, 0, 1, 1),
(44932, 62119, 0.1264, 1, 0, 1, 1),
(44932, 62120, 0.0955, 1, 0, 1, 1),
(44932, 62121, 0.1294, 1, 0, 1, 1),
(44932, 62122, 0.1649, 1, 0, 1, 1),
(44932, 62123, 0.1233, 1, 0, 1, 1),
(44932, 62124, 0.1418, 1, 0, 1, 1),
(44932, 62125, 0.1371, 1, 0, 1, 1),
(44932, 62126, 0.1002, 1, 0, 1, 1),
(44932, 62127, 0.1125, 1, 0, 1, 1),
(44932, 62128, 0.1695, 1, 0, 1, 1),
(44932, 62129, 0.1233, 1, 0, 1, 1),
(44932, 62130, 0.1248, 1, 0, 1, 1),
(44932, 62131, 0.1449, 1, 0, 1, 1),
(44932, 62132, 0.1094, 1, 0, 1, 1),
(44932, 62133, 0.1202, 1, 0, 1, 1),
(44932, 62134, 0.1279, 1, 0, 1, 1),
(44932, 62135, 0.1356, 1, 0, 1, 1),
(44932, 62136, 0.1556, 1, 0, 1, 1),
(44932, 63291, 42.4116, 1, 0, 1, 1),
(44932, 63300, 17.4636, 1, 0, 1, 1),
(44932, 63310, 24.1164, 1, 0, 1, 1),
(44932, 63316, 6.237, 1, 0, 1, 1),
(44932, 63317, 37.422, 1, 0, 1, 1),
(44932, 63348, 52.8067, 1, 0, 1, 1),
(44932, 63349, 33.6798, 1, 0, 1, 1),
(44932, 66931, 0.0062, 1, 0, 1, 1),
(44932, 66932, 0.0062, 1, 0, 1, 1),
(44932, 66940, 0.0046, 1, 0, 1, 1),
(44932, 66942, 0.004, 1, 0, 1, 1),
(44932, 66968, 0.0123, 1, 0, 1, 1),
(44932, 66969, 0.0092, 1, 0, 1, 1),
(44932, 66970, 0.0062, 1, 0, 1, 1),
(44932, 66971, 0.008, 1, 0, 1, 1),
(44932, 66972, 0.0077, 1, 0, 1, 1),
(44932, 66973, 0.02, 1, 0, 1, 1),
(44932, 66974, 0.0108, 1, 0, 1, 1),
(44932, 66975, 0.0139, 1, 0, 1, 1),
(44932, 66976, 0.0077, 1, 0, 1, 1),
(44932, 66989, 0.0046, 1, 0, 1, 1),
(44932, 66990, 0.0062, 1, 0, 1, 1),
(44932, 66991, 0.0062, 1, 0, 1, 1),
(44932, 66992, 0.0123, 1, 0, 1, 1),
(44932, 66993, 0.0123, 1, 0, 1, 1),
(44932, 66994, 0.0108, 1, 0, 1, 1),
(44932, 67057, 0.0108, 1, 0, 1, 1),
(44932, 67059, 0.0092, 1, 0, 1, 1),
(44932, 67061, 0.0123, 1, 0, 1, 1),
(44932, 67067, 0.0077, 1, 0, 1, 1),
(44932, 67069, 0.017, 1, 0, 1, 1),
(44932, 67071, 0.0123, 1, 0, 1, 1),
(44932, 67119, 0.0139, 1, 0, 1, 1),
(44932, 67120, 0.0092, 1, 0, 1, 1),
(44932, 67121, 0.0046, 1, 0, 1, 1),
(44932, 67122, 0.0077, 1, 0, 1, 1),
(44932, 67123, 0.0108, 1, 0, 1, 1),
(44932, 67124, 0.004, 1, 0, 1, 1),
(44932, 67125, 0.008, 1, 0, 1, 1),
(44932, 67130, 0.0015, 1, 0, 1, 1),
(44932, 67132, 0.0108, 1, 0, 1, 1),
(44932, 67133, 0.0015, 1, 0, 1, 1),
(44932, 67135, 0.0015, 1, 0, 1, 1),
(44932, 67136, 0.0031, 1, 0, 1, 1),
(44932, 67138, 0.0046, 1, 0, 1, 1),
(44932, 67139, 0.0015, 1, 0, 1, 1),
(44932, 67140, 0.0015, 1, 0, 1, 1),
(44932, 67142, 0.0015, 1, 0, 1, 1),
(44932, 67143, 0.0046, 1, 0, 1, 1),
(44932, 67144, 0.0015, 1, 0, 1, 1),
(44932, 67145, 0.0031, 1, 0, 1, 1),
(44932, 67146, 0.0123, 1, 0, 1, 1),
(44932, 67147, 0.0062, 1, 0, 1, 1),
(44932, 67150, 0.0015, 1, 0, 1, 1),
(44932, 67539, 0.0599, 1, 0, 1, 1),
(44932, 68197, 4.9, 1, 0, 1, 2),
(44932, 68198, 14.8, 1, 0, 1, 2),
(44932, 68729, 0.7166, 1, 0, 1, 1),
(44932, 68783, 0.0062, 1, 0, 1, 1),
(44932, 68788, 0.0062, 1, 0, 1, 1);

DELETE FROM `pickpocketing_loot_template` WHERE (`entry`=44932);
INSERT INTO `pickpocketing_loot_template` VALUES 
(44932, 58269, 17.3213, 1, 0, 1, 1),
(44932, 63291, 22.4377, 1, 0, 1, 1),
(44932, 63300, 9.1413, 1, 0, 1, 1),
(44932, 63310, 12.2576, 1, 0, 1, 1),
(44932, 63316, 2.6316, 1, 0, 1, 1),
(44932, 63317, 20.5679, 1, 0, 1, 1),
(44932, 63318, 0.4848, 1, 0, 1, 1),
(44932, 63348, 22.9224, 1, 0, 1, 1),
(44932, 63349, 33.6798, 1, 0, 1, 1);

REPLACE INTO `creature_template` (`entry`, `difficulty_entry_1`, `difficulty_entry_2`, `difficulty_entry_3`, `KillCredit1`, `KillCredit2`, `modelid1`, `modelid2`, `modelid3`, `modelid4`, `name`, `subname`, `IconName`, `gossip_menu_id`, `minlevel`, `maxlevel`, `exp`, `faction_A`, `faction_H`, `npcflag`, `speed_walk`, `speed_run`, `scale`, `rank`, `mindmg`, `maxdmg`, `dmgschool`, `attackpower`, `dmg_multiplier`, `baseattacktime`, `rangeattacktime`, `unit_class`, `unit_flags`, `unit_flags2`, `dynamicflags`, `family`, `trainer_type`, `trainer_spell`, `trainer_class`, `trainer_race`, `minrangedmg`, `maxrangedmg`, `rangedattackpower`, `type`, `type_flags`, `lootid`, `pickpocketloot`, `skinloot`, `resistance1`, `resistance2`, `resistance3`, `resistance4`, `resistance5`, `resistance6`, `spell1`, `spell2`, `spell3`, `spell4`, `spell5`, `spell6`, `spell7`, `spell8`, `PetSpellDataId`, `VehicleId`, `mingold`, `maxgold`, `AIName`, `MovementType`, `InhabitType`, `HoverHeight`, `Health_mod`, `Mana_mod`, `Armor_mod`, `RacialLeader`, `questItem1`, `questItem2`, `questItem3`, `questItem4`, `questItem5`, `questItem6`, `movementId`, `RegenHealth`, `mechanic_immune_mask`, `flags_extra`, `ScriptName`, `WDBVerified`) VALUES (49323, 0, 0, 0, 0, 0, 34741, 0, 0, 0, 'Oathsworn Pathfinder (1)', '', '', 0, 85, 85, 3, 16, 16, 0, 0.666668, 1.14286, 1, 1, 1007, 1354.7, 0, 1571, 13, 1400, 0, 1, 0, 0, 0, 0, 0, 0, 0, 0, 758.1, 1062.1, 220, 7, 72, 44932, 0, 0, 0, 0, 0, 0, 0, 0, 0, 0, 0, 0, 0, 0, 0, 0, 0, 0, 15, 33, '', 1, 1, 1, 4.25, 7, 1, 0, 0, 0, 0, 0, 0, 0, 0, 1, 1048576, 0, '', 1);

REPLACE INTO `creature_template` (`entry`, `difficulty_entry_1`, `difficulty_entry_2`, `difficulty_entry_3`, `KillCredit1`, `KillCredit2`, `modelid1`, `modelid2`, `modelid3`, `modelid4`, `name`, `subname`, `IconName`, `gossip_menu_id`, `minlevel`, `maxlevel`, `exp`, `faction_A`, `faction_H`, `npcflag`, `speed_walk`, `speed_run`, `scale`, `rank`, `mindmg`, `maxdmg`, `dmgschool`, `attackpower`, `dmg_multiplier`, `baseattacktime`, `rangeattacktime`, `unit_class`, `unit_flags`, `unit_flags2`, `dynamicflags`, `family`, `trainer_type`, `trainer_spell`, `trainer_class`, `trainer_race`, `minrangedmg`, `maxrangedmg`, `rangedattackpower`, `type`, `type_flags`, `lootid`, `pickpocketloot`, `skinloot`, `resistance1`, `resistance2`, `resistance3`, `resistance4`, `resistance5`, `resistance6`, `spell1`, `spell2`, `spell3`, `spell4`, `spell5`, `spell6`, `spell7`, `spell8`, `PetSpellDataId`, `VehicleId`, `mingold`, `maxgold`, `AIName`, `MovementType`, `InhabitType`, `HoverHeight`, `Health_mod`, `Mana_mod`, `Armor_mod`, `RacialLeader`, `questItem1`, `questItem2`, `questItem3`, `questItem4`, `questItem5`, `questItem6`, `movementId`, `RegenHealth`, `mechanic_immune_mask`, `flags_extra`, `ScriptName`, `WDBVerified`) VALUES (44981, 49327, 49327, 0, 0, 0, 35828, 0, 0, 0, 'Oathsworn Skinner', '', '', 0, 85, 85, 3, 16, 16, 0, 0.666668, 1.14286, 1, 1, 1007, 1354.7, 0, 1571, 7.5, 2000, 0, 1, 32832, 0, 0, 0, 0, 0, 0, 0, 758.1, 1062.1, 220, 7, 72, 44981, 44981, 0, 0, 0, 0, 0, 0, 0, 82789, 90034, 84031, 0, 0, 0, 0, 0, 0, 0, 15, 33, 'SmartAI', 1, 1, 1, 4, 1, 1, 0, 0, 0, 0, 0, 0, 0, 0, 1, 1048576, 0, '', 1);

DELETE FROM `smart_scripts` WHERE (`entryorguid`=44981 AND `source_type`=0);
INSERT INTO `smart_scripts` (`entryorguid`, `source_type`, `id`, `link`, `event_type`, `event_phase_mask`, `event_chance`, `event_flags`, `event_param1`, `event_param2`, `event_param3`, `event_param4`, `action_type`, `action_param1`, `action_param2`, `action_param3`, `action_param4`, `action_param5`, `action_param6`, `target_type`, `target_param1`, `target_param2`, `target_param3`, `target_x`, `target_y`, `target_z`, `target_o`, `comment`) VALUES 
(44981, 0, 0, 0, 0, 0, 100, 0, 2000, 4000, 4000, 8000, 11, 84031, 0, 0, 0, 0, 0, 2, 0, 0, 0, 0, 0, 0, 0, "Oathsworn Skinner cast Spinal Pierce"),
(44981, 0, 1, 0, 0, 0, 100, 0, 2000, 5000, 5000, 15000, 11, 82789, 0, 0, 0, 0, 0, 1, 0, 0, 0, 0, 0, 0, 0, "Oathsworn Skinner cast Fan of Knives");

DELETE FROM `creature_loot_template` WHERE (`entry`=44981);
INSERT INTO `creature_loot_template` VALUES 
(44981, 6532, 0.0003, 1, 0, 1, 1),
(44981, 52363, 0.0066, 1, 0, 1, 1),
(44981, 52364, 0.0066, 1, 0, 1, 1),
(44981, 52365, 0.0066, 1, 0, 1, 1),
(44981, 52367, 0.0077, 1, 0, 1, 1),
(44981, 52368, 0.0074, 1, 0, 1, 1),
(44981, 52369, 0.0066, 1, 0, 1, 1),
(44981, 52370, 0.0155, 1, 0, 1, 1),
(44981, 52371, 0.0081, 1, 0, 1, 1),
(44981, 52372, 0.0251, 1, 0, 1, 1),
(44981, 52373, 0.0066, 1, 0, 1, 1),
(44981, 52374, 0.007, 1, 0, 1, 1),
(44981, 52375, 0.0066, 1, 0, 1, 1),
(44981, 52377, 0.0103, 1, 0, 1, 1),
(44981, 52378, 0.0081, 1, 0, 1, 1),
(44981, 52379, 0.0057, 1, 0, 1, 1),
(44981, 52382, 0.0063, 1, 0, 1, 1),
(44981, 52385, 0.0047, 1, 0, 1, 1),
(44981, 52388, 0.0066, 1, 0, 1, 1),
(44981, 52494, 0.0037, 1, 0, 1, 1),
(44981, 52496, 0.0033, 1, 0, 1, 1),
(44981, 52719, 0.0247, 1, 0, 1, 1),
(44981, 53010, 37.4, 1, 0, 1, 6),
(44981, 55286, 0.0707, 1, 0, 1, 1),
(44981, 55287, 0.0571, 1, 0, 1, 1),
(44981, 55288, 0.0516, 1, 0, 1, 1),
(44981, 55295, 0.0593, 1, 0, 1, 1),
(44981, 55296, 0.0903, 1, 0, 1, 1),
(44981, 55297, 0.0652, 1, 0, 1, 1),
(44981, 55304, 0.0133, 1, 0, 1, 1),
(44981, 55305, 0.0151, 1, 0, 1, 1),
(44981, 55306, 0.0099, 1, 0, 1, 1),
(44981, 55313, 0.0718, 1, 0, 1, 1),
(44981, 55314, 0.0869, 1, 0, 1, 1),
(44981, 55315, 0.0741, 1, 0, 1, 1),
(44981, 55322, 0.0092, 1, 0, 1, 1),
(44981, 55323, 0.0144, 1, 0, 1, 1),
(44981, 55324, 0.0155, 1, 0, 1, 1),
(44981, 55331, 0.07, 1, 0, 1, 1),
(44981, 55332, 0.0678, 1, 0, 1, 1),
(44981, 55333, 0.0678, 1, 0, 1, 1),
(44981, 55340, 0.0479, 1, 0, 1, 1),
(44981, 55341, 0.0416, 1, 0, 1, 1),
(44981, 55342, 0.0361, 1, 0, 1, 1),
(44981, 55349, 0.088, 1, 0, 1, 1),
(44981, 55350, 0.0766, 1, 0, 1, 1),
(44981, 55351, 0.084, 1, 0, 1, 1),
(44981, 55358, 0.0122, 1, 0, 1, 1),
(44981, 55359, 0.0099, 1, 0, 1, 1),
(44981, 55360, 0.0133, 1, 0, 1, 1),
(44981, 55367, 0.1378, 1, 0, 1, 1),
(44981, 55368, 0.1378, 1, 0, 1, 1),
(44981, 55369, 0.1179, 1, 0, 1, 1),
(44981, 55376, 0.0781, 1, 0, 1, 1),
(44981, 55377, 0.0866, 1, 0, 1, 1),
(44981, 55378, 0.0792, 1, 0, 1, 1),
(44981, 55385, 0.0844, 1, 0, 1, 1),
(44981, 55386, 0.0715, 1, 0, 1, 1),
(44981, 55387, 0.0682, 1, 0, 1, 1),
(44981, 55394, 0.0409, 1, 0, 1, 1),
(44981, 55395, 0.0601, 1, 0, 1, 1),
(44981, 55396, 0.0501, 1, 0, 1, 1),
(44981, 55403, 0.1698, 1, 0, 1, 1),
(44981, 55404, 0.1816, 1, 0, 1, 1),
(44981, 55405, 0.1824, 1, 0, 1, 1),
(44981, 55412, 0.0519, 1, 0, 1, 1),
(44981, 55413, 0.0527, 1, 0, 1, 1),
(44981, 55414, 0.0442, 1, 0, 1, 1),
(44981, 55421, 0.3481, 1, 0, 1, 1),
(44981, 55422, 0.3485, 1, 0, 1, 1),
(44981, 55423, 0.3592, 1, 0, 1, 1),
(44981, 55430, 0.0917, 1, 0, 1, 1),
(44981, 55431, 0.0969, 1, 0, 1, 1),
(44981, 55432, 0.0781, 1, 0, 1, 1),
(44981, 55439, 0.2612, 1, 0, 1, 1),
(44981, 55440, 0.2848, 1, 0, 1, 1),
(44981, 55441, 0.2763, 1, 0, 1, 1),
(44981, 55448, 0.0442, 1, 0, 1, 1),
(44981, 55449, 0.0508, 1, 0, 1, 1),
(44981, 55450, 0.0472, 1, 0, 1, 1),
(44981, 55457, 0.0755, 1, 0, 1, 1),
(44981, 55458, 0.0774, 1, 0, 1, 1),
(44981, 55459, 0.0715, 1, 0, 1, 1),
(44981, 55466, 0.0553, 1, 0, 1, 1),
(44981, 55467, 0.0372, 1, 0, 1, 1),
(44981, 55468, 0.0468, 1, 0, 1, 1),
(44981, 55475, 0.0125, 1, 0, 1, 1),
(44981, 55476, 0.007, 1, 0, 1, 1),
(44981, 55477, 0.0088, 1, 0, 1, 1),
(44981, 55484, 0.165, 1, 0, 1, 1),
(44981, 55485, 0.1779, 1, 0, 1, 1),
(44981, 55486, 0.179, 1, 0, 1, 1),
(44981, 55493, 0.1219, 1, 0, 1, 1),
(44981, 55494, 0.1293, 1, 0, 1, 1),
(44981, 55495, 0.1345, 1, 0, 1, 1),
(44981, 55502, 0.1087, 1, 0, 1, 1),
(44981, 55503, 0.1234, 1, 0, 1, 1),
(44981, 55504, 0.1105, 1, 0, 1, 1),
(44981, 55511, 0.1083, 1, 0, 1, 1),
(44981, 55512, 0.1223, 1, 0, 1, 1),
(44981, 55513, 0.1061, 1, 0, 1, 1),
(44981, 55520, 0.1079, 1, 0, 1, 1),
(44981, 55521, 0.1382, 1, 0, 1, 1),
(44981, 55522, 0.1378, 1, 0, 1, 1),
(44981, 55529, 0.133, 1, 0, 1, 1),
(44981, 55530, 0.1312, 1, 0, 1, 1),
(44981, 55531, 0.1201, 1, 0, 1, 1),
(44981, 55538, 0.1348, 1, 0, 1, 1),
(44981, 55539, 0.1341, 1, 0, 1, 1),
(44981, 55540, 0.1168, 1, 0, 1, 1),
(44981, 55547, 0.1547, 1, 0, 1, 1),
(44981, 55548, 0.161, 1, 0, 1, 1),
(44981, 55549, 0.1249, 1, 0, 1, 1),
(44981, 55556, 0.116, 1, 0, 1, 1),
(44981, 55557, 0.1363, 1, 0, 1, 1),
(44981, 55558, 0.1098, 1, 0, 1, 1),
(44981, 55565, 0.1102, 1, 0, 1, 1),
(44981, 55566, 0.1094, 1, 0, 1, 1),
(44981, 55567, 0.1087, 1, 0, 1, 1),
(44981, 55574, 0.1238, 1, 0, 1, 1),
(44981, 55575, 0.116, 1, 0, 1, 1),
(44981, 55576, 0.123, 1, 0, 1, 1),
(44981, 55583, 0.1039, 1, 0, 1, 1),
(44981, 55584, 0.1127, 1, 0, 1, 1),
(44981, 55585, 0.1411, 1, 0, 1, 1),
(44981, 55592, 0.1308, 1, 0, 1, 1),
(44981, 55593, 0.1433, 1, 0, 1, 1),
(44981, 55594, 0.1614, 1, 0, 1, 1),
(44981, 55601, 0.1205, 1, 0, 1, 1),
(44981, 55602, 0.1234, 1, 0, 1, 1),
(44981, 55603, 0.1197, 1, 0, 1, 1),
(44981, 55610, 0.1146, 1, 0, 1, 1),
(44981, 55611, 0.1315, 1, 0, 1, 1),
(44981, 55612, 0.1212, 1, 0, 1, 1),
(44981, 55619, 0.1138, 1, 0, 1, 1),
(44981, 55620, 0.1286, 1, 0, 1, 1),
(44981, 55621, 0.1234, 1, 0, 1, 1),
(44981, 55628, 0.1496, 1, 0, 1, 1),
(44981, 55629, 0.1153, 1, 0, 1, 1),
(44981, 55630, 0.1157, 1, 0, 1, 1),
(44981, 55637, 0.1142, 1, 0, 1, 1),
(44981, 55638, 0.1131, 1, 0, 1, 1),
(44981, 55639, 0.1407, 1, 0, 1, 1),
(44981, 55646, 0.1094, 1, 0, 1, 1),
(44981, 55647, 0.1149, 1, 0, 1, 1),
(44981, 55648, 0.1068, 1, 0, 1, 1),
(44981, 55655, 0.1183, 1, 0, 1, 1),
(44981, 55656, 0.1113, 1, 0, 1, 1),
(44981, 55657, 0.1164, 1, 0, 1, 1),
(44981, 55664, 0.1149, 1, 0, 1, 1),
(44981, 55665, 0.1256, 1, 0, 1, 1),
(44981, 55666, 0.1312, 1, 0, 1, 1),
(44981, 55673, 0.1186, 1, 0, 1, 1),
(44981, 55674, 0.1393, 1, 0, 1, 1),
(44981, 55675, 0.1179, 1, 0, 1, 1),
(44981, 55682, 0.1102, 1, 0, 1, 1),
(44981, 55683, 0.1205, 1, 0, 1, 1),
(44981, 55684, 0.1219, 1, 0, 1, 1),
(44981, 55691, 0.1345, 1, 0, 1, 1),
(44981, 55692, 0.1315, 1, 0, 1, 1),
(44981, 55693, 0.1448, 1, 0, 1, 1),
(44981, 55700, 0.1083, 1, 0, 1, 1),
(44981, 55701, 0.133, 1, 0, 1, 1),
(44981, 55702, 0.1046, 1, 0, 1, 1),
(44981, 55709, 0.1507, 1, 0, 1, 1),
(44981, 55710, 0.1647, 1, 0, 1, 1),
(44981, 55711, 0.1396, 1, 0, 1, 1),
(44981, 55718, 0.1809, 1, 0, 1, 1),
(44981, 55719, 0.1687, 1, 0, 1, 1),
(44981, 55720, 0.1743, 1, 0, 1, 1),
(44981, 55727, 0.1647, 1, 0, 1, 1),
(44981, 55728, 0.1724, 1, 0, 1, 1),
(44981, 55729, 0.1676, 1, 0, 1, 1),
(44981, 55736, 0.1588, 1, 0, 1, 1),
(44981, 55737, 0.1503, 1, 0, 1, 1),
(44981, 55738, 0.1743, 1, 0, 1, 1),
(44981, 55745, 0.161, 1, 0, 1, 1),
(44981, 55746, 0.1875, 1, 0, 1, 1),
(44981, 55747, 0.1735, 1, 0, 1, 1),
(44981, 55754, 0.1875, 1, 0, 1, 1),
(44981, 55755, 0.1967, 1, 0, 1, 1),
(44981, 55756, 0.186, 1, 0, 1, 1),
(44981, 55763, 0.1857, 1, 0, 1, 1),
(44981, 55764, 0.1732, 1, 0, 1, 1),
(44981, 55765, 0.1625, 1, 0, 1, 1),
(44981, 55772, 0.1533, 1, 0, 1, 1),
(44981, 55773, 0.1779, 1, 0, 1, 1),
(44981, 55774, 0.1625, 1, 0, 1, 1),
(44981, 55881, 1.0761, 1, 0, 1, 1),
(44981, 55882, 1.1336, 1, 0, 1, 1),
(44981, 55884, 1.0813, 1, 0, 1, 1),
(44981, 58256, 4, 1, 0, 1, 1),
(44981, 58268, 7.449, 1, 0, 1, 1),
(44981, 58269, 32.9741, 1, 0, 1, 1),
(44981, 62063, 0.4347, 1, 0, 1, 1),
(44981, 62064, 0.4008, 1, 0, 1, 1),
(44981, 62065, 0.4332, 1, 0, 1, 1),
(44981, 62066, 0.4432, 1, 0, 1, 1),
(44981, 62067, 0.4093, 1, 0, 1, 1),
(44981, 62068, 0.4237, 1, 0, 1, 1),
(44981, 62069, 0.4071, 1, 0, 1, 1),
(44981, 62070, 0.4082, 1, 0, 1, 1),
(44981, 62071, 0.4159, 1, 0, 1, 1),
(44981, 62072, 0.3603, 1, 0, 1, 1),
(44981, 62073, 0.1853, 1, 0, 1, 1),
(44981, 62074, 0.1835, 1, 0, 1, 1),
(44981, 62075, 0.1872, 1, 0, 1, 1),
(44981, 62076, 0.1868, 1, 0, 1, 1),
(44981, 62077, 0.2015, 1, 0, 1, 1),
(44981, 62078, 0.188, 1, 0, 1, 1),
(44981, 62079, 0.1813, 1, 0, 1, 1),
(44981, 62080, 0.1739, 1, 0, 1, 1),
(44981, 62081, 0.1853, 1, 0, 1, 1),
(44981, 62082, 0.1934, 1, 0, 1, 1),
(44981, 62083, 0.2336, 1, 0, 1, 1),
(44981, 62084, 0.1982, 1, 0, 1, 1),
(44981, 62085, 0.1809, 1, 0, 1, 1),
(44981, 62086, 0.2023, 1, 0, 1, 1),
(44981, 62087, 0.1879, 1, 0, 1, 1),
(44981, 62088, 0.1938, 1, 0, 1, 1),
(44981, 62089, 0.1647, 1, 0, 1, 1),
(44981, 62090, 0.1647, 1, 0, 1, 1),
(44981, 62091, 0.1897, 1, 0, 1, 1),
(44981, 62092, 0.2004, 1, 0, 1, 1),
(44981, 62093, 0.1923, 1, 0, 1, 1),
(44981, 62094, 0.1772, 1, 0, 1, 1),
(44981, 62095, 0.1754, 1, 0, 1, 1),
(44981, 62096, 0.1993, 1, 0, 1, 1),
(44981, 62097, 0.221, 1, 0, 1, 1),
(44981, 62098, 0.1779, 1, 0, 1, 1),
(44981, 62099, 0.1964, 1, 0, 1, 1),
(44981, 62100, 0.1625, 1, 0, 1, 1),
(44981, 62101, 0.1849, 1, 0, 1, 1),
(44981, 62102, 0.1967, 1, 0, 1, 1),
(44981, 62103, 0.1636, 1, 0, 1, 1),
(44981, 62104, 0.1452, 1, 0, 1, 1),
(44981, 62105, 0.1286, 1, 0, 1, 1),
(44981, 62106, 0.1264, 1, 0, 1, 1),
(44981, 62107, 0.1234, 1, 0, 1, 1),
(44981, 62108, 0.1404, 1, 0, 1, 1),
(44981, 62109, 0.1234, 1, 0, 1, 1),
(44981, 62110, 0.1363, 1, 0, 1, 1),
(44981, 62111, 0.1555, 1, 0, 1, 1),
(44981, 62112, 0.1496, 1, 0, 1, 1),
(44981, 62113, 0.1544, 1, 0, 1, 1),
(44981, 62114, 0.1337, 1, 0, 1, 1),
(44981, 62115, 0.1334, 1, 0, 1, 1),
(44981, 62116, 0.1135, 1, 0, 1, 1),
(44981, 62117, 0.1474, 1, 0, 1, 1),
(44981, 62118, 0.1289, 1, 0, 1, 1),
(44981, 62119, 0.1219, 1, 0, 1, 1),
(44981, 62120, 0.126, 1, 0, 1, 1),
(44981, 62121, 0.1356, 1, 0, 1, 1),
(44981, 62122, 0.1628, 1, 0, 1, 1),
(44981, 62123, 0.1592, 1, 0, 1, 1),
(44981, 62124, 0.1514, 1, 0, 1, 1),
(44981, 62125, 0.1315, 1, 0, 1, 1),
(44981, 62126, 0.1485, 1, 0, 1, 1),
(44981, 62127, 0.119, 1, 0, 1, 1),
(44981, 62128, 0.1319, 1, 0, 1, 1),
(44981, 62129, 0.1219, 1, 0, 1, 1),
(44981, 62130, 0.13, 1, 0, 1, 1),
(44981, 62131, 0.1448, 1, 0, 1, 1),
(44981, 62132, 0.1227, 1, 0, 1, 1),
(44981, 62133, 0.1253, 1, 0, 1, 1),
(44981, 62134, 0.13, 1, 0, 1, 1),
(44981, 62135, 0.1463, 1, 0, 1, 1),
(44981, 62136, 0.1374, 1, 0, 1, 1),
(44981, 63291, 40.3017, 1, 0, 1, 1),
(44981, 63300, 15.194, 1, 0, 1, 1),
(44981, 63310, 17.4569, 1, 0, 1, 1),
(44981, 63316, 10.0216, 1, 0, 1, 1),
(44981, 63317, 44.3966, 1, 0, 1, 1),
(44981, 63318, 3.3405, 1, 0, 1, 1),
(44981, 63348, 48.4914, 1, 0, 1, 1),
(44981, 63349, 39.0086, 1, 0, 1, 1),
(44981, 66931, 0.0077, 1, 0, 1, 1),
(44981, 66932, 0.0133, 1, 0, 1, 1),
(44981, 66940, 0.0103, 1, 0, 1, 1),
(44981, 66941, 0.0052, 1, 0, 1, 1),
(44981, 66942, 0.0111, 1, 0, 1, 1),
(44981, 66968, 0.0262, 1, 0, 1, 1),
(44981, 66969, 0.0177, 1, 0, 1, 1),
(44981, 66970, 0.0099, 1, 0, 1, 1),
(44981, 66971, 0.0059, 1, 0, 1, 1),
(44981, 66972, 0.0129, 1, 0, 1, 1),
(44981, 66973, 0.0173, 1, 0, 1, 1),
(44981, 66974, 0.0055, 1, 0, 1, 1),
(44981, 66975, 0.0114, 1, 0, 1, 1),
(44981, 66976, 0.0088, 1, 0, 1, 1),
(44981, 66989, 0.0081, 1, 0, 1, 1),
(44981, 66990, 0.0166, 1, 0, 1, 1),
(44981, 66991, 0.0107, 1, 0, 1, 1),
(44981, 66992, 0.0088, 1, 0, 1, 1),
(44981, 66993, 0.0111, 1, 0, 1, 1),
(44981, 66994, 0.0088, 1, 0, 1, 1),
(44981, 67057, 0.0059, 1, 0, 1, 1),
(44981, 67059, 0.0088, 1, 0, 1, 1),
(44981, 67061, 0.0155, 1, 0, 1, 1),
(44981, 67067, 0.0092, 1, 0, 1, 1),
(44981, 67069, 0.0103, 1, 0, 1, 1),
(44981, 67071, 0.0085, 1, 0, 1, 1),
(44981, 67119, 0.0063, 1, 0, 1, 1),
(44981, 67120, 0.0136, 1, 0, 1, 1),
(44981, 67121, 0.0151, 1, 0, 1, 1),
(44981, 67122, 0.0085, 1, 0, 1, 1),
(44981, 67123, 0.0096, 1, 0, 1, 1),
(44981, 67124, 0.0133, 1, 0, 1, 1),
(44981, 67125, 0.0114, 1, 0, 1, 1),
(44981, 67126, 0.0088, 1, 0, 1, 1),
(44981, 67127, 0.0077, 1, 0, 1, 1),
(44981, 67130, 0.0041, 1, 0, 1, 1),
(44981, 67131, 0.0029, 1, 0, 1, 1),
(44981, 67132, 0.0033, 1, 0, 1, 1),
(44981, 67133, 0.0026, 1, 0, 1, 1),
(44981, 67134, 0.0009, 1, 0, 1, 1),
(44981, 67135, 0.0041, 1, 0, 1, 1),
(44981, 67136, 0.0055, 1, 0, 1, 1),
(44981, 67137, 0.0029, 1, 0, 1, 1),
(44981, 67138, 0.0015, 1, 0, 1, 1),
(44981, 67139, 0.0041, 1, 0, 1, 1),
(44981, 67140, 0.0041, 1, 0, 1, 1),
(44981, 67141, 0.0026, 1, 0, 1, 1),
(44981, 67142, 0.0048, 1, 0, 1, 1),
(44981, 67143, 0.0015, 1, 0, 1, 1),
(44981, 67144, 0.0022, 1, 0, 1, 1),
(44981, 67145, 0.0033, 1, 0, 1, 1),
(44981, 67146, 0.0122, 1, 0, 1, 1),
(44981, 67147, 0.0009, 1, 0, 1, 1),
(44981, 67148, 0.0055, 1, 0, 1, 1),
(44981, 67149, 0.0048, 1, 0, 1, 1),
(44981, 67150, 0.0022, 1, 0, 1, 1),
(44981, 67411, 0.0004, 1, 0, 1, 1),
(44981, 68197, 5.6, 1, 0, 1, 2),
(44981, 68198, 15.3, 1, 0, 1, 2),
(44981, 68729, 0.7383, 1, 0, 1, 1),
(44981, 68781, 0.0033, 1, 0, 1, 1),
(44981, 68782, 0.0044, 1, 0, 1, 1),
(44981, 68787, 0.0029, 1, 0, 1, 1),
(44981, 68788, 0.0022, 1, 0, 1, 1),
(44981, 68789, 0.0044, 1, 0, 1, 1),
(44981, 69820, 0.0026, 1, 0, 1, 1);

DELETE FROM `pickpocketing_loot_template` WHERE (`entry`=44981);
INSERT INTO `pickpocketing_loot_template` VALUES 
(44981, 58269, 16.4392, 1, 0, 1, 1),
(44981, 63291, 21.351, 1, 0, 1, 1),
(44981, 63300, 8.3233, 1, 0, 1, 1),
(44981, 63310, 9.564, 1, 0, 1, 1),
(44981, 63316, 3.6533, 1, 0, 1, 1),
(44981, 63317, 22.0403, 1, 0, 1, 1),
(44981, 63318, 1.3786, 1, 0, 1, 1),
(44981, 63348, 22.5228, 1, 0, 1, 1),
(44981, 63349, 39.0086, 1, 0, 1, 1);

REPLACE INTO `creature_template` (`entry`, `difficulty_entry_1`, `difficulty_entry_2`, `difficulty_entry_3`, `KillCredit1`, `KillCredit2`, `modelid1`, `modelid2`, `modelid3`, `modelid4`, `name`, `subname`, `IconName`, `gossip_menu_id`, `minlevel`, `maxlevel`, `exp`, `faction_A`, `faction_H`, `npcflag`, `speed_walk`, `speed_run`, `scale`, `rank`, `mindmg`, `maxdmg`, `dmgschool`, `attackpower`, `dmg_multiplier`, `baseattacktime`, `rangeattacktime`, `unit_class`, `unit_flags`, `unit_flags2`, `dynamicflags`, `family`, `trainer_type`, `trainer_spell`, `trainer_class`, `trainer_race`, `minrangedmg`, `maxrangedmg`, `rangedattackpower`, `type`, `type_flags`, `lootid`, `pickpocketloot`, `skinloot`, `resistance1`, `resistance2`, `resistance3`, `resistance4`, `resistance5`, `resistance6`, `spell1`, `spell2`, `spell3`, `spell4`, `spell5`, `spell6`, `spell7`, `spell8`, `PetSpellDataId`, `VehicleId`, `mingold`, `maxgold`, `AIName`, `MovementType`, `InhabitType`, `HoverHeight`, `Health_mod`, `Mana_mod`, `Armor_mod`, `RacialLeader`, `questItem1`, `questItem2`, `questItem3`, `questItem4`, `questItem5`, `questItem6`, `movementId`, `RegenHealth`, `mechanic_immune_mask`, `flags_extra`, `ScriptName`, `WDBVerified`) VALUES (49327, 0, 0, 0, 0, 0, 35828, 0, 0, 0, 'Oathsworn Skinner (1)', '', '', 0, 85, 85, 3, 16, 16, 0, 0.666668, 1.14286, 1, 1, 1007, 1354.7, 0, 1571, 13, 1400, 0, 1, 32832, 0, 0, 0, 0, 0, 0, 0, 758.1, 1062.1, 220, 7, 72, 44981, 0, 0, 0, 0, 0, 0, 0, 0, 0, 0, 0, 0, 0, 0, 0, 0, 0, 0, 15, 33, '', 1, 1, 1, 4.25, 7, 1, 0, 0, 0, 0, 0, 0, 0, 0, 1, 1048576, 0, '', 1);

REPLACE INTO `creature_template` (`entry`, `difficulty_entry_1`, `difficulty_entry_2`, `difficulty_entry_3`, `KillCredit1`, `KillCredit2`, `modelid1`, `modelid2`, `modelid3`, `modelid4`, `name`, `subname`, `IconName`, `gossip_menu_id`, `minlevel`, `maxlevel`, `exp`, `faction_A`, `faction_H`, `npcflag`, `speed_walk`, `speed_run`, `scale`, `rank`, `mindmg`, `maxdmg`, `dmgschool`, `attackpower`, `dmg_multiplier`, `baseattacktime`, `rangeattacktime`, `unit_class`, `unit_flags`, `unit_flags2`, `dynamicflags`, `family`, `trainer_type`, `trainer_spell`, `trainer_class`, `trainer_race`, `minrangedmg`, `maxrangedmg`, `rangedattackpower`, `type`, `type_flags`, `lootid`, `pickpocketloot`, `skinloot`, `resistance1`, `resistance2`, `resistance3`, `resistance4`, `resistance5`, `resistance6`, `spell1`, `spell2`, `spell3`, `spell4`, `spell5`, `spell6`, `spell7`, `spell8`, `PetSpellDataId`, `VehicleId`, `mingold`, `maxgold`, `AIName`, `MovementType`, `InhabitType`, `HoverHeight`, `Health_mod`, `Mana_mod`, `Armor_mod`, `RacialLeader`, `questItem1`, `questItem2`, `questItem3`, `questItem4`, `questItem5`, `questItem6`, `movementId`, `RegenHealth`, `mechanic_immune_mask`, `flags_extra`, `ScriptName`, `WDBVerified`) VALUES (44922, 49319, 49319, 0, 0, 0, 35831, 0, 0, 0, 'Oathsworn Axemaster', '', '', 0, 85, 85, 3, 16, 16, 0, 0.666668, 1.14286, 1, 1, 1007, 1354.7, 0, 1571, 7.5, 2000, 0, 1, 0, 0, 0, 0, 0, 0, 0, 0, 758.1, 1062.1, 220, 7, 72, 44922, 44922, 0, 0, 0, 0, 0, 0, 0, 84256, 82763, 0, 0, 0, 0, 0, 0, 0, 0, 15, 33, 'SmartAI', 1, 1, 1, 4, 1, 1, 0, 0, 0, 0, 0, 0, 0, 0, 1, 1048576, 0, '', 1);

DELETE FROM `creature_loot_template` WHERE (`entry`=44922);
INSERT INTO `creature_loot_template` VALUES 
(44922, 52363, 0.0057, 1, 0, 1, 1),
(44922, 52364, 0.0068, 1, 0, 1, 1),
(44922, 52366, 0.0056, 1, 0, 1, 1),
(44922, 52367, 0.0057, 1, 0, 1, 1),
(44922, 52369, 0.0079, 1, 0, 1, 1),
(44922, 52372, 0.0147, 1, 0, 1, 1),
(44922, 52373, 0.0057, 1, 0, 1, 1),
(44922, 52374, 0.0071, 1, 0, 1, 1),
(44922, 52375, 0.0062, 1, 0, 1, 1),
(44922, 52376, 0.0068, 1, 0, 1, 1),
(44922, 52377, 0.0102, 1, 0, 1, 1),
(44922, 52378, 0.0071, 1, 0, 1, 1),
(44922, 52379, 0.0068, 1, 0, 1, 1),
(44922, 52382, 0.0062, 1, 0, 1, 1),
(44922, 52386, 0.0062, 1, 0, 1, 1),
(44922, 52388, 0.0043, 1, 0, 1, 1),
(44922, 52494, 0.0043, 1, 0, 1, 1),
(44922, 52495, 0.0028, 1, 0, 1, 1),
(44922, 52719, 0.0426, 1, 0, 1, 1),
(44922, 53010, 37.8, 1, 0, 1, 6),
(44922, 55286, 0.0508, 1, 0, 1, 1),
(44922, 55287, 0.0559, 1, 0, 1, 1),
(44922, 55288, 0.0452, 1, 0, 1, 1),
(44922, 55295, 0.0582, 1, 0, 1, 1),
(44922, 55296, 0.0734, 1, 0, 1, 1),
(44922, 55297, 0.0508, 1, 0, 1, 1),
(44922, 55304, 0.0153, 1, 0, 1, 1),
(44922, 55305, 0.0164, 1, 0, 1, 1),
(44922, 55306, 0.013, 1, 0, 1, 1),
(44922, 55313, 0.0796, 1, 0, 1, 1),
(44922, 55314, 0.0712, 1, 0, 1, 1),
(44922, 55315, 0.0768, 1, 0, 1, 1),
(44922, 55322, 0.0107, 1, 0, 1, 1),
(44922, 55323, 0.0079, 1, 0, 1, 1),
(44922, 55324, 0.013, 1, 0, 1, 1),
(44922, 55331, 0.0644, 1, 0, 1, 1),
(44922, 55332, 0.0695, 1, 0, 1, 1),
(44922, 55333, 0.0604, 1, 0, 1, 1),
(44922, 55340, 0.0435, 1, 0, 1, 1),
(44922, 55341, 0.0463, 1, 0, 1, 1),
(44922, 55342, 0.0407, 1, 0, 1, 1),
(44922, 55349, 0.0627, 1, 0, 1, 1),
(44922, 55350, 0.0593, 1, 0, 1, 1),
(44922, 55351, 0.0689, 1, 0, 1, 1),
(44922, 55358, 0.0158, 1, 0, 1, 1),
(44922, 55359, 0.0192, 1, 0, 1, 1),
(44922, 55360, 0.0175, 1, 0, 1, 1),
(44922, 55367, 0.1118, 1, 0, 1, 1),
(44922, 55368, 0.1175, 1, 0, 1, 1),
(44922, 55369, 0.1254, 1, 0, 1, 1),
(44922, 55376, 0.0825, 1, 0, 1, 1),
(44922, 55377, 0.0751, 1, 0, 1, 1),
(44922, 55378, 0.0836, 1, 0, 1, 1),
(44922, 55385, 0.1305, 1, 0, 1, 1),
(44922, 55386, 0.0802, 1, 0, 1, 1),
(44922, 55387, 0.0887, 1, 0, 1, 1),
(44922, 55394, 0.0424, 1, 0, 1, 1),
(44922, 55395, 0.0497, 1, 0, 1, 1),
(44922, 55396, 0.0463, 1, 0, 1, 1),
(44922, 55403, 0.1717, 1, 0, 1, 1),
(44922, 55404, 0.1542, 1, 0, 1, 1),
(44922, 55405, 0.1655, 1, 0, 1, 1),
(44922, 55412, 0.0463, 1, 0, 1, 1),
(44922, 55413, 0.0514, 1, 0, 1, 1),
(44922, 55414, 0.0458, 1, 0, 1, 1),
(44922, 55421, 0.3344, 1, 0, 1, 1),
(44922, 55422, 0.3835, 1, 0, 1, 1),
(44922, 55423, 0.3163, 1, 0, 1, 1),
(44922, 55430, 0.0751, 1, 0, 1, 1),
(44922, 55431, 0.0796, 1, 0, 1, 1),
(44922, 55432, 0.0644, 1, 0, 1, 1),
(44922, 55439, 0.2231, 1, 0, 1, 1),
(44922, 55440, 0.257, 1, 0, 1, 1),
(44922, 55441, 0.2655, 1, 0, 1, 1),
(44922, 55448, 0.048, 1, 0, 1, 1),
(44922, 55449, 0.0452, 1, 0, 1, 1),
(44922, 55450, 0.0395, 1, 0, 1, 1),
(44922, 55457, 0.0587, 1, 0, 1, 1),
(44922, 55458, 0.083, 1, 0, 1, 1),
(44922, 55459, 0.0644, 1, 0, 1, 1),
(44922, 55466, 0.0395, 1, 0, 1, 1),
(44922, 55467, 0.039, 1, 0, 1, 1),
(44922, 55468, 0.061, 1, 0, 1, 1),
(44922, 55475, 0.0119, 1, 0, 1, 1),
(44922, 55476, 0.0113, 1, 0, 1, 1),
(44922, 55477, 0.0102, 1, 0, 1, 1),
(44922, 55484, 0.1531, 1, 0, 1, 1),
(44922, 55485, 0.1836, 1, 0, 1, 1),
(44922, 55486, 0.1514, 1, 0, 1, 1),
(44922, 55493, 0.1231, 1, 0, 1, 1),
(44922, 55494, 0.1593, 1, 0, 1, 1),
(44922, 55495, 0.1158, 1, 0, 1, 1),
(44922, 55502, 0.1079, 1, 0, 1, 1),
(44922, 55503, 0.1118, 1, 0, 1, 1),
(44922, 55504, 0.1034, 1, 0, 1, 1),
(44922, 55511, 0.113, 1, 0, 1, 1),
(44922, 55512, 0.1395, 1, 0, 1, 1),
(44922, 55513, 0.1039, 1, 0, 1, 1),
(44922, 55520, 0.096, 1, 0, 1, 1),
(44922, 55521, 0.1073, 1, 0, 1, 1),
(44922, 55522, 0.1147, 1, 0, 1, 1),
(44922, 55529, 0.1299, 1, 0, 1, 1),
(44922, 55530, 0.131, 1, 0, 1, 1),
(44922, 55531, 0.1412, 1, 0, 1, 1),
(44922, 55538, 0.1186, 1, 0, 1, 1),
(44922, 55539, 0.1237, 1, 0, 1, 1),
(44922, 55540, 0.1243, 1, 0, 1, 1),
(44922, 55547, 0.0966, 1, 0, 1, 1),
(44922, 55548, 0.1062, 1, 0, 1, 1),
(44922, 55549, 0.1282, 1, 0, 1, 1),
(44922, 55556, 0.1265, 1, 0, 1, 1),
(44922, 55557, 0.1237, 1, 0, 1, 1),
(44922, 55558, 0.1243, 1, 0, 1, 1),
(44922, 55565, 0.1276, 1, 0, 1, 1),
(44922, 55566, 0.1265, 1, 0, 1, 1),
(44922, 55567, 0.1254, 1, 0, 1, 1),
(44922, 55574, 0.1152, 1, 0, 1, 1),
(44922, 55575, 0.1322, 1, 0, 1, 1),
(44922, 55576, 0.1096, 1, 0, 1, 1),
(44922, 55583, 0.1022, 1, 0, 1, 1),
(44922, 55584, 0.1497, 1, 0, 1, 1),
(44922, 55585, 0.135, 1, 0, 1, 1),
(44922, 55592, 0.1231, 1, 0, 1, 1),
(44922, 55593, 0.1186, 1, 0, 1, 1),
(44922, 55594, 0.0971, 1, 0, 1, 1),
(44922, 55601, 0.109, 1, 0, 1, 1),
(44922, 55602, 0.161, 1, 0, 1, 1),
(44922, 55603, 0.1356, 1, 0, 1, 1),
(44922, 55610, 0.1096, 1, 0, 1, 1),
(44922, 55611, 0.122, 1, 0, 1, 1),
(44922, 55612, 0.1299, 1, 0, 1, 1),
(44922, 55619, 0.1435, 1, 0, 1, 1),
(44922, 55620, 0.1248, 1, 0, 1, 1),
(44922, 55621, 0.1288, 1, 0, 1, 1),
(44922, 55628, 0.1124, 1, 0, 1, 1),
(44922, 55629, 0.1073, 1, 0, 1, 1),
(44922, 55630, 0.1062, 1, 0, 1, 1),
(44922, 55637, 0.1265, 1, 0, 1, 1),
(44922, 55638, 0.1068, 1, 0, 1, 1),
(44922, 55639, 0.0955, 1, 0, 1, 1),
(44922, 55646, 0.1147, 1, 0, 1, 1),
(44922, 55647, 0.0915, 1, 0, 1, 1),
(44922, 55648, 0.1101, 1, 0, 1, 1),
(44922, 55655, 0.1356, 1, 0, 1, 1),
(44922, 55656, 0.1045, 1, 0, 1, 1),
(44922, 55657, 0.0977, 1, 0, 1, 1),
(44922, 55664, 0.0977, 1, 0, 1, 1),
(44922, 55665, 0.1051, 1, 0, 1, 1),
(44922, 55666, 0.0994, 1, 0, 1, 1),
(44922, 55673, 0.1514, 1, 0, 1, 1),
(44922, 55674, 0.1254, 1, 0, 1, 1),
(44922, 55675, 0.1118, 1, 0, 1, 1),
(44922, 55682, 0.1361, 1, 0, 1, 1),
(44922, 55683, 0.1378, 1, 0, 1, 1),
(44922, 55684, 0.1237, 1, 0, 1, 1),
(44922, 55691, 0.1147, 1, 0, 1, 1),
(44922, 55692, 0.1101, 1, 0, 1, 1),
(44922, 55693, 0.1254, 1, 0, 1, 1),
(44922, 55700, 0.1152, 1, 0, 1, 1),
(44922, 55701, 0.1152, 1, 0, 1, 1),
(44922, 55702, 0.1192, 1, 0, 1, 1),
(44922, 55709, 0.1836, 1, 0, 1, 1),
(44922, 55710, 0.1598, 1, 0, 1, 1),
(44922, 55711, 0.1553, 1, 0, 1, 1),
(44922, 55718, 0.1649, 1, 0, 1, 1),
(44922, 55719, 0.17, 1, 0, 1, 1),
(44922, 55720, 0.1514, 1, 0, 1, 1),
(44922, 55727, 0.1598, 1, 0, 1, 1),
(44922, 55728, 0.1666, 1, 0, 1, 1),
(44922, 55729, 0.1649, 1, 0, 1, 1),
(44922, 55736, 0.1418, 1, 0, 1, 1),
(44922, 55737, 0.1853, 1, 0, 1, 1),
(44922, 55738, 0.1615, 1, 0, 1, 1),
(44922, 55745, 0.1525, 1, 0, 1, 1),
(44922, 55746, 0.1519, 1, 0, 1, 1),
(44922, 55747, 0.1542, 1, 0, 1, 1),
(44922, 55754, 0.1559, 1, 0, 1, 1),
(44922, 55755, 0.1898, 1, 0, 1, 1),
(44922, 55756, 0.1813, 1, 0, 1, 1),
(44922, 55763, 0.2327, 1, 0, 1, 1),
(44922, 55764, 0.1717, 1, 0, 1, 1),
(44922, 55765, 0.1446, 1, 0, 1, 1),
(44922, 55772, 0.1638, 1, 0, 1, 1),
(44922, 55773, 0.1649, 1, 0, 1, 1),
(44922, 55774, 0.1519, 1, 0, 1, 1),
(44922, 55881, 1.194, 1, 0, 1, 1),
(44922, 55882, 1.0268, 1, 0, 1, 1),
(44922, 55884, 1.1308, 1, 0, 1, 1),
(44922, 58256, 3.8, 1, 0, 1, 1),
(44922, 58268, 7.6591, 1, 0, 1, 1),
(44922, 58269, 31.0189, 1, 0, 1, 1),
(44922, 62063, 0.4214, 1, 0, 1, 1),
(44922, 62064, 0.4168, 1, 0, 1, 1),
(44922, 62065, 0.4287, 1, 0, 1, 1),
(44922, 62066, 0.4287, 1, 0, 1, 1),
(44922, 62067, 0.4541, 1, 0, 1, 1),
(44922, 62068, 0.4479, 1, 0, 1, 1),
(44922, 62069, 0.4801, 1, 0, 1, 1),
(44922, 62070, 0.4202, 1, 0, 1, 1),
(44922, 62071, 0.4005, 1, 0, 1, 1),
(44922, 62072, 0.3925, 1, 0, 1, 1),
(44922, 62073, 0.183, 1, 0, 1, 1),
(44922, 62074, 0.2457, 1, 0, 1, 1),
(44922, 62075, 0.2158, 1, 0, 1, 1),
(44922, 62076, 0.1926, 1, 0, 1, 1),
(44922, 62077, 0.2259, 1, 0, 1, 1),
(44922, 62078, 0.2039, 1, 0, 1, 1),
(44922, 62079, 0.192, 1, 0, 1, 1),
(44922, 62080, 0.1836, 1, 0, 1, 1),
(44922, 62081, 0.2084, 1, 0, 1, 1),
(44922, 62082, 0.1807, 1, 0, 1, 1),
(44922, 62083, 0.1966, 1, 0, 1, 1),
(44922, 62084, 0.1926, 1, 0, 1, 1),
(44922, 62085, 0.1751, 1, 0, 1, 1),
(44922, 62086, 0.2271, 1, 0, 1, 1),
(44922, 62087, 0.187, 1, 0, 1, 1),
(44922, 62088, 0.1796, 1, 0, 1, 1),
(44922, 62089, 0.2547, 1, 0, 1, 1),
(44922, 62090, 0.1745, 1, 0, 1, 1),
(44922, 62091, 0.1802, 1, 0, 1, 1),
(44922, 62092, 0.2191, 1, 0, 1, 1),
(44922, 62093, 0.187, 1, 0, 1, 1),
(44922, 62094, 0.1519, 1, 0, 1, 1),
(44922, 62095, 0.1745, 1, 0, 1, 1),
(44922, 62096, 0.2152, 1, 0, 1, 1),
(44922, 62097, 0.192, 1, 0, 1, 1),
(44922, 62098, 0.1717, 1, 0, 1, 1),
(44922, 62099, 0.1847, 1, 0, 1, 1),
(44922, 62100, 0.1813, 1, 0, 1, 1),
(44922, 62101, 0.1836, 1, 0, 1, 1),
(44922, 62102, 0.1434, 1, 0, 1, 1),
(44922, 62103, 0.17, 1, 0, 1, 1),
(44922, 62104, 0.1621, 1, 0, 1, 1),
(44922, 62105, 0.1073, 1, 0, 1, 1),
(44922, 62106, 0.1406, 1, 0, 1, 1),
(44922, 62107, 0.1559, 1, 0, 1, 1),
(44922, 62108, 0.1502, 1, 0, 1, 1),
(44922, 62109, 0.1373, 1, 0, 1, 1),
(44922, 62110, 0.1147, 1, 0, 1, 1),
(44922, 62111, 0.1401, 1, 0, 1, 1),
(44922, 62112, 0.1378, 1, 0, 1, 1),
(44922, 62113, 0.1903, 1, 0, 1, 1),
(44922, 62114, 0.1576, 1, 0, 1, 1),
(44922, 62115, 0.1282, 1, 0, 1, 1),
(44922, 62116, 0.148, 1, 0, 1, 1),
(44922, 62117, 0.1373, 1, 0, 1, 1),
(44922, 62118, 0.1186, 1, 0, 1, 1),
(44922, 62119, 0.1237, 1, 0, 1, 1),
(44922, 62120, 0.1192, 1, 0, 1, 1),
(44922, 62121, 0.1389, 1, 0, 1, 1),
(44922, 62122, 0.1378, 1, 0, 1, 1),
(44922, 62123, 0.1423, 1, 0, 1, 1),
(44922, 62124, 0.1435, 1, 0, 1, 1),
(44922, 62125, 0.1271, 1, 0, 1, 1),
(44922, 62126, 0.1271, 1, 0, 1, 1),
(44922, 62127, 0.1774, 1, 0, 1, 1),
(44922, 62128, 0.1226, 1, 0, 1, 1),
(44922, 62129, 0.1322, 1, 0, 1, 1),
(44922, 62130, 0.1474, 1, 0, 1, 1),
(44922, 62131, 0.1418, 1, 0, 1, 1),
(44922, 62132, 0.1226, 1, 0, 1, 1),
(44922, 62133, 0.1209, 1, 0, 1, 1),
(44922, 62134, 0.1333, 1, 0, 1, 1),
(44922, 62135, 0.1344, 1, 0, 1, 1),
(44922, 62136, 0.1514, 1, 0, 1, 1),
(44922, 63291, 42.5609, 1, 0, 1, 1),
(44922, 63300, 13.5257, 1, 0, 1, 1),
(44922, 63310, 22.3625, 1, 0, 1, 1),
(44922, 63316, 2.8855, 1, 0, 1, 1),
(44922, 63317, 42.2002, 1, 0, 1, 1),
(44922, 63318, 1.2624, 1, 0, 1, 1),
(44922, 63348, 44.1839, 1, 0, 1, 1),
(44922, 63349, 43.2822, 1, 0, 1, 1),
(44922, 66931, 0.004, 1, 0, 1, 1),
(44922, 66932, 0.0192, 1, 0, 1, 1),
(44922, 66940, 0.0107, 1, 0, 1, 1),
(44922, 66941, 0.0062, 1, 0, 1, 1),
(44922, 66942, 0.0051, 1, 0, 1, 1),
(44922, 66968, 0.0136, 1, 0, 1, 1),
(44922, 66969, 0.0073, 1, 0, 1, 1),
(44922, 66970, 0.0254, 1, 0, 1, 1),
(44922, 66971, 0.0113, 1, 0, 1, 1),
(44922, 66972, 0.0299, 1, 0, 1, 1),
(44922, 66973, 0.0175, 1, 0, 1, 1),
(44922, 66974, 0.0102, 1, 0, 1, 1),
(44922, 66975, 0.0141, 1, 0, 1, 1),
(44922, 66976, 0.0085, 1, 0, 1, 1),
(44922, 66989, 0.009, 1, 0, 1, 1),
(44922, 66990, 0.0079, 1, 0, 1, 1),
(44922, 66991, 0.0102, 1, 0, 1, 1),
(44922, 66992, 0.0102, 1, 0, 1, 1),
(44922, 66993, 0.0043, 1, 0, 1, 1),
(44922, 66994, 0.0085, 1, 0, 1, 1),
(44922, 67057, 0.0068, 1, 0, 1, 1),
(44922, 67059, 0.009, 1, 0, 1, 1),
(44922, 67061, 0.0113, 1, 0, 1, 1),
(44922, 67067, 0.0102, 1, 0, 1, 1),
(44922, 67069, 0.0107, 1, 0, 1, 1),
(44922, 67071, 0.0096, 1, 0, 1, 1),
(44922, 67119, 0.0043, 1, 0, 1, 1),
(44922, 67120, 0.0045, 1, 0, 1, 1),
(44922, 67121, 0.0113, 1, 0, 1, 1),
(44922, 67122, 0.0164, 1, 0, 1, 1),
(44922, 67123, 0.0068, 1, 0, 1, 1),
(44922, 67124, 0.0073, 1, 0, 1, 1),
(44922, 67125, 0.009, 1, 0, 1, 1),
(44922, 67126, 0.0102, 1, 0, 1, 1),
(44922, 67127, 0.009, 1, 0, 1, 1),
(44922, 67129, 0.0034, 1, 0, 1, 1),
(44922, 67130, 0.0014, 1, 0, 1, 1),
(44922, 67131, 0.0017, 1, 0, 1, 1),
(44922, 67133, 0.0011, 1, 0, 1, 1),
(44922, 67134, 0.0017, 1, 0, 1, 1),
(44922, 67135, 0.0068, 1, 0, 1, 1),
(44922, 67136, 0.0011, 1, 0, 1, 1),
(44922, 67137, 0.0056, 1, 0, 1, 1),
(44922, 67138, 0.0045, 1, 0, 1, 1),
(44922, 67139, 0.0028, 1, 0, 1, 1),
(44922, 67140, 0.0017, 1, 0, 1, 1),
(44922, 67141, 0.0023, 1, 0, 1, 1),
(44922, 67142, 0.0017, 1, 0, 1, 1),
(44922, 67143, 0.0023, 1, 0, 1, 1),
(44922, 67144, 0.0017, 1, 0, 1, 1),
(44922, 67145, 0.0028, 1, 0, 1, 1),
(44922, 67146, 0.0023, 1, 0, 1, 1),
(44922, 67147, 0.0023, 1, 0, 1, 1),
(44922, 67148, 0.0028, 1, 0, 1, 1),
(44922, 67149, 0.0045, 1, 0, 1, 1),
(44922, 67150, 0.0017, 1, 0, 1, 1),
(44922, 68197, 5.5, 1, 0, 1, 2),
(44922, 68198, 15.4, 1, 0, 1, 2),
(44922, 68729, 0.7732, 1, 0, 1, 1),
(44922, 68782, 0.0008, 1, 0, 1, 1),
(44922, 68783, 0.0051, 1, 0, 1, 1),
(44922, 68787, 0.0028, 1, 0, 1, 1),
(44922, 68789, 0.0015, 1, 0, 1, 1);

DELETE FROM `pickpocketing_loot_template` WHERE (`entry`=44922);
INSERT INTO `pickpocketing_loot_template` VALUES 
(44922, 58269, 16.4164, 1, 0, 1, 1),
(44922, 63291, 21.0526, 1, 0, 1, 1),
(44922, 63300, 13.5257, 1, 0, 1, 1),
(44922, 63310, 10.1921, 1, 0, 1, 1),
(44922, 63316, 1.3088, 1, 0, 1, 1),
(44922, 63317, 20.6628, 1, 0, 1, 1),
(44922, 63318, 0.724, 1, 0, 1, 1),
(44922, 63348, 22.2501, 1, 0, 1, 1),
(44922, 63349, 23.3361, 1, 0, 1, 1);

DELETE FROM `smart_scripts` WHERE (`entryorguid`=44922 AND `source_type`=0);
INSERT INTO `smart_scripts` (`entryorguid`, `source_type`, `id`, `link`, `event_type`, `event_phase_mask`, `event_chance`, `event_flags`, `event_param1`, `event_param2`, `event_param3`, `event_param4`, `action_type`, `action_param1`, `action_param2`, `action_param3`, `action_param4`, `action_param5`, `action_param6`, `target_type`, `target_param1`, `target_param2`, `target_param3`, `target_x`, `target_y`, `target_z`, `target_o`, `comment`) VALUES 
(44922, 0, 0, 0, 0, 0, 100, 0, 1000, 1000, 4000, 4000, 11, 84256, 0, 0, 0, 0, 0, 2, 0, 0, 0, 0, 0, 0, 0, "Oathsworn Axemaster cast Skull Crush"),
(44922, 0, 1, 0, 0, 0, 100, 0, 3000, 3000, 5000, 7000, 11, 82763, 0, 0, 0, 0, 0, 2, 0, 0, 0, 0, 0, 0, 0, "Oathsworn Axemaster cast Slam");

REPLACE INTO `creature_template` (`entry`, `difficulty_entry_1`, `difficulty_entry_2`, `difficulty_entry_3`, `KillCredit1`, `KillCredit2`, `modelid1`, `modelid2`, `modelid3`, `modelid4`, `name`, `subname`, `IconName`, `gossip_menu_id`, `minlevel`, `maxlevel`, `exp`, `faction_A`, `faction_H`, `npcflag`, `speed_walk`, `speed_run`, `scale`, `rank`, `mindmg`, `maxdmg`, `dmgschool`, `attackpower`, `dmg_multiplier`, `baseattacktime`, `rangeattacktime`, `unit_class`, `unit_flags`, `unit_flags2`, `dynamicflags`, `family`, `trainer_type`, `trainer_spell`, `trainer_class`, `trainer_race`, `minrangedmg`, `maxrangedmg`, `rangedattackpower`, `type`, `type_flags`, `lootid`, `pickpocketloot`, `skinloot`, `resistance1`, `resistance2`, `resistance3`, `resistance4`, `resistance5`, `resistance6`, `spell1`, `spell2`, `spell3`, `spell4`, `spell5`, `spell6`, `spell7`, `spell8`, `PetSpellDataId`, `VehicleId`, `mingold`, `maxgold`, `AIName`, `MovementType`, `InhabitType`, `HoverHeight`, `Health_mod`, `Mana_mod`, `Armor_mod`, `RacialLeader`, `questItem1`, `questItem2`, `questItem3`, `questItem4`, `questItem5`, `questItem6`, `movementId`, `RegenHealth`, `mechanic_immune_mask`, `flags_extra`, `ScriptName`, `WDBVerified`) VALUES (49319, 0, 0, 0, 0, 0, 35831, 0, 0, 0, 'Oathsworn Axemaster (1)', '', '', 0, 85, 85, 3, 16, 16, 0, 0.666668, 1.14286, 1, 1, 1007, 1354.7, 0, 1571, 13, 1400, 0, 1, 0, 0, 0, 0, 0, 0, 0, 0, 758.1, 1062.1, 220, 7, 72, 44922, 0, 0, 0, 0, 0, 0, 0, 0, 0, 0, 0, 0, 0, 0, 0, 0, 0, 0, 15, 33, '', 1, 1, 1, 4.25, 7, 1, 0, 0, 0, 0, 0, 0, 0, 0, 1, 1048576, 0, '', 1);

REPLACE INTO `creature_template` (`entry`, `difficulty_entry_1`, `difficulty_entry_2`, `difficulty_entry_3`, `KillCredit1`, `KillCredit2`, `modelid1`, `modelid2`, `modelid3`, `modelid4`, `name`, `subname`, `IconName`, `gossip_menu_id`, `minlevel`, `maxlevel`, `exp`, `faction_A`, `faction_H`, `npcflag`, `speed_walk`, `speed_run`, `scale`, `rank`, `mindmg`, `maxdmg`, `dmgschool`, `attackpower`, `dmg_multiplier`, `baseattacktime`, `rangeattacktime`, `unit_class`, `unit_flags`, `unit_flags2`, `dynamicflags`, `family`, `trainer_type`, `trainer_spell`, `trainer_class`, `trainer_race`, `minrangedmg`, `maxrangedmg`, `rangedattackpower`, `type`, `type_flags`, `lootid`, `pickpocketloot`, `skinloot`, `resistance1`, `resistance2`, `resistance3`, `resistance4`, `resistance5`, `resistance6`, `spell1`, `spell2`, `spell3`, `spell4`, `spell5`, `spell6`, `spell7`, `spell8`, `PetSpellDataId`, `VehicleId`, `mingold`, `maxgold`, `AIName`, `MovementType`, `InhabitType`, `HoverHeight`, `Health_mod`, `Mana_mod`, `Armor_mod`, `RacialLeader`, `questItem1`, `questItem2`, `questItem3`, `questItem4`, `questItem5`, `questItem6`, `movementId`, `RegenHealth`, `mechanic_immune_mask`, `flags_extra`, `ScriptName`, `WDBVerified`) VALUES (45096, 0, 0, 0, 0, 0, 34248, 0, 0, 0, 'Tamed Tol\'vir Prowler', '', '', 0, 85, 85, 3, 16, 16, 0, 1, 1.14286, 0.9, 0, 1007, 1354.7, 0, 1571, 1, 1658, 0, 1, 0, 0, 0, 2, 0, 0, 0, 0, 758.1, 1062.1, 220, 1, 1, 45096, 45096, 45096, 0, 0, 0, 0, 0, 0, 0, 0, 0, 0, 0, 0, 0, 0, 0, 0, 15, 33, 'AggressorAI', 1, 1, 1, 1, 7, 1, 0, 0, 0, 0, 0, 0, 0, 0, 1, 0, 0, '', 14480);

DELETE FROM `creature_loot_template` WHERE (`entry`=45096);
INSERT INTO `creature_loot_template` VALUES 
(45096, 52197, 0.0288, 1, 0, 1, 1),
(45096, 52325, 0.0016, 1, 0, 1, 1),
(45096, 52326, 0.0005, 1, 0, 1, 1),
(45096, 52365, 0.0038, 1, 0, 1, 1),
(45096, 52379, 0.0053, 1, 0, 1, 1),
(45096, 52386, 0.0109, 1, 0, 1, 1),
(45096, 52719, 0.0023, 1, 0, 1, 1),
(45096, 52976, 0.4862, 1, 0, 1, 1),
(45096, 55322, 0.0046, 1, 0, 1, 1),
(45096, 55324, 0.0023, 1, 0, 1, 1),
(45096, 55359, 0.0038, 1, 0, 1, 1),
(45096, 55459, 0.0221, 1, 0, 1, 1),
(45096, 55467, 0.0152, 1, 0, 1, 1),
(45096, 55493, 0.0403, 1, 0, 1, 1),
(45096, 60576, 79.2734, 1, 0, 1, 1),
(45096, 60577, 19.2772, 1, 0, 1, 1),
(45096, 62778, 23.8796, 1, 0, 1, 1),
(45096, 65651, 0.0082, 1, 0, 1, 1),
(45096, 65894, 0.018, 1, 0, 1, 1),
(45096, 65895, 0.0288, 1, 0, 1, 1),
(45096, 65896, 0.0245, 1, 0, 1, 1),
(45096, 65897, 0.0201, 1, 0, 1, 1),
(45096, 66931, 0.0015, 1, 0, 1, 1),
(45096, 66932, 0.0049, 1, 0, 1, 1),
(45096, 66941, 0.0023, 1, 0, 1, 1),
(45096, 66971, 0.0038, 1, 0, 1, 1),
(45096, 66972, 0.0015, 1, 0, 1, 1),
(45096, 66973, 0.0015, 1, 0, 1, 1),
(45096, 66974, 0.0015, 1, 0, 1, 1),
(45096, 66975, 0.003, 1, 0, 1, 1),
(45096, 66976, 0.0023, 1, 0, 1, 1),
(45096, 66993, 0.0023, 1, 0, 1, 1),
(45096, 66994, 0.0023, 1, 0, 1, 1),
(45096, 67057, 0.0023, 1, 0, 1, 1),
(45096, 67121, 0.0023, 1, 0, 1, 1),
(45096, 67125, 0.003, 1, 0, 1, 1),
(45096, 67126, 0.0008, 1, 0, 1, 1),
(45096, 67132, 0.0011, 1, 0, 1, 1),
(45096, 67133, 0.0076, 1, 0, 1, 1),
(45096, 67137, 0.0011, 1, 0, 1, 1),
(45096, 67138, 0.0008, 1, 0, 1, 1),
(45096, 67145, 0.0008, 1, 0, 1, 1),
(45096, 67148, 0.0011, 1, 0, 1, 1),
(45096, 67495, 0.0082, 1, 0, 1, 1);


DELETE FROM `pickpocketing_loot_template` WHERE (`entry`=45096);
INSERT INTO `pickpocketing_loot_template` VALUES 
(45096, 52976, 100, 1, 0, 1, 4);

DELETE FROM `skinning_loot_template` WHERE (`entry`=45096);
INSERT INTO `skinning_loot_template` VALUES 
(45096, 52976, 100, 1, 0, 1, 1);

REPLACE INTO `creature_template` (`entry`, `difficulty_entry_1`, `difficulty_entry_2`, `difficulty_entry_3`, `KillCredit1`, `KillCredit2`, `modelid1`, `modelid2`, `modelid3`, `modelid4`, `name`, `subname`, `IconName`, `gossip_menu_id`, `minlevel`, `maxlevel`, `exp`, `faction_A`, `faction_H`, `npcflag`, `speed_walk`, `speed_run`, `scale`, `rank`, `mindmg`, `maxdmg`, `dmgschool`, `attackpower`, `dmg_multiplier`, `baseattacktime`, `rangeattacktime`, `unit_class`, `unit_flags`, `unit_flags2`, `dynamicflags`, `family`, `trainer_type`, `trainer_spell`, `trainer_class`, `trainer_race`, `minrangedmg`, `maxrangedmg`, `rangedattackpower`, `type`, `type_flags`, `lootid`, `pickpocketloot`, `skinloot`, `resistance1`, `resistance2`, `resistance3`, `resistance4`, `resistance5`, `resistance6`, `spell1`, `spell2`, `spell3`, `spell4`, `spell5`, `spell6`, `spell7`, `spell8`, `PetSpellDataId`, `VehicleId`, `mingold`, `maxgold`, `AIName`, `MovementType`, `InhabitType`, `HoverHeight`, `Health_mod`, `Mana_mod`, `Armor_mod`, `RacialLeader`, `questItem1`, `questItem2`, `questItem3`, `questItem4`, `questItem5`, `questItem6`, `movementId`, `RegenHealth`, `mechanic_immune_mask`, `flags_extra`, `ScriptName`, `WDBVerified`) VALUES (45007, 0, 0, 0, 0, 0, 35832, 35833, 35834, 0, 'Enslaved Bandit', '', '', 0, 85, 85, 3, 16, 16, 0, 1, 1.14286, 1, 0, 1007, 1354.7, 0, 1571, 1, 2000, 0, 1, 0, 0, 0, 0, 0, 0, 0, 0, 758.1, 1062.1, 220, 7, 0, 45007, 45007, 0, 0, 0, 0, 0, 0, 0, 0, 0, 0, 0, 0, 0, 0, 0, 0, 0, 8940, 12190, '', 1, 3, 1, 1.1, 1, 1, 0, 0, 0, 0, 0, 0, 0, 0, 1, 0, 0, 'npc_enslaved_bandit_tv', 1);

DELETE FROM `creature_loot_template` WHERE (`entry`=45007);
INSERT INTO `creature_loot_template` VALUES 
(45007, 52364, 0.016, 1, 0, 1, 1),
(45007, 52367, 0.012, 1, 0, 1, 1),
(45007, 52368, 0.008, 1, 0, 1, 1),
(45007, 52370, 0.0102, 1, 0, 1, 1),
(45007, 52374, 0.012, 1, 0, 1, 1),
(45007, 52376, 0.016, 1, 0, 1, 1),
(45007, 52378, 0.008, 1, 0, 1, 1),
(45007, 52385, 0.0102, 1, 0, 1, 1),
(45007, 52386, 0.008, 1, 0, 1, 1),
(45007, 52495, 0.004, 1, 0, 1, 1),
(45007, 52719, 0.0204, 1, 0, 1, 1),
(45007, 53010, 35.6, 1, 0, 1, 6),
(45007, 55286, 0.0204, 1, 0, 1, 1),
(45007, 55287, 0.0639, 1, 0, 1, 1),
(45007, 55288, 0.0519, 1, 0, 1, 1),
(45007, 55295, 0.0639, 1, 0, 1, 1),
(45007, 55296, 0.0479, 1, 0, 1, 1),
(45007, 55297, 0.0519, 1, 0, 1, 1),
(45007, 55305, 0.012, 1, 0, 1, 1),
(45007, 55306, 0.0102, 1, 0, 1, 1),
(45007, 55313, 0.0879, 1, 0, 1, 1),
(45007, 55314, 0.1198, 1, 0, 1, 1),
(45007, 55315, 0.0759, 1, 0, 1, 1),
(45007, 55322, 0.016, 1, 0, 1, 1),
(45007, 55323, 0.008, 1, 0, 1, 1),
(45007, 55324, 0.02, 1, 0, 1, 1),
(45007, 55331, 0.1118, 1, 0, 1, 1),
(45007, 55332, 0.0679, 1, 0, 1, 1),
(45007, 55333, 0.0639, 1, 0, 1, 1),
(45007, 55340, 0.032, 1, 0, 1, 1),
(45007, 55341, 0.036, 1, 0, 1, 1),
(45007, 55342, 0.036, 1, 0, 1, 1),
(45007, 55349, 0.0679, 1, 0, 1, 1),
(45007, 55350, 0.0519, 1, 0, 1, 1),
(45007, 55351, 0.0799, 1, 0, 1, 1),
(45007, 55358, 0.016, 1, 0, 1, 1),
(45007, 55359, 0.008, 1, 0, 1, 1),
(45007, 55360, 0.0102, 1, 0, 1, 1),
(45007, 55367, 0.1118, 1, 0, 1, 1),
(45007, 55368, 0.0959, 1, 0, 1, 1),
(45007, 55369, 0.1079, 1, 0, 1, 1),
(45007, 55376, 0.0639, 1, 0, 1, 1),
(45007, 55377, 0.1079, 1, 0, 1, 1),
(45007, 55378, 0.0679, 1, 0, 1, 1),
(45007, 55385, 0.0399, 1, 0, 1, 1),
(45007, 55386, 0.0799, 1, 0, 1, 1),
(45007, 55387, 0.0759, 1, 0, 1, 1),
(45007, 55394, 0.1238, 1, 0, 1, 1),
(45007, 55395, 0.0559, 1, 0, 1, 1),
(45007, 55396, 0.0639, 1, 0, 1, 1),
(45007, 55403, 0.1518, 1, 0, 1, 1),
(45007, 55404, 0.1558, 1, 0, 1, 1),
(45007, 55405, 0.1478, 1, 0, 1, 1),
(45007, 55412, 0.032, 1, 0, 1, 1),
(45007, 55413, 0.1478, 1, 0, 1, 1),
(45007, 55414, 0.0479, 1, 0, 1, 1),
(45007, 55421, 0.3076, 1, 0, 1, 1),
(45007, 55422, 0.3475, 1, 0, 1, 1),
(45007, 55423, 0.3715, 1, 0, 1, 1),
(45007, 55430, 0.0759, 1, 0, 1, 1),
(45007, 55431, 0.0719, 1, 0, 1, 1),
(45007, 55432, 0.0959, 1, 0, 1, 1),
(45007, 55439, 0.2317, 1, 0, 1, 1),
(45007, 55440, 0.1798, 1, 0, 1, 1),
(45007, 55441, 0.3076, 1, 0, 1, 1),
(45007, 55448, 0.028, 1, 0, 1, 1),
(45007, 55449, 0.0439, 1, 0, 1, 1),
(45007, 55450, 0.032, 1, 0, 1, 1),
(45007, 55457, 0.1079, 1, 0, 1, 1),
(45007, 55458, 0.0479, 1, 0, 1, 1),
(45007, 55459, 0.0204, 1, 0, 1, 1),
(45007, 55466, 0.036, 1, 0, 1, 1),
(45007, 55467, 0.0439, 1, 0, 1, 1),
(45007, 55468, 0.1039, 1, 0, 1, 1),
(45007, 55475, 0.008, 1, 0, 1, 1),
(45007, 55484, 0.1039, 1, 0, 1, 1),
(45007, 55485, 0.2397, 1, 0, 1, 1),
(45007, 55486, 0.1798, 1, 0, 1, 1),
(45007, 55493, 0.1079, 1, 0, 1, 1),
(45007, 55494, 0.1039, 1, 0, 1, 1),
(45007, 55495, 0.0919, 1, 0, 1, 1),
(45007, 55502, 0.1638, 1, 0, 1, 1),
(45007, 55503, 0.0919, 1, 0, 1, 1),
(45007, 55504, 0.1198, 1, 0, 1, 1),
(45007, 55511, 0.1238, 1, 0, 1, 1),
(45007, 55512, 0.1278, 1, 0, 1, 1),
(45007, 55513, 0.1638, 1, 0, 1, 1),
(45007, 55520, 0.0719, 1, 0, 1, 1),
(45007, 55521, 0.1838, 1, 0, 1, 1),
(45007, 55522, 0.1079, 1, 0, 1, 1),
(45007, 55529, 0.0999, 1, 0, 1, 1),
(45007, 55530, 0.1118, 1, 0, 1, 1),
(45007, 55531, 0.0919, 1, 0, 1, 1),
(45007, 55538, 0.0839, 1, 0, 1, 1),
(45007, 55539, 0.0879, 1, 0, 1, 1),
(45007, 55540, 0.1278, 1, 0, 1, 1),
(45007, 55547, 0.1039, 1, 0, 1, 1),
(45007, 55548, 0.1079, 1, 0, 1, 1),
(45007, 55549, 0.0959, 1, 0, 1, 1),
(45007, 55556, 0.0839, 1, 0, 1, 1),
(45007, 55557, 0.0919, 1, 0, 1, 1),
(45007, 55558, 0.1278, 1, 0, 1, 1),
(45007, 55565, 0.1079, 1, 0, 1, 1),
(45007, 55566, 0.1558, 1, 0, 1, 1),
(45007, 55567, 0.1118, 1, 0, 1, 1),
(45007, 55574, 0.1079, 1, 0, 1, 1),
(45007, 55575, 0.1039, 1, 0, 1, 1),
(45007, 55576, 0.0839, 1, 0, 1, 1),
(45007, 55583, 0.0999, 1, 0, 1, 1),
(45007, 55584, 0.1358, 1, 0, 1, 1),
(45007, 55585, 0.1238, 1, 0, 1, 1),
(45007, 55592, 0.1039, 1, 0, 1, 1),
(45007, 55593, 0.1158, 1, 0, 1, 1),
(45007, 55594, 0.1518, 1, 0, 1, 1),
(45007, 55601, 0.1678, 1, 0, 1, 1),
(45007, 55602, 0.1198, 1, 0, 1, 1),
(45007, 55603, 0.1438, 1, 0, 1, 1),
(45007, 55610, 0.0799, 1, 0, 1, 1),
(45007, 55611, 0.1318, 1, 0, 1, 1),
(45007, 55612, 0.1558, 1, 0, 1, 1),
(45007, 55619, 0.0799, 1, 0, 1, 1),
(45007, 55620, 0.0713, 1, 0, 1, 1),
(45007, 55621, 0.1039, 1, 0, 1, 1),
(45007, 55628, 0.1118, 1, 0, 1, 1),
(45007, 55629, 0.0959, 1, 0, 1, 1),
(45007, 55630, 0.0713, 1, 0, 1, 1),
(45007, 55637, 0.0999, 1, 0, 1, 1),
(45007, 55638, 0.0799, 1, 0, 1, 1),
(45007, 55639, 0.0719, 1, 0, 1, 1),
(45007, 55646, 0.0999, 1, 0, 1, 1),
(45007, 55647, 0.1079, 1, 0, 1, 1),
(45007, 55648, 0.0839, 1, 0, 1, 1),
(45007, 55655, 0.0959, 1, 0, 1, 1),
(45007, 55656, 0.1039, 1, 0, 1, 1),
(45007, 55657, 0.1118, 1, 0, 1, 1),
(45007, 55664, 0.0719, 1, 0, 1, 1),
(45007, 55665, 0.3196, 1, 0, 1, 1),
(45007, 55666, 0.1638, 1, 0, 1, 1),
(45007, 55673, 0.0879, 1, 0, 1, 1),
(45007, 55674, 0.1558, 1, 0, 1, 1),
(45007, 55675, 0.1278, 1, 0, 1, 1),
(45007, 55682, 0.0759, 1, 0, 1, 1),
(45007, 55683, 0.1877, 1, 0, 1, 1),
(45007, 55684, 0.0799, 1, 0, 1, 1),
(45007, 55691, 0.0919, 1, 0, 1, 1),
(45007, 55693, 0.1079, 1, 0, 1, 1),
(45007, 55700, 0.0799, 1, 0, 1, 1),
(45007, 55701, 0.0919, 1, 0, 1, 1),
(45007, 55702, 0.0799, 1, 0, 1, 1),
(45007, 55709, 0.1278, 1, 0, 1, 1),
(45007, 55710, 0.1598, 1, 0, 1, 1),
(45007, 55711, 0.1158, 1, 0, 1, 1),
(45007, 55718, 0.1358, 1, 0, 1, 1),
(45007, 55719, 0.1079, 1, 0, 1, 1),
(45007, 55720, 0.1158, 1, 0, 1, 1),
(45007, 55727, 0.1478, 1, 0, 1, 1),
(45007, 55728, 0.1798, 1, 0, 1, 1),
(45007, 55729, 0.1598, 1, 0, 1, 1),
(45007, 55736, 0.1278, 1, 0, 1, 1),
(45007, 55737, 0.1638, 1, 0, 1, 1),
(45007, 55738, 0.1398, 1, 0, 1, 1),
(45007, 55745, 0.1079, 1, 0, 1, 1),
(45007, 55746, 0.1518, 1, 0, 1, 1),
(45007, 55747, 0.1318, 1, 0, 1, 1),
(45007, 55754, 0.1398, 1, 0, 1, 1),
(45007, 55755, 0.1798, 1, 0, 1, 1),
(45007, 55756, 0.1718, 1, 0, 1, 1),
(45007, 55763, 0.1079, 1, 0, 1, 1),
(45007, 55764, 0.1318, 1, 0, 1, 1),
(45007, 55765, 0.1438, 1, 0, 1, 1),
(45007, 55772, 0.1438, 1, 0, 1, 1),
(45007, 55773, 0.1198, 1, 0, 1, 1),
(45007, 55774, 0.0917, 1, 0, 1, 1),
(45007, 55881, 1.1704, 1, 0, 1, 1),
(45007, 55882, 0.9787, 1, 0, 1, 1),
(45007, 55884, 1.0146, 1, 0, 1, 1),
(45007, 58256, 3.3, 1, 0, 1, 1),
(45007, 58259, 12.1884, 1, 0, 1, 1),
(45007, 58261, 25.4848, 1, 0, 1, 1),
(45007, 58268, 7.8571, 1, 0, 1, 1),
(45007, 62063, 0.4114, 1, 0, 1, 1),
(45007, 62064, 0.5552, 1, 0, 1, 1),
(45007, 62065, 0.5033, 1, 0, 1, 1),
(45007, 62066, 0.3875, 1, 0, 1, 1),
(45007, 62067, 0.3555, 1, 0, 1, 1),
(45007, 62068, 0.4434, 1, 0, 1, 1),
(45007, 62069, 0.4114, 1, 0, 1, 1),
(45007, 62070, 0.3056, 1, 0, 1, 1),
(45007, 62071, 0.4953, 1, 0, 1, 1),
(45007, 62072, 0.4114, 1, 0, 1, 1),
(45007, 62073, 0.1957, 1, 0, 1, 1),
(45007, 62075, 0.1598, 1, 0, 1, 1),
(45007, 62076, 0.1838, 1, 0, 1, 1),
(45007, 62077, 0.2197, 1, 0, 1, 1),
(45007, 62078, 0.2157, 1, 0, 1, 1),
(45007, 62079, 0.2317, 1, 0, 1, 1),
(45007, 62081, 0.2876, 1, 0, 1, 1),
(45007, 62082, 0.2077, 1, 0, 1, 1),
(45007, 62083, 0.1758, 1, 0, 1, 1),
(45007, 62084, 0.2117, 1, 0, 1, 1),
(45007, 62085, 0.1917, 1, 0, 1, 1),
(45007, 62086, 0.2916, 1, 0, 1, 1),
(45007, 62087, 0.2437, 1, 0, 1, 1),
(45007, 62089, 0.1798, 1, 0, 1, 1),
(45007, 62090, 0.2596, 1, 0, 1, 1),
(45007, 62091, 0.1638, 1, 0, 1, 1),
(45007, 62094, 0.1957, 1, 0, 1, 1),
(45007, 62095, 0.1598, 1, 0, 1, 1),
(45007, 62096, 0.1838, 1, 0, 1, 1),
(45007, 62098, 0.1798, 1, 0, 1, 1),
(45007, 62099, 0.1758, 1, 0, 1, 1),
(45007, 62101, 0.163, 1, 0, 1, 1),
(45007, 62102, 0.2477, 1, 0, 1, 1),
(45007, 62103, 0.1758, 1, 0, 1, 1),
(45007, 62104, 0.1957, 1, 0, 1, 1),
(45007, 62105, 0.0959, 1, 0, 1, 1),
(45007, 62106, 0.1278, 1, 0, 1, 1),
(45007, 62107, 0.1238, 1, 0, 1, 1),
(45007, 62109, 0.1438, 1, 0, 1, 1),
(45007, 62110, 0.1118, 1, 0, 1, 1),
(45007, 62111, 0.1398, 1, 0, 1, 1),
(45007, 62112, 0.1079, 1, 0, 1, 1),
(45007, 62113, 0.1877, 1, 0, 1, 1),
(45007, 62114, 0.1079, 1, 0, 1, 1),
(45007, 62115, 0.1638, 1, 0, 1, 1),
(45007, 62116, 0.1838, 1, 0, 1, 1),
(45007, 62117, 0.0999, 1, 0, 1, 1),
(45007, 62118, 0.1478, 1, 0, 1, 1),
(45007, 62119, 0.0959, 1, 0, 1, 1),
(45007, 62120, 0.1278, 1, 0, 1, 1),
(45007, 62121, 0.0815, 1, 0, 1, 1),
(45007, 62122, 0.1438, 1, 0, 1, 1),
(45007, 62123, 0.1118, 1, 0, 1, 1),
(45007, 62124, 0.1598, 1, 0, 1, 1),
(45007, 62125, 0.1158, 1, 0, 1, 1),
(45007, 62126, 0.1039, 1, 0, 1, 1),
(45007, 62127, 0.0917, 1, 0, 1, 1),
(45007, 62129, 0.0999, 1, 0, 1, 1),
(45007, 62130, 0.0917, 1, 0, 1, 1),
(45007, 62131, 0.1957, 1, 0, 1, 1),
(45007, 62132, 0.1358, 1, 0, 1, 1),
(45007, 62133, 0.1118, 1, 0, 1, 1),
(45007, 62134, 0.1238, 1, 0, 1, 1),
(45007, 62135, 0.1118, 1, 0, 1, 1),
(45007, 62136, 0.1798, 1, 0, 1, 1),
(45007, 63271, 14.4044, 1, 0, 1, 1),
(45007, 63272, 21.6066, 1, 0, 1, 1),
(45007, 63273, 38.7812, 1, 0, 1, 1),
(45007, 63274, 40.4432, 1, 0, 1, 1),
(45007, 63275, 34.903, 1, 0, 1, 1),
(45007, 63300, 22.1607, 1, 0, 1, 1),
(45007, 63348, 0.554, 1, 0, 1, 1),
(45007, 63349, 30.4709, 1, 0, 1, 1),
(45007, 66931, 0.008, 1, 0, 1, 1),
(45007, 66941, 0.012, 1, 0, 1, 1),
(45007, 66942, 0.012, 1, 0, 1, 1),
(45007, 66970, 0.02, 1, 0, 1, 1),
(45007, 66971, 0.0102, 1, 0, 1, 1),
(45007, 66972, 0.008, 1, 0, 1, 1),
(45007, 66974, 0.008, 1, 0, 1, 1),
(45007, 66990, 0.004, 1, 0, 1, 1),
(45007, 66991, 0.008, 1, 0, 1, 1),
(45007, 66993, 0.0102, 1, 0, 1, 1),
(45007, 66994, 0.008, 1, 0, 1, 1),
(45007, 67057, 0.02, 1, 0, 1, 1),
(45007, 67059, 0.012, 1, 0, 1, 1),
(45007, 67061, 0.02, 1, 0, 1, 1),
(45007, 67067, 0.012, 1, 0, 1, 1),
(45007, 67069, 0.008, 1, 0, 1, 1),
(45007, 67119, 0.008, 1, 0, 1, 1),
(45007, 67121, 0.016, 1, 0, 1, 1),
(45007, 67122, 0.0599, 1, 0, 1, 1),
(45007, 67123, 0.008, 1, 0, 1, 1),
(45007, 67125, 0.008, 1, 0, 1, 1),
(45007, 67126, 0.008, 1, 0, 1, 1),
(45007, 67129, 0.008, 1, 0, 1, 1),
(45007, 67132, 0.008, 1, 0, 1, 1),
(45007, 67134, 0.004, 1, 0, 1, 1),
(45007, 67135, 0.012, 1, 0, 1, 1),
(45007, 67136, 0.008, 1, 0, 1, 1),
(45007, 67137, 0.004, 1, 0, 1, 1),
(45007, 67139, 0.004, 1, 0, 1, 1),
(45007, 67142, 0.004, 1, 0, 1, 1),
(45007, 67144, 0.004, 1, 0, 1, 1),
(45007, 67145, 0.004, 1, 0, 1, 1),
(45007, 67146, 0.004, 1, 0, 1, 1),
(45007, 67147, 0.004, 1, 0, 1, 1),
(45007, 67539, 0.0509, 1, 0, 1, 1),
(45007, 68196, 1.108, 1, 0, 1, 1),
(45007, 68197, 4.6, 1, 0, 1, 2),
(45007, 68198, 15.1, 1, 0, 1, 2),
(45007, 68729, 0.8748, 1, 0, 1, 1),
(45007, 68787, 0.004, 1, 0, 1, 1),
(45007, 68788, 0.004, 1, 0, 1, 1),
(45007, 68789, 0.004, 1, 0, 1, 1);

DELETE FROM `pickpocketing_loot_template` WHERE (`entry`=45007);
INSERT INTO `pickpocketing_loot_template` VALUES 
(45007, 58259, 6.5024, 1, 0, 1, 1),
(45007, 58261, 9.1718, 1, 0, 1, 1),
(45007, 63271, 7.8713, 1, 0, 1, 1),
(45007, 63272, 10.8145, 1, 0, 1, 1),
(45007, 63273, 22.3819, 1, 0, 1, 1),
(45007, 63274, 19.8494, 1, 0, 1, 1),
(45007, 63275, 19.0281, 1, 0, 1, 1),
(45007, 63300, 9.514, 1, 0, 1, 1),
(45007, 63348, 0.554, 1, 0, 1, 1),
(45007, 63349, 30.4709, 1, 0, 1, 1),
(45007, 68196, 1.6427, 1, 0, 1, 1);

REPLACE INTO `creature_template` (`entry`, `difficulty_entry_1`, `difficulty_entry_2`, `difficulty_entry_3`, `KillCredit1`, `KillCredit2`, `modelid1`, `modelid2`, `modelid3`, `modelid4`, `name`, `subname`, `IconName`, `gossip_menu_id`, `minlevel`, `maxlevel`, `exp`, `faction_A`, `faction_H`, `npcflag`, `speed_walk`, `speed_run`, `scale`, `rank`, `mindmg`, `maxdmg`, `dmgschool`, `attackpower`, `dmg_multiplier`, `baseattacktime`, `rangeattacktime`, `unit_class`, `unit_flags`, `unit_flags2`, `dynamicflags`, `family`, `trainer_type`, `trainer_spell`, `trainer_class`, `trainer_race`, `minrangedmg`, `maxrangedmg`, `rangedattackpower`, `type`, `type_flags`, `lootid`, `pickpocketloot`, `skinloot`, `resistance1`, `resistance2`, `resistance3`, `resistance4`, `resistance5`, `resistance6`, `spell1`, `spell2`, `spell3`, `spell4`, `spell5`, `spell6`, `spell7`, `spell8`, `PetSpellDataId`, `VehicleId`, `mingold`, `maxgold`, `AIName`, `MovementType`, `InhabitType`, `HoverHeight`, `Health_mod`, `Mana_mod`, `Armor_mod`, `RacialLeader`, `questItem1`, `questItem2`, `questItem3`, `questItem4`, `questItem5`, `questItem6`, `movementId`, `RegenHealth`, `mechanic_immune_mask`, `flags_extra`, `ScriptName`, `WDBVerified`) VALUES (45122, 49334, 49334, 0, 0, 0, 35830, 0, 0, 0, 'Oathsworn Captain', '', '', 0, 85, 85, 3, 16, 16, 0, 0.666668, 1.14286, 1, 1, 1007, 1354.7, 0, 1571, 7.5, 2000, 0, 1, 32832, 0, 0, 0, 0, 0, 0, 0, 758.1, 1062.1, 220, 7, 72, 45122, 45122, 0, 0, 0, 0, 0, 0, 0, 82670, 0, 0, 0, 0, 0, 0, 0, 0, 0, 15, 33, 'SmartAI', 1, 1, 1, 8, 1, 1, 0, 0, 0, 0, 0, 0, 0, 0, 1, 1048576, 0, '', 1);

DELETE FROM `smart_scripts` WHERE (`entryorguid`=45122 AND `source_type`=0);
INSERT INTO `smart_scripts` (`entryorguid`, `source_type`, `id`, `link`, `event_type`, `event_phase_mask`, `event_chance`, `event_flags`, `event_param1`, `event_param2`, `event_param3`, `event_param4`, `action_type`, `action_param1`, `action_param2`, `action_param3`, `action_param4`, `action_param5`, `action_param6`, `target_type`, `target_param1`, `target_param2`, `target_param3`, `target_x`, `target_y`, `target_z`, `target_o`, `comment`) VALUES 
(45122, 0, 0, 0, 0, 0, 100, 0, 2000, 2000, 5000, 10000, 11, 82670, 0, 0, 0, 0, 0, 2, 0, 0, 0, 0, 0, 0, 0, "Oathsworn Captain cast Skull Crack"),
(45122, 0, 1, 0, 0, 0, 100, 0, 3000, 5000, 16000, 16000, 11, 84248, 0, 0, 0, 0, 0, 1, 0, 0, 0, 0, 0, 0, 0, "Oathsworn Captain cast Earthquake");

DELETE FROM `creature_loot_template` WHERE (`entry`=45122);
INSERT INTO `creature_loot_template` VALUES 
(45122, 52363, 0.0077, 1, 0, 1, 1),
(45122, 52364, 0.0278, 1, 0, 1, 1),
(45122, 52366, 0.0098, 1, 0, 1, 1),
(45122, 52367, 0.0077, 1, 0, 1, 1),
(45122, 52368, 0.0082, 1, 0, 1, 1),
(45122, 52369, 0.0131, 1, 0, 1, 1),
(45122, 52372, 0.0098, 1, 0, 1, 1),
(45122, 52373, 0.0082, 1, 0, 1, 1),
(45122, 52374, 0.0147, 1, 0, 1, 1),
(45122, 52378, 0.0065, 1, 0, 1, 1),
(45122, 52379, 0.0065, 1, 0, 1, 1),
(45122, 52383, 0.0065, 1, 0, 1, 1),
(45122, 52388, 0.0049, 1, 0, 1, 1),
(45122, 52494, 0.0033, 1, 0, 1, 1),
(45122, 52495, 0.0065, 1, 0, 1, 1),
(45122, 52496, 0.0033, 1, 0, 1, 1),
(45122, 52719, 0.0039, 1, 0, 1, 1),
(45122, 53010, 34.8, 1, 0, 1, 6),
(45122, 55286, 0.072, 1, 0, 1, 1),
(45122, 55287, 0.0622, 1, 0, 1, 1),
(45122, 55288, 0.0474, 1, 0, 1, 1),
(45122, 55295, 0.0556, 1, 0, 1, 1),
(45122, 55296, 0.0638, 1, 0, 1, 1),
(45122, 55297, 0.0736, 1, 0, 1, 1),
(45122, 55304, 0.018, 1, 0, 1, 1),
(45122, 55305, 0.0196, 1, 0, 1, 1),
(45122, 55306, 0.0131, 1, 0, 1, 1),
(45122, 55313, 0.0883, 1, 0, 1, 1),
(45122, 55314, 0.0736, 1, 0, 1, 1),
(45122, 55315, 0.0916, 1, 0, 1, 1),
(45122, 55322, 0.0039, 1, 0, 1, 1),
(45122, 55323, 0.0131, 1, 0, 1, 1),
(45122, 55324, 0.0164, 1, 0, 1, 1),
(45122, 55331, 0.0736, 1, 0, 1, 1),
(45122, 55332, 0.0703, 1, 0, 1, 1),
(45122, 55333, 0.0818, 1, 0, 1, 1),
(45122, 55340, 0.0491, 1, 0, 1, 1),
(45122, 55341, 0.0867, 1, 0, 1, 1),
(45122, 55342, 0.0801, 1, 0, 1, 1),
(45122, 55349, 0.0752, 1, 0, 1, 1),
(45122, 55350, 0.0687, 1, 0, 1, 1),
(45122, 55351, 0.0883, 1, 0, 1, 1),
(45122, 55358, 0.0327, 1, 0, 1, 1),
(45122, 55359, 0.0098, 1, 0, 1, 1),
(45122, 55360, 0.0196, 1, 0, 1, 1),
(45122, 55367, 0.121, 1, 0, 1, 1),
(45122, 55368, 0.1325, 1, 0, 1, 1),
(45122, 55369, 0.1456, 1, 0, 1, 1),
(45122, 55376, 0.0867, 1, 0, 1, 1),
(45122, 55377, 0.0589, 1, 0, 1, 1),
(45122, 55378, 0.1129, 1, 0, 1, 1),
(45122, 55385, 0.0916, 1, 0, 1, 1),
(45122, 55386, 0.0981, 1, 0, 1, 1),
(45122, 55387, 0.0458, 1, 0, 1, 1),
(45122, 55394, 0.0572, 1, 0, 1, 1),
(45122, 55395, 0.0343, 1, 0, 1, 1),
(45122, 55396, 0.0523, 1, 0, 1, 1),
(45122, 55403, 0.1472, 1, 0, 1, 1),
(45122, 55404, 0.2601, 1, 0, 1, 1),
(45122, 55405, 0.1358, 1, 0, 1, 1),
(45122, 55412, 0.0523, 1, 0, 1, 1),
(45122, 55413, 0.054, 1, 0, 1, 1),
(45122, 55414, 0.0278, 1, 0, 1, 1),
(45122, 55421, 0.3844, 1, 0, 1, 1),
(45122, 55422, 0.3631, 1, 0, 1, 1),
(45122, 55423, 0.4171, 1, 0, 1, 1),
(45122, 55430, 0.0622, 1, 0, 1, 1),
(45122, 55431, 0.0785, 1, 0, 1, 1),
(45122, 55432, 0.0605, 1, 0, 1, 1),
(45122, 55439, 0.3566, 1, 0, 1, 1),
(45122, 55440, 0.283, 1, 0, 1, 1),
(45122, 55441, 0.3059, 1, 0, 1, 1),
(45122, 55448, 0.0425, 1, 0, 1, 1),
(45122, 55449, 0.0458, 1, 0, 1, 1),
(45122, 55450, 0.0622, 1, 0, 1, 1),
(45122, 55457, 0.0932, 1, 0, 1, 1),
(45122, 55458, 0.0622, 1, 0, 1, 1),
(45122, 55459, 0.072, 1, 0, 1, 1),
(45122, 55466, 0.0409, 1, 0, 1, 1),
(45122, 55467, 0.0769, 1, 0, 1, 1),
(45122, 55468, 0.0442, 1, 0, 1, 1),
(45122, 55475, 0.0229, 1, 0, 1, 1),
(45122, 55476, 0.0065, 1, 0, 1, 1),
(45122, 55477, 0.0164, 1, 0, 1, 1),
(45122, 55484, 0.1734, 1, 0, 1, 1),
(45122, 55485, 0.1505, 1, 0, 1, 1),
(45122, 55486, 0.1799, 1, 0, 1, 1),
(45122, 55493, 0.121, 1, 0, 1, 1),
(45122, 55494, 0.09, 1, 0, 1, 1),
(45122, 55495, 0.1227, 1, 0, 1, 1),
(45122, 55502, 0.1439, 1, 0, 1, 1),
(45122, 55503, 0.2192, 1, 0, 1, 1),
(45122, 55504, 0.1243, 1, 0, 1, 1),
(45122, 55511, 0.1521, 1, 0, 1, 1),
(45122, 55512, 0.2175, 1, 0, 1, 1),
(45122, 55513, 0.1717, 1, 0, 1, 1),
(45122, 55520, 0.1897, 1, 0, 1, 1),
(45122, 55521, 0.1897, 1, 0, 1, 1),
(45122, 55522, 0.157, 1, 0, 1, 1),
(45122, 55529, 0.1341, 1, 0, 1, 1),
(45122, 55530, 0.121, 1, 0, 1, 1),
(45122, 55531, 0.1309, 1, 0, 1, 1),
(45122, 55538, 0.1341, 1, 0, 1, 1),
(45122, 55539, 0.1587, 1, 0, 1, 1),
(45122, 55540, 0.121, 1, 0, 1, 1),
(45122, 55547, 0.1636, 1, 0, 1, 1),
(45122, 55548, 0.1587, 1, 0, 1, 1),
(45122, 55549, 0.1505, 1, 0, 1, 1),
(45122, 55556, 0.157, 1, 0, 1, 1),
(45122, 55557, 0.1243, 1, 0, 1, 1),
(45122, 55558, 0.121, 1, 0, 1, 1),
(45122, 55565, 0.1554, 1, 0, 1, 1),
(45122, 55566, 0.1309, 1, 0, 1, 1),
(45122, 55567, 0.1374, 1, 0, 1, 1),
(45122, 55574, 0.1276, 1, 0, 1, 1),
(45122, 55575, 0.1259, 1, 0, 1, 1),
(45122, 55576, 0.1946, 1, 0, 1, 1),
(45122, 55583, 0.139, 1, 0, 1, 1),
(45122, 55584, 0.1717, 1, 0, 1, 1),
(45122, 55585, 0.1227, 1, 0, 1, 1),
(45122, 55592, 0.1505, 1, 0, 1, 1),
(45122, 55593, 0.1259, 1, 0, 1, 1),
(45122, 55594, 0.1488, 1, 0, 1, 1),
(45122, 55601, 0.1734, 1, 0, 1, 1),
(45122, 55602, 0.1619, 1, 0, 1, 1),
(45122, 55603, 0.1554, 1, 0, 1, 1),
(45122, 55610, 0.1472, 1, 0, 1, 1),
(45122, 55611, 0.1227, 1, 0, 1, 1),
(45122, 55612, 0.1194, 1, 0, 1, 1),
(45122, 55619, 0.139, 1, 0, 1, 1),
(45122, 55620, 0.1129, 1, 0, 1, 1),
(45122, 55621, 0.1341, 1, 0, 1, 1),
(45122, 55628, 0.1652, 1, 0, 1, 1),
(45122, 55629, 0.1341, 1, 0, 1, 1),
(45122, 55630, 0.1587, 1, 0, 1, 1),
(45122, 55637, 0.1456, 1, 0, 1, 1),
(45122, 55638, 0.1194, 1, 0, 1, 1),
(45122, 55639, 0.1309, 1, 0, 1, 1),
(45122, 55646, 0.1554, 1, 0, 1, 1),
(45122, 55647, 0.108, 1, 0, 1, 1),
(45122, 55648, 0.0949, 1, 0, 1, 1),
(45122, 55655, 0.1112, 1, 0, 1, 1),
(45122, 55656, 0.1292, 1, 0, 1, 1),
(45122, 55657, 0.121, 1, 0, 1, 1),
(45122, 55664, 0.1325, 1, 0, 1, 1),
(45122, 55665, 0.1816, 1, 0, 1, 1),
(45122, 55666, 0.1423, 1, 0, 1, 1),
(45122, 55673, 0.0998, 1, 0, 1, 1),
(45122, 55674, 0.108, 1, 0, 1, 1),
(45122, 55675, 0.1374, 1, 0, 1, 1),
(45122, 55682, 0.1848, 1, 0, 1, 1),
(45122, 55683, 0.1259, 1, 0, 1, 1),
(45122, 55684, 0.1717, 1, 0, 1, 1),
(45122, 55691, 0.2274, 1, 0, 1, 1),
(45122, 55692, 0.175, 1, 0, 1, 1),
(45122, 55693, 0.1341, 1, 0, 1, 1),
(45122, 55700, 0.1292, 1, 0, 1, 1),
(45122, 55701, 0.1668, 1, 0, 1, 1),
(45122, 55702, 0.1488, 1, 0, 1, 1),
(45122, 55709, 0.2045, 1, 0, 1, 1),
(45122, 55710, 0.1766, 1, 0, 1, 1),
(45122, 55711, 0.2666, 1, 0, 1, 1),
(45122, 55718, 0.1865, 1, 0, 1, 1),
(45122, 55719, 0.1914, 1, 0, 1, 1),
(45122, 55720, 0.1374, 1, 0, 1, 1),
(45122, 55727, 0.2781, 1, 0, 1, 1),
(45122, 55728, 0.1995, 1, 0, 1, 1),
(45122, 55729, 0.175, 1, 0, 1, 1),
(45122, 55736, 0.1668, 1, 0, 1, 1),
(45122, 55737, 0.1587, 1, 0, 1, 1),
(45122, 55738, 0.1456, 1, 0, 1, 1),
(45122, 55745, 0.1914, 1, 0, 1, 1),
(45122, 55746, 0.2224, 1, 0, 1, 1),
(45122, 55747, 0.1652, 1, 0, 1, 1),
(45122, 55754, 0.1783, 1, 0, 1, 1),
(45122, 55755, 0.2143, 1, 0, 1, 1),
(45122, 55756, 0.2306, 1, 0, 1, 1),
(45122, 55763, 0.2241, 1, 0, 1, 1),
(45122, 55764, 0.1848, 1, 0, 1, 1),
(45122, 55765, 0.1816, 1, 0, 1, 1),
(45122, 55772, 0.1914, 1, 0, 1, 1),
(45122, 55773, 0.1832, 1, 0, 1, 1),
(45122, 55774, 0.157, 1, 0, 1, 1),
(45122, 55881, 1.2823, 1, 0, 1, 1),
(45122, 55882, 1.338, 1, 0, 1, 1),
(45122, 55884, 1.1678, 1, 0, 1, 1),
(45122, 58256, 3.7, 1, 0, 1, 1),
(45122, 58268, 7.3171, 1, 0, 1, 1),
(45122, 58269, 35.5987, 1, 0, 1, 1),
(45122, 62063, 0.3893, 1, 0, 1, 1),
(45122, 62064, 0.3778, 1, 0, 1, 1),
(45122, 62065, 0.3991, 1, 0, 1, 1),
(45122, 62066, 0.4105, 1, 0, 1, 1),
(45122, 62067, 0.4171, 1, 0, 1, 1),
(45122, 62068, 0.4743, 1, 0, 1, 1),
(45122, 62069, 0.4367, 1, 0, 1, 1),
(45122, 62070, 0.4351, 1, 0, 1, 1),
(45122, 62071, 0.4547, 1, 0, 1, 1),
(45122, 62072, 0.3991, 1, 0, 1, 1),
(45122, 62073, 0.2372, 1, 0, 1, 1),
(45122, 62074, 0.1995, 1, 0, 1, 1),
(45122, 62075, 0.1881, 1, 0, 1, 1),
(45122, 62076, 0.2077, 1, 0, 1, 1),
(45122, 62077, 0.1946, 1, 0, 1, 1),
(45122, 62078, 0.2028, 1, 0, 1, 1),
(45122, 62079, 0.1734, 1, 0, 1, 1),
(45122, 62080, 0.2175, 1, 0, 1, 1),
(45122, 62081, 0.1695, 1, 0, 1, 1),
(45122, 62082, 0.1995, 1, 0, 1, 1),
(45122, 62083, 0.2175, 1, 0, 1, 1),
(45122, 62084, 0.1619, 1, 0, 1, 1),
(45122, 62085, 0.1668, 1, 0, 1, 1),
(45122, 62086, 0.2535, 1, 0, 1, 1),
(45122, 62087, 0.1914, 1, 0, 1, 1),
(45122, 62088, 0.1914, 1, 0, 1, 1),
(45122, 62089, 0.1464, 1, 0, 1, 1),
(45122, 62090, 0.1603, 1, 0, 1, 1),
(45122, 62091, 0.2126, 1, 0, 1, 1),
(45122, 62092, 0.1503, 1, 0, 1, 1),
(45122, 62093, 0.2094, 1, 0, 1, 1),
(45122, 62094, 0.1766, 1, 0, 1, 1),
(45122, 62095, 0.1387, 1, 0, 1, 1),
(45122, 62096, 0.1914, 1, 0, 1, 1),
(45122, 62097, 0.1897, 1, 0, 1, 1),
(45122, 62098, 0.1652, 1, 0, 1, 1),
(45122, 62099, 0.1848, 1, 0, 1, 1),
(45122, 62100, 0.1701, 1, 0, 1, 1),
(45122, 62101, 0.2126, 1, 0, 1, 1),
(45122, 62102, 0.1636, 1, 0, 1, 1),
(45122, 62103, 0.1832, 1, 0, 1, 1),
(45122, 62104, 0.1685, 1, 0, 1, 1),
(45122, 62105, 0.1292, 1, 0, 1, 1),
(45122, 62106, 0.1554, 1, 0, 1, 1),
(45122, 62107, 0.1243, 1, 0, 1, 1),
(45122, 62108, 0.108, 1, 0, 1, 1),
(45122, 62109, 0.1194, 1, 0, 1, 1),
(45122, 62110, 0.157, 1, 0, 1, 1),
(45122, 62111, 0.1341, 1, 0, 1, 1),
(45122, 62112, 0.1652, 1, 0, 1, 1),
(45122, 62113, 0.1554, 1, 0, 1, 1),
(45122, 62114, 0.1292, 1, 0, 1, 1),
(45122, 62115, 0.1096, 1, 0, 1, 1),
(45122, 62116, 0.103, 1, 0, 1, 1),
(45122, 62117, 0.1603, 1, 0, 1, 1),
(45122, 62118, 0.1129, 1, 0, 1, 1),
(45122, 62119, 0.1145, 1, 0, 1, 1),
(45122, 62120, 0.1505, 1, 0, 1, 1),
(45122, 62121, 0.2028, 1, 0, 1, 1),
(45122, 62122, 0.1701, 1, 0, 1, 1),
(45122, 62123, 0.1439, 1, 0, 1, 1),
(45122, 62124, 0.1161, 1, 0, 1, 1),
(45122, 62125, 0.1799, 1, 0, 1, 1),
(45122, 62126, 0.175, 1, 0, 1, 1),
(45122, 62127, 0.1521, 1, 0, 1, 1),
(45122, 62128, 0.1178, 1, 0, 1, 1),
(45122, 62129, 0.1227, 1, 0, 1, 1),
(45122, 62130, 0.1178, 1, 0, 1, 1),
(45122, 62131, 0.1636, 1, 0, 1, 1),
(45122, 62132, 0.1002, 1, 0, 1, 1),
(45122, 62133, 0.1341, 1, 0, 1, 1),
(45122, 62134, 0.0883, 1, 0, 1, 1),
(45122, 62135, 0.1014, 1, 0, 1, 1),
(45122, 62136, 0.1472, 1, 0, 1, 1),
(45122, 63291, 47.8964, 1, 0, 1, 1),
(45122, 63300, 9.0615, 1, 0, 1, 1),
(45122, 63310, 30.4207, 1, 0, 1, 1),
(45122, 63316, 5.8252, 1, 0, 1, 1),
(45122, 63317, 38.1877, 1, 0, 1, 1),
(45122, 63318, 1.9417, 1, 0, 1, 1),
(45122, 63348, 47.8964, 1, 0, 1, 1),
(45122, 63349, 41.4239, 1, 0, 1, 1),
(45122, 66931, 0.0196, 1, 0, 1, 1),
(45122, 66932, 0.0229, 1, 0, 1, 1),
(45122, 66940, 0.0131, 1, 0, 1, 1),
(45122, 66941, 0.0082, 1, 0, 1, 1),
(45122, 66942, 0.0164, 1, 0, 1, 1),
(45122, 66968, 0.0039, 1, 0, 1, 1),
(45122, 66969, 0.0131, 1, 0, 1, 1),
(45122, 66970, 0.0098, 1, 0, 1, 1),
(45122, 66971, 0.0039, 1, 0, 1, 1),
(45122, 66972, 0.0245, 1, 0, 1, 1),
(45122, 66973, 0.0196, 1, 0, 1, 1),
(45122, 66974, 0.0049, 1, 0, 1, 1),
(45122, 66975, 0.0065, 1, 0, 1, 1),
(45122, 66976, 0.0213, 1, 0, 1, 1),
(45122, 66989, 0.0147, 1, 0, 1, 1),
(45122, 66990, 0.0147, 1, 0, 1, 1),
(45122, 66991, 0.0114, 1, 0, 1, 1),
(45122, 66992, 0.0082, 1, 0, 1, 1),
(45122, 66993, 0.0098, 1, 0, 1, 1),
(45122, 66994, 0.0039, 1, 0, 1, 1),
(45122, 67057, 0.0098, 1, 0, 1, 1),
(45122, 67059, 0.0065, 1, 0, 1, 1),
(45122, 67061, 0.0114, 1, 0, 1, 1),
(45122, 67067, 0.0082, 1, 0, 1, 1),
(45122, 67069, 0.0147, 1, 0, 1, 1),
(45122, 67071, 0.0098, 1, 0, 1, 1),
(45122, 67119, 0.0098, 1, 0, 1, 1),
(45122, 67120, 0.0196, 1, 0, 1, 1),
(45122, 67121, 0.0098, 1, 0, 1, 1),
(45122, 67122, 0.0131, 1, 0, 1, 1),
(45122, 67123, 0.0098, 1, 0, 1, 1),
(45122, 67124, 0.0065, 1, 0, 1, 1),
(45122, 67125, 0.0213, 1, 0, 1, 1),
(45122, 67126, 0.0114, 1, 0, 1, 1),
(45122, 67127, 0.0131, 1, 0, 1, 1),
(45122, 67130, 0.0049, 1, 0, 1, 1),
(45122, 67131, 0.0098, 1, 0, 1, 1),
(45122, 67133, 0.0033, 1, 0, 1, 1),
(45122, 67134, 0.0049, 1, 0, 1, 1),
(45122, 67135, 0.0065, 1, 0, 1, 1),
(45122, 67136, 0.0049, 1, 0, 1, 1),
(45122, 67137, 0.0082, 1, 0, 1, 1),
(45122, 67138, 0.0016, 1, 0, 1, 1),
(45122, 67140, 0.0065, 1, 0, 1, 1),
(45122, 67141, 0.0049, 1, 0, 1, 1),
(45122, 67142, 0.0049, 1, 0, 1, 1),
(45122, 67145, 0.0016, 1, 0, 1, 1),
(45122, 67147, 0.0065, 1, 0, 1, 1),
(45122, 67149, 0.0016, 1, 0, 1, 1),
(45122, 67150, 0.0049, 1, 0, 1, 1),
(45122, 67401, 0.0016, 1, 0, 1, 1),
(45122, 67539, 0.0694, 1, 0, 1, 1),
(45122, 68197, 5.2, 1, 0, 1, 2),
(45122, 68198, 15.6668, 1, 0, 1, 1),
(45122, 68729, 0.7638, 1, 0, 1, 1),
(45122, 68782, 0.0022, 1, 0, 1, 1),
(45122, 68783, 0.0049, 1, 0, 1, 1),
(45122, 68787, 0.0082, 1, 0, 1, 1),
(45122, 68788, 0.0033, 1, 0, 1, 1),
(45122, 69820, 0.0016, 1, 0, 1, 1);

DELETE FROM `pickpocketing_loot_template` WHERE (`entry`=45122);
INSERT INTO `pickpocketing_loot_template` VALUES 
(45122, 58269, 17.8654, 1, 0, 1, 1),
(45122, 63291, 20.801, 1, 0, 1, 1),
(45122, 63300, 9.0615, 1, 0, 1, 1),
(45122, 63310, 13.5659, 1, 0, 1, 1),
(45122, 63316, 2.7132, 1, 0, 1, 1),
(45122, 63317, 19.7674, 1, 0, 1, 1),
(45122, 63318, 0.7752, 1, 0, 1, 1),
(45122, 63348, 24.677, 1, 0, 1, 1),
(45122, 63349, 41.4239, 1, 0, 1, 1);

REPLACE INTO `creature_template` (`entry`, `difficulty_entry_1`, `difficulty_entry_2`, `difficulty_entry_3`, `KillCredit1`, `KillCredit2`, `modelid1`, `modelid2`, `modelid3`, `modelid4`, `name`, `subname`, `IconName`, `gossip_menu_id`, `minlevel`, `maxlevel`, `exp`, `faction_A`, `faction_H`, `npcflag`, `speed_walk`, `speed_run`, `scale`, `rank`, `mindmg`, `maxdmg`, `dmgschool`, `attackpower`, `dmg_multiplier`, `baseattacktime`, `rangeattacktime`, `unit_class`, `unit_flags`, `unit_flags2`, `dynamicflags`, `family`, `trainer_type`, `trainer_spell`, `trainer_class`, `trainer_race`, `minrangedmg`, `maxrangedmg`, `rangedattackpower`, `type`, `type_flags`, `lootid`, `pickpocketloot`, `skinloot`, `resistance1`, `resistance2`, `resistance3`, `resistance4`, `resistance5`, `resistance6`, `spell1`, `spell2`, `spell3`, `spell4`, `spell5`, `spell6`, `spell7`, `spell8`, `PetSpellDataId`, `VehicleId`, `mingold`, `maxgold`, `AIName`, `MovementType`, `InhabitType`, `HoverHeight`, `Health_mod`, `Mana_mod`, `Armor_mod`, `RacialLeader`, `questItem1`, `questItem2`, `questItem3`, `questItem4`, `questItem5`, `questItem6`, `movementId`, `RegenHealth`, `mechanic_immune_mask`, `flags_extra`, `ScriptName`, `WDBVerified`) VALUES (49334, 0, 0, 0, 0, 0, 35830, 0, 0, 0, 'Oathsworn Captain (1)', '', '', 0, 85, 85, 3, 16, 16, 0, 0.666668, 1.14286, 1, 1, 1007, 1354.7, 0, 1571, 13, 1400, 0, 1, 32832, 0, 0, 0, 0, 0, 0, 0, 758.1, 1062.1, 220, 7, 72, 45122, 0, 0, 0, 0, 0, 0, 0, 0, 0, 0, 0, 0, 0, 0, 0, 0, 0, 0, 15, 33, '', 1, 1, 1, 8.5, 7, 1, 0, 0, 0, 0, 0, 0, 0, 0, 1, 1048576, 0, '', 1);

REPLACE INTO `creature_template` (`entry`, `difficulty_entry_1`, `difficulty_entry_2`, `difficulty_entry_3`, `KillCredit1`, `KillCredit2`, `modelid1`, `modelid2`, `modelid3`, `modelid4`, `name`, `subname`, `IconName`, `gossip_menu_id`, `minlevel`, `maxlevel`, `exp`, `faction_A`, `faction_H`, `npcflag`, `speed_walk`, `speed_run`, `scale`, `rank`, `mindmg`, `maxdmg`, `dmgschool`, `attackpower`, `dmg_multiplier`, `baseattacktime`, `rangeattacktime`, `unit_class`, `unit_flags`, `unit_flags2`, `dynamicflags`, `family`, `trainer_type`, `trainer_spell`, `trainer_class`, `trainer_race`, `minrangedmg`, `maxrangedmg`, `rangedattackpower`, `type`, `type_flags`, `lootid`, `pickpocketloot`, `skinloot`, `resistance1`, `resistance2`, `resistance3`, `resistance4`, `resistance5`, `resistance6`, `spell1`, `spell2`, `spell3`, `spell4`, `spell5`, `spell6`, `spell7`, `spell8`, `PetSpellDataId`, `VehicleId`, `mingold`, `maxgold`, `AIName`, `MovementType`, `InhabitType`, `HoverHeight`, `Health_mod`, `Mana_mod`, `Armor_mod`, `RacialLeader`, `questItem1`, `questItem2`, `questItem3`, `questItem4`, `questItem5`, `questItem6`, `movementId`, `RegenHealth`, `mechanic_immune_mask`, `flags_extra`, `ScriptName`, `WDBVerified`) VALUES (44577, 48932, 48932, 0, 0, 0, 34743, 0, 0, 0, 'General Husam', '', '', 0, 87, 87, 3, 16, 16, 0, 2.8, 1.42857, 1, 1, 1111.5, 1430.7, 0, 1613, 7.5, 2000, 0, 1, 0, 0, 0, 0, 0, 0, 0, 0, 989.9, 1174.2, 225, 7, 104, 44577, 0, 0, 0, 0, 0, 0, 0, 0, 0, 0, 0, 0, 0, 0, 0, 0, 0, 1036, 15, 33, '', 1, 1, 1, 25, 7, 1, 0, 0, 0, 0, 0, 0, 0, 154, 1, 613097436, 0, 'boss_general_husam', 14480);

DELETE FROM `creature_loot_template` WHERE (`entry`=44577);
INSERT INTO `creature_loot_template` VALUES 
(44577, 55856, 0, 1, 1, 1, 1),
(44577, 55857, 0, 1, 1, 1, 1),
(44577, 55858, 0, 1, 1, 1, 1),
(44577, 55859, 0, 1, 1, 1, 1),
(44577, 55860, 0, 1, 1, 1, 1),
(44577, 71638, 0.5176, 1, 0, 1, 1);

REPLACE INTO `creature_template` (`entry`, `difficulty_entry_1`, `difficulty_entry_2`, `difficulty_entry_3`, `KillCredit1`, `KillCredit2`, `modelid1`, `modelid2`, `modelid3`, `modelid4`, `name`, `subname`, `IconName`, `gossip_menu_id`, `minlevel`, `maxlevel`, `exp`, `faction_A`, `faction_H`, `npcflag`, `speed_walk`, `speed_run`, `scale`, `rank`, `mindmg`, `maxdmg`, `dmgschool`, `attackpower`, `dmg_multiplier`, `baseattacktime`, `rangeattacktime`, `unit_class`, `unit_flags`, `unit_flags2`, `dynamicflags`, `family`, `trainer_type`, `trainer_spell`, `trainer_class`, `trainer_race`, `minrangedmg`, `maxrangedmg`, `rangedattackpower`, `type`, `type_flags`, `lootid`, `pickpocketloot`, `skinloot`, `resistance1`, `resistance2`, `resistance3`, `resistance4`, `resistance5`, `resistance6`, `spell1`, `spell2`, `spell3`, `spell4`, `spell5`, `spell6`, `spell7`, `spell8`, `PetSpellDataId`, `VehicleId`, `mingold`, `maxgold`, `AIName`, `MovementType`, `InhabitType`, `HoverHeight`, `Health_mod`, `Mana_mod`, `Armor_mod`, `RacialLeader`, `questItem1`, `questItem2`, `questItem3`, `questItem4`, `questItem5`, `questItem6`, `movementId`, `RegenHealth`, `mechanic_immune_mask`, `flags_extra`, `ScriptName`, `WDBVerified`) VALUES (48932, 0, 0, 0, 0, 0, 34743, 0, 0, 0, 'General Husam', '', '', 0, 87, 87, 3, 16, 16, 0, 2.8, 1.42857, 1, 1, 1111.5, 1430.7, 0, 1613, 13, 0, 0, 1, 0, 0, 0, 0, 0, 0, 0, 0, 989.9, 1174.2, 225, 7, 104, 48932, 0, 0, 0, 0, 0, 0, 0, 0, 0, 0, 0, 0, 0, 0, 0, 0, 0, 1036, 15, 33, '', 0, 3, 1, 27, 7, 1, 0, 0, 0, 0, 0, 0, 0, 154, 1, 613097436, 1, '', 14480);

DELETE FROM `creature_loot_template` WHERE (`entry`=48932);
INSERT INTO `creature_loot_template` VALUES 
(48932, 56379, 0, 1, 1, 1, 1),
(48932, 56380, 0, 1, 1, 1, 1),
(48932, 56381, 0, 1, 1, 1, 1),
(48932, 56382, 0, 1, 1, 1, 1),
(48932, 56383, 0, 1, 1, 1, 1);

REPLACE INTO `creature_template` (`entry`, `difficulty_entry_1`, `difficulty_entry_2`, `difficulty_entry_3`, `KillCredit1`, `KillCredit2`, `modelid1`, `modelid2`, `modelid3`, `modelid4`, `name`, `subname`, `IconName`, `gossip_menu_id`, `minlevel`, `maxlevel`, `exp`, `faction_A`, `faction_H`, `npcflag`, `speed_walk`, `speed_run`, `scale`, `rank`, `mindmg`, `maxdmg`, `dmgschool`, `attackpower`, `dmg_multiplier`, `baseattacktime`, `rangeattacktime`, `unit_class`, `unit_flags`, `unit_flags2`, `dynamicflags`, `family`, `trainer_type`, `trainer_spell`, `trainer_class`, `trainer_race`, `minrangedmg`, `maxrangedmg`, `rangedattackpower`, `type`, `type_flags`, `lootid`, `pickpocketloot`, `skinloot`, `resistance1`, `resistance2`, `resistance3`, `resistance4`, `resistance5`, `resistance6`, `spell1`, `spell2`, `spell3`, `spell4`, `spell5`, `spell6`, `spell7`, `spell8`, `PetSpellDataId`, `VehicleId`, `mingold`, `maxgold`, `AIName`, `MovementType`, `InhabitType`, `HoverHeight`, `Health_mod`, `Mana_mod`, `Armor_mod`, `RacialLeader`, `questItem1`, `questItem2`, `questItem3`, `questItem4`, `questItem5`, `questItem6`, `movementId`, `RegenHealth`, `mechanic_immune_mask`, `flags_extra`, `ScriptName`, `WDBVerified`) VALUES (44976, 49324, 49324, 0, 0, 0, 34742, 0, 0, 0, 'Neferset Plaguebringer', '', '', 0, 85, 85, 3, 16, 16, 0, 0.666668, 1.14286, 1, 1, 619.2, 835.2, 0, 976, 7.5, 2000, 0, 2, 0, 0, 0, 0, 0, 0, 0, 0, 466.8, 654, 156, 7, 72, 44976, 44976, 0, 0, 0, 0, 0, 0, 0, 82768, 73976, 90005, 0, 0, 0, 0, 0, 0, 0, 15, 33, 'SmartAI', 1, 1, 1, 4, 14.133, 1, 0, 0, 0, 0, 0, 0, 0, 0, 1, 1048576, 0, '', 1);


DELETE FROM `smart_scripts` WHERE (`entryorguid`=44976 AND `source_type`=0);
INSERT INTO `smart_scripts` (`entryorguid`, `source_type`, `id`, `link`, `event_type`, `event_phase_mask`, `event_chance`, `event_flags`, `event_param1`, `event_param2`, `event_param3`, `event_param4`, `action_type`, `action_param1`, `action_param2`, `action_param3`, `action_param4`, `action_param5`, `action_param6`, `target_type`, `target_param1`, `target_param2`, `target_param3`, `target_x`, `target_y`, `target_z`, `target_o`, `comment`) VALUES 
(44976, 0, 1, 0, 0, 0, 100, 0, 5000, 5000, 11000, 11000, 11, 82768, 0, 0, 0, 0, 0, 5, 0, 0, 0, 0, 0, 0, 0, "Neferset Plaguebringer cast Infectious Plague");

DELETE FROM `creature_loot_template` WHERE (`entry`=44976);
INSERT INTO `creature_loot_template` VALUES 
(44976, 52363, 0.0101, 1, 0, 1, 1),
(44976, 52366, 0.0082, 1, 0, 1, 1),
(44976, 52368, 0.0064, 1, 0, 1, 1),
(44976, 52369, 0.0127, 1, 0, 1, 1),
(44976, 52370, 0.008, 1, 0, 1, 1),
(44976, 52371, 0.0082, 1, 0, 1, 1),
(44976, 52372, 0.0057, 1, 0, 1, 1),
(44976, 52376, 0.0048, 1, 0, 1, 1),
(44976, 52377, 0.008, 1, 0, 1, 1),
(44976, 52378, 0.0048, 1, 0, 1, 1),
(44976, 52379, 0.0064, 1, 0, 1, 1),
(44976, 52383, 0.0048, 1, 0, 1, 1),
(44976, 52385, 0.0048, 1, 0, 1, 1),
(44976, 52386, 0.0048, 1, 0, 1, 1),
(44976, 52388, 0.0057, 1, 0, 1, 1),
(44976, 52494, 0.0025, 1, 0, 1, 1),
(44976, 52495, 0.0048, 1, 0, 1, 1),
(44976, 52496, 0.0064, 1, 0, 1, 1),
(44976, 52719, 0.0192, 1, 0, 1, 1),
(44976, 53010, 36.6, 1, 0, 1, 6),
(44976, 55286, 0.0995, 1, 0, 1, 1),
(44976, 55287, 0.0615, 1, 0, 1, 1),
(44976, 55288, 0.059, 1, 0, 1, 1),
(44976, 55295, 0.0621, 1, 0, 1, 1),
(44976, 55296, 0.0577, 1, 0, 1, 1),
(44976, 55297, 0.0507, 1, 0, 1, 1),
(44976, 55304, 0.0127, 1, 0, 1, 1),
(44976, 55305, 0.019, 1, 0, 1, 1),
(44976, 55306, 0.0108, 1, 0, 1, 1),
(44976, 55313, 0.0666, 1, 0, 1, 1),
(44976, 55314, 0.0729, 1, 0, 1, 1),
(44976, 55315, 0.0571, 1, 0, 1, 1),
(44976, 55322, 0.0184, 1, 0, 1, 1),
(44976, 55323, 0.0152, 1, 0, 1, 1),
(44976, 55324, 0.0184, 1, 0, 1, 1),
(44976, 55331, 0.0545, 1, 0, 1, 1),
(44976, 55332, 0.0723, 1, 0, 1, 1),
(44976, 55333, 0.083, 1, 0, 1, 1),
(44976, 55340, 0.0431, 1, 0, 1, 1),
(44976, 55341, 0.0336, 1, 0, 1, 1),
(44976, 55342, 0.0387, 1, 0, 1, 1),
(44976, 55349, 0.0571, 1, 0, 1, 1),
(44976, 55350, 0.0685, 1, 0, 1, 1),
(44976, 55351, 0.0672, 1, 0, 1, 1),
(44976, 55358, 0.0139, 1, 0, 1, 1),
(44976, 55359, 0.0228, 1, 0, 1, 1),
(44976, 55360, 0.0127, 1, 0, 1, 1),
(44976, 55367, 0.1103, 1, 0, 1, 1),
(44976, 55368, 0.1363, 1, 0, 1, 1),
(44976, 55369, 0.1128, 1, 0, 1, 1),
(44976, 55376, 0.109, 1, 0, 1, 1),
(44976, 55377, 0.116, 1, 0, 1, 1),
(44976, 55378, 0.0704, 1, 0, 1, 1),
(44976, 55385, 0.0742, 1, 0, 1, 1),
(44976, 55386, 0.078, 1, 0, 1, 1),
(44976, 55387, 0.0685, 1, 0, 1, 1),
(44976, 55394, 0.0634, 1, 0, 1, 1),
(44976, 55395, 0.0431, 1, 0, 1, 1),
(44976, 55396, 0.0425, 1, 0, 1, 1),
(44976, 55403, 0.1521, 1, 0, 1, 1),
(44976, 55404, 0.1718, 1, 0, 1, 1),
(44976, 55405, 0.1591, 1, 0, 1, 1),
(44976, 55412, 0.0361, 1, 0, 1, 1),
(44976, 55413, 0.0558, 1, 0, 1, 1),
(44976, 55414, 0.0513, 1, 0, 1, 1),
(44976, 55421, 0.3176, 1, 0, 1, 1),
(44976, 55422, 0.3423, 1, 0, 1, 1),
(44976, 55423, 0.3144, 1, 0, 1, 1),
(44976, 55430, 0.0735, 1, 0, 1, 1),
(44976, 55431, 0.0647, 1, 0, 1, 1),
(44976, 55432, 0.0704, 1, 0, 1, 1),
(44976, 55439, 0.246, 1, 0, 1, 1),
(44976, 55440, 0.232, 1, 0, 1, 1),
(44976, 55441, 0.2016, 1, 0, 1, 1),
(44976, 55448, 0.0387, 1, 0, 1, 1),
(44976, 55449, 0.0494, 1, 0, 1, 1),
(44976, 55450, 0.0431, 1, 0, 1, 1),
(44976, 55457, 0.0773, 1, 0, 1, 1),
(44976, 55458, 0.0742, 1, 0, 1, 1),
(44976, 55459, 0.0602, 1, 0, 1, 1),
(44976, 55466, 0.038, 1, 0, 1, 1),
(44976, 55467, 0.0393, 1, 0, 1, 1),
(44976, 55468, 0.0254, 1, 0, 1, 1),
(44976, 55475, 0.0063, 1, 0, 1, 1),
(44976, 55476, 0.007, 1, 0, 1, 1),
(44976, 55477, 0.0082, 1, 0, 1, 1),
(44976, 55484, 0.1502, 1, 0, 1, 1),
(44976, 55485, 0.1743, 1, 0, 1, 1),
(44976, 55486, 0.1667, 1, 0, 1, 1),
(44976, 55493, 0.1166, 1, 0, 1, 1),
(44976, 55494, 0.1395, 1, 0, 1, 1),
(44976, 55495, 0.1109, 1, 0, 1, 1),
(44976, 55502, 0.1071, 1, 0, 1, 1),
(44976, 55503, 0.1255, 1, 0, 1, 1),
(44976, 55504, 0.1236, 1, 0, 1, 1),
(44976, 55511, 0.1154, 1, 0, 1, 1),
(44976, 55512, 0.1407, 1, 0, 1, 1),
(44976, 55513, 0.1059, 1, 0, 1, 1),
(44976, 55520, 0.1179, 1, 0, 1, 1),
(44976, 55521, 0.1097, 1, 0, 1, 1),
(44976, 55522, 0.1439, 1, 0, 1, 1),
(44976, 55529, 0.1173, 1, 0, 1, 1),
(44976, 55530, 0.1471, 1, 0, 1, 1),
(44976, 55531, 0.123, 1, 0, 1, 1),
(44976, 55538, 0.1204, 1, 0, 1, 1),
(44976, 55539, 0.1338, 1, 0, 1, 1),
(44976, 55540, 0.1293, 1, 0, 1, 1),
(44976, 55547, 0.0926, 1, 0, 1, 1),
(44976, 55548, 0.1236, 1, 0, 1, 1),
(44976, 55549, 0.1116, 1, 0, 1, 1),
(44976, 55556, 0.1071, 1, 0, 1, 1),
(44976, 55557, 0.1331, 1, 0, 1, 1),
(44976, 55558, 0.1052, 1, 0, 1, 1),
(44976, 55565, 0.1078, 1, 0, 1, 1),
(44976, 55566, 0.0907, 1, 0, 1, 1),
(44976, 55567, 0.149, 1, 0, 1, 1),
(44976, 55574, 0.1103, 1, 0, 1, 1),
(44976, 55575, 0.0843, 1, 0, 1, 1),
(44976, 55576, 0.1078, 1, 0, 1, 1),
(44976, 55583, 0.0989, 1, 0, 1, 1),
(44976, 55584, 0.1173, 1, 0, 1, 1),
(44976, 55585, 0.1281, 1, 0, 1, 1),
(44976, 55592, 0.1331, 1, 0, 1, 1),
(44976, 55593, 0.1528, 1, 0, 1, 1),
(44976, 55594, 0.1306, 1, 0, 1, 1),
(44976, 55601, 0.1674, 1, 0, 1, 1),
(44976, 55602, 0.109, 1, 0, 1, 1),
(44976, 55603, 0.1458, 1, 0, 1, 1),
(44976, 55610, 0.1135, 1, 0, 1, 1),
(44976, 55611, 0.1369, 1, 0, 1, 1),
(44976, 55612, 0.13, 1, 0, 1, 1),
(44976, 55619, 0.1325, 1, 0, 1, 1),
(44976, 55620, 0.1223, 1, 0, 1, 1),
(44976, 55621, 0.1128, 1, 0, 1, 1),
(44976, 55628, 0.1357, 1, 0, 1, 1),
(44976, 55629, 0.1014, 1, 0, 1, 1),
(44976, 55630, 0.1433, 1, 0, 1, 1),
(44976, 55637, 0.0951, 1, 0, 1, 1),
(44976, 55638, 0.1281, 1, 0, 1, 1),
(44976, 55639, 0.109, 1, 0, 1, 1),
(44976, 55646, 0.1211, 1, 0, 1, 1),
(44976, 55647, 0.1002, 1, 0, 1, 1),
(44976, 55648, 0.0907, 1, 0, 1, 1),
(44976, 55655, 0.0951, 1, 0, 1, 1),
(44976, 55656, 0.1376, 1, 0, 1, 1),
(44976, 55657, 0.0926, 1, 0, 1, 1),
(44976, 55664, 0.1395, 1, 0, 1, 1),
(44976, 55665, 0.1281, 1, 0, 1, 1),
(44976, 55666, 0.1395, 1, 0, 1, 1),
(44976, 55673, 0.1014, 1, 0, 1, 1),
(44976, 55674, 0.1338, 1, 0, 1, 1),
(44976, 55675, 0.1198, 1, 0, 1, 1),
(44976, 55682, 0.1078, 1, 0, 1, 1),
(44976, 55683, 0.142, 1, 0, 1, 1),
(44976, 55684, 0.1192, 1, 0, 1, 1),
(44976, 55691, 0.1147, 1, 0, 1, 1),
(44976, 55692, 0.1521, 1, 0, 1, 1),
(44976, 55693, 0.1078, 1, 0, 1, 1),
(44976, 55700, 0.1147, 1, 0, 1, 1),
(44976, 55701, 0.1052, 1, 0, 1, 1),
(44976, 55702, 0.1052, 1, 0, 1, 1),
(44976, 55709, 0.1376, 1, 0, 1, 1),
(44976, 55710, 0.1528, 1, 0, 1, 1),
(44976, 55711, 0.1604, 1, 0, 1, 1),
(44976, 55718, 0.1236, 1, 0, 1, 1),
(44976, 55719, 0.2206, 1, 0, 1, 1),
(44976, 55720, 0.142, 1, 0, 1, 1),
(44976, 55727, 0.1414, 1, 0, 1, 1),
(44976, 55728, 0.1712, 1, 0, 1, 1),
(44976, 55729, 0.1705, 1, 0, 1, 1),
(44976, 55736, 0.1876, 1, 0, 1, 1),
(44976, 55737, 0.142, 1, 0, 1, 1),
(44976, 55738, 0.1515, 1, 0, 1, 1),
(44976, 55745, 0.1978, 1, 0, 1, 1),
(44976, 55746, 0.187, 1, 0, 1, 1),
(44976, 55747, 0.1851, 1, 0, 1, 1),
(44976, 55754, 0.1921, 1, 0, 1, 1),
(44976, 55755, 0.1902, 1, 0, 1, 1),
(44976, 55756, 0.2079, 1, 0, 1, 1),
(44976, 55763, 0.1933, 1, 0, 1, 1),
(44976, 55764, 0.1731, 1, 0, 1, 1),
(44976, 55765, 0.1756, 1, 0, 1, 1),
(44976, 55772, 0.1572, 1, 0, 1, 1),
(44976, 55773, 0.1458, 1, 0, 1, 1),
(44976, 55774, 0.1496, 1, 0, 1, 1),
(44976, 55881, 1.0891, 1, 0, 1, 1),
(44976, 55882, 1.0777, 1, 0, 1, 1),
(44976, 55884, 1.0904, 1, 0, 1, 1),
(44976, 58256, 4.3, 1, 0, 1, 1),
(44976, 58268, 7.6831, 1, 0, 1, 1),
(44976, 58269, 24.848, 1, 0, 1, 1),
(44976, 62063, 0.4133, 1, 0, 1, 1),
(44976, 62064, 0.4, 1, 0, 1, 1),
(44976, 62065, 0.4507, 1, 0, 1, 1),
(44976, 62066, 0.4266, 1, 0, 1, 1),
(44976, 62067, 0.3994, 1, 0, 1, 1),
(44976, 62068, 0.3892, 1, 0, 1, 1),
(44976, 62069, 0.5243, 1, 0, 1, 1),
(44976, 62070, 0.4, 1, 0, 1, 1),
(44976, 62071, 0.4254, 1, 0, 1, 1),
(44976, 62072, 0.3873, 1, 0, 1, 1),
(44976, 62073, 0.2181, 1, 0, 1, 1),
(44976, 62074, 0.2231, 1, 0, 1, 1),
(44976, 62075, 0.2098, 1, 0, 1, 1),
(44976, 62076, 0.1629, 1, 0, 1, 1),
(44976, 62077, 0.1705, 1, 0, 1, 1),
(44976, 62078, 0.2124, 1, 0, 1, 1),
(44976, 62079, 0.1769, 1, 0, 1, 1),
(44976, 62080, 0.1788, 1, 0, 1, 1),
(44976, 62081, 0.1677, 1, 0, 1, 1),
(44976, 62082, 0.1857, 1, 0, 1, 1),
(44976, 62083, 0.1743, 1, 0, 1, 1),
(44976, 62084, 0.1686, 1, 0, 1, 1),
(44976, 62085, 0.1845, 1, 0, 1, 1),
(44976, 62086, 0.2308, 1, 0, 1, 1),
(44976, 62087, 0.1876, 1, 0, 1, 1),
(44976, 62088, 0.1655, 1, 0, 1, 1),
(44976, 62089, 0.1908, 1, 0, 1, 1),
(44976, 62090, 0.1978, 1, 0, 1, 1),
(44976, 62091, 0.1927, 1, 0, 1, 1),
(44976, 62092, 0.1902, 1, 0, 1, 1),
(44976, 62093, 0.1972, 1, 0, 1, 1),
(44976, 62094, 0.2269, 1, 0, 1, 1),
(44976, 62095, 0.1648, 1, 0, 1, 1),
(44976, 62096, 0.2048, 1, 0, 1, 1),
(44976, 62097, 0.18, 1, 0, 1, 1),
(44976, 62098, 0.2193, 1, 0, 1, 1),
(44976, 62099, 0.1636, 1, 0, 1, 1),
(44976, 62100, 0.1819, 1, 0, 1, 1),
(44976, 62101, 0.1769, 1, 0, 1, 1),
(44976, 62102, 0.1604, 1, 0, 1, 1),
(44976, 62103, 0.1677, 1, 0, 1, 1),
(44976, 62104, 0.1578, 1, 0, 1, 1),
(44976, 62105, 0.1344, 1, 0, 1, 1),
(44976, 62106, 0.1623, 1, 0, 1, 1),
(44976, 62107, 0.1699, 1, 0, 1, 1),
(44976, 62108, 0.1331, 1, 0, 1, 1),
(44976, 62109, 0.1382, 1, 0, 1, 1),
(44976, 62110, 0.1223, 1, 0, 1, 1),
(44976, 62111, 0.1509, 1, 0, 1, 1),
(44976, 62112, 0.1103, 1, 0, 1, 1),
(44976, 62113, 0.1572, 1, 0, 1, 1),
(44976, 62114, 0.1686, 1, 0, 1, 1),
(44976, 62115, 0.123, 1, 0, 1, 1),
(44976, 62116, 0.1598, 1, 0, 1, 1),
(44976, 62117, 0.1445, 1, 0, 1, 1),
(44976, 62118, 0.1236, 1, 0, 1, 1),
(44976, 62119, 0.116, 1, 0, 1, 1),
(44976, 62120, 0.116, 1, 0, 1, 1),
(44976, 62121, 0.1439, 1, 0, 1, 1),
(44976, 62122, 0.1388, 1, 0, 1, 1),
(44976, 62123, 0.1433, 1, 0, 1, 1),
(44976, 62124, 0.1312, 1, 0, 1, 1),
(44976, 62125, 0.1344, 1, 0, 1, 1),
(44976, 62126, 0.1471, 1, 0, 1, 1),
(44976, 62127, 0.1388, 1, 0, 1, 1),
(44976, 62128, 0.1388, 1, 0, 1, 1),
(44976, 62129, 0.1014, 1, 0, 1, 1),
(44976, 62130, 0.1274, 1, 0, 1, 1),
(44976, 62131, 0.1477, 1, 0, 1, 1),
(44976, 62132, 0.1166, 1, 0, 1, 1),
(44976, 62133, 0.1502, 1, 0, 1, 1),
(44976, 62134, 0.1249, 1, 0, 1, 1),
(44976, 62135, 0.1433, 1, 0, 1, 1),
(44976, 62136, 0.1255, 1, 0, 1, 1),
(44976, 63291, 43.9618, 1, 0, 1, 1),
(44976, 63300, 17.8975, 1, 0, 1, 1),
(44976, 63310, 27.9757, 1, 0, 1, 1),
(44976, 63316, 1.7376, 1, 0, 1, 1),
(44976, 63317, 42.3979, 1, 0, 1, 1),
(44976, 63318, 2.4327, 1, 0, 1, 1),
(44976, 63348, 53.8662, 1, 0, 1, 1),
(44976, 63349, 57.5152, 1, 0, 1, 1),
(44976, 66931, 0.0108, 1, 0, 1, 1),
(44976, 66932, 0.0139, 1, 0, 1, 1),
(44976, 66940, 0.0057, 1, 0, 1, 1),
(44976, 66941, 0.0076, 1, 0, 1, 1),
(44976, 66942, 0.0165, 1, 0, 1, 1),
(44976, 66968, 0.012, 1, 0, 1, 1),
(44976, 66969, 0.0089, 1, 0, 1, 1),
(44976, 66970, 0.0076, 1, 0, 1, 1),
(44976, 66971, 0.0108, 1, 0, 1, 1),
(44976, 66972, 0.0127, 1, 0, 1, 1),
(44976, 66973, 0.0108, 1, 0, 1, 1),
(44976, 66974, 0.0101, 1, 0, 1, 1),
(44976, 66975, 0.012, 1, 0, 1, 1),
(44976, 66976, 0.0016, 1, 0, 1, 1),
(44976, 66989, 0.012, 1, 0, 1, 1),
(44976, 66990, 0.007, 1, 0, 1, 1),
(44976, 66991, 0.0063, 1, 0, 1, 1),
(44976, 66992, 0.0032, 1, 0, 1, 1),
(44976, 66993, 0.0101, 1, 0, 1, 1),
(44976, 66994, 0.0133, 1, 0, 1, 1),
(44976, 67057, 0.007, 1, 0, 1, 1),
(44976, 67059, 0.0076, 1, 0, 1, 1),
(44976, 67061, 0.0076, 1, 0, 1, 1),
(44976, 67067, 0.0063, 1, 0, 1, 1),
(44976, 67069, 0.0095, 1, 0, 1, 1),
(44976, 67071, 0.0082, 1, 0, 1, 1),
(44976, 67119, 0.0095, 1, 0, 1, 1),
(44976, 67120, 0.0146, 1, 0, 1, 1),
(44976, 67121, 0.0228, 1, 0, 1, 1),
(44976, 67122, 0.0057, 1, 0, 1, 1),
(44976, 67123, 0.007, 1, 0, 1, 1),
(44976, 67124, 0.007, 1, 0, 1, 1),
(44976, 67125, 0.0101, 1, 0, 1, 1),
(44976, 67126, 0.0082, 1, 0, 1, 1),
(44976, 67127, 0.0063, 1, 0, 1, 1),
(44976, 67129, 0.0025, 1, 0, 1, 1),
(44976, 67130, 0.0032, 1, 0, 1, 1),
(44976, 67133, 0.0533, 1, 0, 1, 1),
(44976, 67134, 0.0032, 1, 0, 1, 1),
(44976, 67135, 0.0013, 1, 0, 1, 1),
(44976, 67136, 0.0051, 1, 0, 1, 1),
(44976, 67137, 0.0032, 1, 0, 1, 1),
(44976, 67138, 0.0032, 1, 0, 1, 1),
(44976, 67139, 0.0025, 1, 0, 1, 1),
(44976, 67140, 0.0019, 1, 0, 1, 1),
(44976, 67141, 0.0025, 1, 0, 1, 1),
(44976, 67142, 0.007, 1, 0, 1, 1),
(44976, 67143, 0.0025, 1, 0, 1, 1),
(44976, 67144, 0.0038, 1, 0, 1, 1),
(44976, 67145, 0.0038, 1, 0, 1, 1),
(44976, 67146, 0.0032, 1, 0, 1, 1),
(44976, 67147, 0.0025, 1, 0, 1, 1),
(44976, 67148, 0.0019, 1, 0, 1, 1),
(44976, 67149, 0.0019, 1, 0, 1, 1),
(44976, 67150, 0.0057, 1, 0, 1, 1),
(44976, 68197, 5.4, 1, 0, 1, 2),
(44976, 68198, 15.4295, 1, 0, 1, 1),
(44976, 68729, 0.7068, 1, 0, 1, 1),
(44976, 68781, 0.0017, 1, 0, 1, 1),
(44976, 68782, 0.0101, 1, 0, 1, 1),
(44976, 68783, 0.0025, 1, 0, 1, 1),
(44976, 68787, 0.0009, 1, 0, 1, 1),
(44976, 68788, 0.0025, 1, 0, 1, 1),
(44976, 68789, 0.0009, 1, 0, 1, 1);

DELETE FROM `pickpocketing_loot_template` WHERE (`entry`=44976);
INSERT INTO `pickpocketing_loot_template` VALUES 
(44976, 58269, 14.9071, 1, 0, 1, 1),
(44976, 63291, 23.5131, 1, 0, 1, 1),
(44976, 63300, 17.8975, 1, 0, 1, 1),
(44976, 63310, 12.1438, 1, 0, 1, 1),
(44976, 63316, 1.6321, 1, 0, 1, 1),
(44976, 63317, 22.1577, 1, 0, 1, 1),
(44976, 63318, 0.9405, 1, 0, 1, 1),
(44976, 63348, 24.426, 1, 0, 1, 1),
(44976, 63349, 25.4495, 1, 0, 1, 1);

REPLACE INTO `creature_template` (`entry`, `difficulty_entry_1`, `difficulty_entry_2`, `difficulty_entry_3`, `KillCredit1`, `KillCredit2`, `modelid1`, `modelid2`, `modelid3`, `modelid4`, `name`, `subname`, `IconName`, `gossip_menu_id`, `minlevel`, `maxlevel`, `exp`, `faction_A`, `faction_H`, `npcflag`, `speed_walk`, `speed_run`, `scale`, `rank`, `mindmg`, `maxdmg`, `dmgschool`, `attackpower`, `dmg_multiplier`, `baseattacktime`, `rangeattacktime`, `unit_class`, `unit_flags`, `unit_flags2`, `dynamicflags`, `family`, `trainer_type`, `trainer_spell`, `trainer_class`, `trainer_race`, `minrangedmg`, `maxrangedmg`, `rangedattackpower`, `type`, `type_flags`, `lootid`, `pickpocketloot`, `skinloot`, `resistance1`, `resistance2`, `resistance3`, `resistance4`, `resistance5`, `resistance6`, `spell1`, `spell2`, `spell3`, `spell4`, `spell5`, `spell6`, `spell7`, `spell8`, `PetSpellDataId`, `VehicleId`, `mingold`, `maxgold`, `AIName`, `MovementType`, `InhabitType`, `HoverHeight`, `Health_mod`, `Mana_mod`, `Armor_mod`, `RacialLeader`, `questItem1`, `questItem2`, `questItem3`, `questItem4`, `questItem5`, `questItem6`, `movementId`, `RegenHealth`, `mechanic_immune_mask`, `flags_extra`, `ScriptName`, `WDBVerified`) VALUES (49324, 0, 0, 0, 0, 0, 34742, 0, 0, 0, 'Neferset Plaguebringer (1)', '', '', 0, 85, 85, 3, 16, 16, 0, 0.666668, 1.14286, 1, 1, 619.2, 835.2, 0, 976, 13, 1400, 0, 2, 0, 0, 0, 0, 0, 0, 0, 0, 466.8, 654, 156, 7, 72, 44976, 0, 0, 0, 0, 0, 0, 0, 0, 0, 0, 0, 0, 0, 0, 0, 0, 0, 0, 15, 33, '', 1, 1, 1, 4.25, 15, 1, 0, 0, 0, 0, 0, 0, 0, 0, 1, 1048576, 0, '', 1);
