#
# SQL Export
# Created by Querious (986)
# Created: July 21, 2015 at 10:53:13 AM CDT
# Encoding: Unicode (UTF-8)
#


DROP TABLE IF EXISTS `locales_battlepay_product_group`;
DROP TABLE IF EXISTS `locales_battlepay_display_info`;
DROP TABLE IF EXISTS `battlepay_shop_entry`;
DROP TABLE IF EXISTS `battlepay_product_item`;
DROP TABLE IF EXISTS `battlepay_product_group`;
DROP TABLE IF EXISTS `battlepay_product`;
DROP TABLE IF EXISTS `battlepay_display_info`;


CREATE TABLE `battlepay_display_info` (
  `DisplayInfoId` int(11) unsigned NOT NULL AUTO_INCREMENT,
  `CreatureDisplayInfoID` int(11) unsigned NOT NULL DEFAULT '0',
  `FileDataID` int(11) unsigned DEFAULT NULL,
  `Name1` varchar(255) NOT NULL,
  `Name2` varchar(255) NOT NULL,
  `Name3` text NOT NULL,
  `Flags` int(11) unsigned NOT NULL DEFAULT '0',
  UNIQUE KEY `DisplayInfoId` (`DisplayInfoId`)
) ENGINE=InnoDB AUTO_INCREMENT=287 DEFAULT CHARSET=utf8;


CREATE TABLE `battlepay_product` (
  `ProductID` int(11) unsigned NOT NULL AUTO_INCREMENT,
  `NormalPriceFixedPoint` bigint(20) unsigned NOT NULL,
  `CurrentPriceFixedPoint` bigint(20) unsigned NOT NULL,
  `Type` tinyint(3) unsigned NOT NULL,
  `ChoiceType` tinyint(3) unsigned NOT NULL,
  `Flags` int(11) unsigned NOT NULL,
  `DisplayInfoID` int(11) unsigned NOT NULL,
  `ScriptName` text NOT NULL,
  `ClassMask` int(12) unsigned NOT NULL DEFAULT '0',
  PRIMARY KEY (`ProductID`)
) ENGINE=InnoDB AUTO_INCREMENT=287 DEFAULT CHARSET=utf8;


CREATE TABLE `battlepay_product_group` (
  `GroupID` int(11) unsigned NOT NULL AUTO_INCREMENT,
  `Name` varchar(255) NOT NULL,
  `IconFileDataID` int(11) NOT NULL,
  `DisplayType` tinyint(3) unsigned NOT NULL,
  `Ordering` int(11) NOT NULL,
  PRIMARY KEY (`GroupID`)
) ENGINE=InnoDB AUTO_INCREMENT=10 DEFAULT CHARSET=utf8;


CREATE TABLE `battlepay_product_item` (
  `ID` int(11) unsigned NOT NULL AUTO_INCREMENT,
  `ProductID` int(11) unsigned NOT NULL,
  `ItemID` int(11) unsigned NOT NULL,
  `Quantity` int(11) unsigned NOT NULL,
  `DisplayID` int(11) DEFAULT NULL,
  `PetResult` tinyint(2) unsigned NOT NULL,
  PRIMARY KEY (`ID`)
) ENGINE=InnoDB AUTO_INCREMENT=570 DEFAULT CHARSET=utf8;


CREATE TABLE `battlepay_shop_entry` (
  `EntryID` int(11) unsigned NOT NULL AUTO_INCREMENT,
  `GroupID` int(11) unsigned NOT NULL,
  `ProductID` int(11) unsigned NOT NULL,
  `Ordering` int(11) NOT NULL,
  `Flags` int(11) unsigned NOT NULL DEFAULT '0',
  `BannerType` tinyint(3) unsigned NOT NULL,
  `DisplayInfoID` int(11) unsigned NOT NULL,
  PRIMARY KEY (`EntryID`)
) ENGINE=InnoDB AUTO_INCREMENT=287 DEFAULT CHARSET=utf8;


CREATE TABLE `locales_battlepay_display_info` (
  `DisplayInfoId` mediumint(8) unsigned NOT NULL DEFAULT '0',
  `Name_loc1` varchar(1024) NOT NULL DEFAULT '',
  `Name_loc2` varchar(1024) NOT NULL DEFAULT '',
  `Name_loc3` varchar(1024) NOT NULL DEFAULT '',
  `Name_loc4` varchar(1024) NOT NULL DEFAULT '',
  `Name_loc5` varchar(1024) NOT NULL DEFAULT '',
  `Name_loc6` varchar(1024) NOT NULL DEFAULT '',
  `Name_loc7` varchar(1024) NOT NULL DEFAULT '',
  `Name_loc8` varchar(1024) NOT NULL DEFAULT '',
  `Name_loc9` varchar(1024) NOT NULL DEFAULT '',
  `Name_loc10` varchar(1024) NOT NULL DEFAULT '',
  `Description_loc1` text NOT NULL,
  `Description_loc2` text NOT NULL,
  `Description_loc3` text NOT NULL,
  `Description_loc4` text NOT NULL,
  `Description_loc5` text NOT NULL,
  `Description_loc6` text NOT NULL,
  `Description_loc7` text NOT NULL,
  `Description_loc8` text NOT NULL,
  `Description_loc9` text NOT NULL,
  `Description_loc10` text NOT NULL,
  PRIMARY KEY (`DisplayInfoId`)
) ENGINE=MyISAM DEFAULT CHARSET=utf8;


CREATE TABLE `locales_battlepay_product_group` (
  `GroupID` mediumint(8) unsigned NOT NULL DEFAULT '0',
  `Name_loc1` text,
  `Name_loc2` text,
  `Name_loc3` text,
  `Name_loc4` text,
  `Name_loc5` text,
  `Name_loc6` text,
  `Name_loc7` text,
  `Name_loc8` text,
  `Name_loc9` text,
  `Name_loc10` text,
  PRIMARY KEY (`GroupID`)
) ENGINE=MyISAM DEFAULT CHARSET=utf8;




SET @PREVIOUS_FOREIGN_KEY_CHECKS = @@FOREIGN_KEY_CHECKS;
SET FOREIGN_KEY_CHECKS = 0;


LOCK TABLES `battlepay_display_info` WRITE;
ALTER TABLE `battlepay_display_info` DISABLE KEYS;
INSERT INTO `battlepay_display_info` (`DisplayInfoId`, `CreatureDisplayInfoID`, `FileDataID`, `Name1`, `Name2`, `Name3`, `Flags`) VALUES
	(1,51482,0,'Reins of the Kor\'kron War Wolf','','The Kor\'kron use only the mightiest wolves for their mounts, bedecking them in armor that would break the backs of lesser creatures.',0),
	(2,15676,0,'Black Qiraji Resonating Crystal','','Although many varieties of Qiraji Battle Tank can still be found in the ruins of Ahn\'Qiraj today, the darkest of the species were only seen on the day the Scarab gong was rung.',0),
	(3,39530,0,'Tyrael\'s Charger','','A symbol of justice throughout all known realms.',0),
	(4,28040,0,'Reins of the Black Proto-Drake','','Bred specifically to honor those heroes who showed exceptional resilience and fortitude facing the dangers in Northrend.',0),
	(5,31958,0,'Celestial Steed','','A beacon of hope; a guiding light in the darkness.',0),
	(6,38260,0,'Winged Guardian','','Unearthed recently in an ancient tomb, this mighty winged lion may have once served one of the ancient Tol\'vir princes.',0),
	(7,40029,0,'Heart of the Aspects','','You are Azeroth\'s true guardians and the future of this world is in your hands, for the dawning of the age of mortals has begun. - Alexstrasza',0),
	(8,46729,0,'Swift Windsteed','','One of Pandaria\'s most elusive creatures, said to bring good fortune to its rider.',0),
	(9,48020,0,'Armored Bloodwing','','This monstrous, flesh-eating bat is the undisputed ruler of the night skies.',0),
	(10,48714,0,'Enchanted Fey Dragon','','This majestic creature is Brightwing\'s older brother. He affirms that she was, in fact, adopted.',0),
	(11,53038,0,'Iron Skyreaver','','Iron Horde beastmasters bred this rylak for war and then girded it for battle in black steel and smoldering flame.',0),
	(12,55896,0,'Warforged Nightmare','','A nightmarish steed of hardened steel and vengeful spirits, this companion will follow you to the depths of the Firelands and back without complaint.',0),
	(13,55907,0,'Grinning Reaver','','The difference between a smile and a grin is the difference between a kiss and tasting.',0),
	(14,53774,0,'Reins of the Dread Raven','','Filled with the hatred of an ancient god, the dread raven are the Arakkoa\'s most trusted guardians.',0),
	(15,21973,0,'Reins of the Spectral Tiger','','In true goblin fashion, Landro Longshot has put a stranglehold on the distribution of these mysterious incorporeal mounts.',0),
	(16,31992,0,'X-53 Touring Rocket','','Riding a giant cylinder filled with highly explosive goblin rocket fuel all by yourself is just crazy...so bring a friend.',0),
	(17,61484,0,'Armored Razorback','','Never... ever... EVER... let it smell bacon on you.',0),
	(18,53307,0,'Tundra Icehoof','','A translucent layer of down hair covers this breed\'s leathery hide, acting as the perfect insulation for cold environments.',0),
	(19,59746,0,'Mudback Riverbeast','','Special webbing that grows on the soles of the mudback\'s feet gives them extra traction in mud and slick terrain.',0),
	(20,59536,0,'Warsong Direfang','','Has a will of iron but is a sweetheart if you give it a clefthoof bone to chew on.',0),
	(21,48931,0,'Hearthsteed','','Each step echoes with the rage of your three opponents.',0),
	(22,42498,0,'Heart of the Nightwing','','When you can\'t run, you crawl, and when you can\'t crawl you find someone to carry you.',0),
	(23,45521,0,'Reins of the Ashen Pandaren Phoenix','','Both the name and color of this majestic phoenix are believed to symbolize rebirth.',0),
	(24,58772,0,'Core Hound Chain','','Molten to the core!',0),
	(25,62148,0,'Mystic Runesaber','','Infused with arcane power, the Mystic Runesaber has long been hidden by chaotic nether energies. Recently they have emerged from the shadows in search of ley lines to sate their thirst for magic.',0),
	(26,38046,0,'Corrupted Egg of Millagazor','','Millagazor was a fire hawk loyal to Ragnaros. At this time it is unknown how many of Millagazor\'s eggs were corrupted.',0),
	(27,61363,0,'Cindermane Charger','','Formed by Ragnaros himself as a gift for the daughter he never had.',0),
	(28,39546,0,'Spectral Gryphon','','When you said an old friend was coming back, this was not quite what I expected. -Bralla Cloudwing',0),
	(29,48934,0,'Blossoming Ancient','','This budding ancient is a unique variety in Azeroth, created from the ever-living branches of the Great Tree, and can bloom in any season.',0),
	(30,16943,0,'Cenarion Hatchling','','After a harpy incursion in Feralas, several hippogryph nesting grounds were attacked. Hundreds of hatchlings were orphaned, and they have been entrusted to the care of the druids on Sardor Isle.',0),
	(31,46720,0,'Cinder Kitten','','A playful, purring pyromaniac. Don\'t pet these kittens without fireproof mittens!',0),
	(32,30412,0,'Gryphon Hatchling','','A gift from the Wildhammer dwarves to the heroes of the Alliance, these hatchlings are descendants of the same gryphons ridden by Falstad and his entourage into Grim Batol.',0),
	(33,30507,0,'Lil\' Phylactery','','In life, Kel\'Thuzad betrayed the Kirin Tor and created the Cult of the Damned. In death, he serves the Scourge as the Archlich Lord of Naxxramas.',0),
	(34,37541,0,'Lil\' Ragnaros','','It\'s never too soon to summon this tiny aspect of the dread Firelord.',0),
	(35,32031,0,'Lil\' XT','','Modeled after the huge titan prototype in Ulduar, this volatile little construct plays hard with its toys.',0),
	(36,37526,0,'Moonkin Egg','','Moonkin are blessed by Elune and spread nature\'s grace wherever they travel. The festive fowls are always in the mood for a dance.',0),
	(37,30414,0,'Pandaren Monk','','The pandaren monk is a fearless traveling companion, constantly training in his art... unless you offer him a drink. He considers it rude to refuse.',0),
	(38,40019,0,'Soul of the Aspects','','The Soul of the Aspects is said to be possessed of mercurial moods ranging from stoic and deliberate to unpredictable and erratic, to loving and deeply pensive.',0),
	(39,30413,0,'Wind Rider Cub','','Thorg No-Legs never paid heed to the old orc saying, \'Don\'t pull a wyvern\'s tail.\'',0),
	(40,25900,0,'Tyrael\'s Hilt','','\'I am Justice itself!\'',0),
	(41,10990,0,'Panda Collar','','This pint-sized panda cub is highly sought after by adventurers around Azeroth - despite its narcoleptic nature.',0),
	(42,22966,0,'Dragon Kite','','Much quieter than a real dragon.',0),
	(43,16205,0,'Elwynn Lamb','','Unlike the polymorphed variety, trueborn sheep can be quite scary.',0),
	(44,45960,0,'Enchanted Broom','','Created by a blood elf apprentice, this broom would be extremely useful if anyone could figure out how to make it stop.',0),
	(45,25002,0,'Soul-Trader Beacon','','Ethereal soul-traders will travel with those who can free the essences they need from unruly hosts.',0),
	(46,21362,0,'Banana Charm','','Although loath to part with Bananas, Landro realized it would be safer if the pet was far from Booty Bay when his father, King Mukla, discovered he was missing.',0),
	(47,30409,0,'Spectral Tiger Cub','','Affectionate and curious, these kittens seem to find the most peculiar hiding places.',0),
	(48,4732,0,'Tirisfal Batling','','Can sense an opponent\'s heartbeat through echolocation.',0),
	(49,4185,0,'Vampiric Batling','','Vampire bats have been trained as scouts and mounts by the Forsaken of the Undercity and the Amani trolls of Zul\'Aman.',0),
	(50,30462,0,'Core Hound Pup','','Found in the Firelands and the Molten Core, core hounds can trace their lineage back to the alpha male, Magmadar.',0),
	(51,17723,0,'Netherwhelp\'s Collar','','Offspring of the nether drakes of Outland, this young dragon is still growing into its role as hunter, protector, and adorable terror of the skies.',0),
	(52,28456,0,'Frosty\'s Collar','','Accidentally created when the Lich King\'s deathly powers raised Rimefang from undeath.',0),
	(53,31722,0,'Ice Chip','','While not nearly as destructive as its original master, the Ice Lord Ahune, the frostling has been known to lob chilly snowballs at unsuspecting adventurers.',0),
	(54,15398,0,'Lurky\'s Egg','','Lurky\'s charming disposition and lively antics are guaranteed to soothe frustration and lighten even the darkest moods.',0),
	(55,15369,0,'Blue Murloc Egg','','Appearances of this beloved and ultra-reclusive murloc are sure to draw a crowd.',0),
	(56,29348,0,'Heavy Murloc Egg','','Only the rarest of murlocs is able to successfully cross dimensional barriers. Fewer still return with the kind of advanced armor and weaponry possessed by Grunty.',0),
	(57,15984,0,'Pink Murloc Egg','','Gurky is a born performer, though she remains elusive, making public appearances only on the rarest of occasions.',0),
	(58,28734,0,'Murkimus\' Little Spear','','Murkimus is the most fearsome of all murloc arena warriors. And for a time, the only one.',0),
	(59,22938,0,'Silver Pig Coin','','Druids think silver pigs have a special bond with golden pigs, as both breeds appeared on Azeroth at the same time.',0),
	(60,22389,0,'Muckbreath\'s Bucket','','Muckbreath is just like other crocolisks, except he has an excellent sense of humor.',0),
	(61,23506,0,'Chuck\'s Bucket','','After studying the crocolisk species for several years, the famed angler Nat Pagle determined that baby crocolisks are mostly harmless.',0),
	(62,23507,0,'Snarly\'s Bucket','','Crocolisks are six-legged amphibian predators found in coastal waters. Archaeologists believe they may be descended from the diemetradons of Un\'Goro Crater.',0),
	(63,24620,0,'Competitor\'s Souvenir','','Only heroes who have proven their valor through great acts are gifted one of these mystical serpentine creatures.',0),
	(64,28502,0,'Mulgore Hatchling','','A tallstrider\'s speed on open ground is unrivaled, so predators rely on stealth and pack tactics when hunting them.',0),
	(65,26452,0,'Unhatched Mr. Chilly','','Mr. Chilly\'s appearance evokes a more civilized era, when duelists battled in tuxedos.',0),
	(66,16189,0,'Baby Blizzard Bear','','This cub shares many traits with its relatives, but it\'s in a league of its own with its singing ability.',0),
	(67,38359,0,'Guardian Cub','','Still a little clumsy, this tiny winged lion is learning how to be the best mount it can be!',0),
	(68,37846,0,'Nightsaber Cub','','Elune made nightsabers silver and black so they could meld into the shadows on a moonlit night.',0),
	(69,35338,0,'Lil\' Deathwing','','Nations tremble under his shadow - the Destroyer, the one-time Aspect of Earth, and the monster responsible for breaking Azeroth asunder.  Now in a convenient travel-size!',0),
	(71,0,1033987,'Level 100 Character Boost','','There comes a time in every hero’s quest when they need a little boost to help get them over the hump and back into the action. With a Level 100 Character Boost, you can grant one character a one-time boost to level 90. Bring your hero up to speed and join the fight on the front lines.',0),
	(72,0,614740,'Level 90 Character Boost','','There comes a time in every hero’s quest when they need a little boost to help get them over the hump and back into the action. With a Level 90 Character Boost, you can grant one character a one-time boost to level 90. Bring your hero up to speed and join the fight on the front lines.',0),
	(73,0,614740,'Name Change','','The name you originally chose for your hero doesn’t have to be his name for all eternity. Maybe you have become a little too famous (or notorious), or maybe you just thought of something better; either way, you can change your name and start anew today!',0),
	(74,0,614740,'Faction Change','','‘Traitor’ is such a harsh word… sure, your allies may not be thrilled to see you leave, but what have they ever done for you, really? Maybe it’s time you saw what the other side has to offer. Maybe there are already friends waiting for you to join them. Maybe the epics really are purpler on the other side, as the saying goes. Changing factions also includes a free race change so you will fit right in with your new allies!',0),
	(75,0,614740,'Race Change','','It ain’t easy being green… or blue… or purplish-pink with pointy ears…. Sometimes a simple touch up of your character’s looks isn’t enough; sometimes you want to go all the way and change which race you belong to! With a race change, you can do just that.',0),
	(76,0,614740,'Appearance Change','','Things change, people change, hairstyles change, interest rates fluctuate… if you’re tired of always wearing a full plate helmet to hide your original character appearance choices, then appearance change is for you! Think of it like the kind of simple do-over people wished existed in real life. Appearance change lets you redo the look and even the gender of one of your characters.',0),
	(77,0,1033988,'Premade character level 100','','Buying a premade character include :\r\n- ilevel 600 PvP gear.\r\n- ilevel 610 weapons\r\n- ilevel 610 trinkets and cloak\r\n- 10 000 golds\r\n- Instant level 100',0),
	(78,0,133789,'10.000 golds','','L\'achat d\'un personnage pré-équipé comporte :\r\n- L\'équipement de la "Saison 1 de Warlords" de qualité rare et d\'ilvl 600.\r\n- Les armes fournies sont d\'ilvl 610.\r\n- Les bijoux et la cape sont d\'ilvl 610.\r\n- Vous aurez 10 000 Po.\r\n- Le personnage est de niveau 100.\r\n- Une monture volante : Wyrm de givre du gladiateur courroucé',0),
	(79,0,133787,'50.000 golds','','',0),
	(80,0,133784,'200.000 golds','','',0),
	(81,0,133785,'500.000 golds','','',0),
	(82,0,136240,'Alchemy - 700','','Learn Alchemy 700 with all recipes until Mists of Pandaria included.',0),
	(83,0,441139,'Archeology - 700','','Learn Archeology 700 with all recipes until Mists of Pandaria included.',0),
	(84,0,136241,'Blacksmithing - 700','','Learn Blacksmithing 700 with all recipes until Mists of Pandaria included.',0),
	(85,0,571695,'Cooking - 700','','Learn Cooking 700 with all recipes until Mists of Pandaria included.',0),
	(86,0,136244,'Enchanting - 700','','Learn Enchanting 700 with all recipes until Mists of Pandaria included.',0),
	(87,0,136243,'Engineering - 700','','Learn Engineering 700 with all recipes until Mists of Pandaria included.',0),
	(88,0,1014021,'First aid - 700','','Learn First Aid 700 with all recipes until Mists of Pandaria included.',0),
	(89,0,136245,'Fishing - 700','','Learn Fishing 700 with all recipes until Mists of Pandaria included.',0),
	(90,0,136246,'Herbalist - 700','','Learn Herbalist 700 with all recipes until Mists of Pandaria included.',0),
	(91,0,237171,'Inscription - 700','','Learn Inscription 700 with all recipes until Mists of Pandaria included.',0),
	(92,0,134071,'Jewelcrafting - 700','','Learn Jewelcrafting 700 with all recipes until Mists of Pandaria included.',0),
	(93,0,134366,'Skinning - 700','','Learn Skinning 700 with all recipes until Mists of Pandaria included.',0),
	(94,0,136249,'Tailoring - 700','','Learn Tailoring 700 with all recipes until Mists of Pandaria included.',0),
	(95,0,136248,'Mining - 700','','Learn Mining 700 with all recipes until Mists of Pandaria included.',0),
	(96,0,136247,'Leatherworking - 700','','Learn Leatherworking 700 with all recipes until Mists of Pandaria included.',0),
	(97,0,903273,'Battleplate of Cyclopean Dread (T16)','','',0),
	(98,0,903273,'Plate of Cyclopean Dread (T16)','','',0),
	(99,0,900314,'Armor of the Shattered Vale (T16)','','',0),
	(100,0,900314,'Regalia of the Shattered Vale (T16)','','',0),
	(101,0,900314,'Vestments of the Shattered Vale (T16)','','',0),
	(102,0,900314,'Battlegear of the Shattered Vale (T16)','','',0),
	(103,0,876287,'Battlegear of the Unblinking Vigil (T16)','','',0),
	(104,0,877086,'Chronomancer Regalia (T16)','','',0),
	(105,0,903040,'Armor of Seven Sacred Seals (T16)','','',0),
	(106,0,903040,'Vestments of Seven Sacred Seals (T16)','','',0),
	(107,0,903040,'Battlegear of Seven Sacred Seals (T16)','','',0),
	(108,0,898454,'Plate of Winged Triumph (T16)','','',0),
	(109,0,898454,'Vestments of Winged Triumph (T16)','','',0),
	(110,0,898454,'Battlegear of Winged Triumph (T16)','','',0),
	(111,0,897178,'Barbed Assassin Battlegear (T16)','','',0),
	(112,0,896767,'Regalia of Ternion Glory (T16)','','',0),
	(113,0,896767,'Vestments of Ternion Glory (T16)','','',0),
	(114,0,901180,'Celestial Harmony Regalia (T16)','','',0),
	(115,0,901180,'Celestial Harmony Battlegear (T16)','','',0),
	(116,0,901180,'Celestial Harmony Vestment (T16)','','',0),
	(117,0,880183,'Regalia of the Horned Nightmare (T16)','','',0),
	(118,0,896699,'Plate of the Prehistoric Marauder (T16)','','',0),
	(119,0,896699,'Battleplate of the Prehistoric Marauder (T16)','','',0),
	(120,0,850689,'Prideful Gladiator\'s Desecration','','',0),
	(121,0,874910,'Prideful Gladiator\'s Sanctuary','','',0),
	(122,0,874910,'Prideful Gladiator\'s Refuge','','',0),
	(123,0,874910,'Prideful Gladiator\'s Wildhide','','',0),
	(124,0,850379,'Prideful Gladiator\'s Pursuit','','',0),
	(125,0,897703,'Prideful Gladiator\'s Regalia','','',0),
	(126,0,850070,'Prideful Gladiator\'s Vestments','','',0),
	(127,0,849749,'Prideful Gladiator\'s Wartide','','',0),
	(128,0,849749,'Prideful Gladiator\'s Thunderfist','','',0),
	(129,0,849749,'Prideful Gladiator\'s Earthshaker','','',0),
	(130,0,877775,'Prideful Gladiator\'s Felshroud','','',0),
	(131,0,850232,'Prideful Gladiator\'s Vindication','','',0),
	(132,0,850232,'Prideful Gladiator\'s Redemption','','',0),
	(133,0,875430,'Prideful Gladiator\'s Ironskin','','',0),
	(134,0,875430,'Prideful Gladiator\'s Copperskin','','',0),
	(135,0,874795,'Prideful Gladiator\'s Investiture','','',0),
	(136,0,874795,'Prideful Gladiator\'s Raiment','','',0),
	(137,0,850689,'Prideful Gladiator\'s Desecration','','',0),
	(138,0,874910,'Prideful Gladiator\'s Sanctuary','','',0),
	(139,0,874910,'Prideful Gladiator\'s Refuge','','',0),
	(140,0,874910,'Prideful Gladiator\'s Wildhide','','',0),
	(141,0,850379,'Prideful Gladiator\'s Pursuit','','',0),
	(142,0,897703,'Prideful Gladiator\'s Regalia','','',0),
	(143,0,850070,'Prideful Gladiator\'s Vestments','','',0),
	(144,0,849749,'Prideful Gladiator\'s Wartide','','',0),
	(145,0,849749,'Prideful Gladiator\'s Thunderfist','','',0),
	(146,0,849749,'Prideful Gladiator\'s Earthshaker','','',0),
	(147,0,877775,'Prideful Gladiator\'s Felshroud','','',0),
	(148,0,851123,'Prideful Gladiator\'s Battlegear','','',0),
	(149,0,850232,'Prideful Gladiator\'s Vindication','','',0),
	(150,0,850232,'Prideful Gladiator\'s Redemption','','',0),
	(151,0,875430,'Prideful Gladiator\'s Ironskin','','',0),
	(152,0,875430,'Prideful Gladiator\'s Copperskin','','',0),
	(153,0,874795,'Prideful Gladiator\'s Investiture','','',0),
	(154,0,874795,'Prideful Gladiator\'s Raiment','','',0),
	(155,0,851123,'Prideful Gladiator\'s Battlegear','','',0),
	(156,0,132614,'Bonescythe Armor','','',0),
	(157,0,132959,'Redemption Armor','','',0),
	(158,0,135045,'Cryptstalker Armor','','',0),
	(159,0,133393,'Dreamwalker Raiment','','',0),
	(160,0,135056,'Plagueheart Raiment','','',0),
	(161,0,132497,'Vestments of Faith','','',0),
	(162,0,134667,'The Earthshatterer','','',0),
	(163,0,132737,'Dreadnaught\'s Battlegear','','',0),
	(164,0,132684,'Frostfire Regalia','','',0),
	(165,0,876354,'Xal\'atoh, Desecrated Image of Gorehowl','','',0),
	(166,0,896772,'Trident of Corrupted Waters','','',0),
	(167,0,879012,'Greatsword of Pride\'s Fall','','',0),
	(168,0,892398,'Gaze of Arrogance','','',0),
	(169,0,896915,'Lever of the Megantholithic Apparatus','','',0),
	(170,0,892874,'Drakebinder Greatstaff','','',0),
	(171,0,879903,'Gar\'tok, Strength of the Faithful','','',0),
	(172,0,892835,'Halberd of Inner Shadows','','',0),
	(173,0,895554,'Kor\'kron Spire of Supremacy','','',0),
	(174,0,892835,'Britomart\'s Jagged Pike','','',0),
	(175,0,877328,'Encapsulated Essence of Immerseus','','',0),
	(176,0,877699,'Softfoot\'s Last Resort','','',0),
	(177,0,897407,'Xifeng, Longblade of the Titanic Guardian','','',0),
	(178,0,877031,'Norushen\'s Shortblade','','',0),
	(179,0,878907,'Hvitserk\'s Formidable Shanker','','',0),
	(180,0,878907,'Nazgrim\'s Gutripper','','',0),
	(181,0,893841,'Seismic Bore','','',0),
	(182,0,875647,'Haromm\'s Frozen Crescent','','',0),
	(183,0,879011,'Kardris\' Scepter','','',0),
	(184,0,879867,'Horned Mace of the Old Ones','','',0),
	(185,0,892668,'Arcweaver Spell Sword','','',0),
	(186,0,880178,'Malkorok\'s Skullcleaver','','',0),
	(187,0,893841,'Siegecrafter\'s Forge Hammer','','',0),
	(188,0,898065,'Korven\'s Crimson Crescent','','',0),
	(189,0,877529,'Kil\'ruk\'s Furious Blade','','',0),
	(190,0,878262,'Rik\'kal\'s Bloody Scalpel','','',0),
	(191,0,894403,'Enchanted Shao-Tien Saber','','',0),
	(192,0,893780,'Immaculately Preserved Wand','','',0),
	(193,0,876223,'Death Lotus Crossbow','','',0),
	(194,0,877175,'Dagryn\'s Discarded Longbow','','',0),
	(195,0,875876,'Hisek\'s Reserve Longbow','','',0),
	(196,0,877409,'Kor\'kron Hand Cannon','','',0),
	(197,0,850684,'Prideful Gladiator\'s Cleaver','','',0),
	(198,0,850684,'Prideful Gladiator\'s Cleaver','','',0),
	(199,0,850684,'Prideful Gladiator\'s Hacker','','',0),
	(200,0,850684,'Prideful Gladiator\'s Hacker','','',0),
	(201,0,849832,'Prideful Gladiator\'s Gavel','','',0),
	(202,0,849832,'Prideful Gladiator\'s Gavel','','',0),
	(203,0,852525,'Prideful Gladiator\'s Pummeler','','',0),
	(204,0,852525,'Prideful Gladiator\'s Pummeler','','',0),
	(205,0,852525,'Prideful Gladiator\'s Bonecracker','','',0),
	(206,0,852525,'Prideful Gladiator\'s Bonecracker','','',0),
	(207,0,849169,'Prideful Gladiator\'s Mageblade','','',0),
	(208,0,849169,'Prideful Gladiator\'s Mageblade','','',0),
	(209,0,840706,'Prideful Gladiator\'s Slicer','','',0),
	(210,0,840706,'Prideful Gladiator\'s Slicer','','',0),
	(211,0,840706,'Prideful Gladiator\'s Quickblade','','',0),
	(212,0,840706,'Prideful Gladiator\'s Quickblade','','',0),
	(213,0,849070,'Prideful Gladiator\'s Ripper','','',0),
	(214,0,849070,'Prideful Gladiator\'s Ripper','','',0),
	(215,0,849070,'Prideful Gladiator\'s Render','','',0),
	(216,0,849070,'Prideful Gladiator\'s Render','','',0),
	(217,0,841409,'Prideful Gladiator\'s Spellblade','','',0),
	(218,0,841409,'Prideful Gladiator\'s Spellblade','','',0),
	(219,0,874444,'Prideful Gladiator\'s Shanker','','',0),
	(220,0,874444,'Prideful Gladiator\'s Shanker','','',0),
	(221,0,841309,'Prideful Gladiator\'s Decapitator','','',0),
	(222,0,841309,'Prideful Gladiator\'s Decapitator','','',0),
	(223,0,851907,'Prideful Gladiator\'s Pike','','',0),
	(224,0,851907,'Prideful Gladiator\'s Pike','','',0),
	(225,0,850046,'Prideful Gladiator\'s Greatsword','','',0),
	(226,0,850046,'Prideful Gladiator\'s Greatsword','','',0),
	(227,0,841577,'Prideful Gladiator\'s Battle Staff','','',0),
	(228,0,841577,'Prideful Gladiator\'s Battle Staff','','',0),
	(229,0,850563,'Prideful Gladiator\'s Energy Staff','','',0),
	(230,0,850563,'Prideful Gladiator\'s Energy Staff','','',0),
	(231,0,841133,'Prideful Gladiator\'s Longbow','','',0),
	(232,0,841133,'Prideful Gladiator\'s Longbow','','',0),
	(233,0,874793,'Prideful Gladiator\'s Rifle','','',0),
	(234,0,874793,'Prideful Gladiator\'s Rifle','','',0),
	(235,0,849285,'Prideful Gladiator\'s Touch of Defeat','','',0),
	(236,0,849285,'Prideful Gladiator\'s Touch of Defeat','','',0),
	(237,0,849285,'Prideful Gladiator\'s Baton of Light','','',0),
	(238,0,849285,'Prideful Gladiator\'s Baton of Light','','',0),
	(239,0,135331,'Corrupted Ashbringer','','',0),
	(240,0,135213,'Frostscythe of Lord Ahune','','',0),
	(241,0,135574,'The Eye of Nerub','','',0),
	(242,0,133495,'The Castigator','','',0),
	(243,0,135316,'Vis\'kag the Bloodletter','','',0),
	(244,0,135271,'Fiery Retributer','','',0),
	(245,0,135666,'Fang of the Faceless','','',0),
	(246,0,135582,'Halberd of Smiting','','',0),
	(247,0,135152,'Soulseeker','','',0),
	(248,0,135541,'Nerubian Slavemaker','','',0),
	(249,0,133496,'The End of Dreams','','',0),
	(250,0,135606,'Fury','','',0),
	(251,0,135606,'Rage','','',0),
	(252,0,132459,'Singing Crystal Axe','','',0),
	(253,0,135277,'The Horseman\'s Blade','','',0),
	(254,0,133040,'Sulfuras, the Extinguished Hand','','',0),
	(255,0,373990,'Stormwake, the Tempest\'s Reach','','',0),
	(256,0,510053,'Alysra\'s Razor','','',0),
	(257,0,518970,'Obsidium Cleaver','','',0),
	(258,0,488577,'Skullstealer Greataxe','','',0),
	(259,0,382928,'Spire of Scarlet Pain','','',0),
	(260,0,510037,'Arathar, the Eye of Flame','','',0),
	(261,0,135360,'Reclaimed Ashkandi, Greatsword of the Brotherhood','','',0),
	(262,0,370770,'Claws of Torment','','',0),
	(263,0,533962,'Souldrinker','','',0),
	(264,0,531208,'Gurthalak, Voice of the Deeps','','',0),
	(265,0,535044,'Spine of the Thousand Cuts','','',0),
	(266,0,529424,'Vishanka, Jaws of the Earth','','',0),
	(267,0,132400,'Arcanite Ripper','','',0),
	(268,0,236890,'Stormedge','','',0),
	(269,0,133531,'Scepter of Sha\'tar','','',0),
	(270,0,135616,'Dragonbreath Hand Cannon','','',0),
	(271,0,237492,'Frenzystrike Longbow','','',0),
	(272,0,135277,'Warglaive of Azzinoth (Left)','','',0),
	(273,0,135277,'Warglaive of Azzinoth (Right)','','',0),
	(274,0,535300,'Lightning Rod','','',0),
	(275,0,134169,'Murloc Costume','','',0),
	(276,0,134230,'Carved Ogre Idol','','',0),
	(277,0,132930,'Fishing Chair','','',0),
	(278,0,134112,'Fool\'s Gold','','',0),
	(279,0,134519,'Goblin Weather Machine - Prototype 01-B','','',0),
	(280,0,306868,'Ogre Pinata','','',0),
	(281,0,132594,'Picnic Basket','','',0),
	(282,0,255145,'Darkspear Pride','','',0),
	(283,0,255139,'Gnomeregan Pride','','',0),
	(284,0,134911,'Time-Lost Figurine','','',0),
	(285,0,255348,'Dark Portal','','',0),
	(286,0,132484,'The Flag of Ownership','','',0);
ALTER TABLE `battlepay_display_info` ENABLE KEYS;
UNLOCK TABLES;


LOCK TABLES `battlepay_product` WRITE;
ALTER TABLE `battlepay_product` DISABLE KEYS;
INSERT INTO `battlepay_product` (`ProductID`, `NormalPriceFixedPoint`, `CurrentPriceFixedPoint`, `Type`, `ChoiceType`, `Flags`, `DisplayInfoID`, `ScriptName`, `ClassMask`) VALUES
	(1,125,63,0,2,47,1,'',0),
	(2,125,63,0,2,47,2,'',0),
	(3,125,63,0,2,47,3,'',0),
	(4,125,63,0,2,47,4,'',0),
	(5,125,63,0,2,47,5,'',0),
	(6,125,63,0,2,47,6,'',0),
	(7,125,63,0,2,47,7,'',0),
	(8,100,50,0,2,47,8,'',0),
	(9,125,63,0,2,47,9,'',0),
	(10,125,63,0,2,47,10,'',0),
	(11,125,63,0,2,47,11,'',0),
	(12,150,75,0,2,47,12,'',0),
	(13,150,75,0,2,47,13,'',0),
	(14,125,63,0,2,47,14,'',0),
	(15,100,50,0,2,47,15,'',0),
	(16,150,75,0,2,47,16,'',0),
	(17,125,63,0,2,47,17,'',0),
	(18,125,63,0,2,47,18,'',0),
	(19,125,63,0,2,47,19,'',0),
	(20,125,63,0,2,47,20,'',0),
	(21,125,63,0,2,47,21,'',0),
	(22,125,63,0,2,47,22,'',0),
	(23,150,120,0,2,47,23,'',0),
	(24,150,68,0,2,47,24,'',0),
	(25,250,130,0,2,47,25,'',0),
	(26,130,65,0,2,47,26,'',0),
	(27,125,63,0,2,47,27,'',0),
	(28,100,50,0,2,47,28,'',0),
	(29,75,75,0,2,47,29,'',0),
	(30,75,75,0,2,47,30,'',0),
	(31,75,75,0,2,47,31,'',0),
	(32,75,75,0,2,47,32,'',0),
	(33,100,100,0,2,47,33,'',0),
	(34,100,100,0,2,47,34,'',0),
	(35,100,100,0,2,47,35,'',0),
	(36,85,85,0,2,47,36,'',0),
	(37,75,75,0,2,47,37,'',0),
	(38,90,90,0,2,47,38,'',0),
	(39,75,75,0,2,47,39,'',0),
	(40,250,250,0,2,47,40,'',0),
	(41,250,250,0,2,47,41,'',0),
	(42,100,100,0,2,47,42,'',0),
	(43,75,75,0,2,47,43,'',0),
	(44,75,75,0,2,47,44,'',0),
	(45,75,75,0,2,47,45,'',0),
	(46,75,75,0,2,47,46,'',0),
	(47,90,90,0,2,47,47,'',0),
	(48,75,75,0,2,47,48,'',0),
	(49,75,75,0,2,47,49,'',0),
	(50,100,100,0,2,47,50,'',0),
	(51,75,75,0,2,47,51,'',0),
	(52,85,85,0,2,47,52,'',0),
	(53,75,75,0,2,47,53,'',0),
	(54,75,75,0,2,47,54,'',0),
	(55,75,75,0,2,47,55,'',0),
	(56,75,75,0,2,47,56,'',0),
	(57,75,75,0,2,47,57,'',0),
	(58,75,75,0,2,47,58,'',0),
	(59,75,75,0,2,47,59,'',0),
	(60,75,75,0,2,47,60,'',0),
	(61,75,75,0,2,47,61,'',0),
	(62,75,75,0,2,47,62,'',0),
	(63,90,90,0,2,47,63,'',0),
	(64,75,75,0,2,47,64,'',0),
	(65,75,75,0,2,47,65,'',0),
	(66,75,75,0,2,47,66,'',0),
	(67,75,75,0,2,47,67,'',0),
	(68,90,90,0,2,47,68,'',0),
	(69,100,100,0,2,47,69,'',0),
	(71,150,120,0,2,47,71,'battlepay_service_level100',0),
	(72,100,75,0,2,47,72,'battlepay_service_level90',0),
	(73,50,45,0,2,47,73,'battlepay_service_rename',0),
	(74,85,70,0,2,47,74,'battlepay_service_change_faction',0),
	(75,55,40,0,2,47,75,'battlepay_service_change_race',0),
	(76,50,35,0,2,47,76,'battlepay_service_customize',0),
	(77,450,350,0,2,47,77,'battlepay_service_premade',0),
	(78,50,35,0,2,47,78,'battlepay_gold_10k',0),
	(79,100,80,0,2,47,79,'battlepay_gold_50k',0),
	(80,250,190,0,2,47,80,'battlepay_gold_200k',0),
	(81,400,290,0,2,47,81,'battlepay_gold_500k',0),
	(82,175,175,0,2,47,82,'battlepay_profession_alchemy',0),
	(83,90,90,0,2,47,83,'battlepay_profession_archaeology',0),
	(84,175,175,0,2,47,84,'battlepay_profession_blacksmithing',0),
	(85,90,90,0,2,47,85,'battlepay_profession_cooking',0),
	(86,175,175,0,2,47,86,'battlepay_profession_enchanting',0),
	(87,175,175,0,2,47,87,'battlepay_profession_engineering',0),
	(88,90,90,0,2,47,88,'battlepay_profession_first_aid',0),
	(89,90,90,0,2,47,89,'battlepay_profession_fishing',0),
	(90,125,125,0,2,47,90,'battlepay_profession_herbalism',0),
	(91,175,175,0,2,47,91,'battlepay_profession_inscription',0),
	(92,175,175,0,2,47,92,'battlepay_profession_jewelcrafting',0),
	(93,125,125,0,2,47,93,'battlepay_profession_skinning',0),
	(94,175,175,0,2,47,94,'battlepay_profession_tailoring',0),
	(95,125,125,0,2,47,95,'battlepay_profession_mining',0),
	(96,175,175,0,2,47,96,'battlepay_profession_leatherworking',0),
	(97,200,200,0,2,47,97,'',32),
	(98,200,200,0,2,47,98,'',32),
	(99,200,200,0,2,47,99,'',1024),
	(100,200,200,0,2,47,100,'',1024),
	(101,200,200,0,2,47,101,'',1024),
	(102,200,200,0,2,47,102,'',1024),
	(103,200,200,0,2,47,103,'',4),
	(104,200,200,0,2,47,104,'',128),
	(105,200,200,0,2,47,105,'',512),
	(106,200,200,0,2,47,106,'',512),
	(107,200,200,0,2,47,107,'',512),
	(108,200,200,0,2,47,108,'',2),
	(109,200,200,0,2,47,109,'',2),
	(110,200,200,0,2,47,110,'',2),
	(111,200,200,0,2,47,111,'',8),
	(112,200,200,0,2,47,112,'',16),
	(113,200,200,0,2,47,113,'',16),
	(114,200,200,0,2,47,114,'',64),
	(115,200,200,0,2,47,115,'',64),
	(116,200,200,0,2,47,116,'',65),
	(117,200,200,0,2,47,117,'',256),
	(118,200,200,0,2,47,118,'',1),
	(119,200,200,0,2,47,119,'',1),
	(120,200,200,0,2,47,120,'',32),
	(121,200,200,0,2,47,121,'',1024),
	(122,200,200,0,2,47,122,'',1024),
	(123,200,200,0,2,47,123,'',1024),
	(124,200,200,0,2,47,124,'',4),
	(125,200,200,0,2,47,125,'',128),
	(126,200,200,0,2,47,126,'',8),
	(127,200,200,0,2,47,127,'',64),
	(128,200,200,0,2,47,128,'',64),
	(129,200,200,0,2,47,129,'',64),
	(130,200,200,0,2,47,130,'',256),
	(131,200,200,0,2,47,131,'',2),
	(132,200,200,0,2,47,132,'',2),
	(133,200,200,0,2,47,133,'',512),
	(134,200,200,0,2,47,134,'',512),
	(135,200,200,0,2,47,135,'',16),
	(136,200,200,0,2,47,136,'',16),
	(137,200,200,0,2,47,137,'',32),
	(138,200,200,0,2,47,138,'',1024),
	(139,200,200,0,2,47,139,'',1024),
	(140,200,200,0,2,47,140,'',1024),
	(141,200,200,0,2,47,141,'',4),
	(142,200,200,0,2,47,142,'',128),
	(143,200,200,0,2,47,143,'',8),
	(144,200,200,0,2,47,144,'',64),
	(145,200,200,0,2,47,145,'',64),
	(146,200,200,0,2,47,146,'',64),
	(147,200,200,0,2,47,147,'',256),
	(148,200,200,0,2,47,148,'',1),
	(149,200,200,0,2,47,149,'',2),
	(150,200,200,0,2,47,150,'',2),
	(151,200,200,0,2,47,151,'',512),
	(152,200,200,0,2,47,152,'',512),
	(153,200,200,0,2,47,153,'',16),
	(154,200,200,0,2,47,154,'',16),
	(155,200,200,0,2,47,155,'',1),
	(156,130,130,0,2,47,156,'',4294967295),
	(157,130,130,0,2,47,157,'',4294967295),
	(158,130,130,0,2,47,158,'',4294967295),
	(159,130,130,0,2,47,159,'',4294967295),
	(160,130,130,0,2,47,160,'',4294967295),
	(161,130,130,0,2,47,161,'',4294967295),
	(162,130,130,0,2,47,162,'',4294967295),
	(163,130,130,0,2,47,163,'',4294967295),
	(164,130,130,0,2,47,164,'',4294967295),
	(165,90,90,0,2,47,165,'',0),
	(166,90,90,0,2,47,166,'',0),
	(167,90,90,0,2,47,167,'',0),
	(168,90,90,0,2,47,168,'',0),
	(169,90,90,0,2,47,169,'',0),
	(170,80,80,0,2,47,170,'',0),
	(171,90,90,0,2,47,171,'',0),
	(172,90,90,0,2,47,172,'',0),
	(173,90,90,0,2,47,173,'',0),
	(174,90,90,0,2,47,174,'',0),
	(175,80,80,0,2,47,175,'',0),
	(176,80,80,0,2,47,176,'',0),
	(177,80,80,0,2,47,177,'',0),
	(178,80,80,0,2,47,178,'',0),
	(179,80,80,0,2,47,179,'',0),
	(180,80,80,0,2,47,180,'',0),
	(181,80,80,0,2,47,181,'',0),
	(182,80,80,0,2,47,182,'',0),
	(183,85,85,0,2,47,183,'',0),
	(184,85,85,0,2,47,184,'',0),
	(185,85,85,0,2,47,185,'',0),
	(186,80,80,0,2,47,186,'',0),
	(187,80,80,0,2,47,187,'',0),
	(188,80,80,0,2,47,188,'',0),
	(189,70,70,0,2,47,189,'',0),
	(190,70,70,0,2,47,190,'',0),
	(191,70,70,0,2,47,191,'',0),
	(192,70,70,0,2,47,192,'',0),
	(193,80,80,0,2,47,193,'',0),
	(194,80,80,0,2,47,194,'',0),
	(195,80,80,0,2,47,195,'',0),
	(196,80,80,0,2,47,196,'',0),
	(197,70,70,0,2,47,197,'',0),
	(198,70,70,0,2,47,198,'',0),
	(199,70,70,0,2,47,199,'',0),
	(200,70,70,0,2,47,200,'',0),
	(201,80,80,0,2,47,201,'',0),
	(202,80,80,0,2,47,202,'',0),
	(203,70,70,0,2,47,203,'',0),
	(204,70,70,0,2,47,204,'',0),
	(205,70,70,0,2,47,205,'',0),
	(206,70,70,0,2,47,206,'',0),
	(207,80,80,0,2,47,207,'',0),
	(208,80,80,0,2,47,208,'',0),
	(209,70,70,0,2,47,209,'',0),
	(210,70,70,0,2,47,210,'',0),
	(211,70,70,0,2,47,211,'',0),
	(212,70,70,0,2,47,212,'',0),
	(213,70,70,0,2,47,213,'',0),
	(214,70,70,0,2,47,214,'',0),
	(215,70,70,0,2,47,215,'',0),
	(216,70,70,0,2,47,216,'',0),
	(217,80,80,0,2,47,217,'',0),
	(218,80,80,0,2,47,218,'',0),
	(219,70,70,0,2,47,219,'',0),
	(220,70,70,0,2,47,220,'',0),
	(221,90,90,0,2,47,221,'',0),
	(222,90,90,0,2,47,222,'',0),
	(223,90,90,0,2,47,223,'',0),
	(224,90,90,0,2,47,224,'',0),
	(225,90,90,0,2,47,225,'',0),
	(226,90,90,0,2,47,226,'',0),
	(227,90,90,0,2,47,227,'',0),
	(228,90,90,0,2,47,228,'',0),
	(229,90,90,0,2,47,229,'',0),
	(230,90,90,0,2,47,230,'',0),
	(231,80,80,0,2,47,231,'',0),
	(232,80,80,0,2,47,232,'',0),
	(233,80,80,0,2,47,233,'',0),
	(234,80,80,0,2,47,234,'',0),
	(235,70,70,0,2,47,235,'',0),
	(236,70,70,0,2,47,236,'',0),
	(237,70,70,0,2,47,237,'',0),
	(238,70,70,0,2,47,238,'',0),
	(239,150,125,0,2,47,239,'',0),
	(240,100,100,0,2,47,240,'',0),
	(241,60,60,0,2,47,241,'',0),
	(242,60,60,0,2,47,242,'',0),
	(243,60,60,0,2,47,243,'',0),
	(244,60,60,0,2,47,244,'',0),
	(245,60,60,0,2,47,245,'',0),
	(246,60,60,0,2,47,246,'',0),
	(247,60,60,0,2,47,247,'',0),
	(248,60,60,0,2,47,248,'',0),
	(249,60,60,0,2,47,249,'',0),
	(250,60,60,0,2,47,250,'',0),
	(251,60,60,0,2,47,251,'',0),
	(252,60,60,0,2,47,252,'',0),
	(253,75,75,0,2,47,253,'',0),
	(254,150,150,0,2,47,254,'',0),
	(255,60,60,0,2,47,255,'',0),
	(256,60,60,0,2,47,256,'',0),
	(257,60,60,0,2,47,257,'',0),
	(258,90,90,0,2,47,258,'',0),
	(259,90,90,0,2,47,259,'',0),
	(260,80,80,0,2,47,260,'',0),
	(261,100,100,0,2,47,261,'',0),
	(262,60,60,0,2,47,262,'',0),
	(263,80,80,0,2,47,263,'',0),
	(264,120,120,0,2,47,264,'',0),
	(265,80,80,0,2,47,265,'',0),
	(266,90,90,0,2,47,266,'',0),
	(267,150,150,0,2,47,267,'',0),
	(268,80,80,0,2,47,268,'',0),
	(269,90,90,0,2,47,269,'',0),
	(270,80,80,0,2,47,270,'',0),
	(271,120,120,0,2,47,271,'',0),
	(272,80,80,0,2,47,272,'',0),
	(273,80,80,0,2,47,273,'',0),
	(274,90,90,0,2,47,274,'',0),
	(275,90,75,0,2,47,275,'',0),
	(276,85,85,0,2,47,276,'',0),
	(277,85,85,0,2,47,277,'',0),
	(278,85,85,0,2,47,278,'',0),
	(279,85,85,0,2,47,279,'',0),
	(280,85,85,0,2,47,280,'',0),
	(281,85,85,0,2,47,281,'',0),
	(282,85,85,0,2,47,282,'',0),
	(283,85,85,0,2,47,283,'',0),
	(284,85,85,0,2,47,284,'',0),
	(285,50,50,0,2,47,285,'',0),
	(286,70,70,0,2,47,286,'',0);
ALTER TABLE `battlepay_product` ENABLE KEYS;
UNLOCK TABLES;


LOCK TABLES `battlepay_product_group` WRITE;
ALTER TABLE `battlepay_product_group` DISABLE KEYS;
INSERT INTO `battlepay_product_group` (`GroupID`, `Name`, `IconFileDataID`, `DisplayType`, `Ordering`) VALUES
	(1,'Mount',939379,0,1),
	(2,'Pets',939380,0,2),
	(3,'Services',939382,0,3),
	(4,'Golds',940857,0,4),
	(5,'Professions',940858,0,5),
	(7,'Armor Sets',940856,0,7),
	(8,'Weapons',940868,0,8),
	(9,'Toys',940867,0,9);
ALTER TABLE `battlepay_product_group` ENABLE KEYS;
UNLOCK TABLES;


LOCK TABLES `battlepay_product_item` WRITE;
ALTER TABLE `battlepay_product_item` DISABLE KEYS;
INSERT INTO `battlepay_product_item` (`ID`, `ProductID`, `ItemID`, `Quantity`, `DisplayID`, `PetResult`) VALUES
	(1,1,104246,1,0,0),
	(2,2,21176,1,0,0),
	(3,3,76755,1,0,0),
	(4,4,44164,1,0,0),
	(5,5,54811,1,0,0),
	(6,6,69846,1,0,0),
	(7,7,78924,1,0,0),
	(8,8,92724,1,0,0),
	(9,9,95341,1,0,0),
	(10,10,97989,1,0,0),
	(11,11,107951,1,0,0),
	(12,12,112326,1,0,0),
	(13,13,112327,1,0,0),
	(14,14,109013,1,0,0),
	(15,15,49283,1,0,0),
	(16,16,54860,1,0,0),
	(17,17,116669,1,0,0),
	(18,18,116658,1,0,0),
	(19,19,116769,1,0,0),
	(20,20,116780,1,0,0),
	(21,21,98618,1,0,0),
	(22,22,83086,1,0,0),
	(23,23,90710,1,0,0),
	(24,24,115484,1,0,0),
	(25,25,122469,1,0,0),
	(26,26,69230,1,0,0),
	(27,27,118515,1,0,0),
	(28,28,76889,1,0,0),
	(29,29,98550,1,0,0),
	(30,30,70099,1,0,0),
	(31,31,92707,1,0,0),
	(32,32,49662,1,0,0),
	(33,33,49693,1,0,0),
	(34,34,68385,1,0,0),
	(35,35,54847,1,0,0),
	(36,36,68384,1,0,0),
	(37,37,49665,1,0,0),
	(38,38,78916,1,0,0),
	(39,39,49663,1,0,0),
	(40,40,39656,1,0,0),
	(41,41,13583,1,0,0),
	(42,42,34493,1,0,0),
	(43,43,44974,1,0,0),
	(44,44,44982,1,0,0),
	(45,45,38050,1,0,0),
	(46,46,32588,1,0,0),
	(47,47,49343,1,0,0),
	(48,48,44971,1,0,0),
	(49,49,38658,1,0,0),
	(50,50,49646,1,0,0),
	(51,51,25535,1,0,0),
	(52,52,39286,1,0,0),
	(53,53,53641,1,0,0),
	(54,54,30360,1,0,0),
	(55,55,20371,1,0,0),
	(56,56,46802,1,0,0),
	(57,57,22114,1,0,0),
	(58,58,45180,1,0,0),
	(59,59,34519,1,0,0),
	(60,60,33818,1,0,0),
	(61,61,35350,1,0,0),
	(62,62,35349,1,0,0),
	(63,63,37298,1,0,0),
	(64,64,44980,1,0,0),
	(65,65,41133,1,0,0),
	(66,66,44819,1,0,0),
	(67,67,72068,1,0,0),
	(68,68,68841,1,0,0),
	(69,69,62540,1,0,0),
	(72,97,99186,1,0,0),
	(73,97,99187,1,0,0),
	(74,97,99192,1,0,0),
	(75,97,99193,1,0,0),
	(76,97,99194,1,0,0),
	(77,98,99179,1,0,0),
	(78,98,99188,1,0,0),
	(79,98,99189,1,0,0),
	(80,98,99190,1,0,0),
	(81,98,99191,1,0,0),
	(82,99,99163,1,0,0),
	(83,99,99164,1,0,0),
	(84,99,99165,1,0,0),
	(85,99,99166,1,0,0),
	(86,99,99170,1,0,0),
	(87,100,99169,1,0,0),
	(88,100,99174,1,0,0),
	(89,100,99175,1,0,0),
	(90,100,99176,1,0,0),
	(91,100,99177,1,0,0),
	(92,101,99171,1,0,0),
	(93,101,99172,1,0,0),
	(94,101,99173,1,0,0),
	(95,101,99178,1,0,0),
	(96,101,99185,1,0,0),
	(97,102,99180,1,0,0),
	(98,102,99181,1,0,0),
	(99,102,99182,1,0,0),
	(100,102,99183,1,0,0),
	(101,102,99184,1,0,0),
	(102,103,99157,1,0,0),
	(103,103,99158,1,0,0),
	(104,103,99159,1,0,0),
	(105,103,99167,1,0,0),
	(106,103,99168,1,0,0),
	(107,104,99152,1,0,0),
	(108,104,99153,1,0,0),
	(109,104,99160,1,0,0),
	(110,104,99161,1,0,0),
	(111,104,99162,1,0,0),
	(112,105,99142,1,0,0),
	(113,105,99143,1,0,0),
	(114,105,99144,1,0,0),
	(115,105,99140,1,0,0),
	(116,105,99141,1,0,0),
	(117,106,99151,1,0,0),
	(118,106,99147,1,0,0),
	(119,106,99148,1,0,0),
	(120,106,99149,1,0,0),
	(121,106,99150,1,0,0),
	(122,107,99154,1,0,0),
	(123,107,99155,1,0,0),
	(124,107,99156,1,0,0),
	(125,107,99145,1,0,0),
	(126,107,99146,1,0,0),
	(127,108,99126,1,0,0),
	(128,108,99127,1,0,0),
	(129,108,99128,1,0,0),
	(130,108,99129,1,0,0),
	(131,108,99130,1,0,0),
	(132,109,99133,1,0,0),
	(133,109,99124,1,0,0),
	(134,109,99125,1,0,0),
	(135,109,99134,1,0,0),
	(136,109,99135,1,0,0),
	(137,110,99132,1,0,0),
	(138,110,99136,1,0,0),
	(139,110,99137,1,0,0),
	(140,110,99138,1,0,0),
	(141,110,99139,1,0,0),
	(142,111,99113,1,0,0),
	(143,111,99112,1,0,0),
	(144,111,99114,1,0,0),
	(145,111,99115,1,0,0),
	(146,111,99116,1,0,0),
	(147,112,99123,1,0,0),
	(148,112,99110,1,0,0),
	(149,112,99111,1,0,0),
	(150,112,99121,1,0,0),
	(151,112,99122,1,0,0),
	(152,113,99117,1,0,0),
	(153,113,99118,1,0,0),
	(154,113,99119,1,0,0),
	(155,113,99120,1,0,0),
	(156,113,99131,1,0,0),
	(157,114,99092,1,0,0),
	(158,114,99093,1,0,0),
	(159,114,99094,1,0,0),
	(160,114,99095,1,0,0),
	(161,114,99106,1,0,0),
	(162,115,99101,1,0,0),
	(163,115,99102,1,0,0),
	(164,115,99103,1,0,0),
	(165,115,99104,1,0,0),
	(166,115,99105,1,0,0),
	(167,116,99099,1,0,0),
	(168,116,99100,1,0,0),
	(169,116,99107,1,0,0),
	(170,116,99108,1,0,0),
	(171,116,99109,1,0,0),
	(172,117,99096,1,0,0),
	(173,117,99097,1,0,0),
	(174,117,99098,1,0,0),
	(175,117,99204,1,0,0),
	(176,117,99205,1,0,0),
	(177,118,99195,1,0,0),
	(178,118,99196,1,0,0),
	(179,118,99201,1,0,0),
	(180,118,99202,1,0,0),
	(181,118,99203,1,0,0),
	(182,119,99197,1,0,0),
	(183,119,99198,1,0,0),
	(184,119,99199,1,0,0),
	(185,119,99200,1,0,0),
	(186,119,99206,1,0,0),
	(187,120,102676,1,0,0),
	(188,120,102650,1,0,0),
	(189,120,102713,1,0,0),
	(190,120,102651,1,0,0),
	(191,120,102652,1,0,0),
	(192,121,102739,1,0,0),
	(193,121,102653,1,0,0),
	(194,121,102654,1,0,0),
	(195,121,102740,1,0,0),
	(196,121,102741,1,0,0),
	(197,122,102657,1,0,0),
	(198,122,102776,1,0,0),
	(199,122,102761,1,0,0),
	(200,122,102721,1,0,0),
	(201,122,102658,1,0,0),
	(202,123,102696,1,0,0),
	(203,123,102634,1,0,0),
	(204,123,102767,1,0,0),
	(205,123,102614,1,0,0),
	(206,123,102700,1,0,0),
	(207,124,102689,1,0,0),
	(208,124,102737,1,0,0),
	(209,124,102690,1,0,0),
	(210,124,102670,1,0,0),
	(211,124,102734,1,0,0),
	(212,125,102735,1,0,0),
	(213,125,102667,1,0,0),
	(214,125,102648,1,0,0),
	(215,125,102715,1,0,0),
	(216,125,102673,1,0,0),
	(217,126,102727,1,0,0),
	(218,126,102663,1,0,0),
	(219,126,102710,1,0,0),
	(220,126,102730,1,0,0),
	(221,126,102731,1,0,0),
	(222,127,102717,1,0,0),
	(223,127,102774,1,0,0),
	(224,127,102718,1,0,0),
	(225,127,102719,1,0,0),
	(226,127,102655,1,0,0),
	(227,128,102743,1,0,0),
	(228,128,102692,1,0,0),
	(229,128,102693,1,0,0),
	(230,128,102781,1,0,0),
	(231,128,102637,1,0,0),
	(232,129,102759,1,0,0),
	(233,129,102742,1,0,0),
	(234,129,102714,1,0,0),
	(235,129,102778,1,0,0),
	(236,129,102629,1,0,0),
	(237,130,102725,1,0,0),
	(238,130,102726,1,0,0),
	(239,130,102755,1,0,0),
	(240,130,102661,1,0,0),
	(241,130,102682,1,0,0),
	(242,131,102747,1,0,0),
	(243,131,102630,1,0,0),
	(244,131,102779,1,0,0),
	(245,131,102780,1,0,0),
	(246,131,102744,1,0,0),
	(247,132,102632,1,0,0),
	(248,132,102722,1,0,0),
	(249,132,102635,1,0,0),
	(250,132,102768,1,0,0),
	(251,132,102697,1,0,0),
	(252,133,102675,1,0,0),
	(253,133,102712,1,0,0),
	(254,133,102656,1,0,0),
	(255,133,102720,1,0,0),
	(256,133,102626,1,0,0),
	(257,134,102627,1,0,0),
	(258,134,102628,1,0,0),
	(259,134,102762,1,0,0),
	(260,134,102763,1,0,0),
	(261,134,102777,1,0,0),
	(262,135,102615,1,0,0),
	(263,135,102703,1,0,0),
	(264,135,102704,1,0,0),
	(265,135,102681,1,0,0),
	(266,135,102750,1,0,0),
	(267,136,102707,1,0,0),
	(268,136,102751,1,0,0),
	(269,136,102621,1,0,0),
	(270,136,102622,1,0,0),
	(271,136,102671,1,0,0),
	(272,137,103376,1,0,0),
	(273,137,103377,1,0,0),
	(274,137,103378,1,0,0),
	(275,137,103379,1,0,0),
	(276,137,103380,1,0,0),
	(277,138,103381,1,0,0),
	(278,138,103382,1,0,0),
	(279,138,103383,1,0,0),
	(280,138,103384,1,0,0),
	(281,138,103385,1,0,0),
	(282,139,103389,1,0,0),
	(283,139,103390,1,0,0),
	(284,139,103391,1,0,0),
	(285,139,103392,1,0,0),
	(286,139,103393,1,0,0),
	(287,140,103398,1,0,0),
	(288,140,103399,1,0,0),
	(289,140,103400,1,0,0),
	(290,140,103401,1,0,0),
	(291,140,103402,1,0,0),
	(292,141,103416,1,0,0),
	(293,141,103417,1,0,0),
	(294,141,103418,1,0,0),
	(295,141,103419,1,0,0),
	(296,141,103420,1,0,0),
	(297,142,103421,1,0,0),
	(298,142,103422,1,0,0),
	(299,142,103423,1,0,0),
	(300,142,103424,1,0,0),
	(301,142,103425,1,0,0),
	(302,143,103475,1,0,0),
	(303,143,103476,1,0,0),
	(304,143,103477,1,0,0),
	(305,143,103478,1,0,0),
	(306,143,103479,1,0,0),
	(307,144,103485,1,0,0),
	(308,144,103486,1,0,0),
	(309,144,103487,1,0,0),
	(310,144,103488,1,0,0),
	(311,144,103489,1,0,0),
	(312,145,103496,1,0,0),
	(313,145,103497,1,0,0),
	(314,145,103498,1,0,0),
	(315,145,103499,1,0,0),
	(316,145,103500,1,0,0),
	(317,146,103490,1,0,0),
	(318,146,103491,1,0,0),
	(319,146,103492,1,0,0),
	(320,146,103493,1,0,0),
	(321,146,103494,1,0,0),
	(322,147,103520,1,0,0),
	(323,147,103521,1,0,0),
	(324,147,103522,1,0,0),
	(325,147,103523,1,0,0),
	(326,147,103524,1,0,0),
	(327,148,103525,1,0,0),
	(328,148,103526,1,0,0),
	(329,148,103527,1,0,0),
	(330,148,103528,1,0,0),
	(331,148,103529,1,0,0),
	(332,149,103439,1,0,0),
	(333,149,103440,1,0,0),
	(334,149,103441,1,0,0),
	(335,149,103442,1,0,0),
	(336,149,103443,1,0,0),
	(337,150,103450,1,0,0),
	(338,150,103451,1,0,0),
	(339,150,103452,1,0,0),
	(340,150,103453,1,0,0),
	(341,150,103454,1,0,0),
	(342,151,103429,1,0,0),
	(343,151,103430,1,0,0),
	(344,151,103431,1,0,0),
	(345,151,103433,1,0,0),
	(346,151,103432,1,0,0),
	(347,152,103434,1,0,0),
	(348,152,103435,1,0,0),
	(349,152,103436,1,0,0),
	(350,152,103438,1,0,0),
	(351,152,103437,1,0,0),
	(352,153,103462,1,0,0),
	(353,153,103463,1,0,0),
	(354,153,103464,1,0,0),
	(355,153,103465,1,0,0),
	(356,153,103466,1,0,0),
	(357,154,103467,1,0,0),
	(358,154,103468,1,0,0),
	(359,154,103469,1,0,0),
	(360,154,103470,1,0,0),
	(361,154,103471,1,0,0),
	(362,155,102728,1,0,0),
	(363,155,102618,1,0,0),
	(364,155,102619,1,0,0),
	(365,155,102732,1,0,0),
	(366,155,102685,1,0,0),
	(367,156,22483,1,0,0),
	(368,156,22476,1,0,0),
	(369,156,22481,1,0,0),
	(370,156,22478,1,0,0),
	(371,156,22477,1,0,0),
	(372,156,22479,1,0,0),
	(373,156,22480,1,0,0),
	(374,156,22482,1,0,0),
	(375,156,23060,1,0,0),
	(376,157,22430,1,0,0),
	(377,157,22431,1,0,0),
	(378,157,22426,1,0,0),
	(379,157,22428,1,0,0),
	(380,157,22427,1,0,0),
	(381,157,22429,1,0,0),
	(382,157,22425,1,0,0),
	(383,157,22424,1,0,0),
	(384,157,23066,1,0,0),
	(385,158,22440,1,0,0),
	(386,158,22442,1,0,0),
	(387,158,22441,1,0,0),
	(388,158,22438,1,0,0),
	(389,158,22437,1,0,0),
	(390,158,22439,1,0,0),
	(391,158,22436,1,0,0),
	(392,158,22443,1,0,0),
	(393,158,23067,1,0,0),
	(394,159,22492,1,0,0),
	(395,159,22494,1,0,0),
	(396,159,22493,1,0,0),
	(397,159,22490,1,0,0),
	(398,159,22489,1,0,0),
	(399,159,22491,1,0,0),
	(400,159,22488,1,0,0),
	(401,159,22495,1,0,0),
	(402,159,23064,1,0,0),
	(403,160,22510,1,0,0),
	(404,160,22511,1,0,0),
	(405,160,22506,1,0,0),
	(406,160,22509,1,0,0),
	(407,160,22505,1,0,0),
	(408,160,22504,1,0,0),
	(409,160,22508,1,0,0),
	(410,160,22507,1,0,0),
	(411,160,23063,1,0,0),
	(412,161,22518,1,0,0),
	(413,161,22519,1,0,0),
	(414,161,22514,1,0,0),
	(415,161,22517,1,0,0),
	(416,161,22513,1,0,0),
	(417,161,22512,1,0,0),
	(418,161,22516,1,0,0),
	(419,161,22515,1,0,0),
	(420,161,23061,1,0,0),
	(421,162,22468,1,0,0),
	(422,162,22470,1,0,0),
	(423,162,22469,1,0,0),
	(424,162,22466,1,0,0),
	(425,162,22465,1,0,0),
	(426,162,22467,1,0,0),
	(427,162,22464,1,0,0),
	(428,162,22471,1,0,0),
	(429,162,23065,1,0,0),
	(430,163,22423,1,0,0),
	(431,163,22416,1,0,0),
	(432,163,22421,1,0,0),
	(433,163,22422,1,0,0),
	(434,163,22418,1,0,0),
	(435,163,22417,1,0,0),
	(436,163,22419,1,0,0),
	(437,163,22420,1,0,0),
	(438,163,23059,1,0,0),
	(439,164,22502,1,0,0),
	(440,164,22503,1,0,0),
	(441,164,22498,1,0,0),
	(442,164,22501,1,0,0),
	(443,164,22497,1,0,0),
	(444,164,22496,1,0,0),
	(445,164,22500,1,0,0),
	(446,164,22499,1,0,0),
	(447,164,23062,1,0,0),
	(448,165,103649,1,0,0),
	(449,166,103726,1,0,0),
	(450,167,103869,1,0,0),
	(451,168,103873,1,0,0),
	(452,169,103874,1,0,0),
	(453,170,103875,1,0,0),
	(454,171,103945,1,0,0),
	(455,172,103952,1,0,0),
	(456,173,103974,1,0,0),
	(457,174,103968,1,0,0),
	(458,175,103727,1,0,0),
	(459,176,103775,1,0,0),
	(460,177,103826,1,0,0),
	(461,178,103827,1,0,0),
	(462,179,103828,1,0,0),
	(463,180,103829,1,0,0),
	(464,181,103908,1,0,0),
	(465,182,103926,1,0,0),
	(466,183,103936,1,0,0),
	(467,184,103937,1,0,0),
	(468,185,103946,1,0,0),
	(469,186,103951,1,0,0),
	(470,187,103969,1,0,0),
	(471,188,103971,1,0,0),
	(472,189,103972,1,0,0),
	(473,190,103973,1,0,0),
	(474,191,103961,1,0,0),
	(475,192,103964,1,0,0),
	(476,193,103776,1,0,0),
	(477,194,103885,1,0,0),
	(478,195,103886,1,0,0),
	(479,196,103953,1,0,0),
	(480,197,102600,1,0,0),
	(481,198,103339,1,0,0),
	(482,199,102604,1,0,0),
	(483,200,103508,1,0,0),
	(484,201,102590,1,0,0),
	(485,202,103404,1,0,0),
	(486,203,102592,1,0,0),
	(487,204,103340,1,0,0),
	(488,205,102609,1,0,0),
	(489,206,103509,1,0,0),
	(490,207,102598,1,0,0),
	(491,208,103504,1,0,0),
	(492,209,102605,1,0,0),
	(493,210,103510,1,0,0),
	(494,211,102612,1,0,0),
	(495,212,103341,1,0,0),
	(496,213,102603,1,0,0),
	(497,214,103502,1,0,0),
	(498,215,102608,1,0,0),
	(499,216,103503,1,0,0),
	(500,217,102594,1,0,0),
	(501,218,103365,1,0,0),
	(502,219,102602,1,0,0),
	(503,220,103501,1,0,0),
	(504,221,102610,1,0,0),
	(505,222,103336,1,0,0),
	(506,223,102606,1,0,0),
	(507,224,103461,1,0,0),
	(508,225,102599,1,0,0),
	(509,226,103338,1,0,0),
	(510,227,102601,1,0,0),
	(511,228,103366,1,0,0),
	(512,229,102607,1,0,0),
	(513,230,103406,1,0,0),
	(514,231,102591,1,0,0),
	(515,232,103350,1,0,0),
	(516,233,102597,1,0,0),
	(517,234,103403,1,0,0),
	(518,235,102593,1,0,0),
	(519,236,103374,1,0,0),
	(520,237,102596,1,0,0),
	(521,238,103507,1,0,0),
	(522,239,22691,1,0,0),
	(523,240,69771,1,0,0),
	(524,241,23039,1,0,0),
	(525,242,22808,1,0,0),
	(526,243,17075,1,0,0),
	(527,244,19968,1,0,0),
	(528,245,19859,1,0,0),
	(529,246,19874,1,0,0),
	(530,247,22799,1,0,0),
	(531,248,22812,1,0,0),
	(532,249,22988,1,0,0),
	(533,250,33640,1,0,0),
	(534,251,33495,1,0,0),
	(535,252,31318,1,0,0),
	(536,253,38175,1,0,0),
	(537,254,71352,1,0,0),
	(538,255,68127,1,0,0),
	(539,256,70733,1,0,0),
	(540,257,71362,1,0,0),
	(541,258,71014,1,0,0),
	(542,259,71360,1,0,0),
	(543,260,71353,1,0,0),
	(544,261,63679,1,0,0),
	(545,262,63537,1,0,0),
	(546,263,77193,1,0,0),
	(547,264,77191,1,0,0),
	(548,265,78878,1,0,0),
	(549,266,78359,1,0,0),
	(550,267,39769,1,0,0),
	(551,268,45458,1,0,0),
	(552,269,27840,1,0,0),
	(553,270,19368,1,0,0),
	(554,271,48697,1,0,0),
	(555,272,18584,1,0,0),
	(556,273,18583,1,0,0),
	(557,274,78418,1,0,0),
	(558,275,33079,1,0,0),
	(559,276,49704,1,0,0),
	(560,277,33223,1,0,0),
	(561,278,69227,1,0,0),
	(562,279,35227,1,0,0),
	(563,280,46780,1,0,0),
	(564,281,32566,1,0,0),
	(565,282,54653,1,0,0),
	(566,283,54651,1,0,0),
	(567,284,32782,1,0,0),
	(568,285,93672,1,0,0),
	(569,286,38578,1,0,0);
ALTER TABLE `battlepay_product_item` ENABLE KEYS;
UNLOCK TABLES;


LOCK TABLES `battlepay_shop_entry` WRITE;
ALTER TABLE `battlepay_shop_entry` DISABLE KEYS;
INSERT INTO `battlepay_shop_entry` (`EntryID`, `GroupID`, `ProductID`, `Ordering`, `Flags`, `BannerType`, `DisplayInfoID`) VALUES
	(1,1,1,1,0,0,0),
	(2,1,2,2,0,0,0),
	(3,1,3,3,0,0,0),
	(4,1,4,4,0,0,0),
	(5,1,5,5,0,0,0),
	(6,1,6,6,0,0,0),
	(7,1,7,7,0,0,0),
	(8,1,8,8,0,0,0),
	(9,1,9,9,0,0,0),
	(10,1,10,10,0,0,0),
	(11,1,11,11,0,0,0),
	(12,1,12,12,0,0,0),
	(13,1,13,13,0,0,0),
	(14,1,14,14,0,0,0),
	(15,1,15,15,0,0,0),
	(16,1,16,16,0,0,0),
	(17,1,17,17,0,0,0),
	(18,1,18,18,0,0,0),
	(19,1,19,19,0,0,0),
	(20,1,20,20,0,0,0),
	(21,1,21,21,0,0,0),
	(22,1,22,22,0,0,0),
	(23,1,23,23,0,0,0),
	(24,1,24,24,0,0,0),
	(25,1,25,25,0,0,0),
	(26,1,26,26,0,0,0),
	(27,1,27,27,0,0,0),
	(28,1,28,28,0,0,0),
	(29,2,29,1,0,0,0),
	(30,2,30,2,0,0,0),
	(31,2,31,3,0,0,0),
	(32,2,32,4,0,0,0),
	(33,2,33,5,0,0,0),
	(34,2,34,6,0,0,0),
	(35,2,35,7,0,0,0),
	(36,2,36,8,0,0,0),
	(37,2,37,9,0,0,0),
	(38,2,38,10,0,0,0),
	(39,2,39,11,0,0,0),
	(40,2,40,12,0,0,0),
	(41,2,41,13,0,0,0),
	(42,2,42,14,0,0,0),
	(43,2,43,15,0,0,0),
	(44,2,44,16,0,0,0),
	(45,2,45,17,0,0,0),
	(46,2,46,18,0,0,0),
	(47,2,47,19,0,0,0),
	(48,2,48,20,0,0,0),
	(49,2,49,21,0,0,0),
	(50,2,50,22,0,0,0),
	(51,2,51,23,0,0,0),
	(52,2,52,24,0,0,0),
	(53,2,53,25,0,0,0),
	(54,2,54,26,0,0,0),
	(55,2,55,27,0,0,0),
	(56,2,56,28,0,0,0),
	(57,2,57,29,0,0,0),
	(58,2,58,30,0,0,0),
	(59,2,59,31,0,0,0),
	(60,2,60,32,0,0,0),
	(61,2,61,33,0,0,0),
	(62,2,62,34,0,0,0),
	(63,2,63,35,0,0,0),
	(64,2,64,36,0,0,0),
	(65,2,65,37,0,0,0),
	(66,2,66,38,0,0,0),
	(67,2,67,39,0,0,0),
	(68,2,68,40,0,0,0),
	(69,2,69,41,0,0,0),
	(71,3,71,1,0,0,0),
	(72,3,72,2,0,0,0),
	(73,3,73,3,0,0,0),
	(74,3,74,4,0,0,0),
	(75,3,75,5,0,0,0),
	(76,3,76,6,0,0,0),
	(77,3,77,7,0,0,0),
	(78,4,78,1,0,0,0),
	(79,4,79,2,0,0,0),
	(80,4,80,3,0,0,0),
	(81,4,81,4,0,0,0),
	(82,5,82,1,0,0,0),
	(83,5,83,2,0,0,0),
	(84,5,84,3,0,0,0),
	(85,5,85,4,0,0,0),
	(86,5,86,5,0,0,0),
	(87,5,87,6,0,0,0),
	(88,5,88,7,0,0,0),
	(89,5,89,8,0,0,0),
	(90,5,90,9,0,0,0),
	(91,5,91,10,0,0,0),
	(92,5,92,11,0,0,0),
	(93,5,93,12,0,0,0),
	(94,5,94,13,0,0,0),
	(95,5,95,14,0,0,0),
	(96,5,96,15,0,0,0),
	(97,7,97,1,0,0,0),
	(98,7,98,2,0,0,0),
	(99,7,99,3,0,0,0),
	(100,7,100,4,0,0,0),
	(101,7,101,5,0,0,0),
	(102,7,102,6,0,0,0),
	(103,7,103,7,0,0,0),
	(104,7,104,8,0,0,0),
	(105,7,105,9,0,0,0),
	(106,7,106,10,0,0,0),
	(107,7,107,11,0,0,0),
	(108,7,108,12,0,0,0),
	(109,7,109,13,0,0,0),
	(110,7,110,14,0,0,0),
	(111,7,111,15,0,0,0),
	(112,7,112,16,0,0,0),
	(113,7,113,17,0,0,0),
	(114,7,114,18,0,0,0),
	(115,7,115,19,0,0,0),
	(116,7,116,20,0,0,0),
	(117,7,117,21,0,0,0),
	(118,7,118,22,0,0,0),
	(119,7,119,23,0,0,0),
	(120,7,120,24,0,0,0),
	(121,7,121,25,0,0,0),
	(122,7,122,26,0,0,0),
	(123,7,123,27,0,0,0),
	(124,7,124,28,0,0,0),
	(125,7,125,29,0,0,0),
	(126,7,126,30,0,0,0),
	(127,7,127,31,0,0,0),
	(128,7,128,32,0,0,0),
	(129,7,129,33,0,0,0),
	(130,7,130,34,0,0,0),
	(131,7,131,35,0,0,0),
	(132,7,132,36,0,0,0),
	(133,7,133,37,0,0,0),
	(134,7,134,38,0,0,0),
	(135,7,135,39,0,0,0),
	(136,7,136,40,0,0,0),
	(137,7,137,41,0,0,0),
	(138,7,138,42,0,0,0),
	(139,7,139,43,0,0,0),
	(140,7,140,44,0,0,0),
	(141,7,141,45,0,0,0),
	(142,7,142,46,0,0,0),
	(143,7,143,47,0,0,0),
	(144,7,144,48,0,0,0),
	(145,7,145,49,0,0,0),
	(146,7,146,50,0,0,0),
	(147,7,147,51,0,0,0),
	(148,7,148,52,0,0,0),
	(149,7,149,53,0,0,0),
	(150,7,150,54,0,0,0),
	(151,7,151,55,0,0,0),
	(152,7,152,56,0,0,0),
	(153,7,153,57,0,0,0),
	(154,7,154,58,0,0,0),
	(155,7,155,59,0,0,0),
	(156,7,156,60,0,0,0),
	(157,7,157,61,0,0,0),
	(158,7,158,62,0,0,0),
	(159,7,159,63,0,0,0),
	(160,7,160,64,0,0,0),
	(161,7,161,65,0,0,0),
	(162,7,162,66,0,0,0),
	(163,7,163,67,0,0,0),
	(164,7,164,68,0,0,0),
	(165,8,165,69,0,0,0),
	(166,8,166,70,0,0,0),
	(167,8,167,71,0,0,0),
	(168,8,168,72,0,0,0),
	(169,8,169,73,0,0,0),
	(170,8,170,74,0,0,0),
	(171,8,171,75,0,0,0),
	(172,8,172,76,0,0,0),
	(173,8,173,77,0,0,0),
	(174,8,174,78,0,0,0),
	(175,8,175,79,0,0,0),
	(176,8,176,80,0,0,0),
	(177,8,177,81,0,0,0),
	(178,8,178,82,0,0,0),
	(179,8,179,83,0,0,0),
	(180,8,180,84,0,0,0),
	(181,8,181,85,0,0,0),
	(182,8,182,86,0,0,0),
	(183,8,183,87,0,0,0),
	(184,8,184,88,0,0,0),
	(185,8,185,89,0,0,0),
	(186,8,186,90,0,0,0),
	(187,8,187,91,0,0,0),
	(188,8,188,92,0,0,0),
	(189,8,189,93,0,0,0),
	(190,8,190,94,0,0,0),
	(191,8,191,95,0,0,0),
	(192,8,192,96,0,0,0),
	(193,8,193,97,0,0,0),
	(194,8,194,98,0,0,0),
	(195,8,195,99,0,0,0),
	(196,8,196,100,0,0,0),
	(197,8,197,101,0,0,0),
	(198,8,198,102,0,0,0),
	(199,8,199,103,0,0,0),
	(200,8,200,104,0,0,0),
	(201,8,201,105,0,0,0),
	(202,8,202,106,0,0,0),
	(203,8,203,107,0,0,0),
	(204,8,204,108,0,0,0),
	(205,8,205,109,0,0,0),
	(206,8,206,110,0,0,0),
	(207,8,207,111,0,0,0),
	(208,8,208,112,0,0,0),
	(209,8,209,113,0,0,0),
	(210,8,210,114,0,0,0),
	(211,8,211,115,0,0,0),
	(212,8,212,116,0,0,0),
	(213,8,213,117,0,0,0),
	(214,8,214,118,0,0,0),
	(215,8,215,119,0,0,0),
	(216,8,216,120,0,0,0),
	(217,8,217,121,0,0,0),
	(218,8,218,122,0,0,0),
	(219,8,219,123,0,0,0),
	(220,8,220,124,0,0,0),
	(221,8,221,125,0,0,0),
	(222,8,222,126,0,0,0),
	(223,8,223,127,0,0,0),
	(224,8,224,128,0,0,0),
	(225,8,225,129,0,0,0),
	(226,8,226,130,0,0,0),
	(227,8,227,131,0,0,0),
	(228,8,228,132,0,0,0),
	(229,8,229,133,0,0,0),
	(230,8,230,134,0,0,0),
	(231,8,231,135,0,0,0),
	(232,8,232,136,0,0,0),
	(233,8,233,137,0,0,0),
	(234,8,234,138,0,0,0),
	(235,8,235,139,0,0,0),
	(236,8,236,140,0,0,0),
	(237,8,237,141,0,0,0),
	(238,8,238,142,0,0,0),
	(239,8,239,143,0,0,0),
	(240,8,240,144,0,0,0),
	(241,8,241,145,0,0,0),
	(242,8,242,146,0,0,0),
	(243,8,243,147,0,0,0),
	(244,8,244,148,0,0,0),
	(245,8,245,149,0,0,0),
	(246,8,246,150,0,0,0),
	(247,8,247,151,0,0,0),
	(248,8,248,152,0,0,0),
	(249,8,249,153,0,0,0),
	(250,8,250,154,0,0,0),
	(251,8,251,155,0,0,0),
	(252,8,252,156,0,0,0),
	(253,8,253,157,0,0,0),
	(254,8,254,158,0,0,0),
	(255,8,255,159,0,0,0),
	(256,8,256,160,0,0,0),
	(257,8,257,161,0,0,0),
	(258,8,258,162,0,0,0),
	(259,8,259,163,0,0,0),
	(260,8,260,164,0,0,0),
	(261,8,261,165,0,0,0),
	(262,8,262,166,0,0,0),
	(263,8,263,167,0,0,0),
	(264,8,264,168,0,0,0),
	(265,8,265,169,0,0,0),
	(266,8,266,170,0,0,0),
	(267,8,267,171,0,0,0),
	(268,8,268,172,0,0,0),
	(269,8,269,173,0,0,0),
	(270,8,270,174,0,0,0),
	(271,8,271,175,0,0,0),
	(272,8,272,176,0,0,0),
	(273,8,273,177,0,0,0),
	(274,8,274,178,0,0,0),
	(275,9,275,1,0,0,0),
	(276,9,276,2,0,0,0),
	(277,9,277,3,0,0,0),
	(278,9,278,4,0,0,0),
	(279,9,279,5,0,0,0),
	(280,9,280,6,0,0,0),
	(281,9,281,7,0,0,0),
	(282,9,282,8,0,0,0),
	(283,9,283,9,0,0,0),
	(284,9,284,10,0,0,0),
	(285,9,285,11,0,0,0),
	(286,9,286,12,0,0,0);
ALTER TABLE `battlepay_shop_entry` ENABLE KEYS;
UNLOCK TABLES;


LOCK TABLES `locales_battlepay_display_info` WRITE;
ALTER TABLE `locales_battlepay_display_info` DISABLE KEYS;
INSERT INTO `locales_battlepay_display_info` (`DisplayInfoId`, `Name_loc1`, `Name_loc2`, `Name_loc3`, `Name_loc4`, `Name_loc5`, `Name_loc6`, `Name_loc7`, `Name_loc8`, `Name_loc9`, `Name_loc10`, `Description_loc1`, `Description_loc2`, `Description_loc3`, `Description_loc4`, `Description_loc5`, `Description_loc6`, `Description_loc7`, `Description_loc8`, `Description_loc9`, `Description_loc10`) VALUES
	(2,'','Char d’assaut qiraji noir','','','','Tanque de batalla qiraji negro','Tanque de batalla qiraji negro','Черный киражский боевой танк','','','','Bien qu’il existe encore de nombreux chars d’assaut qiraji dans les ruines d’Ahn’Qiraj, c’est au temps où le Gong du scarabée résonnait encore que l’on trouvait les spécimens les plus sombres de cette espèce.','','','','Aunque hoy en día existen muchas variedades de tanques de batalla qiraji en las Ruinas de Ahn\'Qiraj, los ejemplares más oscuros de la especie solo se vieron el día que sonó el gong del Escarabajo.','Aunque hoy en día existen muchas variedades de tanques de batalla qiraji en las Ruinas de Ahn\'Qiraj, los ejemplares más oscuros de la especie solo se vieron el día que sonó el gong del Escarabajo.','Многие виды киражских боевых танков можно найти в руинах Ан\'Киража, однако самые темные особи исчезли после того, как прогремел гонг Скарабея.','',''),
	(15,'','Tigre spectral','','','','Tigre espectral','Tigre espectral','Призрачный тигр','','','','Comme l’aurait fait tout gobelin qui se respecte, Landro Tirauloin s’est assuré la mainmise sur la distribution de ces mystérieuses montures incorporelles.','','','','Landro Tirolargo, como buen goblin que es, ha conseguido que se embargue la distribución de estas monturas misteriosas e incorpóreas.','Landro Tirolargo, como buen goblin que es, ha conseguido que se embargue la distribución de estas monturas misteriosas e incorpóreas.','Ландро Дальнострел, как истинный гоблин, взял под свой полный контроль распределение этих загадочных бесплотных животных.','',''),
	(4,'','Proto-drake noir','','','','Protodraco negro','Protodraco negro','Черный протодракон','','','','Une espèce élevée pour honorer les héros ayant fait preuve d’une résistance et d’une ténacité exceptionnelles face aux dangers du Norfendre.','','','','Criado específicamente para honrar a los héroes que demostraron un temple y una entereza excepcionales ante los peligros de Rasganorte.','Criado específicamente para honrar a los héroes que demostraron un temple y una entereza excepcionales ante los peligros de Rasganorte.','Эта порода была выведена специально, чтобы чествовать героев, проявивших исключительную стойкость и силу духа в Нордсколе.','',''),
	(5,'','Palefroi céleste','','','','Corcel celestial','Corcel celestial','Небесный скакун','','','','Une lueur d’espoir. Un phare dans les ténèbres.','','','','Un faro de esperanza; una luz inspiradora en la oscuridad.','Un faro de esperanza; una luz inspiradora en la oscuridad.','Маяк надежды, путеводная звезда в темноте.','',''),
	(16,'','Fusée de tourisme X-53','','','','Cohete de paseo X-53','Cohete de paseo X-53','Прогулочная ракета X-53','','','','Chevaucher seul une bonbonne de carburant à fusée gobelin relève de la folie… Amenez donc un ami.','','','','Montar a solas en un gigantesco cilindro lleno de combustible de cohete goblin altamente explosivo es una locura... así que tráete a un amigo.','Montar a solas en un gigantesco cilindro lleno de combustible de cohete goblin altamente explosivo es una locura... así que tráete a un amigo.','Идея в одиночку прокатиться на огромном баке, заполненном взрывоопасным гоблинским топливом, кажется вам безумной?.. Тогда захватите друга!','',''),
	(26,'','Faucon de feu corrompu','','','','Halcón de fuego corrupto','Halcón de fuego corrupto','Порочный огнеястреб','','','','Millagazor était un faucon de feu servant Ragnaros. À ce jour, on ignore encore combien de ses œufs ont été corrompus.','','','','Millagazor era un halcón de fuego leal a Ragnaros. En estos momentos se desconoce cuántos de los huevos de Millagazor se corrompieron.','Millagazor era un halcón de fuego leal a Ragnaros. En estos momentos se desconoce cuántos de los huevos de Millagazor se corrompieron.','Огнеястреб Миллазор была предана Рагнаросу. Сейчас сложно сказать, сколько яиц из ее кладки были подвержены порче.','',''),
	(6,'','Gardien ailé','','','','Guardián alado','Guardián alado','Крылатый страж','','','','Récemment exhumé d’une tombe antique, ce fier lion ailé a sans doute servi l’un des anciens princes tol’vir.','','','','Desenterrado recientemente en una tumba antigua, es posible que este poderoso león alado sirviera alguna vez a uno de los antiguos príncipes Tol\'vir.','Desenterrado recientemente en una tumba antigua, es posible que este poderoso león alado sirviera alguna vez a uno de los antiguos príncipes Tol\'vir.','Этот могучий крылатый лев, найденный в недавно раскопанной гробнице, возможно, когда-то служил древним владыкам Тол\'вира.','',''),
	(3,'','Destrier de Tyraël','','','','Destrero de Tyrael','Destrero de Tyrael','Скакун Тираэля','','','','Symbole de justice dans tous les royaumes connus.','','','','Un símbolo de justicia en todos los reinos conocidos.','Un símbolo de justicia en todos los reinos conocidos.','Символ справедливости, единый для всех известных миров.','',''),
	(28,'','Griffon spectral','','','','Grifo espectral','Grifo espectral','Призрачный грифон','','','','Quand vous avez parlé d’un vieil ami de retour, ce n’est pas exactement ce que j’avais imaginé.\n– Bralla Nuelle','','','','Cuando dijiste que iba a volver un viejo amigo, no me esperaba esto para nada. -Bralla Alanube','Cuando dijiste que iba a volver un viejo amigo, no me esperaba esto para nada. -Bralla Alanube','"Когда ты сказал, что я встречусь со старым другом, признаться, я ожидала чуток другого", – Бралла Дымокрыл. ','',''),
	(7,'','Cœur des Aspects','','','','Corazón de los Aspectos','Corazón de los Aspectos','Сердце Аспектов','','','','Vous êtes les véritables gardiens d’Azeroth et l’avenir de ce monde est entre vos mains, car l’aube du règne des mortels est venue. – Alexstrasza','','','','Sois los verdaderos guardianes de Azeroth y el futuro de este mundo depende de vosotros. El amanecer de la era de los mortales ya ha comenzado. -Alexstrasza','Sois los verdaderos guardianes de Azeroth y el futuro de este mundo depende de vosotros. El amanecer de la era de los mortales ya ha comenzado. -Alexstrasza','"Вы истинные хранители Азерота, будущее этого мира в ваших руках, ибо рассвет эры смертных уже начался", – Алекстраза.','',''),
	(27,'','Destrier cendrecrin','','','','Destrero Cenizacrín','Destrero Cenizacrín','Огнегривый скакун','','','','Formé par Ragnaros en personne, en cadeau à la fille qu’il n’a jamais eue.','','','','Creado por el propio Ragnaros como regalo para la hija que nunca tuvo.','Creado por el propio Ragnaros como regalo para la hija que nunca tuvo.','Создан самим Рагнаросом в подарок дочери, которой у него никогда не было.','',''),
	(22,'','Aile-de-nuit obsidienne','','','','Alanoche obsidiana','Alanoche obsidiana','Обсидиановое крыло ночи','','','','Si vous ne pouvez pas courir, rampez. Et si vous ne pouvez pas ramper, trouvez quelqu’un pour vous porter.','','','','Cuando no puedes correr, te arrastras, y si no te puedes arrastrar encuentras a alguien que te lleve.','Cuando no puedes correr, te arrastras, y si no te puedes arrastrar encuentras a alguien que te lleve.','Когда не можешь бежать – ползи, а когда нет сил ползти, найди кого-нибудь, кто повезет тебя на себе.','',''),
	(23,'','Phénix pandaren cendré','','','','Fénix pandaren cinéreo','Fénix pandaren cinéreo','Пепельный пандаренский феникс','','','','Le nom et les couleurs de ce phénix majestueux sont censés symboliser la renaissance.','','','','Se cree que tanto el nombre como el color de este majestuoso fénix simbolizan el renacer.','Se cree que tanto el nombre como el color de este majestuoso fénix simbolizan el renacer.','Как цвет, так и название этого феникса символизируют перерождение.','',''),
	(8,'','Palefroi du vent rapide','','','','Corcel del viento presto','Corcel del viento presto','Стремительный ветророг','','','','Cette créature, qui compte parmi les espèces les plus insaisissables de toute la Pandarie, est censée porter chance à celui qui la monte.','','','','Una de las criaturas más escurridizas de Pandaria; se dice que concede buena fortuna a su jinete.','Una de las criaturas más escurridizas de Pandaria; se dice que concede buena fortuna a su jinete.','Одно из самых неуловимых существ Пандарии, все же будучи оседланным, принесет удачу всаднику.','',''),
	(9,'','Aile-de-sang cuirassée','','','','Alasangre acorazado','Alasangre acorazado','Бронированный кровокрыл','','','','Cette monstrueuse chauve-souris mangeuse de chair est incontestablement la reine des cieux nocturnes.','','','','Este murciélago monstruoso y carnívoro es el rey indiscutible de los cielos nocturnos.','Este murciélago monstruoso y carnívoro es el rey indiscutible de los cielos nocturnos.','Эта чудовищная плотоядная летучая мышь является бесспорным хозяином ночного неба.','',''),
	(21,'','Deckstrier ailé','','','','Pegaso','Pegaso','Азарт','','','','Chaque pas fait écho à la fureur de vos trois adversaires.','','','','Cada paso resuena con la ira de tus tres oponentes.','Cada paso resuena con la ira de tus tres oponentes.','Каждый шаг Азарта отдается эхом ярости ваших соперников.','',''),
	(10,'','Dragon-faë enchanté','','','','Dragón hada encantado','Dragón hada encantado','Зачарованный волшебный дракончик','','','','Cette créature majestueuse est le frère aîné de Luisaile. Selon ses dires, elle a en fait été adoptée.','','','','Esta criatura majestuosa es el hermano mayor de Alafeliz. Afirma que en realidad ella es adoptada.','Esta criatura majestuosa es el hermano mayor de Alafeliz. Afirma que en realidad ella es adoptada.','Это волшебное существо – старший брат красавицы Светик. Правда, он утверждает, что она приемная.','',''),
	(1,'','Loup de guerre kor’kron','','','','Lobo de guerra Kor\'kron','Lobo de guerra Kor\'kron','Кор\'кронский боевой волк','','','','Les Kor’krons choisissent pour monture les loups les plus puissants et les couvrent d’une armure qui briserait le dos des créatures plus faibles.','','','','Los Kor\'kron utilizan como montura únicamente a los lobos más fuertes, engalanándolos con una armadura que podría llegar a romperles el lomo si fueran criaturas menores.','Los Kor\'kron utilizan como montura únicamente a los lobos más fuertes, engalanándolos con una armadura que podría llegar a romperles el lomo si fueran criaturas menores.','Воины гвардии Кор\'крон седлают только самых могучих волков, снаряжая их доспехами, которые переломили бы позвоночник любому существу меньшего размера.','',''),
	(11,'','Saccage-ciel de Fer','','','','Atracacielos férreo','Atracacielos férreo','Железный небесный разбойник','','','','Les belluaires de la Horde de Fer ont dressé ce rylak pour la guerre et l’ont bardé d’une armure de bataille faite d’acier noir et de flammes incandescentes.','','','','Los maestros de bestias de la Horda de Hierro crían estos rylaks para la guerra y después los preparan para la batalla con una sólida armadura de acero negro y llamas ardientes.','Los maestros de bestias de la Horda de Hierro crían estos rylaks para la guerra y después los preparan para la batalla con una sólida armadura de acero negro y llamas ardientes.','Повелители зверей Железной Орды вывели этих рилаков специально для военных целей, а перед боем заковали их в черную сталь и окружили тлеющим пламенем.','',''),
	(12,'','Méca-cavale de cauchemar','','','','Tormento de guerra','Tormento de guerra','Боевой конь кошмаров','','','','Terrifiant destrier cuirassé d’acier durci et assoiffé de vengeance, ce compagnon vous accompagnera dans les profondeurs des terres de Feu sans jamais se plaindre.','','','','Un corcel terrorífico de acero endurecido y espíritus vengativos; es un compañero que te seguirá hasta las profundidades de las Tierras de Fuego sin rechistar.','Un corcel terrorífico de acero endurecido y espíritus vengativos; es un compañero que te seguirá hasta las profundidades de las Tierras de Fuego sin rechistar.','Кошмарный жеребец из закаленной стали с мстительным характером промчит вас в глубины Огненных Просторов и обратно, ни разу не фыркнув.','',''),
	(13,'','Saccageur sinistre','','','','Asaltante sonriente','Asaltante sonriente','Оскаленный разоритель','','','','La différence entre un sourire et une grimace est similaire à celle entre un baiser et une morsure.','','','','La diferencia entre la sonrisa de una persona y la de esta criatura es similar a la diferencia entre un beso y una cata.','La diferencia entre la sonrisa de una persona y la de esta criatura es similar a la diferencia entre un beso y una cata.','Разница между улыбкой и оскалом такая же, как между поцелуем и укусом.','',''),
	(14,'','Corbeau de l’effroi','','','','Cuervo aterrador','Cuervo aterrador','Грозный ворон','','','','Emplis de la haine d’un dieu ancestral, les corbeaux de l’effroi sont les gardiens favoris des arakkoa.','','','','Rezumando el odio de un dios antiguo, los cuervos aterradores son los guardianes más leales de los arakkoa.','Rezumando el odio de un dios antiguo, los cuervos aterradores son los guardianes más leales de los arakkoa.','Исполненные ненавистью древнего бога, эти грозные вороны – самые преданные слуги араккоа.','',''),
	(24,'','Chien du magma','','','','Can del Núcleo','Can del Núcleo','Гончая Недр','','','','Il vous fait fondre le cœur.','','','','¡Fundido hasta el núcleo!','¡Fundido hasta el núcleo!','Воплощение огня!','',''),
	(25,'','Sabrerune mystique','','','','Sable de runas','Sable de runas','Мистический руноклык','','','','Gorgés de puissance arcanique, les sabrerunes mystiques sont longtemps restés cachés dans les énergies du Néant. Mais, poussés par un insatiable appétit pour la magie, ils sont récemment sortis des ténèbres pour se mettre en quête de flux de puissance capables d\'étancher leur soif.','','','','Imbuido de poder Arcano, el sable de runas lleva mucho tiempo oculto gracias a las caóticas energías abisales. No obstante, recientemente ha resurgido de las sombras en busca de líneas Ley con las que saciar su sed de magia.','Imbuido de poder Arcano, el sable de runas lleva mucho tiempo oculto gracias a las caóticas energías abisales. No obstante, recientemente ha resurgido de las sombras en busca de líneas Ley con las que saciar su sed de magia.','Обладающие магической силой загадочные руноклыки издавна скрывались в хаотических энергиях Бездны. Недавно они вышли из тени в поисках силовых линий, которые могли бы утолить их жажду магии.','',''),
	(55,'머키','Bourbie','Murky','奔波尔霸','莫奇','Murky','Murky','Мурчаль','Murquinho','Fosky','','Chaque apparition de ce murloc adulé mais timide est un grand succès populaire.','','','','Las apariciones de este múrloc querido y extremadamente receloso siempre congregan multitudes.','Las apariciones de este múrloc querido y extremadamente receloso siempre congregan multitudes.','Появление этого любимого всеми и необычайно необщительного мурлока, несомненно, привлечет множество любопытных.','',''),
	(54,'럴키','Albie','Lurky','乐奇','樂奇','Lurky','Lurky','Урчаль','Lurky','Quatty','','Terkie, aussi timide qu’adorable, préfère la compagnie d’amis proches plutôt que d’en découvrir de nouveaux.','','','','La personalidad encantadora de Lurky y sus alegres travesuras son un remedio infalible para la frustración y el mal humor.','La personalidad encantadora de Lurky y sus alegres travesuras son un remedio infalible para la frustración y el mal humor.','Веселый нрав и игривость Урчаля способны развеять тоску и развеселить даже самого угрюмого.','',''),
	(62,'으릉이','Patibulle','Knurri','尼尼','史納立','Gruñi','Gruñi','Ворчун','Ruginho','Dentino','','Les crocilisques sont des prédateurs amphibiens hexapodes des eaux côtières. Certains archéologues ont pour théorie qu\'ils descendent des dimeurtrodons du cratère d\'Un\'Goro.','','','','Los crocoliscos son depredadores anfibios de seis patas que se encuentran en las aguas costeras. Los arqueólogos creen que podrían descender de los diemetradones del Cráter de Un\'Goro.','Los crocoliscos son depredadores anfibios de seis patas que se encuentran en las aguas costeras. Los arqueólogos creen que podrían descender de los diemetradones del Cráter de Un\'Goro.','Кроколиски – шестилапые амфибии-хищники, обитающие в прибрежных водах. Археологи полагают, что они могут происходить от деметродонов кратера Ун\'Горо.','',''),
	(19,'','Potamodonte dos-de-boue','','','','Bestia fluvial Lomobarro','Bestia fluvial Lomobarro','Грязноспинное речное чудище','','','','La palmure spéciale qui recouvre la plante des pieds du dos-de-boue lui permet de se déplacer facilement même dans la boue ou sur les terrains glissants.','','','','Una red especial que crece en la planta de los pies de los Espaldabarro les proporciona tracción extra en terreno cenagoso y resbaladizo.','Una red especial que crece en la planta de los pies de los Espaldabarro les proporciona tracción extra en terreno cenagoso y resbaladizo.','Особые перепонки на лапах помогают этому животному крепко держаться на илистых и мокрых поверхностях.','',''),
	(20,'','Morne-croc chanteguerre','','','','Dientefasto Grito de Guerra','Dientefasto Grito de Guerra','Лютоклык клана Песни Войны','','','','Fait preuve d’une volonté d’acier, mais s’avère être une véritable peluche sur pattes si vous lui donnez un os de sabot-fourchu à mâchouiller.','','','','Tiene una voluntad de hierro, pero si le das un hueso de uñagrieta para morder es un primor.','Tiene una voluntad de hierro, pero si le das un hueso de uñagrieta para morder es un primor.','Обладает железной волей, но если дать ему кость копытня, он становится просто милашкой.','',''),
	(57,'거키','Gloubie','Gurky','咕唧','葛奇','Gurky','Gurky','Гурчаль','Gurky','Gurky','','Gloubie est une artiste née, mais elle reste discrète. Ses apparitions en public sont rares.','','','','Gurky es una artista nata, pero es muy esquiva y solo hace apariciones públicas en contadas ocasiones.','Gurky es una artista nata, pero es muy esquiva y solo hace apariciones públicas en contadas ocasiones.','Гурчаль – прирожденная артистка, однако она избегает людей и появляется на публике крайне редко.','',''),
	(66,'폴레이','Polet','Poley','波利','波雷','Poley','Poley','Умка','Vareta','Poley','','Cet ours rare est élevé pour sa taille réduite et son apparence éternellement jeune.','','','','Este cachorro tiene muchas características en común con sus parientes, pero su talento para el canto no tiene rival.','Este cachorro tiene muchas características en común con sus parientes, pero su talento para el canto no tiene rival.','Этот детеныш во многом схож со своими родичами, но выделяется среди них исключительными способностями к пению.','',''),
	(51,'황천의 새끼용','Dragonnet du Néant','Netherwelpe','虚空龙宝宝','虛空幼龍','Cría abisal','Cría abisal','Маленький дракончик Пустоты','Dragonete Etéreo','Draghetto Fatuo','','Petit des drakes du Néant d\'Outreterre, ce jeune dragon débute dans son rôle de chasseur, gardien et adorable terreur venue des cieux.','','','','Este joven dragón, descendiente de los dracos abisales de Terrallende, aún está aprendiendo su papel de cazador, protector y terror adorable de los cielos.','Este joven dragón, descendiente de los dracos abisales de Terrallende, aún está aprendiendo su papel de cazador, protector y terror adorable de los cielos.','Этот юный отпрыск драконов пустоты Запределья все еще учится быть охотником, защитником и очаровательным ужасом небес.','',''),
	(46,'바나나몽치','Bananas','Bananas','蕉蕉','巴那納斯','Plátanos','Plátanos','Бананчик','Bananas','Banana','','Les bébés singes apprennent vite à se suspendre aux branches avec leurs pieds, ce qui leur permet d\'avoir les deux mains libres pour balancer divers objets au visage des intrus.','','','','Aunque le dolía separarse de Plátanos, Landro sabía que su mascota estaría más segura fuera de Bahía del Botín cuando su padre, el rey Mukla, se diera cuenta de que había desaparecido.','Aunque le dolía separarse de Plátanos, Landro sabía que su mascota estaría más segura fuera de Bahía del Botín cuando su padre, el rey Mukla, se diera cuenta de que había desaparecido.','Хоть Ландро и не хотел расставаться с Бананчиком, он понял, что для питомца будет безопаснее находиться подальше от Пиратской Бухты, когда его отец, король Мукла, поймет, что он исчез.','',''),
	(31,'','Chaton de braise','Glutkätzchen','','','Gatito de ceniza','Gatito de ceniza','Магматический котенок','','','','Un petit pyromane joueur et ronronnant. Ne le carressez pas sans vos gants ignifugés !','','','','Un pirómano juguetón y ronroneador. ¡No acaricies a estos gatitos sin manoplas a prueba de llamas!','Un pirómano juguetón y ronroneador. ¡No acaricies a estos gatitos sin manoplas a prueba de llamas!','Игривые мурчащие пироманы. Рекомендуется гладить исключительно в огнеупорных перчатках!','',''),
	(60,'캭캭이','Bourbe-haleine','Matschbrabbel','毒皮','污息','Malaliento','Malaliento','Смердых','Bafo-bravo','Fiatolordo','','Bourbe-haleine est un crocilisque comme les autres, mais doté d\'un excellent sens de l\'humour.','','','','Malaliento es igual que los demás crocoliscos, pero tiene mucho más sentido del humor.','Malaliento es igual que los demás crocoliscos, pero tiene mucho más sentido del humor.','Смердых похож на остальных кроколисков, однако он обладает потрясающим чувством юмора.','',''),
	(42,'용 연','Cerf-volant dragon','Papierdrachen','风筝龙','飛龍風箏','Cometa de dragón','Cometa de dragón','Воздушный змей в виде дракона','Pipa de Dragão','Aquilone a Forma di Drago','','Beaucoup moins bruyant qu\'un vrai dragon.','','','','Mucho más silencioso que un dragón de verdad.','Mucho más silencioso que un dragón de verdad.','Намного тише настоящего дракона.','',''),
	(59,'은돼지','Cochon argenté','Silbernes Schwein','银猪','銀豬','Cerdo de plata','Cerdo de plata','Серебряный поросенок','Porco Prateado','Maiale d\'Argento','','D\'après les druides, il existe un lien particulier entre les cochons argentés et les dorés, car les deux espèces sont apparues en Azeroth à la même époque.','','','','Los druidas creen que los cerdos plateados tienen un vínculo especial con los cerdos dorados, ya que ambas razas aparecieron en Azeroth al mismo tiempo.','Los druidas creen que los cerdos plateados tienen un vínculo especial con los cerdos dorados, ya que ambas razas aparecieron en Azeroth al mismo tiempo.','Друиды полагают, что у серебряных поросят есть особая связь с золотыми поросятами, и обе породы появились в Азероте в одно и то же время.','',''),
	(63,'경쟁의 정수','Essence de compétition','Kampfesprit','竞争之精华','競賽精華','Esencia de competición','Esencia de competición','Дух состязания','Essência de Competitividade','Essenza della Competizione','','Seuls les héros ayant prouvé leur valeur par de grands exploits reçoivent l\'un de ces reptiles mystiques.','','','','Solo los héroes que han demostrado su valor mediante grandes hazañas reciben una de estas criaturas místicas y serpentinas.','Solo los héroes que han demostrado su valor mediante grandes hazañas reciben una de estas criaturas místicas y serpentinas.','Только герои, доказавшие свою доблесть великими делами, получают в награду этих загадочных змееподобных существ.','',''),
	(18,'','Sabot-glacé de la toundra','','','','Uñagélida de la tundra','','Тундровый ледяной копытень','','','','La couche translucide de poils qui recouvre la peau de cet animal agit comme un isolant et le protège des environnements particulièrement froids.','','','','Una capa translúcida de mechones de pelo cubre el pellejo de cuero de esta raza y actúa como un perfecto aislante para los entornos fríos','Una capa translúcida de mechones de pelo cubre el pellejo de cuero de esta raza y actúa como un perfecto aislante para los entornos fríos','Прочную шкуру этого зверя покрывает слой полупрозрачного пуха, который идеально защищает от холода.','',''),
	(61,'크릉이','Chuck','Schnapp','莫莫','恰克','Chuck','Chuck','Проглот','Juca','Chuck','','Après des années passées à étudier les crocilisques, le célèbre pêcheur Nat Pagle a établi que leurs bébés étaient plutôt inoffensifs.','','','','Tras estudiar la especie de los crocoliscos durante años, el famoso pescador Nat Pagle concluyó que los bebés crocolisco son generalmente inofensivos.','Tras estudiar la especie de los crocoliscos durante años, el famoso pescador Nat Pagle concluyó que los bebés crocolisco son generalmente inofensivos.','После изучения в течение нескольких лет особей кроколисков, знаменитый рыбак Нат Пэгл уверился в том, что их детеныши как правило безобидны.','',''),
	(30,'새끼 히포그리프','Jeune hippogriffe','Hippogryphenjunges','角鹰兽宝宝','角鷹獸寶寶','Prole de hipogrifo','Prole de hipogrifo','Детеныш гиппогрифа','Hipogrifinho','Cucciolo di Ippogrifo','','Les bébés hippogriffes cénariens, pas encore aussi redoutables qu’ils le deviendront adultes, ont une apparence presque inoffensive qui a pris au dépourvu plus d’un dresseur novice du Cercle cénarien.','','','','Una incursión de arpías en Feralas resultó en ataques a muchos nidos de hipogrifos. Cientos de proles se quedaron huérfanas; ahora las cuidan los druidas de la Isla de Sardor.','Una incursión de arpías en Feralas resultó en ataques a muchos nidos de hipogrifos. Cientos de proles se quedaron huérfanas; ahora las cuidan los druidas de la Isla de Sardor.','После вторжения гарпий в Фералас были атакованы несколько территорий гнездования гиппогрифов. Сотни детенышей остались сиротами и были переданы на попечение друидов острова Сардор.','',''),
	(41,'아기 판다','Bébé panda','Pandababy','熊猫宝宝','熊貓寶寶','Osito panda','Osito panda','Детеныш панды','Pandinha','Cucciolo di Panda','','Ce minuscule bébé panda est très recherché par les aventuriers d\'Azeroth, malgré une certaine tendance à la narcolepsie.','','','','Este cachorro de panda tan chiquitín es muy codiciado por todos los aventureros de Azeroth, a pesar de su naturaleza narcoléptica.','Este cachorro de panda tan chiquitín es muy codiciado por todos los aventureros de Azeroth, a pesar de su naturaleza narcoléptica.','Этого детеныша панды размером с кружку пива, несмотря на его нарколепсию, очень любят искатели приключений Азерота.','',''),
	(17,'','Tranchedos cuirassé','','','','Picovaja blindado','Picovaja blindado','Бронированный шипастый кабан','','','','Ne… surtout… JAMAIS… les approcher quand vous sentez le bacon.','','','','Nunca... nunca... JAMÁS dejes que huela que llevas panceta.','Nunca... nunca... JAMÁS dejes que huela que llevas panceta.','Никогда... никогда... НИКОГДА... не давайте ему учуять, что вы ели бекон.','',''),
	(45,'에테리얼 영혼의 무역상','Marchand-d\'âme éthérien','Astraler Seelenhändler','灵魂商人','以太靈魂交易者','Comerciante de almas etéreo','Comerciante de almas etéreo','Эфириальный продавец душ','Comerciante de Almas Etéreo','Commerciante d\'Anime Etereo','','Les marchands-d\'âmes éthériens emmènent en voyage ceux qui peuvent libérer les essences dont ils ont besoin de leurs hôtes turbulents.','','','','Los comerciantes de almas etéreos viajan con todo aquel que libere las esencias que necesitan de sus díscolos anfitriones.','Los comerciantes de almas etéreos viajan con todo aquel que libere las esencias que necesitan de sus díscolos anfitriones.','Эфириальные продавцы душ отправятся в путешествие с теми, кто может освободить нужные им сущности от непослушных хозяев.','',''),
	(49,'새끼 흡혈박쥐','Chauve-souricette vampirique','Vampirfledermäuschen','吸血蝙蝠宝宝','小吸血蝙蝠','Murciabadejo vampírico','Murciabadejo vampírico','Детеныш нетопыря','Morceguinho Vampírico','Nottola Vampirica','','Les chauves-souris vampires sont dressées pour servir d\'éclaireurs et de montures par les Réprouvés de Fossoyeuse et les trolls amani de Zul\'Aman.','','','','Los Renegados de Entrañas y los trols Amani de Zul\'Aman adiestran a los murciélagos vampiro como exploradores y monturas.','Los Renegados de Entrañas y los trols Amani de Zul\'Aman adiestran a los murciélagos vampiro como exploradores y monturas.','Отрекшиеся Подгорода и аманийские тролли Зул\'Амана дрессируют летучих мышей – вампиров как разведчиков и верховых животных.','',''),
	(52,'꽁꽁이','Frigy','Frosti','霜霜','寒霜幼龍','Carámbano','Carámbano','Морозец','Gelito','Gelino','','Créé accidentellement lorsque les pouvoirs macabres du roi-liche relevèrent Frigecroc dans la non-mort.','','','','Creado por accidente cuando los poderes nigrománticos del Rey Exánime resucitaron a Dientefrío.','Creado por accidente cuando los poderes nigrománticos del Rey Exánime resucitaron a Dientefrío.','Был случайно создан, когда смертоносная сила Короля-лича возродила Инея из мертвых.','',''),
	(40,'꼬마 티리엘','Mini Tyraël','Mini-Tyrael','迷你泰瑞尔','迷你泰瑞爾','Mini Tyrael','Mini Tyrael','Мини-Тираэль','Tyraelzinho','Mini Tyrael','','Je suis la Justice incarnée !','','','','\'¡Yo soy la Justicia!\'','\'¡Yo soy la Justicia!\'','"Я само Правосудие!"','',''),
	(65,'오싹군','M. Glagla','Herr Fröstelich','小叽','冰冰先生','Birujillo','Birujillo','Мистер Холодок','Pikolino','Ser Freddolino','','M. Glagla nous ramène à une époque plus éclairée, lorsque les gentilshommes se livraient leurs duels en queue-de-pie.','','','','El aspecto de Birujillo recuerda a tiempos más civilizados, cuando los duelistas luchaban con esmoquin.','El aspecto de Birujillo recuerda a tiempos más civilizados, cuando los duelistas luchaban con esmoquin.','Внешность мистера Холодка напоминает о более цивилизованной эпохе, когда дуэлянты сражались во фраках.','',''),
	(48,'티리스팔 새끼 박쥐','Chauve-souricette de Tirisfal','Fledermäuschen aus Tirisfal','提瑞斯法蝙蝠宝宝','提里斯法小蝙蝠','Murciabadejo de Tirisfal','Murciabadejo de Tirisfal','Тирисфальский нетопырь','Morceguinho de Tirisfal','Nottola di Tirisfal','','Cette créature de mauvais augure hante les cieux nocturnes des Maleterres de l\'Est et se repaît de charognes.','','','','Puede localizar el latido del corazón de un oponente mediante sónar.','Puede localizar el latido del corazón de un oponente mediante sónar.','Может чувствовать биение сердца оппонента через эхолокацию.','',''),
	(43,'엘윈 새끼 양','Agneau d\'Elwynn','Lamm aus Elwynn','艾尔文小羊羔','艾爾文羔羊','Cordero de Elwynn','Cordero de Elwynn','Элвиннский барашек','Cordeiro de Elwynn','Agnello di Elwynn','','Contrairement à ceux obtenus par métamorphose, les véritables moutons de souche peuvent se révéler effrayants.','','','','A diferencia de las polimorfadas, las ovejas de verdad dan bastante miedo.','A diferencia de las polimorfadas, las ovejas de verdad dan bastante miedo.','В отличие от тех, кто был лишь превращен в овцу, настоящая овца может быть весьма устрашающей.','',''),
	(64,'멀고어 새끼 타조','Trottineur de Mulgore','Küken aus Mulgore','莫高雷小陆行鸟','莫高雷小陸行鳥','Prole de Mulgore','Prole de Mulgore','Мулгорский долгоног','Moalita de Mulgore','Cucciolo di Mulgore','','Ces oisillons inséparables sont de véritables tourtereaux.','','','','La velocidad de un zancaalta en terreno abierto es insuperable, así que los depredadores suelen depender del sigilo y de las tácticas de manada para cazarlos.','La velocidad de un zancaalta en terreno abierto es insuperable, así que los depredadores suelen depender del sigilo y de las tácticas de manada para cazarlos.','На открытом пространстве долгонога догнать невозможно, поэтому хищники, нападая на них, рассчитывают на хитрость и нападают всей стаей.','',''),
	(44,'마력 깃든 빗자루','Balai enchanté','Verzauberter Besen','魔法扫帚','附魔掃帚','Escoba encantada','Escoba encantada','Чудесная метла','Vassoura Encantada','Scopa Incantata','','Créé par un apprenti elfe de sang, ce balai se révèlerait une invention très utile si quelqu\'un trouvait un jour comment le faire s\'arrêter.','','','','Esta escoba, creada por un aprendiz elfo de sangre, sería de lo más útil si alguien averiguara cómo hacerla parar.','Esta escoba, creada por un aprendiz elfo de sangre, sería de lo más útil si alguien averiguara cómo hacerla parar.','Созданная помощником эльфа крови, эта метла может быть крайне полезна, если кто-нибудь выяснит, как ее остановить.','',''),
	(58,'검투사 머키무스','Bourbimus le Gladiateur','Murkimus der Gladiator','角斗士莫叽姆斯','『神鬼戰士』魚人穆斯','Murkimus el Gladiador','Murkimus el Gladiador','Мурчалий Гладиатор','Sujus, o Gladiador','Foskimus il Gladiatore','','Bourbimus est le plus imposant de tous les combattants d\'arène murlocs. Le seul, en fait.','','','','Murkimus es el más temible de todos los guerreros múrloc en la arena. Y, durante un tiempo, el único.','Murkimus es el más temible de todos los guerreros múrloc en la arena. Y, durante un tiempo, el único.','Мурчалий – самый страшный из всех мурлоков, которые сражаются на арене. И пока что единственный.','',''),
	(56,'그런티','Grognie','Gurgli','玛润','阿蠻','Grunty','Grunty','Пострел','Grunhinho','Grugny','','Très rares sont les murlocs qui réussissent à franchir les frontières de l\'espace et du temps. Plus rares encore sont ceux qui en reviennent avec le type d\'armure et d\'armement futuristes que porte Grognie.','','','','Solo los múrlocs más excepcionales son capaces de atravesar barreras dimensionales, y no todos son capaces de volver con una armadura y un armamento tan avanzados como los que tiene Grunty.','Solo los múrlocs más excepcionales son capaces de atravesar barreras dimensionales, y no todos son capaces de volver con una armadura y un armamento tan avanzados como los que tiene Grunty.','Немногие мурлоки способны успешно преодолевать барьеры измерений. Еще меньшее количество возвращается с новыми оружием и доспехами, которыми владеет Пострел.','',''),
	(47,'새끼 유령 호랑이','Bébé tigre spectral','Spektraltigerjunges','幽灵虎幼崽','小鬼靈之虎','Cachorro de tigre espectral','Cachorro de tigre espectral','Призрачный тигренок','Tigrinho Espectral','Cucciolo di Tigre Spettrale','','Curieux et affectueux, ces chatons semblent réussir à se cacher dans les endroits les plus surprenants.','','','','Estos gatitos, afectuosos y curiosos, se esconden en los lugares más peculiares que te puedas imaginar.','Estos gatitos, afectuosos y curiosos, se esconden en los lugares más peculiares que te puedas imaginar.','Ласковые и любопытные, эти котята, похоже, укрываются в самых необычных местах.','',''),
	(50,'새끼 심장부 사냥개','Chiot du magma','Kernhundwelpe','熔火恶犬宝宝','小熔核犬','Cachorro de can del Núcleo','Cachorro de can del Núcleo','Щенок гончей Недр','Cãozinho-magma','Cucciolo di Segugio del Nucleo','','Venus des terres de Feu et du Cœur du magma, les chiens du magma sont de la lignée du mâle alpha, Magmadar.','','','','Los canes del Núcleo, que viven en las Tierras de Fuego y en el Núcleo de Magma, descienden directamente del macho alfa, Magmadar.','Los canes del Núcleo, que viven en las Tierras de Fuego y en el Núcleo de Magma, descienden directamente del macho alfa, Magmadar.','Гончие недр, которые водятся на Огненных Просторах и в Огненных Недрах, могут проследить свое происхождение от альфа-самца по имени Магмадар.','',''),
	(32,'아기 그리핀','Bébé griffon','Greifenküken','狮鹫宝宝','小獅鷲獸','Prole de grifo','Prole de grifo','Птенец грифона','Grifinho','Cucciolo di Grifone','','Trop peureux pour essayer de voler avant qu\'on le jette d\'une grande hauteur.','','','','Estas proles, un regalo de los enanos Martillo Salvaje para los héroes de la Alianza, descienden de los mismos grifos sobre los que volaban Falstad y sus soldados en Grim Batol.','Estas proles, un regalo de los enanos Martillo Salvaje para los héroes de la Alianza, descienden de los mismos grifos sobre los que volaban Falstad y sus soldados en Grim Batol.','Подарок от дворфов Громового Молота героям Альянса, эти детеныши – потомки тех самых грифонов, на которых Фалстад и его спутники путешествовали в Грим Батол.','',''),
	(39,'아기 와이번','Bébé coursier du vent','Windreiterjunges','驭风者宝宝','雙足飛龍寶寶','Cachorro de jinete del viento','Cachorro de jinete del viento','Детеныш ветрокрыла','Manticorinha','Cucciolo di Viverna dei Venti','','Thorg le Cul-de-jatte aurait dû mieux écouter le vieux proverbe orc qui dit : « Ne tirez pas la wyverne par la queue. »','','','','Thorg Sinpiernas no hizo caso del viejo proverbio orco que reza \'Nunca le tires de la cola a un dracoleón\'.','Thorg Sinpiernas no hizo caso del viejo proverbio orco que reza \'Nunca le tires de la cola a un dracoleón\'.','Трог Безног никогда не задумывался над старой оркской поговоркой: "Не стоит тянуть виверну за хвост".','',''),
	(37,'판다렌 수도사','Moine pandaren','Pandarenmönch','熊猫人僧侣','熊貓人武僧','Monje pandaren','Monje pandaren','Пандарен-монах','Monge Pandaren','Monaco Pandaren','','Le moine pandaren est un compagnon intrépide, qui s\'entraîne avec acharnement pour perfectionner son art… sauf si vous lui offrez un verre. Il trouverait cela malpoli de refuser.','','','','El monje pandaren es un compañero de viaje que no conoce el miedo. Practica su arte constantemente... excepto cuando lo invitas a un trago. Le parece de mala educación negarse.','El monje pandaren es un compañero de viaje que no conoce el miedo. Practica su arte constantemente... excepto cuando lo invitas a un trago. Le parece de mala educación negarse.','Пандаренский монах – бесстрашный спутник в путешествии, постоянно оттачивающий свое мастерство... Если только вы не предложите ему выпить. Он сочтет грубым отказаться.','',''),
	(33,'꼬마 켈투','Mini K.T.','K.T. der Kleine','小克','小小科','Mini K.T.','Mini K.T.','Коро\'Тышка','Kel\'thuzinho','Piccolo K.T.','','Comment le gobelin Landro Tirauloin a pu se procurer sa lichette reste un mystère… mais il n\'aurait jamais dû la mettre en jeu si facilement lors d\'une partie de cartes.','','','','En vida, Kel\'Thuzad traicionó al Kirin Tor y creó el Culto de los Malditos. En la muerte, sirve a la Plaga como el señor exánime de Naxxramas.','En vida, Kel\'Thuzad traicionó al Kirin Tor y creó el Culto de los Malditos. En la muerte, sirve a la Plaga como el señor exánime de Naxxramas.','При жизни Кел\'Тузад предал Кирин-Тор и создал Культ Проклятых. После смерти он служит Плети в качестве верховного лича Наксрамаса.','',''),
	(53,'꼬마 서리 정령','Givrelin algide','Eiskalter Frostling','霜娃娃','嚴寒小霜冰','Escarchizo gélido','Escarchizo gélido','Ледяной студик','Gelito Frígido','Gelotto','','Même s\'il est clairement moins dangereux que son premier maître, le seigneur du Givre Ahune, le givrelin s\'est déjà fait prendre à bombarder les aventuriers innocents de boules de neige.','','','','Aunque no es tan peligroso como su primer amo, el Señor de la Escarcha Ahune, a veces el escarchizo lanza bolas de nieve a los aventureros que menos se lo esperan.','Aunque no es tan peligroso como su primer amo, el Señor de la Escarcha Ahune, a veces el escarchizo lanza bolas de nieve a los aventureros que menos se lo esperan.','Ледяные студики не столь разрушительны, как их изначальный господин, Повелитель Холода Ахун, но славятся тем, что кидают снежки в ничего не подозревающих искателей приключений.','',''),
	(35,'꼬마 해체자','Mini XT','XT der Kleine','小拆','XT小小拆解者','Mini XT','Mini XT','Разрушитель XXS-002','XTzinho','Piccolo XT','','Toujours « prêt à jouer », le mini XT de Landro est presque impossible à distinguer du vrai. Sujets à de fréquents caprices et attaques de narcolepsie.','','','','Este ensamblaje pequeño y volátil, modelado a imagen y semejanza del gigantesco prototipo titánico de Ulduar, juega duro con sus juguetes.','Este ensamblaje pequeño y volátil, modelado a imagen y semejanza del gigantesco prototipo titánico de Ulduar, juega duro con sus juguetes.','Сделанное по образцу огромного робота титанов в Ульдуаре, эта взрывоопасное маленькое творение весьма жестоко играет со своими игрушками.','',''),
	(69,'','Mini Aile de mort','Todesschwingchen','','','Mini Alamuerte','Mini Alamuerte','Смертокрылыш','Asinha da Morte','Piccolo Alamorte','','Des nations entières tremblent sous son ombre. Il est le Destructeur, celui qui fut l’Aspect de la terre, et qui brisa Azeroth. Désormais disponible en format poche.','','','','Naciones enteras tiemblan bajo su sombra: el Destructor, el antiguo Aspecto de la Tierra, el monstruo responsable de la fractura de Azeroth. ¡Ahora en un cómodo tamaño de bolsillo!','Naciones enteras tiemblan bajo su sombra: el Destructor, el antiguo Aspecto de la Tierra, el monstruo responsable de la fractura de Azeroth. ¡Ahora en un cómodo tamaño de bolsillo!','Все содрогаются при мысли о нем – Разрушитель, бывший когда-то воплощением земли, и чудовище, ответственное за разрушение Азерота. Теперь очень компактный!','',''),
	(36,'','Bébé sélénien','Mondkinküken','','','Prole de lechúcico lunar','Prole de lechúcico lunar','Лунный совушек','Lunisquito','Cucciolo di Lunagufo','','Les séléniens sont bénis par Elune et répandent la grâce de la nature partout où ils vont. Ces vivaces volailles sont toujours partantes pour une petite danse.','','','','Los lechúcicos lunares han recibido la bendición de Elune y llevan la gracia de la naturaleza allá donde van. Estas aves festivas siempre tienen ganas de bailar.','Los lechúcicos lunares han recibido la bendición de Elune y llevan la gracia de la naturaleza allá donde van. Estas aves festivas siempre tienen ganas de bailar.','Лунный совух благословлен Элуной и находится под покровительством самой природы. Он никогда не прочь потанцевать.','',''),
	(34,'','Mini Ragnaros','Mini-Ragnaros','','','Mini Ragnaros','Mini Ragnaros','Рагнароша','Ragnarinho','Piccolo Ragnaros','','Il n\'est jamais trop tôt pour invoquer cette minuscule incarnation du funeste seigneur du Feu.','','','','Nunca es demasiado pronto para invocar a este aspecto diminuto del temible Señor del Fuego.','Nunca es demasiado pronto para invocar a este aspecto diminuto del temible Señor del Fuego.','Никогда не рано призвать это крошечное воплощение ужасного повелителя огня.','',''),
	(68,'','Bébé sabre-de-nuit','Nachtsäblerjunges','','','Cachorro sable de la noche','Cachorro sable de la noche','Детеныш ночного саблезуба','Sabrinho-da-noite','Cucciolo di Fiera della Notte','','Elune a donné aux sabres-de-nuit leur robe noire et argentée afin qu\'ils puissent se fondre dans les ombres du clair de lune.','','','','Elune hizo a los sables de la noche de color plata y negro para que pudieran mezclarse con las sombras en las noches con luna.','Elune hizo a los sables de la noche de color plata y negro para que pudieran mezclarse con las sombras en las noches con luna.','Элуна сделала ночных саблезубов серебристо-черными, чтобы они могли сливаться с тенями в лунную ночь.','',''),
	(67,'','Bébé gardien','Wächterjunges','','','Cachorro guardián','Cachorro guardián','Детеныш крылатого стража','Guardiãozinho Alado','Cucciolo Guardiano','','Ce minuscule lion ailé est encore un peu maladroit, mais il s\'entraîne dur pour devenir la meilleure monture possible.','','','','Este león alado, todavía un poco torpe, ¡está aprendiendo a ser una montura de campeonato!','Este león alado, todavía un poco torpe, ¡está aprendiendo a ser una montura de campeonato!','Хоть он все еще немного неуклюжий, этот маленький крылатый лев учится быть лучшим верховым животным!','',''),
	(38,'','Ame des Aspects','Seele der Aspekte','','','Alma de los Aspectos','Alma de los Aspectos','Душа Аспектов','Alma dos Aspectos','Anima degli Aspetti','','On raconte que l\'âme des Aspects est sujette aux humeurs les plus lunatiques, de stoïque et pondéré à erratique et imprévisible, en passant par affectueux et contemplatif.','','','','Se dice que el Alma de los Aspectos posee un temperamento cambiante, que va desde el estoico y deliberado al impredecible y errático pasando por el cariñoso y meditativo.','Se dice que el Alma de los Aspectos posee un temperamento cambiante, que va desde el estoico y deliberado al impredecible y errático pasando por el cariñoso y meditativo.','Говорят, что душа Аспектов подвержена меняющемуся настроению: от решительного и стоического до непредсказуемого и порывистого, а затем до глубоко задумчивого и мечтательного...','',''),
	(29,'','Ancien en fleurs','Blühendes Urtum','','','Anciano floreciente','Anciano floreciente','Цветущее древо','','','','Cet ancien en fleurs est une espèce unique en Azeroth, créé à partir des branches éternelles du Grand arbre. Il peut fleurir en n’importe quelle saison.','','','','Este anciano en ciernes es una variedad única de Azeroth, fruto de las ramas eternas del Gran Árbol, y puede florecer durante todo el año.','Este anciano en ciernes es una variedad única de Azeroth, fruto de las ramas eternas del Gran Árbol, y puede florecer durante todo el año.','Это уникальное растение Азерота появилось из ветви вечного Великого Древа, и оно может цвести в любое время года.','',''),
	(71,'','Sésame pour le niveau 100','','','','Subida inmediata a nivel 100','Subida inmediata a nivel 100','Повышение уровня до 100-го','','','','Un coup de pouce est parfois le bienvenu pour se mettre à la page et ouvrir les portes du contenu haut niveau de votre aventure. Grâce au Sésame pour le niveau 100, vous pouvez propulser directement au niveau 100 le personnage de votre choix. Rejoignez sans tarder les héros les plus puissants d’Azeroth, des défis épiques vous attendent !','','','','Llega un momento en la vida de todo héroe en el que necesita una pequeña ayuda para superar un obstáculo y volver a la acción. Con la subida al nivel 100, podrás poner al día a tu héroe para incorporarte inmediatamente a la vanguardia.','Llega un momento en la vida de todo héroe en el que necesita una pequeña ayuda para superar un obstáculo y volver a la acción. Con la subida al nivel 90, podrás poner al día a tu héroe para incorporarte inmediatamente a la vanguardia.','У всех героев бывает в жизни трудная полоса. Иногда все так застопорится, что требуется новый импульс. Этим и хорошо единократное повышение уровня одного из ваших персонажей до 100-го. Ваш герой мигом возьмет новую высоту и сможет сразу вступить в бой на передовой.','',''),
	(72,'','Sésame pour le niveau 90','','','','Subida inmediata a nivel 90','Subida inmediata a nivel 90','Повышение уровня до 90-го','','','','Un coup de pouce est parfois le bienvenu pour se mettre à la page et ouvrir les portes du contenu haut niveau de votre aventure. Grâce au Sésame pour le niveau 90, vous pouvez propulser directement au niveau 90 le personnage de votre choix. Rejoignez sans tarder les héros les plus puissants d’Azeroth, des défis épiques vous attendent !','','','','Llega un momento en la vida de todo héroe en el que necesita una pequeña ayuda para superar un obstáculo y volver a la acción. Con la subida al nivel 90, podrás poner al día a tu héroe para incorporarte inmediatamente a la vanguardia.','Llega un momento en la vida de todo héroe en el que necesita una pequeña ayuda para superar un obstáculo y volver a la acción. Con la subida al nivel 90, podrás poner al día a tu héroe para incorporarte inmediatamente a la vanguardia.','У всех героев бывает в жизни трудная полоса. Иногда все так застопорится, что требуется новый импульс. Этим и хорошо единократное повышение уровня одного из ваших персонажей до 90-го. Ваш герой мигом возьмет новую высоту и сможет сразу вступить в бой на передовой.','',''),
	(73,'','Changement de nom','','','','Cambio de nombre','Cambio de nombre','Смена имени','','','','Le nom que vous avez choisi à la création de votre personnage n’est pas voué à rester gravé dans le marbre pour l’éternité. Qui n’a jamais rêvé de revêtir une nouvelle identité pour repartir à zéro dans la fraîche rosée du matin ? Pour votre personnage, c’est possible !','','','','El nombre que escogiste inicialmente para tu héroe no tiene por qué ser para toda la eternidad. Quizás te has convertido en un personaje demasiado conocido (o impopular), o simplemente se te ha ocurrido algo mejor. De cualquier manera, ahora puedes cambiar de nombre y comenzar una nueva vida.','El nombre que escogiste inicialmente para tu héroe no tiene por qué ser para toda la eternidad. Quizás te has convertido en un personaje demasiado conocido (o impopular), o simplemente se te ha ocurrido algo mejor. De cualquier manera, ahora puedes cambiar de nombre y comenzar una nueva vida.','Необязательно всю жизнь носить одно и то же имя. Может, вас утомило, что за вами бегают за автографами (или чтобы дать вам по шее), а может, вам просто пришло в голову что-нибудь получше. В любом случае, новое имя – новая жизнь!','',''),
	(74,'','Changement de faction','','','','Cambio de facción','Cambio de facción','Смена фракции','','','','Un agent double s\'amuse deux fois plus, non ? Partant de ce constat, pourquoi ne pas infiltrer la faction adversaire et découvrir le jeu sous un tout autre jour ? De nouveaux amis, de nouvelles quêtes, de nouveaux paysages… L’herbe est toujours plus verte chez le voisin. Un changement de race vous sera évidemment offert pour tout changement de faction : bienvenue chez vous !','','','','Si no puedes con tu enemigo... Sin duda, tus aliados no estarán encantados de verte marchar, pero hay momentos en los que hay que arriesgarse y descubrir cómo es el mundo visto desde el otro lado. Quizás ya tienes amigos allí que te están esperando. Quizás, como dicen muchos, los objetos épicos son realmente más púrpura al otro lado. Los cambios de facción también incluyen un cambio de raza gratis para que puedas encajar entre tus nuevos aliados.','Si no puedes con tu enemigo... Sin duda, tus aliados no estarán encantados de verte marchar, pero hay momentos en los que hay que arriesgarse y descubrir cómo es el mundo visto desde el otro lado. Quizás ya tienes amigos allí que te están esperando. Quizás, como dicen muchos, los objetos épicos son realmente más púrpura al otro lado. Los cambios de facción también incluyen un cambio de raza gratis para que puedas encajar entre tus nuevos aliados.','«Предатель!..» Да, легко бросаться громкими фразами. Вашим союзникам по фракции навряд ли понравится, что вы решили уйти. Но по сути, чем вы, собственно, им обязаны? Может, пора взглянуть, как там у других? Может, у вас там уже есть друзья! Кто знает, вдруг, как говорится, «эпики» действительно фиолетовее там, где нас нет… В смену фракции входит смена расы, чтобы было проще влиться в ряды новых союзников.','',''),
	(75,'','Changement de race','','','','Cambio de raza','Cambio de raza','Смена расы','','','','Ce n’est pas tous les jours facile d’avoir cinq doigts à chaque main, des oreilles pointues, la peau verdâtre ou de se retrouver couvert de poils rêches à chaque fois que vous vous cognez le genou sur un coin de table. Parfois, on aimerait pouvoir tout changer. Réjouissez-vous : c’est possible !','','','','No es fácil ser verde... o azul... o rosa purpúreo de orejas puntiagudas. A veces un simple retoque a la imagen de tu personaje no es suficiente. A veces necesitas ir más allá y cambiar por completo. Con un cambio de raza, puedes conseguirlo.','No es fácil ser verde... o azul... o rosa purpúreo de orejas puntiagudas. A veces un simple retoque a la imagen de tu personaje no es suficiente. A veces necesitas ir más allá y cambiar por completo. Con un cambio de raza, puedes conseguirlo.','Генетика — жестокая штука. Попробуй поживи все время зеленым. Или синим. Или фиолетовым. И к тому же остроухим. Иногда косметической смены имиджа недостаточно и требуются радикальные меры: сменить расу напрочь!','',''),
	(76,'','Changement d\'apparence','','','','Cambio de apariencia','Cambio de apariencia','Измени персонажа','','','','Dans la vie, tout change : les coiffures, les gens, les goûts… Peut-être en avez-vous assez de l’apparence de votre personnage, ou souhaitez-vous le faire changer de sexe ? Peut-être feriez-vous aujourd’hui des choix différents quant à son physique ? Voici le service qu’il vous faut ! Vous pouvez désormais réinventer (presque) complètement votre personnage. Parce que vous le valez bien ','','','','Las cosas cambian, la gente cambia, las modas cambian, las primas de riesgo fluctúan… Si estás cansado de tu sempiterno casco de placas para ocultar el look de tu personaje, entonces el cambio de apariencia es lo que necesitas. Piensa en ello como una segunda oportunidad que muchos desearían que existiera en la vida real. Este cambio te permite rehacer el look e incluso el género de uno de tus personajes.','Las cosas cambian, la gente cambia, las modas cambian, las primas de riesgo fluctúan… Si estás cansado de tu sempiterno casco de placas para ocultar el look de tu personaje, entonces el cambio de apariencia es lo que necesitas. Piensa en ello como una segunda oportunidad que muchos desearían que existiera en la vida real. Este cambio te permite rehacer el look e incluso el género de uno de tus personajes.','Все течет, все изменяется. Люди, стрижки, процентные ставки… Если вам надоело, как выглядит ваш персонаж, а разгуливать в шлеме с опущенным забралом не хочется, то эта услуга придется вам очень кстати. Еще бы такую в реальной жизни…! Вы можете полностью изменить облик и даже, если хотите, пол своего персонажа.','',''),
	(77,'','Personnage pré-équipé niveau 100','','','','prefabricado nivel 100','prefabricado nivel 100','персонажа 100 уровень','','','','L\'achat d\'un personnage pré-équipé comporte :\r\n- L\'équipement de la "Saison 1 de Warlords" de qualité rare et d\'ilvl 600.\r\n- Les armes fournies sont d\'ilvl 610.\r\n- Les bijoux et la cape sont d\'ilvl 610.\r\n- Vous aurez 10 000 Po.\r\n- Le personnage est de niveau 100.\r\n- Une monture volante : Wyrm de givre du gladiateur courroucé','','','','Comprar un jugador prefabricado incluye:\r\n- Armadura PvP de nivel 600.\r\n- Armas de nivel 610.\r\n- Abalorios y capas de nivel 610.\r\n- 10.000 monedas de oro.\r\n- Nivel 100 instantáneo.\r\n- Una montura PvP única: Vermis de escarcha de Gladiador colérico.','Comprar un jugador prefabricado incluye:\r\n- Armadura PvP de nivel 600.\r\n- Armas de nivel 610.\r\n- Abalorios y capas de nivel 610.\r\n- 10.000 monedas de oro.\r\n- Nivel 100 instantáneo.\r\n- Una montura PvP única: Vermis de escarcha de Gladiador colérico.','Выбирая готового персонажа вы получите:\r\n- iLevel 600 PvP экипировку\r\n- iLevel 610 оружие\r\n- iLevel 610 аксессуары и плащ\r\n- 10 000 золота\r\n- Мгновенный 100 уровень\r\n- Уникального PvP верхового животного: Ледяной змей разгневанного гладиатора','',''),
	(78,'','10.000 pièces d\'or','','','','10.000 oro ','10.000 oro ','золота 10.000','','','','','','','','','','','',''),
	(79,'','50.000 pièces d\'or','','','','50.000 oro ','50.000 oro ','золота 50.000','','','','','','','','','','','',''),
	(80,'','200.000 pièces d\'or','','','','200.000 oro','200.000 oro','золота 200.000','','','','','','','','','','','',''),
	(81,'','500.000 pièces d\'or','','','','500.000 oro','500.000 oro','золота 500.000','','','','','','','','','','','',''),
	(82,'','Alchimie - 700','','','','Alquimia - 700','Alquimia - 700','','','','','Apprenez l\'alchimie jusqu\'au niveau 700 avec toutes les recettes jusqu\'a Mist of Pandaria.','','','','Aprende Alquimia 700 con todas las recetas, incluyendo hasta Mists of Pandaria.','Aprende Alquimia 700 con todas las recetas, incluyendo hasta Mists of Pandaria.','','',''),
	(83,'','Archéologie - 700','','','','Arqueología - 700','Arqueología - 700','','','','','Apprenez l\'archéologie jusqu\'au niveau 700 avec toutes les recettes jusqu\'a Mist of Pandaria.','','','','Aprende Arqueología 700 con todas las recetas, incluyendo hasta Mists of Pandaria.','Aprende Arqueología 700 con todas las recetas, incluyendo hasta Mists of Pandaria.','','',''),
	(84,'','Forge - 700','','','','Herrería - 700','Herrería - 700','','','','','Apprenez la forge jusqu\'au niveau 700 avec toutes les recettes jusqu\'a Mist of Pandaria.','','','','Aprende Herrería 700 con todas las recetas, incluyendo hasta Mists of Pandaria.','Aprende Herrería 700 con todas las recetas, incluyendo hasta Mists of Pandaria.','','',''),
	(85,'','Cuisine - 700','','','','Cocina - 700','Cocina - 700','','','','','Apprenez la cuisine jusqu\'au niveau 700 avec toutes les recettes jusqu\'a Mist of Pandaria.','','','','Aprende Cocina 700 con todas las recetas, incluyendo hasta Mists of Pandaria.','Aprende Cocina 700 con todas las recetas, incluyendo hasta Mists of Pandaria.','','',''),
	(86,'','Enchantement - 700','','','','Encantamiento - 700','Encantamiento - 700','','','','','Apprenez l\'enchantement jusqu\'au niveau 700 avec toutes les recettes jusqu\'a Mist of Pandaria.','','','','Aprende Encantamiento 700 con todas las recetas, incluyendo hasta Mists of Pandaria.','Aprende Encantamiento 700 con todas las recetas, incluyendo hasta Mists of Pandaria.','','',''),
	(87,'','Ingénierie - 700','','','','Ingeniería - 700','Ingeniería - 700','','','','','Apprenez l\'ingénierie juqu\'au niveau 700 avec toutes les recettes jusqu\'a Mist of Pandaria.','','','','Aprende Ingeniería 700 con todas las recetas, incluyendo hasta Mists of Pandaria.','Aprende Ingeniería 700 con todas las recetas, incluyendo hasta Mists of Pandaria.','','',''),
	(88,'','Secourisme - 700','','','','Primeros auxilios - 700','Primeros auxilios - 700','','','','','Apprenez le secourisme juqu\'au niveau 700 avec toutes les recettes jusqu\'a Mist of Pandaria.','','','','Aprende Primeros auxilios 700 con todas las recetas, incluyendo hasta Mists of Pandaria.','Aprende Primeros auxilios 700 con todas las recetas, incluyendo hasta Mists of Pandaria.','','',''),
	(89,'','Pêche - 700','','','','Pesca - 700','Pesca - 700','','','','','Apprenez la pêche juqu\'au niveau 700 avec toutes les recettes jusqu\'a Mist of Pandaria.','','','','Aprende Pesca 700 con todas las recetas, incluyendo hasta Mists of Pandaria.','Aprende Pesca 700 con todas las recetas, incluyendo hasta Mists of Pandaria.','','',''),
	(90,'','Herboriste - 700','','','','Herboristería - 700','Herboristería - 700','','','','','Apprenez l\'herboristerie juqu\'au niveau 700 avec toutes les recettes jusqu\'a Mist of Pandaria.','','','','Aprende Herboristería 700 con todas las recetas, incluyendo hasta Mists of Pandaria.','Aprende Herboristería 700 con todas las recetas, incluyendo hasta Mists of Pandaria.','','',''),
	(91,'','Calligraphie - 700','','','','Inscripción - 700','Inscripción - 700','','','','','Apprenez la calligraphie juqu\'au niveau 700 avec toutes les recettes jusqu\'a Mist of Pandaria.','','','','Aprende Inscripción 700 con todas las recetas, incluyendo hasta Mists of Pandaria.','Aprende Inscripción 700 con todas las recetas, incluyendo hasta Mists of Pandaria.','','',''),
	(92,'','Joaillerie - 700','','','','Joyería - 700','Joyería - 700','','','','','Apprenez la joaillerie juqu\'au niveau 700 avec toutes les recettes jusqu\'a Mist of Pandaria.','','','','Aprende Joyería 700 con todas las recetas, incluyendo hasta Mists of Pandaria.','Aprende Joyería 700 con todas las recetas, incluyendo hasta Mists of Pandaria.','','',''),
	(93,'','Dépeçage - 700','','','','Desuello - 700','Desuello - 700','','','','','Apprenez le dépeçage juqu\'au niveau 700 avec toutes les recettes jusqu\'a Mist of Pandaria.','','','','Aprende Desuello 700 con todas las recetas, incluyendo hasta Mists of Pandaria.','Aprende Desuello 700 con todas las recetas, incluyendo hasta Mists of Pandaria.','','',''),
	(94,'','Couture - 700','','','','Sastrería - 700','Sastrería - 700','','','','','Apprenez la couture juqu\'au niveau 700 avec toutes les recettes jusqu\'a Mist of Pandaria.','','','','Aprende Sastrería 700 con todas las recetas, incluyendo hasta Mists of Pandaria.','Aprende Sastrería 700 con todas las recetas, incluyendo hasta Mists of Pandaria.','','',''),
	(95,'','Minage - 700','','','','Minería - 700','Minería - 700','','','','','Apprenez le minage juqu\'au niveau 700 avec toutes les recettes jusqu\'a Mist of Pandaria.','','','','Aprende Minería 700 con todas las recetas, incluyendo hasta Mists of Pandaria.','Aprende Minería 700 con todas las recetas, incluyendo hasta Mists of Pandaria.','','',''),
	(96,'','Travail du cuir - 700','','','','Peletería - 700','Peletería - 700','','','','','Apprenez le travail du cuir juqu\'au niveau 700 avec toutes les recettes jusqu\'a Mist of Pandaria.','','','','Aprende Minería 700 con todas las recetas, incluyendo hasta Mists of Pandaria.','Aprende Peletería 700 con todas las recetas, incluyendo hasta Mists of Pandaria.','','',''),
	(97,'Battleplate of Cyclopean Dread (T16)','Harnois de bataille de l’effroi insatiable (T16)','','','','Placa de batalla de pavor ciclópeo (T16)','Placa de batalla de pavor ciclópeo (T16)','Боевой доспех циклопьего ужаса (T16)','','','','','','','','','','','',''),
	(98,'Plate of Cyclopean Dread (T16)','Cuirasse de l’effroi cyclopéen (T16)','','','','Placas de pavor ciclópeo (T16)','Placas de pavor ciclópeo (T16)','Кираса циклопьего ужаса (T16)','','','','','','','','','','','',''),
	(99,'Armor of the Shattered Vale (T16)','Armure du val brisé (T16)','','','','Armadura del valle destrozado (T16)','Armadura del valle destrozado (T16)','Доспех содрогнувшегося дола (T16)','','','','','','','','','','','',''),
	(100,'Regalia of the Shattered Vale (T16)','Tenue de parade du val brisé (T16)','','','','Atavío del valle destrozado (T16)','Atavío del valle destrozado (T16)','Регалии содрогнувшегося дола (T16)','','','','','','','','','','','',''),
	(101,'Vestments of the Shattered Vale (T16)','Habits du val brisé (T16)','','','','Vestimentas del valle destrozado (T16)','Vestimentas del valle destrozado (T16)','Одежды содрогнувшегося дола (T16)','','','','','','','','','','','',''),
	(102,'Battlegear of the Shattered Vale (T16)','Tenue de combat du val brisé (T16)','','','','Equipo de batalla del valle destrozado (T16)','Equipo de batalla del valle destrozado (T16)','Броня содрогнувшегося дола (T16)','','','','','','','','','','','',''),
	(103,'Battlegear of the Unblinking Vigil (T16)','Tenue de combat de la veille continuelle (T16)','','','','Equipo de batalla de la vigilia insomne (T16)','Equipo de batalla de la vigilia insomne (T16)','Броня неусыпного бдения (T16)','','','','','','','','','','','',''),
	(104,'Chronomancer Regalia (T16)','Tenue de parade du chronomancien (T16)','','','','Atavío de cronomántico (T16)','Atavío de cronomántico (T16)','Регалии хрономанта (T16)','','','','','','','','','','','',''),
	(105,'Armor of Seven Sacred Seals (T16)','Armure des sept sceaux sacrés (T16)','','','','Armadura de los siete sellos sagrados (T16)','Armadura de los siete sellos sagrados (T16)','Доспех семи священных печатей (T16)','','','','','','','','','','','',''),
	(106,'Vestments of Seven Sacred Seals (T16)','Habits des sept sceaux sacrés (T16)','','','','Vestimentas de los siete sellos sagrados (T16)','Vestimentas de los siete sellos sagrados (T16)','Одежды семи священных печатей (T16)','','','','','','','','','','','',''),
	(107,'Battlegear of Seven Sacred Seals (T16)','Tenue de combat des sept sceaux sacrés (T16)','','','','Equipo de batalla de los siete sellos sagrados (T16)','Equipo de batalla de los siete sellos sagrados (T16)','Броня семи священных печатей (T16)','','','','','','','','','','','',''),
	(108,'Plate of Winged Triumph (T16)','Plaques de triomphe ailé (T16)','','','','Placas de triunfo alado (T16)','Placas de triunfo alado (T16)','Кираса окрыленного победой (T16)','','','','','','','','','','','',''),
	(109,'Vestments of Winged Triumph (T16)','Habits de triomphe ailé (T16)','','','','Vestimentas de gloria alada (T16)','Vestimentas de gloria alada (T16)','Одежды окрыленного победой (T16)','','','','','','','','','','','',''),
	(110,'Battlegear of Winged Triumph (T16)','Tenue de combat de triomphe ailé (T16)','','','','Equipo de batalla de gloria alada (T16)','Equipo de batalla de gloria alada (T16)','Броня окрыленного победой (T16)','','','','','','','','','','','',''),
	(111,'Barbed Assassin Battlegear (T16)','Tenue de combat de l’assassin barbelé (T16)','','','','Equipo de batalla del asesino espinoso (T16)','Equipo de batalla del asesino espinoso (T16)','Броня шипастого убийцы (T16)','','','','','','','','','','','',''),
	(112,'Regalia of Ternion Glory (T16)','Tenue de parade de la gloire trinaire (T16)','','','','Atavío de gloria tríplice (T16)','Atavío de gloria tríplice (T16)','Регалии прославленной триады (T16)','','','','','','','','','','','',''),
	(113,'Vestments of Ternion Glory (T16)','Habits de la gloire trinaire (T16)','','','','Vestimentas de gloria tríplice (T16)','Vestimentas de gloria tríplice (T16)','Одежды прославленной триады (T16)','','','','','','','','','','','',''),
	(114,'Celestial Harmony Regalia (T16)','Tenue de parade d’harmonie céleste (T16)','','','','Atavío de armonía celestial (T16)','Atavío de armonía celestial (T16)','Регалии небесной гармонии (T16)','','','','','','','','','','','',''),
	(115,'Celestial Harmony Battlegear (T16)','Tenue de combat d’harmonie céleste (T16)','','','','Equipo de batalla de armonía celestial (T16)','Equipo de batalla de armonía celestial (T16)','Броня небесной гармонии (T16)','','','','','','','','','','','',''),
	(116,'Celestial Harmony Vestment (T16)','Habits d’harmonie céleste (T16)','','','','Vestimentas de armonía celestial (T16)','Vestimentas de armonía celestial (T16)','Одежды небесной гармонии (T16)','','','','','','','','','','','',''),
	(117,'Regalia of the Horned Nightmare (T16)','Grande tenue du cauchemar cornu (T16)','','','','Atavío de la pesadilla astada (T16)','Atavío de la pesadilla astada (T16)','Регалии рогатого кошмара (T16)','','','','','','','','','','','',''),
	(118,'Plate of the Prehistoric Marauder (T16)','Cuirasse du maraudeur préhistorique (T16)','','','','Placas del maleante prehistórico (T16)','Placas del maleante prehistórico (T16)','Кираса доисторического разорителя (T16)','','','','','','','','','','','',''),
	(119,'Battleplate of the Prehistoric Marauder (T16)','Harnois de bataille du maraudeur préhistorique (T16)','','','','Placa de batalla del maleante prehistórico (T16)','Placa de batalla del maleante prehistórico (T16)','Боевой доспех доисторического разорителя (T16)','','','','','','','','','','','',''),
	(120,'Prideful Gladiator\'s Desecration','Prideful Gladiator\'s Desecration','','','','Prideful Gladiator\'s Desecration','Prideful Gladiator\'s Desecration','Prideful Gladiator\'s Desecration','','','','','','','','','','','',''),
	(121,'Prideful Gladiator\'s Sanctuary','Prideful Gladiator\'s Sanctuary','','','','Prideful Gladiator\'s Sanctuary','Prideful Gladiator\'s Sanctuary','Prideful Gladiator\'s Sanctuary','','','','','','','','','','','',''),
	(122,'Prideful Gladiator\'s Refuge','Prideful Gladiator\'s Refuge','','','','Prideful Gladiator\'s Refuge','Prideful Gladiator\'s Refuge','Prideful Gladiator\'s Refuge','','','','','','','','','','','',''),
	(123,'Prideful Gladiator\'s Wildhide','Prideful Gladiator\'s Wildhide','','','','Prideful Gladiator\'s Wildhide','Prideful Gladiator\'s Wildhide','Prideful Gladiator\'s Wildhide','','','','','','','','','','','',''),
	(124,'Prideful Gladiator\'s Pursuit','Prideful Gladiator\'s Pursuit','','','','Prideful Gladiator\'s Pursuit','Prideful Gladiator\'s Pursuit','Prideful Gladiator\'s Pursuit','','','','','','','','','','','',''),
	(125,'Prideful Gladiator\'s Regalia','Prideful Gladiator\'s Regalia','','','','Prideful Gladiator\'s Regalia','Prideful Gladiator\'s Regalia','Prideful Gladiator\'s Regalia','','','','','','','','','','','',''),
	(126,'Prideful Gladiator\'s Vestments','Prideful Gladiator\'s Vestments','','','','Prideful Gladiator\'s Vestments','Prideful Gladiator\'s Vestments','Prideful Gladiator\'s Vestments','','','','','','','','','','','',''),
	(127,'Prideful Gladiator\'s Wartide','Prideful Gladiator\'s Wartide','','','','Prideful Gladiator\'s Wartide','Prideful Gladiator\'s Wartide','Prideful Gladiator\'s Wartide','','','','','','','','','','','',''),
	(128,'Prideful Gladiator\'s Thunderfist','Prideful Gladiator\'s Thunderfist','','','','Prideful Gladiator\'s Thunderfist','Prideful Gladiator\'s Thunderfist','Prideful Gladiator\'s Thunderfist','','','','','','','','','','','',''),
	(129,'Prideful Gladiator\'s Earthshaker','Prideful Gladiator\'s Earthshaker','','','','Prideful Gladiator\'s Earthshaker','Prideful Gladiator\'s Earthshaker','Prideful Gladiator\'s Earthshaker','','','','','','','','','','','',''),
	(130,'Prideful Gladiator\'s Felshroud','Prideful Gladiator\'s Felshroud','','','','Prideful Gladiator\'s Felshroud','Prideful Gladiator\'s Felshroud','Prideful Gladiator\'s Felshroud','','','','','','','','','','','',''),
	(131,'Prideful Gladiator\'s Vindication','Prideful Gladiator\'s Vindication','','','','Prideful Gladiator\'s Vindication','Prideful Gladiator\'s Vindication','Prideful Gladiator\'s Vindication','','','','','','','','','','','',''),
	(132,'Prideful Gladiator\'s Redemption','Prideful Gladiator\'s Redemption','','','','Prideful Gladiator\'s Redemption','Prideful Gladiator\'s Redemption','Prideful Gladiator\'s Redemption','','','','','','','','','','','',''),
	(133,'Prideful Gladiator\'s Ironskin','Prideful Gladiator\'s Ironskin','','','','Prideful Gladiator\'s Ironskin','Prideful Gladiator\'s Ironskin','Prideful Gladiator\'s Ironskin','','','','','','','','','','','',''),
	(134,'Prideful Gladiator\'s Copperskin','Prideful Gladiator\'s Copperskin','','','','Prideful Gladiator\'s Copperskin','Prideful Gladiator\'s Copperskin','Prideful Gladiator\'s Copperskin','','','','','','','','','','','',''),
	(135,'Prideful Gladiator\'s Investiture','Prideful Gladiator\'s Investiture','','','','Prideful Gladiator\'s Investiture','Prideful Gladiator\'s Investiture','Prideful Gladiator\'s Investiture','','','','','','','','','','','',''),
	(136,'Prideful Gladiator\'s Raiment','Prideful Gladiator\'s Raiment','','','','Prideful Gladiator\'s Raiment','Prideful Gladiator\'s Raiment','Prideful Gladiator\'s Raiment','','','','','','','','','','','',''),
	(137,'Prideful Gladiator\'s Desecration','Prideful Gladiator\'s Desecration','','','','Prideful Gladiator\'s Desecration','Prideful Gladiator\'s Desecration','Prideful Gladiator\'s Desecration','','','','','','','','','','','',''),
	(138,'Prideful Gladiator\'s Sanctuary','Prideful Gladiator\'s Sanctuary','','','','Prideful Gladiator\'s Sanctuary','Prideful Gladiator\'s Sanctuary','Prideful Gladiator\'s Sanctuary','','','','','','','','','','','',''),
	(139,'Prideful Gladiator\'s Refuge','Prideful Gladiator\'s Refuge','','','','Prideful Gladiator\'s Refuge','Prideful Gladiator\'s Refuge','Prideful Gladiator\'s Refuge','','','','','','','','','','','',''),
	(140,'Prideful Gladiator\'s Wildhide','Prideful Gladiator\'s Wildhide','','','','Prideful Gladiator\'s Wildhide','Prideful Gladiator\'s Wildhide','Prideful Gladiator\'s Wildhide','','','','','','','','','','','',''),
	(141,'Prideful Gladiator\'s Pursuit','Prideful Gladiator\'s Pursuit','','','','Prideful Gladiator\'s Pursuit','Prideful Gladiator\'s Pursuit','Prideful Gladiator\'s Pursuit','','','','','','','','','','','',''),
	(142,'Prideful Gladiator\'s Regalia','Prideful Gladiator\'s Regalia','','','','Prideful Gladiator\'s Regalia','Prideful Gladiator\'s Regalia','Prideful Gladiator\'s Regalia','','','','','','','','','','','',''),
	(143,'Prideful Gladiator\'s Vestments','Prideful Gladiator\'s Vestments','','','','Prideful Gladiator\'s Vestments','Prideful Gladiator\'s Vestments','Prideful Gladiator\'s Vestments','','','','','','','','','','','',''),
	(144,'Prideful Gladiator\'s Wartide','Prideful Gladiator\'s Wartide','','','','Prideful Gladiator\'s Wartide','Prideful Gladiator\'s Wartide','Prideful Gladiator\'s Wartide','','','','','','','','','','','',''),
	(145,'Prideful Gladiator\'s Thunderfist','Prideful Gladiator\'s Thunderfist','','','','Prideful Gladiator\'s Thunderfist','Prideful Gladiator\'s Thunderfist','Prideful Gladiator\'s Thunderfist','','','','','','','','','','','',''),
	(146,'Prideful Gladiator\'s Earthshaker','Prideful Gladiator\'s Earthshaker','','','','Prideful Gladiator\'s Earthshaker','Prideful Gladiator\'s Earthshaker','Prideful Gladiator\'s Earthshaker','','','','','','','','','','','',''),
	(147,'Prideful Gladiator\'s Felshroud','Prideful Gladiator\'s Felshroud','','','','Prideful Gladiator\'s Felshroud','Prideful Gladiator\'s Felshroud','Prideful Gladiator\'s Felshroud','','','','','','','','','','','',''),
	(148,'Prideful Gladiator\'s Battlegear','Prideful Gladiator\'s Battlegear','','','','Prideful Gladiator\'s Battlegear','Prideful Gladiator\'s Battlegear','Prideful Gladiator\'s Battlegear','','','','','','','','','','','',''),
	(149,'Prideful Gladiator\'s Vindication','Prideful Gladiator\'s Vindication','','','','Prideful Gladiator\'s Vindication','Prideful Gladiator\'s Vindication','Prideful Gladiator\'s Vindication','','','','','','','','','','','',''),
	(150,'Prideful Gladiator\'s Redemption','Prideful Gladiator\'s Redemption','','','','Prideful Gladiator\'s Redemption','Prideful Gladiator\'s Redemption','Prideful Gladiator\'s Redemption','','','','','','','','','','','',''),
	(151,'Prideful Gladiator\'s Ironskin','Prideful Gladiator\'s Ironskin','','','','Prideful Gladiator\'s Ironskin','Prideful Gladiator\'s Ironskin','Prideful Gladiator\'s Ironskin','','','','','','','','','','','',''),
	(152,'Prideful Gladiator\'s Copperskin','Prideful Gladiator\'s Copperskin','','','','Prideful Gladiator\'s Copperskin','Prideful Gladiator\'s Copperskin','Prideful Gladiator\'s Copperskin','','','','','','','','','','','',''),
	(153,'Prideful Gladiator\'s Investiture','Prideful Gladiator\'s Investiture','','','','Prideful Gladiator\'s Investiture','Prideful Gladiator\'s Investiture','Prideful Gladiator\'s Investiture','','','','','','','','','','','',''),
	(154,'Prideful Gladiator\'s Raiment','Prideful Gladiator\'s Raiment','','','','Prideful Gladiator\'s Raiment','Prideful Gladiator\'s Raiment','Prideful Gladiator\'s Raiment','','','','','','','','','','','',''),
	(155,'Prideful Gladiator\'s Battlegear','Prideful Gladiator\'s Battlegear','','','','Prideful Gladiator\'s Battlegear','Prideful Gladiator\'s Battlegear','Prideful Gladiator\'s Battlegear','','','','','','','','','','','',''),
	(156,'Bonescythe Armor','Armure de la faucheuse d\'os','','','','Armadura Segahuesos','Armadura Segahuesos','Доспехи костяной косы','','','','','','','','','','','',''),
	(157,'Redemption Armor','Armure de rédemption','','','','Armadura de redención','Armadura de redención','Доспехи Возмездия','','','','','','','','','','','',''),
	(158,'Cryptstalker Armor','Armure de traqueur des cryptes','','','','Armadura de acechacriptas','Armadura de acechacriptas','Доспехи Расхитителя гробниц','','','','','','','','','','','',''),
	(159,'Dreamwalker Raiment','Grande tenue de marcherêve','','','','Vestiduras de Caminasueños','Vestiduras de Caminasueños','Одеяния сновидца','','','','','','','','','','','',''),
	(160,'Plagueheart Raiment','Grande tenue du Pestecœur','','','','Vestiduras corazón de peste','Vestiduras corazón de peste','Облачение Проклятого Сердца','','','','','','','','','','','',''),
	(161,'Vestments of Faith','Habits de foi','','','','Vestimentas de fe','Vestimentas de fe','Ризы веры','','','','','','','','','','','',''),
	(162,'The Earthshatterer','Le Briseur de terre','','','','El Trizaterrador','El Trizaterrador','Землекрушитель','','','','','','','','','','','',''),
	(163,'Dreadnaught\'s Battlegear','Tenue de combat du cuirassier','','','','Equipo de batalla acorator','Equipo de batalla acorator','Броня неустрашимости','','','','','','','','','','','',''),
	(164,'Frostfire Regalia','Tenue de parade de givrefeu','','','','Atavío Fuego de Escarcha','Atavío Fuego de Escarcha','Регалии ледяного огня','','','','','','','','','','','',''),
	(165,'Xal\'atoh, Desecrated Image of Gorehowl','Xal’atoh, reflet profané de Hurlesang','','','','Xal\'atoh, imagen profanada de Aullavísceras','Xal\'atoh, imagen profanada de Aullavísceras','','','','','','','','','','','','',''),
	(166,'Trident of Corrupted Waters','Trident des eaux corrompues','','','','Tridente de aguas corruptas','Tridente de aguas corruptas','','','','','','','','','','','','',''),
	(167,'Greatsword of Pride\'s Fall','Estramaçon de l’orgueil déchu','','','','Espada magna de la caída del orgullo','Espada magna de la caída del orgullo','','','','','','','','','','','','',''),
	(168,'Gaze of Arrogance','Regard d’arrogance','','','','Mirada de arrogancia','Mirada de arrogancia','','','','','','','','','','','','',''),
	(169,'Lever of the Megantholithic Apparatus','Levier de l’équipement mégantholitique','','','','Palanca del aparato megalítico','Palanca del aparato megalítico','','','','','','','','','','','','',''),
	(170,'Drakebinder Greatstaff','Grand bâton de lieur de dragon','','','','Gran bastón de vinculador de dracos','Gran bastón de vinculador de dracos','','','','','','','','','','','','',''),
	(171,'Gar\'tok, Strength of the Faithful','Gar’tok, force du croyant','','','','Gar\'tok, la Fuerza de la Fe','Gar\'tok, la Fuerza de la Fe','','','','','','','','','','','','',''),
	(172,'Halberd of Inner Shadows','Hallebarde des ombres intérieures','','','','Alabarda de sombras internas','Alabarda de sombras internas','','','','','','','','','','','','',''),
	(173,'Kor\'kron Spire of Supremacy','Flèche de suprématie kor’kronne','','','','Aguja de supremacía Kor\'kron','Aguja de supremacía Kor\'kron','','','','','','','','','','','','',''),
	(174,'Britomart\'s Jagged Pike','Pointe dentelée de Britomartis','','','','Pica dentada de Britomart','Pica dentada de Britomart','','','','','','','','','','','','',''),
	(175,'Encapsulated Essence of Immerseus','Essence d’Immerseus emprisonnée','','','','Esencia confinada de Immerseus','Esencia confinada de Immerseus','','','','','','','','','','','','',''),
	(176,'Softfoot\'s Last Resort','Dernier recours de Pas de Loup','','','','Último recurso de Paso Cauto','Último recurso de Paso Cauto','','','','','','','','','','','','',''),
	(177,'Xifeng, Longblade of the Titanic Guardian','Xifeng, Lame longue du gardien titanesque','','','','Xifeng, hoja larga del guardián titánico','Xifeng, hoja larga del guardián titánico','','','','','','','','','','','','',''),
	(178,'Norushen\'s Shortblade','Lame courte de Norushen','','','','Hoja corta de Norushen','Hoja corta de Norushen','','','','','','','','','','','','',''),
	(179,'Hvitserk\'s Formidable Shanker','Perforeuse formidable de Hvitserk','','','','Faca formidable de Hvitserk','Faca formidable de Hvitserk','','','','','','','','','','','','',''),
	(180,'Nazgrim\'s Gutripper','Arrache-tripes de Nazgrim','','','','Arrancatripas de Nazgrim','Arrancatripas de Nazgrim','','','','','','','','','','','','',''),
	(181,'Seismic Bore','Mascaret sismique','','','','Barrena sísmica','Barrena sísmica','','','','','','','','','','','','',''),
	(182,'Haromm\'s Frozen Crescent','Croissant gelé de Haromm','','','','Media luna congelada de Haromm','Media luna congelada de Haromm','','','','','','','','','','','','',''),
	(183,'Kardris\' Scepter','Sceptre de Kardris','','','','Cetro de Kardris','Cetro de Kardris','','','','','','','','','','','','',''),
	(184,'Horned Mace of the Old Ones','Masse à cornes des très anciens','','','','Maza con cuernos de los Antiguos','Maza con cuernos de los Antiguos','','','','','','','','','','','','',''),
	(185,'Arcweaver Spell Sword','Sorcépée de tisse-arc','','','','Espada de hechizos de tejearcos','Espada de hechizos de tejearcos','','','','','','','','','','','','',''),
	(186,'Malkorok\'s Skullcleaver','Fendeur de crânes de Malkorok','','','','Quiebracalaveras de Malkorok','Quiebracalaveras de Malkorok','','','','','','','','','','','','',''),
	(187,'Siegecrafter\'s Forge Hammer','Marteau de forge de l’ingé-siège','','','','Martillo de forja del asediador','Martillo de forja del asediador','','','','','','','','','','','','',''),
	(188,'Korven\'s Crimson Crescent','Croissant cramoisi de Korven','','','','Media luna carmesí de Korven','Media luna carmesí de Korven','','','','','','','','','','','','',''),
	(189,'Kil\'ruk\'s Furious Blade','Lame furieuse de Kil’ruk','','','','Hoja furiosa de Kil\'ruk','Hoja furiosa de Kil\'ruk','','','','','','','','','','','','',''),
	(190,'Rik\'kal\'s Bloody Scalpel','Scalpel sanglant de Rik’kal','','','','Escalpelo sangriento de Rik\'kal','Escalpelo sangriento de Rik\'kal','','','','','','','','','','','','',''),
	(191,'Enchanted Shao-Tien Saber','Sabre shao-tien enchanté','','','','Sable Shao-Tien encantado','Sable Shao-Tien encantado','','','','','','','','','','','','',''),
	(192,'Immaculately Preserved Wand','Baguette préservée de façon impeccable','','','','Varita perfectamente conservada','Varita perfectamente conservada','','','','','','','','','','','','',''),
	(193,'Death Lotus Crossbow','Arbalète du Lotus de la mort','','','','Ballesta de loto mortal','Ballesta de loto mortal','','','','','','','','','','','','',''),
	(194,'Dagryn\'s Discarded Longbow','Arc long abandonné de Dagryn','','','','Arco largo desechado de Dagryn','Arco largo desechado de Dagryn','','','','','','','','','','','','',''),
	(195,'Hisek\'s Reserve Longbow','Arc long de réserve d’Hisek','','','','Arco largo de reserva de Hisek','Arco largo de reserva de Hisek','','','','','','','','','','','','',''),
	(196,'Kor\'kron Hand Cannon','Canon à main kor’kron','','','','Culebrina Kor\'kron','Culebrina Kor\'kron','','','','','','','','','','','','',''),
	(197,'Prideful Gladiator\'s Cleaver','Fendoir du gladiateur orgueilleux','','','','Cuchilla de Gladiador orgulloso','Cuchilla de Gladiador orgulloso','','','','','','','','','','','','',''),
	(198,'Prideful Gladiator\'s Cleaver','Fendoir du gladiateur orgueilleux','','','','Cuchilla de Gladiador orgulloso','Cuchilla de Gladiador orgulloso','','','','','','','','','','','','',''),
	(199,'Prideful Gladiator\'s Hacker','Trancheuse du gladiateur orgueilleux','','','','Rebanadora de Gladiador orgulloso','Rebanadora de Gladiador orgulloso','','','','','','','','','','','','',''),
	(200,'Prideful Gladiator\'s Hacker','Trancheuse du gladiateur orgueilleux','','','','Rebanadora de Gladiador orgulloso','Rebanadora de Gladiador orgulloso','','','','','','','','','','','','',''),
	(201,'Prideful Gladiator\'s Gavel','Martelet du gladiateur orgueilleux','','','','Mazo de Gladiador orgulloso','Mazo de Gladiador orgulloso','','','','','','','','','','','','',''),
	(202,'Prideful Gladiator\'s Gavel','Martelet du gladiateur orgueilleux','','','','Mazo de Gladiador orgulloso','Mazo de Gladiador orgulloso','','','','','','','','','','','','',''),
	(203,'Prideful Gladiator\'s Pummeler','Roueur du gladiateur orgueilleux','','','','Moledora de Gladiador orgulloso','Moledora de Gladiador orgulloso','','','','','','','','','','','','',''),
	(204,'Prideful Gladiator\'s Pummeler','Roueur du gladiateur orgueilleux','','','','Moledora de Gladiador orgulloso','Moledora de Gladiador orgulloso','','','','','','','','','','','','',''),
	(205,'Prideful Gladiator\'s Bonecracker','Casseur d’os du gladiateur orgueilleux','','','','Partehuesos de Gladiador orgulloso','Partehuesos de Gladiador orgulloso','','','','','','','','','','','','',''),
	(206,'Prideful Gladiator\'s Bonecracker','Casseur d’os du gladiateur orgueilleux','','','','Partehuesos de Gladiador orgulloso','Partehuesos de Gladiador orgulloso','','','','','','','','','','','','',''),
	(207,'Prideful Gladiator\'s Mageblade','Magelame du gladiateur orgueilleux','','','','Hoja de mago de Gladiador orgulloso','Hoja de mago de Gladiador orgulloso','','','','','','','','','','','','',''),
	(208,'Prideful Gladiator\'s Mageblade','Magelame du gladiateur orgueilleux','','','','Hoja de mago de Gladiador orgulloso','Hoja de mago de Gladiador orgulloso','','','','','','','','','','','','',''),
	(209,'Prideful Gladiator\'s Slicer','Tranchoir du gladiateur orgueilleux','','','','Cercenadora de Gladiador orgulloso','Cercenadora de Gladiador orgulloso','','','','','','','','','','','','',''),
	(210,'Prideful Gladiator\'s Slicer','Tranchoir du gladiateur orgueilleux','','','','Cercenadora de Gladiador orgulloso','Cercenadora de Gladiador orgulloso','','','','','','','','','','','','',''),
	(211,'Prideful Gladiator\'s Quickblade','Prestelame du gladiateur orgueilleux','','','','Hoja rauda de Gladiador orgulloso','Hoja rauda de Gladiador orgulloso','','','','','','','','','','','','',''),
	(212,'Prideful Gladiator\'s Quickblade','Prestelame du gladiateur orgueilleux','','','','Hoja rauda de Gladiador orgulloso','Hoja rauda de Gladiador orgulloso','','','','','','','','','','','','',''),
	(213,'Prideful Gladiator\'s Ripper','Eventreur du gladiateur orgueilleux','','','','Destripadora de Gladiador orgulloso','Destripadora de Gladiador orgulloso','','','','','','','','','','','','',''),
	(214,'Prideful Gladiator\'s Ripper','Eventreur du gladiateur orgueilleux','','','','Destripadora de Gladiador orgulloso','Destripadora de Gladiador orgulloso','','','','','','','','','','','','',''),
	(215,'Prideful Gladiator\'s Render','Etripeur du gladiateur orgueilleux','','','','Desgarradora de Gladiador orgulloso','Desgarradora de Gladiador orgulloso','','','','','','','','','','','','',''),
	(216,'Prideful Gladiator\'s Render','Etripeur du gladiateur orgueilleux','','','','Desgarradora de Gladiador orgulloso','Desgarradora de Gladiador orgulloso','','','','','','','','','','','','',''),
	(217,'Prideful Gladiator\'s Spellblade','Sorcelame du gladiateur orgueilleux','','','','Hoja de hechizo de Gladiador orgulloso','Hoja de hechizo de Gladiador orgulloso','','','','','','','','','','','','',''),
	(218,'Prideful Gladiator\'s Spellblade','Sorcelame du gladiateur orgueilleux','','','','Hoja de hechizo de Gladiador orgulloso','Hoja de hechizo de Gladiador orgulloso','','','','','','','','','','','','',''),
	(219,'Prideful Gladiator\'s Shanker','Perforeuse du gladiateur orgueilleux','','','','Faca de Gladiador orgulloso','Faca de Gladiador orgulloso','','','','','','','','','','','','',''),
	(220,'Prideful Gladiator\'s Shanker','Perforeuse du gladiateur orgueilleux','','','','Faca de Gladiador orgulloso','Faca de Gladiador orgulloso','','','','','','','','','','','','',''),
	(221,'Prideful Gladiator\'s Decapitator','Décapitateur du gladiateur orgueilleux','','','','Decapitadora de Gladiador orgulloso','Decapitadora de Gladiador orgulloso','','','','','','','','','','','','',''),
	(222,'Prideful Gladiator\'s Decapitator','Décapitateur du gladiateur orgueilleux','','','','Decapitadora de Gladiador orgulloso','Decapitadora de Gladiador orgulloso','','','','','','','','','','','','',''),
	(223,'Prideful Gladiator\'s Pike','Pique du gladiateur orgueilleux','','','','Pica de Gladiador orgulloso','Pica de Gladiador orgulloso','','','','','','','','','','','','',''),
	(224,'Prideful Gladiator\'s Pike','Pique du gladiateur orgueilleux','','','','Pica de Gladiador orgulloso','Pica de Gladiador orgulloso','','','','','','','','','','','','',''),
	(225,'Prideful Gladiator\'s Greatsword','Estramaçon du gladiateur orgueilleux','','','','Espada magna de Gladiador orgulloso','Espada magna de Gladiador orgulloso','','','','','','','','','','','','',''),
	(226,'Prideful Gladiator\'s Greatsword','Estramaçon du gladiateur orgueilleux','','','','Espada magna de Gladiador orgulloso','Espada magna de Gladiador orgulloso','','','','','','','','','','','','',''),
	(227,'Prideful Gladiator\'s Battle Staff','Bâton d’armes du gladiateur orgueilleux','','','','Bastón de batalla de Gladiador orgulloso','Bastón de batalla de Gladiador orgulloso','','','','','','','','','','','','',''),
	(228,'Prideful Gladiator\'s Battle Staff','Bâton d’armes du gladiateur orgueilleux','','','','Bastón de batalla de Gladiador orgulloso','Bastón de batalla de Gladiador orgulloso','','','','','','','','','','','','',''),
	(229,'Prideful Gladiator\'s Energy Staff','Bâton d’énergie du gladiateur orgueilleux','','','','Bastón de energía de Gladiador orgulloso','Bastón de energía de Gladiador orgulloso','','','','','','','','','','','','',''),
	(230,'Prideful Gladiator\'s Energy Staff','Bâton d’énergie du gladiateur orgueilleux','','','','Bastón de energía de Gladiador orgulloso','Bastón de energía de Gladiador orgulloso','','','','','','','','','','','','',''),
	(231,'Prideful Gladiator\'s Longbow','Arc long du gladiateur orgueilleux','','','','Arco largo de Gladiador orgulloso','Arco largo de Gladiador orgulloso','','','','','','','','','','','','',''),
	(232,'Prideful Gladiator\'s Longbow','Arc long du gladiateur orgueilleux','','','','Arco largo de Gladiador orgulloso','Arco largo de Gladiador orgulloso','','','','','','','','','','','','',''),
	(233,'Prideful Gladiator\'s Rifle','Carabine du gladiateur orgueilleux','','','','Rifle de Gladiador orgulloso','Rifle de Gladiador orgulloso','','','','','','','','','','','','',''),
	(234,'Prideful Gladiator\'s Rifle','Carabine du gladiateur orgueilleux','','','','Rifle de Gladiador orgulloso','Rifle de Gladiador orgulloso','','','','','','','','','','','','',''),
	(235,'Prideful Gladiator\'s Touch of Defeat','Pointe de défaite du gladiateur orgueilleux','','','','Toque de derrota de Gladiador orgulloso','Toque de derrota de Gladiador orgulloso','','','','','','','','','','','','',''),
	(236,'Prideful Gladiator\'s Touch of Defeat','Pointe de défaite du gladiateur orgueilleux','','','','Toque de derrota de Gladiador orgulloso','Toque de derrota de Gladiador orgulloso','','','','','','','','','','','','',''),
	(237,'Prideful Gladiator\'s Baton of Light','Férule de lumière du gladiateur orgueilleux','','','','Bordón de Luz de Gladiador orgulloso','Bordón de Luz de Gladiador orgulloso','','','','','','','','','','','','',''),
	(238,'Prideful Gladiator\'s Baton of Light','Férule de lumière du gladiateur orgueilleux','','','','Bordón de Luz de Gladiador orgulloso','Bordón de Luz de Gladiador orgulloso','','','','','','','','','','','','',''),
	(239,'Corrupted Ashbringer','Porte-cendres corrompue','','','','Crematoria corrupta','Crematoria corrupta','','','','','','','','','','','','',''),
	(240,'Frostscythe of Lord Ahune','Faux de givre du seigneur Ahune','','','','Guadaña de Escarcha de Lord Ahune','Guadaña de Escarcha de Lord Ahune','','','','','','','','','','','','',''),
	(241,'The Eye of Nerub','L\'Oeil de Nérub','','','','El Ojo de Nerub','El Ojo de Nerub','','','','','','','','','','','','',''),
	(242,'The Castigator','Fustigatrice','','','','El castigador','El castigador','','','','','','','','','','','','',''),
	(243,'Vis\'kag the Bloodletter','Vis\'kag le Saigneur','','','','Vis\'kag el Flebotomista','Vis\'kag el Flebotomista','','','','','','','','','','','','',''),
	(244,'Fiery Retributer','Expiatrice embrasée','','','','Castigador ígneo','Castigador ígneo','','','','','','','','','','','','',''),
	(245,'Fang of the Faceless','Croc du sans-visage','','','','Colmillo del ignoto','Colmillo del ignoto','','','','','','','','','','','','',''),
	(246,'Halberd of Smiting','Hallebarde de châtiment','','','','Alabarda de golpeo','Alabarda de golpeo','','','','','','','','','','','','',''),
	(247,'Soulseeker','Cherche-âme','','','','Buscador de almas','Buscador de almas','','','','','','','','','','','','',''),
	(248,'Nerubian Slavemaker','Esclavagiste nérubien','','','','Esclavizador nerubiano','Esclavizador nerubiano','','','','','','','','','','','','',''),
	(249,'The End of Dreams','La fin des rêves','','','','El fin de los sueños','El fin de los sueños','','','','','','','','','','','','',''),
	(250,'Fury','Fureur','','','','Furia','Furia','','','','','','','','','','','','',''),
	(251,'Rage','Rage','','','','Ira','Ira','','','','','','','','','','','','',''),
	(252,'Singing Crystal Axe','Hache en cristal chantant','','','','Hacha de cristal canto','Hacha de cristal canto','','','','','','','','','','','','',''),
	(253,'The Horseman\'s Blade','La lame du Cavalier','','','','La espada de El jinete','La espada de El jinete','','','','','','','','','','','','',''),
	(254,'Sulfuras, the Extinguished Hand','Sulfuras, la Main éteinte','','','','Sulfuras, la Mano Extinta','Sulfuras, la Mano Extinta','','','','','','','','','','','','',''),
	(255,'Stormwake, the Tempest\'s Reach','Lève-tempête, les confins de la Tourmente','','','','Levantatormentas, Tramo de la Tempestad','Levantatormentas, Tramo de la Tempestad','','','','','','','','','','','','',''),
	(256,'Alysra\'s Razor','Rasoir d’Alysra','','','','Cuchilla de Alysra','Cuchilla de Alysra','','','','','','','','','','','','',''),
	(257,'Obsidium Cleaver','Fendoir d’obsidium','','','','Cuchilla de obsidium','Cuchilla de obsidium','','','','','','','','','','','','',''),
	(258,'Skullstealer Greataxe','Bardiche du faucheur de crâne','','','','Gran hacha del Robacráneos','Gran hacha del Robacráneos','','','','','','','','','','','','',''),
	(259,'Spire of Scarlet Pain','Cime de la douleur écarlate','','','','Aguja de dolor escarlata','Aguja de dolor escarlata','','','','','','','','','','','','',''),
	(260,'Arathar, the Eye of Flame','Arathar, l’œil de la Flamme','','','','Arathar, el Ojo de la Llama','Arathar, el Ojo de la Llama','','','','','','','','','','','','',''),
	(261,'Reclaimed Ashkandi, Greatsword of the Brotherhood','Ashkandi recouvrée, estramaçon de la Confrérie','','','','Ashkandi restituida, Espada magna de la Hermandad','Ashkandi restituida, Espada magna de la Hermandad','','','','','','','','','','','','',''),
	(262,'Claws of Torment','Griffes de tourment','','','','Garras de tormento','Garras de tormento','','','','','','','','','','','','',''),
	(263,'Souldrinker','Buveuse d’âme','','','','Bebedora de almas','Bebedora de almas','','','','','','','','','','','','',''),
	(264,'Gurthalak, Voice of the Deeps','Gurthalak, la Voix des profondeurs','','','','Gurthalak, Voz de las Profundidades','Gurthalak, Voz de las Profundidades','','','','','','','','','','','','',''),
	(265,'Spine of the Thousand Cuts','Eperon des mille coupures','','','','Espina de los mil cortes','Espina de los mil cortes','','','','','','','','','','','','',''),
	(266,'Vishanka, Jaws of the Earth','Vishanka, les Crocs de la terre','','','','Vishanka, Fauces de la Tierra','Vishanka, Fauces de la Tierra','','','','','','','','','','','','',''),
	(267,'Arcanite Ripper','Eventreur en arcanite','','','','Destripadora de arcanita','Destripadora de arcanita','','','','','','','','','','','','',''),
	(268,'Stormedge','Tranchante de la tempête','','','','Filo de tempestad','Filo de tempestad','','','','','','','','','','','','',''),
	(269,'Scepter of Sha\'tar','Sceptre de Sha\'tar','','','','Cetro de los Sha\'tar','Cetro de los Sha\'tar','','','','','','','','','','','','',''),
	(270,'Dragonbreath Hand Cannon','Canon à main Souffle-de-dragon','','','','Culebrina aliento de dragón','Culebrina aliento de dragón','','','','','','','','','','','','',''),
	(271,'Frenzystrike Longbow','Arc long de la frappe frénétique','','','','Arco largo de golpe frenético','Arco largo de golpe frenético','','','','','','','','','','','','',''),
	(272,'Warglaive of Azzinoth (Left)','Glaive de guerre d\'Azzinoth (gauche)','','','','Guja de guerra de Azzinoth (izquierda)','Guja de guerra de Azzinoth (izquierda)','','','','','','','','','','','','',''),
	(273,'Warglaive of Azzinoth (Right)','Glaive de guerre d\'Azzinoth (droit)','','','','Guja de guerra de Azzinoth (derecha)','Guja de guerra de Azzinoth (derecha)','','','','','','','','','','','','',''),
	(274,'Lightning Rod','Bâtonnet d’éclair','','','','Vara relámpago','Vara relámpago','','','','','','','','','','','','',''),
	(275,'Murloc Costume','Costume de murloc','','','','Traje de múrloc','Traje de múrloc','','','','','','','','','','','','',''),
	(276,'Carved Ogre Idol','Idole d\'ogre sculptée','','','','Ídolo de ogro tallado','Ídolo de ogro tallado','','','','','','','','','','','','',''),
	(277,'Fishing Chair','Siège de pêche','','','','Silla para pescar','Silla para pescar','','','','','','','','','','','','',''),
	(278,'Fool\'s Gold','Pyrite','','','','Oro de tontos','Oro de tontos','','','','','','','','','','','','',''),
	(279,'Goblin Weather Machine - Prototype 01-B','Machine météorologique gobeline - Prototype 01-B','','','','Máquina de clima goblin - Prototipo 01-B','Máquina de clima goblin - Prototipo 01-B','','','','','','','','','','','','',''),
	(280,'Ogre Pinata','Piñata ogre','','','','Piñata ogra','Piñata ogra','','','','','','','','','','','','',''),
	(281,'Picnic Basket','Panier à pique-nique','','','','Cesta de merienda','Cesta de merienda','','','','','','','','','','','','',''),
	(282,'Darkspear Pride','Fierté des Sombrelances','','','','Orgullo de los Lanza Negra','Orgullo de los Lanza Negra','','','','','','','','','','','','',''),
	(283,'Gnomeregan Pride','Fierté de Gnomeregan','','','','Orgullo de Gnomeregan','Orgullo de Gnomeregan','','','','','','','','','','','','',''),
	(284,'Time-Lost Figurine','Figurine perdue dans le temps','','','','Figurilla tiempo perdido','Figurilla tiempo perdido','','','','','','','','','','','','',''),
	(285,'Dark Portal','Porte des ténèbres','','','','Portal Oscuro','Portal Oscuro','','','','','','','','','','','','',''),
	(286,'The Flag of Ownership','Drapeau de provocation','','','','La bandera de potestad','La bandera de potestad','','','','','','','','','','','','','');
ALTER TABLE `locales_battlepay_display_info` ENABLE KEYS;
UNLOCK TABLES;


LOCK TABLES `locales_battlepay_product_group` WRITE;
ALTER TABLE `locales_battlepay_product_group` DISABLE KEYS;
INSERT INTO `locales_battlepay_product_group` (`GroupID`, `Name_loc1`, `Name_loc2`, `Name_loc3`, `Name_loc4`, `Name_loc5`, `Name_loc6`, `Name_loc7`, `Name_loc8`, `Name_loc9`, `Name_loc10`) VALUES
	(1,NULL,'Montures',NULL,NULL,NULL,'Monturas','Monturas',NULL,NULL,NULL),
	(2,NULL,'Compagnons',NULL,NULL,NULL,'Mascotas','Mascotas',NULL,NULL,NULL),
	(3,NULL,'Services',NULL,NULL,NULL,'Servicios','Servicios',NULL,NULL,NULL),
	(4,NULL,'Pièces d\'or',NULL,NULL,NULL,'Oro','Oro',NULL,NULL,NULL),
	(5,NULL,'Métiers',NULL,NULL,NULL,'Profesiones','Profesiones',NULL,NULL,NULL),
	(7,NULL,'Ensembles d\'armures',NULL,NULL,NULL,'Sets de armadura','Sets de armadura',NULL,NULL,NULL),
	(8,NULL,'Armes',NULL,NULL,NULL,'Armas','Armas',NULL,NULL,NULL),
	(9,NULL,'Jouets',NULL,NULL,NULL,'Juguetes','Juguetes',NULL,NULL,NULL);
ALTER TABLE `locales_battlepay_product_group` ENABLE KEYS;
UNLOCK TABLES;




SET FOREIGN_KEY_CHECKS = @PREVIOUS_FOREIGN_KEY_CHECKS;
