DELETE FROM `quest_template` WHERE `Id` IN (38927, 38929);   
INSERT INTO `quest_template` (`Id`, `Method`, `Level`, `MinLevel`, `MaxLevel`, `PackageID`, `ZoneOrSort`, `Type`, `SuggestedPlayers`, `LimitTime`, `RequiredTeam`, `RequiredClasses`, `RequiredRaces`, `RequiredSkillId`, `RequiredSkillPoints`, `RequiredFactionKills`, `RequiredFactionKillsCount`, `RequiredPetBattleWith`, `RequiredMinRepFaction`, `RequiredMaxRepFaction`, `RequiredMinRepValue`, `RequiredMaxRepValue`, `PrevQuestId`, `NextQuestId`, `ExclusiveGroup`, `NextQuestIdChain`, `RewardXPId`, `RewardXPId2`, `RewardMoney`, `RewardMoneyMaxLevel`, `RewardSpell`, `RewardSpellCast`, `RewardHonor`, `RewardHonorMultiplier`, `RewardMailTemplateId`, `RewardMailDelay`, `SourceItemId`, `SourceSpellId`, `Flags`, `Flags2`, `SpecialFlags`, `MinimapTargetMark`, `RewardTitleId`, `RequiredPlayerKills`, `RewardTalents`, `RewardArenaPoints`, `RewardSkillId`, `RewardSkillPoints`, `RewardReputationMask`, `QuestGiverPortrait`, `QuestTurnInPortrait`, `RewardItemId1`, `RewardItemId2`, `RewardItemId3`, `RewardItemId4`, `RewardItemCount1`, `RewardItemCount2`, `RewardItemCount3`, `RewardItemCount4`, `RewardChoiceItemId1`, `RewardChoiceItemId2`, `RewardChoiceItemId3`, `RewardChoiceItemId4`, `RewardChoiceItemId5`, `RewardChoiceItemId6`, `RewardChoiceItemCount1`, `RewardChoiceItemCount2`, `RewardChoiceItemCount3`, `RewardChoiceItemCount4`, `RewardChoiceItemCount5`, `RewardChoiceItemCount6`, `RewardFactionId1`, `RewardFactionId2`, `RewardFactionId3`, `RewardFactionId4`, `RewardFactionId5`, `RewardFactionValueId1`, `RewardFactionValueId2`, `RewardFactionValueId3`, `RewardFactionValueId4`, `RewardFactionValueId5`, `RewardFactionValueIdOverride1`, `RewardFactionValueIdOverride2`, `RewardFactionValueIdOverride3`, `RewardFactionValueIdOverride4`, `RewardFactionValueIdOverride5`, `PointMapId`, `PointX`, `PointY`, `PointOption`, `Title`, `Objectives`, `Details`, `EndText`, `OfferRewardText`, `RequestItemsText`, `CompletedText`, `RequiredSourceItemId1`, `RequiredSourceItemId2`, `RequiredSourceItemId3`, `RequiredSourceItemId4`, `RequiredSourceItemCount1`, `RequiredSourceItemCount2`, `RequiredSourceItemCount3`, `RequiredSourceItemCount4`, `RewardCurrencyId1`, `RewardCurrencyId2`, `RewardCurrencyId3`, `RewardCurrencyId4`, `RewardCurrencyCount1`, `RewardCurrencyCount2`, `RewardCurrencyCount3`, `RewardCurrencyCount4`, `QuestGiverTextWindow`, `QuestGiverTargetName`, `QuestTurnTextWindow`, `QuestTurnTargetName`, `SoundAccept`, `SoundTurnIn`, `DetailsEmote1`, `DetailsEmote2`, `DetailsEmote3`, `DetailsEmote4`, `DetailsEmoteDelay1`, `DetailsEmoteDelay2`, `DetailsEmoteDelay3`, `DetailsEmoteDelay4`, `EmoteOnIncomplete`, `EmoteOnComplete`, `OfferRewardEmote1`, `OfferRewardEmote2`, `OfferRewardEmote3`, `OfferRewardEmote4`, `OfferRewardEmoteDelay1`, `OfferRewardEmoteDelay2`, `OfferRewardEmoteDelay3`, `OfferRewardEmoteDelay4`, `StartScript`, `CompleteScript`, `BuildVerified`)
VALUES
    (38927, 2, 100, 100, 100, 0, -25, 0, 0, 0, -1, 0, 33555378, 0, 0, 0, 0, 0, 0, 0, 0, 0, 0, 0, 0, 0, 0, 0, 0, 0, 0, 0, 0, 1, 0, 0, 0, 0, 622912, 0, 0, 0, 0, 0, 0, 0, 0, 0, 0, 0, 0, 126920, 0, 0, 0, 1, 0, 0, 0, 0, 0, 0, 0, 0, 0, 0, 0, 0, 0, 0, 0, 0, 0, 0, 0, 0, 0, 0, 0, 0, 0, 0, 0, 0, 0, 0, 0, 0, 0, 0, 'Battle Hardened', 'Win 3 Rated Battleground matches.', 'Defeat your opponents on the battlefield and you will be rewarded.', 'Win 3 Rated Battleground matches.', NULL, NULL, NULL, 0, 0, 0, 0, 0, 0, 0, 0, 0, 0, 0, 0, 0, 0, 0, 0, NULL, NULL, NULL, NULL, 890, 878, 0, 0, 0, 0, 0, 0, 0, 0, 0, 0, 0, 0, 0, 0, 0, 0, 0, 0, 0, 0, 1),
    (38929, 2, 100, 100, 100, 0, -25, 0, 0, 0, -1, 0, 18875469, 0, 0, 0, 0, 0, 0, 0, 0, 0, 0, 0, 0, 0, 0, 0, 0, 0, 0, 0, 0, 1, 0, 0, 0, 0, 622912, 0, 0, 0, 0, 0, 0, 0, 0, 0, 0, 0, 0, 126919, 0, 0, 0, 1, 0, 0, 0, 0, 0, 0, 0, 0, 0, 0, 0, 0, 0, 0, 0, 0, 0, 0, 0, 0, 0, 0, 0, 0, 0, 0, 0, 0, 0, 0, 0, 0, 0, 0, 'Battle Hardened', 'Win 3 Rated Battleground matches.', 'Defeat your opponents on the battlefield and you will be rewarded.', 'Win 3 Rated Battleground matches.', NULL, NULL, NULL, 0, 0, 0, 0, 0, 0, 0, 0, 0, 0, 0, 0, 0, 0, 0, 0, NULL, NULL, NULL, NULL, 890, 878, 0, 0, 0, 0, 0, 0, 0, 0, 0, 0, 0, 0, 0, 0, 0, 0, 0, 0, 0, 0, 1);

DELETE FROM `quest_template_objective` WHERE `QuestID` IN (38927, 38929);    
INSERT INTO `quest_template_objective` (`ID`, `QuestID`, `Type`, `Index`, `ObjectID`, `Amount`, `Flags`, `UnkFloat`, `Description`, `VisualEffects`, `BuildVerified`)
VALUES
    (278700, 38929, 0, 0, 66623, 3, 0, 0, 'Rated Battleground victories', NULL, 20444),
    (278698, 38927, 0, 0, 66623, 3, 0, 0, 'Rated Battleground victories', NULL, 20444);

DELETE FROM `item_script_names` WHERE `Id` IN (126919, 126920
REPLACE INTO `item_script_names` (`Id`, `ScriptName`) 
VALUES
    (126919, "item_strongbox"),
    (126920, "item_strongbox");
 
DELETE FROM item_loot_template WHERE entry = 126920;
INSERT INTO `item_loot_template` (`entry`, `item`, `ChanceOrQuestChance`, `lootmode`, `groupid`, `mincountOrRef`, `maxcount`, `itemBonuses`) VALUES('126920','124864','100','1','0','1','1','');
INSERT INTO `item_loot_template` (`entry`, `item`, `ChanceOrQuestChance`, `lootmode`, `groupid`, `mincountOrRef`, `maxcount`, `itemBonuses`) VALUES('126920','125164','100','1','0','1','1','');
INSERT INTO `item_loot_template` (`entry`, `item`, `ChanceOrQuestChance`, `lootmode`, `groupid`, `mincountOrRef`, `maxcount`, `itemBonuses`) VALUES('126920','125165','100','1','0','1','1','');
INSERT INTO `item_loot_template` (`entry`, `item`, `ChanceOrQuestChance`, `lootmode`, `groupid`, `mincountOrRef`, `maxcount`, `itemBonuses`) VALUES('126920','125166','100','1','0','1','1','');
INSERT INTO `item_loot_template` (`entry`, `item`, `ChanceOrQuestChance`, `lootmode`, `groupid`, `mincountOrRef`, `maxcount`, `itemBonuses`) VALUES('126920','125167','100','1','0','1','1','');
INSERT INTO `item_loot_template` (`entry`, `item`, `ChanceOrQuestChance`, `lootmode`, `groupid`, `mincountOrRef`, `maxcount`, `itemBonuses`) VALUES('126920','125168','100','1','0','1','1','');
INSERT INTO `item_loot_template` (`entry`, `item`, `ChanceOrQuestChance`, `lootmode`, `groupid`, `mincountOrRef`, `maxcount`, `itemBonuses`) VALUES('126920','125169','100','1','0','1','1','');
INSERT INTO `item_loot_template` (`entry`, `item`, `ChanceOrQuestChance`, `lootmode`, `groupid`, `mincountOrRef`, `maxcount`, `itemBonuses`) VALUES('126920','125170','100','1','0','1','1','');
INSERT INTO `item_loot_template` (`entry`, `item`, `ChanceOrQuestChance`, `lootmode`, `groupid`, `mincountOrRef`, `maxcount`, `itemBonuses`) VALUES('126920','125171','100','1','0','1','1','');
INSERT INTO `item_loot_template` (`entry`, `item`, `ChanceOrQuestChance`, `lootmode`, `groupid`, `mincountOrRef`, `maxcount`, `itemBonuses`) VALUES('126920','125172','100','1','0','1','1','');
INSERT INTO `item_loot_template` (`entry`, `item`, `ChanceOrQuestChance`, `lootmode`, `groupid`, `mincountOrRef`, `maxcount`, `itemBonuses`) VALUES('126920','125173','100','1','0','1','1','');
INSERT INTO `item_loot_template` (`entry`, `item`, `ChanceOrQuestChance`, `lootmode`, `groupid`, `mincountOrRef`, `maxcount`, `itemBonuses`) VALUES('126920','125174','100','1','0','1','1','');
INSERT INTO `item_loot_template` (`entry`, `item`, `ChanceOrQuestChance`, `lootmode`, `groupid`, `mincountOrRef`, `maxcount`, `itemBonuses`) VALUES('126920','125175','100','1','0','1','1','');
INSERT INTO `item_loot_template` (`entry`, `item`, `ChanceOrQuestChance`, `lootmode`, `groupid`, `mincountOrRef`, `maxcount`, `itemBonuses`) VALUES('126920','125176','100','1','0','1','1','');
INSERT INTO `item_loot_template` (`entry`, `item`, `ChanceOrQuestChance`, `lootmode`, `groupid`, `mincountOrRef`, `maxcount`, `itemBonuses`) VALUES('126920','125177','100','1','0','1','1','');
INSERT INTO `item_loot_template` (`entry`, `item`, `ChanceOrQuestChance`, `lootmode`, `groupid`, `mincountOrRef`, `maxcount`, `itemBonuses`) VALUES('126920','125178','100','1','0','1','1','');
INSERT INTO `item_loot_template` (`entry`, `item`, `ChanceOrQuestChance`, `lootmode`, `groupid`, `mincountOrRef`, `maxcount`, `itemBonuses`) VALUES('126920','125179','100','1','0','1','1','');
INSERT INTO `item_loot_template` (`entry`, `item`, `ChanceOrQuestChance`, `lootmode`, `groupid`, `mincountOrRef`, `maxcount`, `itemBonuses`) VALUES('126920','125180','100','1','0','1','1','');
INSERT INTO `item_loot_template` (`entry`, `item`, `ChanceOrQuestChance`, `lootmode`, `groupid`, `mincountOrRef`, `maxcount`, `itemBonuses`) VALUES('126920','125181','100','1','0','1','1','');
INSERT INTO `item_loot_template` (`entry`, `item`, `ChanceOrQuestChance`, `lootmode`, `groupid`, `mincountOrRef`, `maxcount`, `itemBonuses`) VALUES('126920','125182','100','1','0','1','1','');
INSERT INTO `item_loot_template` (`entry`, `item`, `ChanceOrQuestChance`, `lootmode`, `groupid`, `mincountOrRef`, `maxcount`, `itemBonuses`) VALUES('126920','125183','100','1','0','1','1','');
INSERT INTO `item_loot_template` (`entry`, `item`, `ChanceOrQuestChance`, `lootmode`, `groupid`, `mincountOrRef`, `maxcount`, `itemBonuses`) VALUES('126920','125184','100','1','0','1','1','');
INSERT INTO `item_loot_template` (`entry`, `item`, `ChanceOrQuestChance`, `lootmode`, `groupid`, `mincountOrRef`, `maxcount`, `itemBonuses`) VALUES('126920','125185','100','1','0','1','1','');
INSERT INTO `item_loot_template` (`entry`, `item`, `ChanceOrQuestChance`, `lootmode`, `groupid`, `mincountOrRef`, `maxcount`, `itemBonuses`) VALUES('126920','125186','100','1','0','1','1','');
INSERT INTO `item_loot_template` (`entry`, `item`, `ChanceOrQuestChance`, `lootmode`, `groupid`, `mincountOrRef`, `maxcount`, `itemBonuses`) VALUES('126920','125187','100','1','0','1','1','');
INSERT INTO `item_loot_template` (`entry`, `item`, `ChanceOrQuestChance`, `lootmode`, `groupid`, `mincountOrRef`, `maxcount`, `itemBonuses`) VALUES('126920','125188','100','1','0','1','1','');
INSERT INTO `item_loot_template` (`entry`, `item`, `ChanceOrQuestChance`, `lootmode`, `groupid`, `mincountOrRef`, `maxcount`, `itemBonuses`) VALUES('126920','125189','100','1','0','1','1','');
INSERT INTO `item_loot_template` (`entry`, `item`, `ChanceOrQuestChance`, `lootmode`, `groupid`, `mincountOrRef`, `maxcount`, `itemBonuses`) VALUES('126920','125190','100','1','0','1','1','');
INSERT INTO `item_loot_template` (`entry`, `item`, `ChanceOrQuestChance`, `lootmode`, `groupid`, `mincountOrRef`, `maxcount`, `itemBonuses`) VALUES('126920','125191','100','1','0','1','1','');
INSERT INTO `item_loot_template` (`entry`, `item`, `ChanceOrQuestChance`, `lootmode`, `groupid`, `mincountOrRef`, `maxcount`, `itemBonuses`) VALUES('126920','125192','100','1','0','1','1','');
INSERT INTO `item_loot_template` (`entry`, `item`, `ChanceOrQuestChance`, `lootmode`, `groupid`, `mincountOrRef`, `maxcount`, `itemBonuses`) VALUES('126920','125193','100','1','0','1','1','');
INSERT INTO `item_loot_template` (`entry`, `item`, `ChanceOrQuestChance`, `lootmode`, `groupid`, `mincountOrRef`, `maxcount`, `itemBonuses`) VALUES('126920','125194','100','1','0','1','1','');
INSERT INTO `item_loot_template` (`entry`, `item`, `ChanceOrQuestChance`, `lootmode`, `groupid`, `mincountOrRef`, `maxcount`, `itemBonuses`) VALUES('126920','125195','100','1','0','1','1','');
INSERT INTO `item_loot_template` (`entry`, `item`, `ChanceOrQuestChance`, `lootmode`, `groupid`, `mincountOrRef`, `maxcount`, `itemBonuses`) VALUES('126920','125196','100','1','0','1','1','');
INSERT INTO `item_loot_template` (`entry`, `item`, `ChanceOrQuestChance`, `lootmode`, `groupid`, `mincountOrRef`, `maxcount`, `itemBonuses`) VALUES('126920','125197','100','1','0','1','1','');
INSERT INTO `item_loot_template` (`entry`, `item`, `ChanceOrQuestChance`, `lootmode`, `groupid`, `mincountOrRef`, `maxcount`, `itemBonuses`) VALUES('126920','125198','100','1','0','1','1','');
INSERT INTO `item_loot_template` (`entry`, `item`, `ChanceOrQuestChance`, `lootmode`, `groupid`, `mincountOrRef`, `maxcount`, `itemBonuses`) VALUES('126920','125199','100','1','0','1','1','');
INSERT INTO `item_loot_template` (`entry`, `item`, `ChanceOrQuestChance`, `lootmode`, `groupid`, `mincountOrRef`, `maxcount`, `itemBonuses`) VALUES('126920','125200','100','1','0','1','1','');
INSERT INTO `item_loot_template` (`entry`, `item`, `ChanceOrQuestChance`, `lootmode`, `groupid`, `mincountOrRef`, `maxcount`, `itemBonuses`) VALUES('126920','125201','100','1','0','1','1','');
INSERT INTO `item_loot_template` (`entry`, `item`, `ChanceOrQuestChance`, `lootmode`, `groupid`, `mincountOrRef`, `maxcount`, `itemBonuses`) VALUES('126920','125202','100','1','0','1','1','');
INSERT INTO `item_loot_template` (`entry`, `item`, `ChanceOrQuestChance`, `lootmode`, `groupid`, `mincountOrRef`, `maxcount`, `itemBonuses`) VALUES('126920','125203','100','1','0','1','1','');
INSERT INTO `item_loot_template` (`entry`, `item`, `ChanceOrQuestChance`, `lootmode`, `groupid`, `mincountOrRef`, `maxcount`, `itemBonuses`) VALUES('126920','125204','100','1','0','1','1','');
INSERT INTO `item_loot_template` (`entry`, `item`, `ChanceOrQuestChance`, `lootmode`, `groupid`, `mincountOrRef`, `maxcount`, `itemBonuses`) VALUES('126920','125212','100','1','0','1','1','');
INSERT INTO `item_loot_template` (`entry`, `item`, `ChanceOrQuestChance`, `lootmode`, `groupid`, `mincountOrRef`, `maxcount`, `itemBonuses`) VALUES('126920','125213','100','1','0','1','1','');
INSERT INTO `item_loot_template` (`entry`, `item`, `ChanceOrQuestChance`, `lootmode`, `groupid`, `mincountOrRef`, `maxcount`, `itemBonuses`) VALUES('126920','125214','100','1','0','1','1','');
INSERT INTO `item_loot_template` (`entry`, `item`, `ChanceOrQuestChance`, `lootmode`, `groupid`, `mincountOrRef`, `maxcount`, `itemBonuses`) VALUES('126920','125215','100','1','0','1','1','');
INSERT INTO `item_loot_template` (`entry`, `item`, `ChanceOrQuestChance`, `lootmode`, `groupid`, `mincountOrRef`, `maxcount`, `itemBonuses`) VALUES('126920','125216','100','1','0','1','1','');
INSERT INTO `item_loot_template` (`entry`, `item`, `ChanceOrQuestChance`, `lootmode`, `groupid`, `mincountOrRef`, `maxcount`, `itemBonuses`) VALUES('126920','125217','100','1','0','1','1','');
INSERT INTO `item_loot_template` (`entry`, `item`, `ChanceOrQuestChance`, `lootmode`, `groupid`, `mincountOrRef`, `maxcount`, `itemBonuses`) VALUES('126920','125218','100','1','0','1','1','');
INSERT INTO `item_loot_template` (`entry`, `item`, `ChanceOrQuestChance`, `lootmode`, `groupid`, `mincountOrRef`, `maxcount`, `itemBonuses`) VALUES('126920','125219','100','1','0','1','1','');
INSERT INTO `item_loot_template` (`entry`, `item`, `ChanceOrQuestChance`, `lootmode`, `groupid`, `mincountOrRef`, `maxcount`, `itemBonuses`) VALUES('126920','125222','100','1','0','1','1','');
INSERT INTO `item_loot_template` (`entry`, `item`, `ChanceOrQuestChance`, `lootmode`, `groupid`, `mincountOrRef`, `maxcount`, `itemBonuses`) VALUES('126920','125223','100','1','0','1','1','');
INSERT INTO `item_loot_template` (`entry`, `item`, `ChanceOrQuestChance`, `lootmode`, `groupid`, `mincountOrRef`, `maxcount`, `itemBonuses`) VALUES('126920','125224','100','1','0','1','1','');
INSERT INTO `item_loot_template` (`entry`, `item`, `ChanceOrQuestChance`, `lootmode`, `groupid`, `mincountOrRef`, `maxcount`, `itemBonuses`) VALUES('126920','125225','100','1','0','1','1','');
INSERT INTO `item_loot_template` (`entry`, `item`, `ChanceOrQuestChance`, `lootmode`, `groupid`, `mincountOrRef`, `maxcount`, `itemBonuses`) VALUES('126920','125226','100','1','0','1','1','');
INSERT INTO `item_loot_template` (`entry`, `item`, `ChanceOrQuestChance`, `lootmode`, `groupid`, `mincountOrRef`, `maxcount`, `itemBonuses`) VALUES('126920','125229','100','1','0','1','1','');
INSERT INTO `item_loot_template` (`entry`, `item`, `ChanceOrQuestChance`, `lootmode`, `groupid`, `mincountOrRef`, `maxcount`, `itemBonuses`) VALUES('126920','125230','100','1','0','1','1','');
INSERT INTO `item_loot_template` (`entry`, `item`, `ChanceOrQuestChance`, `lootmode`, `groupid`, `mincountOrRef`, `maxcount`, `itemBonuses`) VALUES('126920','125231','100','1','0','1','1','');
INSERT INTO `item_loot_template` (`entry`, `item`, `ChanceOrQuestChance`, `lootmode`, `groupid`, `mincountOrRef`, `maxcount`, `itemBonuses`) VALUES('126920','125232','100','1','0','1','1','');
INSERT INTO `item_loot_template` (`entry`, `item`, `ChanceOrQuestChance`, `lootmode`, `groupid`, `mincountOrRef`, `maxcount`, `itemBonuses`) VALUES('126920','125233','100','1','0','1','1','');
INSERT INTO `item_loot_template` (`entry`, `item`, `ChanceOrQuestChance`, `lootmode`, `groupid`, `mincountOrRef`, `maxcount`, `itemBonuses`) VALUES('126920','125234','100','1','0','1','1','');
INSERT INTO `item_loot_template` (`entry`, `item`, `ChanceOrQuestChance`, `lootmode`, `groupid`, `mincountOrRef`, `maxcount`, `itemBonuses`) VALUES('126920','125235','100','1','0','1','1','');
INSERT INTO `item_loot_template` (`entry`, `item`, `ChanceOrQuestChance`, `lootmode`, `groupid`, `mincountOrRef`, `maxcount`, `itemBonuses`) VALUES('126920','125236','100','1','0','1','1','');
INSERT INTO `item_loot_template` (`entry`, `item`, `ChanceOrQuestChance`, `lootmode`, `groupid`, `mincountOrRef`, `maxcount`, `itemBonuses`) VALUES('126920','125237','100','1','0','1','1','');
INSERT INTO `item_loot_template` (`entry`, `item`, `ChanceOrQuestChance`, `lootmode`, `groupid`, `mincountOrRef`, `maxcount`, `itemBonuses`) VALUES('126920','125238','100','1','0','1','1','');
INSERT INTO `item_loot_template` (`entry`, `item`, `ChanceOrQuestChance`, `lootmode`, `groupid`, `mincountOrRef`, `maxcount`, `itemBonuses`) VALUES('126920','125239','100','1','0','1','1','');
INSERT INTO `item_loot_template` (`entry`, `item`, `ChanceOrQuestChance`, `lootmode`, `groupid`, `mincountOrRef`, `maxcount`, `itemBonuses`) VALUES('126920','125240','100','1','0','1','1','');
INSERT INTO `item_loot_template` (`entry`, `item`, `ChanceOrQuestChance`, `lootmode`, `groupid`, `mincountOrRef`, `maxcount`, `itemBonuses`) VALUES('126920','125241','100','1','0','1','1','');
INSERT INTO `item_loot_template` (`entry`, `item`, `ChanceOrQuestChance`, `lootmode`, `groupid`, `mincountOrRef`, `maxcount`, `itemBonuses`) VALUES('126920','125242','100','1','0','1','1','');
INSERT INTO `item_loot_template` (`entry`, `item`, `ChanceOrQuestChance`, `lootmode`, `groupid`, `mincountOrRef`, `maxcount`, `itemBonuses`) VALUES('126920','125243','100','1','0','1','1','');
INSERT INTO `item_loot_template` (`entry`, `item`, `ChanceOrQuestChance`, `lootmode`, `groupid`, `mincountOrRef`, `maxcount`, `itemBonuses`) VALUES('126920','125244','100','1','0','1','1','');
INSERT INTO `item_loot_template` (`entry`, `item`, `ChanceOrQuestChance`, `lootmode`, `groupid`, `mincountOrRef`, `maxcount`, `itemBonuses`) VALUES('126920','125245','100','1','0','1','1','');
INSERT INTO `item_loot_template` (`entry`, `item`, `ChanceOrQuestChance`, `lootmode`, `groupid`, `mincountOrRef`, `maxcount`, `itemBonuses`) VALUES('126920','125246','100','1','0','1','1','');
INSERT INTO `item_loot_template` (`entry`, `item`, `ChanceOrQuestChance`, `lootmode`, `groupid`, `mincountOrRef`, `maxcount`, `itemBonuses`) VALUES('126920','125247','100','1','0','1','1','');
INSERT INTO `item_loot_template` (`entry`, `item`, `ChanceOrQuestChance`, `lootmode`, `groupid`, `mincountOrRef`, `maxcount`, `itemBonuses`) VALUES('126920','125248','100','1','0','1','1','');
INSERT INTO `item_loot_template` (`entry`, `item`, `ChanceOrQuestChance`, `lootmode`, `groupid`, `mincountOrRef`, `maxcount`, `itemBonuses`) VALUES('126920','125249','100','1','0','1','1','');
INSERT INTO `item_loot_template` (`entry`, `item`, `ChanceOrQuestChance`, `lootmode`, `groupid`, `mincountOrRef`, `maxcount`, `itemBonuses`) VALUES('126920','125250','100','1','0','1','1','');
INSERT INTO `item_loot_template` (`entry`, `item`, `ChanceOrQuestChance`, `lootmode`, `groupid`, `mincountOrRef`, `maxcount`, `itemBonuses`) VALUES('126920','125251','100','1','0','1','1','');
INSERT INTO `item_loot_template` (`entry`, `item`, `ChanceOrQuestChance`, `lootmode`, `groupid`, `mincountOrRef`, `maxcount`, `itemBonuses`) VALUES('126920','125252','100','1','0','1','1','');
INSERT INTO `item_loot_template` (`entry`, `item`, `ChanceOrQuestChance`, `lootmode`, `groupid`, `mincountOrRef`, `maxcount`, `itemBonuses`) VALUES('126920','125253','100','1','0','1','1','');
INSERT INTO `item_loot_template` (`entry`, `item`, `ChanceOrQuestChance`, `lootmode`, `groupid`, `mincountOrRef`, `maxcount`, `itemBonuses`) VALUES('126920','125254','100','1','0','1','1','');
INSERT INTO `item_loot_template` (`entry`, `item`, `ChanceOrQuestChance`, `lootmode`, `groupid`, `mincountOrRef`, `maxcount`, `itemBonuses`) VALUES('126920','125255','100','1','0','1','1','');
INSERT INTO `item_loot_template` (`entry`, `item`, `ChanceOrQuestChance`, `lootmode`, `groupid`, `mincountOrRef`, `maxcount`, `itemBonuses`) VALUES('126920','125256','100','1','0','1','1','');
INSERT INTO `item_loot_template` (`entry`, `item`, `ChanceOrQuestChance`, `lootmode`, `groupid`, `mincountOrRef`, `maxcount`, `itemBonuses`) VALUES('126920','125257','100','1','0','1','1','');
INSERT INTO `item_loot_template` (`entry`, `item`, `ChanceOrQuestChance`, `lootmode`, `groupid`, `mincountOrRef`, `maxcount`, `itemBonuses`) VALUES('126920','125258','100','1','0','1','1','');
INSERT INTO `item_loot_template` (`entry`, `item`, `ChanceOrQuestChance`, `lootmode`, `groupid`, `mincountOrRef`, `maxcount`, `itemBonuses`) VALUES('126920','125259','100','1','0','1','1','');
INSERT INTO `item_loot_template` (`entry`, `item`, `ChanceOrQuestChance`, `lootmode`, `groupid`, `mincountOrRef`, `maxcount`, `itemBonuses`) VALUES('126920','125260','100','1','0','1','1','');
INSERT INTO `item_loot_template` (`entry`, `item`, `ChanceOrQuestChance`, `lootmode`, `groupid`, `mincountOrRef`, `maxcount`, `itemBonuses`) VALUES('126920','125261','100','1','0','1','1','');
INSERT INTO `item_loot_template` (`entry`, `item`, `ChanceOrQuestChance`, `lootmode`, `groupid`, `mincountOrRef`, `maxcount`, `itemBonuses`) VALUES('126920','125262','100','1','0','1','1','');
INSERT INTO `item_loot_template` (`entry`, `item`, `ChanceOrQuestChance`, `lootmode`, `groupid`, `mincountOrRef`, `maxcount`, `itemBonuses`) VALUES('126920','125263','100','1','0','1','1','');
INSERT INTO `item_loot_template` (`entry`, `item`, `ChanceOrQuestChance`, `lootmode`, `groupid`, `mincountOrRef`, `maxcount`, `itemBonuses`) VALUES('126920','125264','100','1','0','1','1','');
INSERT INTO `item_loot_template` (`entry`, `item`, `ChanceOrQuestChance`, `lootmode`, `groupid`, `mincountOrRef`, `maxcount`, `itemBonuses`) VALUES('126920','125265','100','1','0','1','1','');
INSERT INTO `item_loot_template` (`entry`, `item`, `ChanceOrQuestChance`, `lootmode`, `groupid`, `mincountOrRef`, `maxcount`, `itemBonuses`) VALUES('126920','125266','100','1','0','1','1','');
INSERT INTO `item_loot_template` (`entry`, `item`, `ChanceOrQuestChance`, `lootmode`, `groupid`, `mincountOrRef`, `maxcount`, `itemBonuses`) VALUES('126920','125267','100','1','0','1','1','');
INSERT INTO `item_loot_template` (`entry`, `item`, `ChanceOrQuestChance`, `lootmode`, `groupid`, `mincountOrRef`, `maxcount`, `itemBonuses`) VALUES('126920','125268','100','1','0','1','1','');
INSERT INTO `item_loot_template` (`entry`, `item`, `ChanceOrQuestChance`, `lootmode`, `groupid`, `mincountOrRef`, `maxcount`, `itemBonuses`) VALUES('126920','125269','100','1','0','1','1','');
INSERT INTO `item_loot_template` (`entry`, `item`, `ChanceOrQuestChance`, `lootmode`, `groupid`, `mincountOrRef`, `maxcount`, `itemBonuses`) VALUES('126920','125270','100','1','0','1','1','');
INSERT INTO `item_loot_template` (`entry`, `item`, `ChanceOrQuestChance`, `lootmode`, `groupid`, `mincountOrRef`, `maxcount`, `itemBonuses`) VALUES('126920','125271','100','1','0','1','1','');
INSERT INTO `item_loot_template` (`entry`, `item`, `ChanceOrQuestChance`, `lootmode`, `groupid`, `mincountOrRef`, `maxcount`, `itemBonuses`) VALUES('126920','125272','100','1','0','1','1','');
INSERT INTO `item_loot_template` (`entry`, `item`, `ChanceOrQuestChance`, `lootmode`, `groupid`, `mincountOrRef`, `maxcount`, `itemBonuses`) VALUES('126920','125273','100','1','0','1','1','');
INSERT INTO `item_loot_template` (`entry`, `item`, `ChanceOrQuestChance`, `lootmode`, `groupid`, `mincountOrRef`, `maxcount`, `itemBonuses`) VALUES('126920','125274','100','1','0','1','1','');
INSERT INTO `item_loot_template` (`entry`, `item`, `ChanceOrQuestChance`, `lootmode`, `groupid`, `mincountOrRef`, `maxcount`, `itemBonuses`) VALUES('126920','125275','100','1','0','1','1','');
INSERT INTO `item_loot_template` (`entry`, `item`, `ChanceOrQuestChance`, `lootmode`, `groupid`, `mincountOrRef`, `maxcount`, `itemBonuses`) VALUES('126920','125276','100','1','0','1','1','');
INSERT INTO `item_loot_template` (`entry`, `item`, `ChanceOrQuestChance`, `lootmode`, `groupid`, `mincountOrRef`, `maxcount`, `itemBonuses`) VALUES('126920','125277','100','1','0','1','1','');
INSERT INTO `item_loot_template` (`entry`, `item`, `ChanceOrQuestChance`, `lootmode`, `groupid`, `mincountOrRef`, `maxcount`, `itemBonuses`) VALUES('126920','125278','100','1','0','1','1','');
INSERT INTO `item_loot_template` (`entry`, `item`, `ChanceOrQuestChance`, `lootmode`, `groupid`, `mincountOrRef`, `maxcount`, `itemBonuses`) VALUES('126920','125279','100','1','0','1','1','');
INSERT INTO `item_loot_template` (`entry`, `item`, `ChanceOrQuestChance`, `lootmode`, `groupid`, `mincountOrRef`, `maxcount`, `itemBonuses`) VALUES('126920','125280','100','1','0','1','1','');
INSERT INTO `item_loot_template` (`entry`, `item`, `ChanceOrQuestChance`, `lootmode`, `groupid`, `mincountOrRef`, `maxcount`, `itemBonuses`) VALUES('126920','125281','100','1','0','1','1','');
INSERT INTO `item_loot_template` (`entry`, `item`, `ChanceOrQuestChance`, `lootmode`, `groupid`, `mincountOrRef`, `maxcount`, `itemBonuses`) VALUES('126920','125282','100','1','0','1','1','');
INSERT INTO `item_loot_template` (`entry`, `item`, `ChanceOrQuestChance`, `lootmode`, `groupid`, `mincountOrRef`, `maxcount`, `itemBonuses`) VALUES('126920','125283','100','1','0','1','1','');
INSERT INTO `item_loot_template` (`entry`, `item`, `ChanceOrQuestChance`, `lootmode`, `groupid`, `mincountOrRef`, `maxcount`, `itemBonuses`) VALUES('126920','125284','100','1','0','1','1','');
INSERT INTO `item_loot_template` (`entry`, `item`, `ChanceOrQuestChance`, `lootmode`, `groupid`, `mincountOrRef`, `maxcount`, `itemBonuses`) VALUES('126920','125285','100','1','0','1','1','');
INSERT INTO `item_loot_template` (`entry`, `item`, `ChanceOrQuestChance`, `lootmode`, `groupid`, `mincountOrRef`, `maxcount`, `itemBonuses`) VALUES('126920','125286','100','1','0','1','1','');
INSERT INTO `item_loot_template` (`entry`, `item`, `ChanceOrQuestChance`, `lootmode`, `groupid`, `mincountOrRef`, `maxcount`, `itemBonuses`) VALUES('126920','125287','100','1','0','1','1','');
INSERT INTO `item_loot_template` (`entry`, `item`, `ChanceOrQuestChance`, `lootmode`, `groupid`, `mincountOrRef`, `maxcount`, `itemBonuses`) VALUES('126920','125288','100','1','0','1','1','');
INSERT INTO `item_loot_template` (`entry`, `item`, `ChanceOrQuestChance`, `lootmode`, `groupid`, `mincountOrRef`, `maxcount`, `itemBonuses`) VALUES('126920','125289','100','1','0','1','1','');
INSERT INTO `item_loot_template` (`entry`, `item`, `ChanceOrQuestChance`, `lootmode`, `groupid`, `mincountOrRef`, `maxcount`, `itemBonuses`) VALUES('126920','125290','100','1','0','1','1','');
INSERT INTO `item_loot_template` (`entry`, `item`, `ChanceOrQuestChance`, `lootmode`, `groupid`, `mincountOrRef`, `maxcount`, `itemBonuses`) VALUES('126920','125291','100','1','0','1','1','');
INSERT INTO `item_loot_template` (`entry`, `item`, `ChanceOrQuestChance`, `lootmode`, `groupid`, `mincountOrRef`, `maxcount`, `itemBonuses`) VALUES('126920','125292','100','1','0','1','1','');
INSERT INTO `item_loot_template` (`entry`, `item`, `ChanceOrQuestChance`, `lootmode`, `groupid`, `mincountOrRef`, `maxcount`, `itemBonuses`) VALUES('126920','125293','100','1','0','1','1','');
INSERT INTO `item_loot_template` (`entry`, `item`, `ChanceOrQuestChance`, `lootmode`, `groupid`, `mincountOrRef`, `maxcount`, `itemBonuses`) VALUES('126920','125294','100','1','0','1','1','');
INSERT INTO `item_loot_template` (`entry`, `item`, `ChanceOrQuestChance`, `lootmode`, `groupid`, `mincountOrRef`, `maxcount`, `itemBonuses`) VALUES('126920','125295','100','1','0','1','1','');
INSERT INTO `item_loot_template` (`entry`, `item`, `ChanceOrQuestChance`, `lootmode`, `groupid`, `mincountOrRef`, `maxcount`, `itemBonuses`) VALUES('126920','125296','100','1','0','1','1','');
INSERT INTO `item_loot_template` (`entry`, `item`, `ChanceOrQuestChance`, `lootmode`, `groupid`, `mincountOrRef`, `maxcount`, `itemBonuses`) VALUES('126920','125297','100','1','0','1','1','');
INSERT INTO `item_loot_template` (`entry`, `item`, `ChanceOrQuestChance`, `lootmode`, `groupid`, `mincountOrRef`, `maxcount`, `itemBonuses`) VALUES('126920','125298','100','1','0','1','1','');
INSERT INTO `item_loot_template` (`entry`, `item`, `ChanceOrQuestChance`, `lootmode`, `groupid`, `mincountOrRef`, `maxcount`, `itemBonuses`) VALUES('126920','125299','100','1','0','1','1','');
INSERT INTO `item_loot_template` (`entry`, `item`, `ChanceOrQuestChance`, `lootmode`, `groupid`, `mincountOrRef`, `maxcount`, `itemBonuses`) VALUES('126920','125300','100','1','0','1','1','');
INSERT INTO `item_loot_template` (`entry`, `item`, `ChanceOrQuestChance`, `lootmode`, `groupid`, `mincountOrRef`, `maxcount`, `itemBonuses`) VALUES('126920','125301','100','1','0','1','1','');
INSERT INTO `item_loot_template` (`entry`, `item`, `ChanceOrQuestChance`, `lootmode`, `groupid`, `mincountOrRef`, `maxcount`, `itemBonuses`) VALUES('126920','125302','100','1','0','1','1','');
INSERT INTO `item_loot_template` (`entry`, `item`, `ChanceOrQuestChance`, `lootmode`, `groupid`, `mincountOrRef`, `maxcount`, `itemBonuses`) VALUES('126920','125303','100','1','0','1','1','');
INSERT INTO `item_loot_template` (`entry`, `item`, `ChanceOrQuestChance`, `lootmode`, `groupid`, `mincountOrRef`, `maxcount`, `itemBonuses`) VALUES('126920','125304','100','1','0','1','1','');
INSERT INTO `item_loot_template` (`entry`, `item`, `ChanceOrQuestChance`, `lootmode`, `groupid`, `mincountOrRef`, `maxcount`, `itemBonuses`) VALUES('126920','125305','100','1','0','1','1','');
INSERT INTO `item_loot_template` (`entry`, `item`, `ChanceOrQuestChance`, `lootmode`, `groupid`, `mincountOrRef`, `maxcount`, `itemBonuses`) VALUES('126920','125306','100','1','0','1','1','');
INSERT INTO `item_loot_template` (`entry`, `item`, `ChanceOrQuestChance`, `lootmode`, `groupid`, `mincountOrRef`, `maxcount`, `itemBonuses`) VALUES('126920','125307','100','1','0','1','1','');
INSERT INTO `item_loot_template` (`entry`, `item`, `ChanceOrQuestChance`, `lootmode`, `groupid`, `mincountOrRef`, `maxcount`, `itemBonuses`) VALUES('126920','125308','100','1','0','1','1','');
INSERT INTO `item_loot_template` (`entry`, `item`, `ChanceOrQuestChance`, `lootmode`, `groupid`, `mincountOrRef`, `maxcount`, `itemBonuses`) VALUES('126920','125309','100','1','0','1','1','');
INSERT INTO `item_loot_template` (`entry`, `item`, `ChanceOrQuestChance`, `lootmode`, `groupid`, `mincountOrRef`, `maxcount`, `itemBonuses`) VALUES('126920','125310','100','1','0','1','1','');
INSERT INTO `item_loot_template` (`entry`, `item`, `ChanceOrQuestChance`, `lootmode`, `groupid`, `mincountOrRef`, `maxcount`, `itemBonuses`) VALUES('126920','125311','100','1','0','1','1','');
INSERT INTO `item_loot_template` (`entry`, `item`, `ChanceOrQuestChance`, `lootmode`, `groupid`, `mincountOrRef`, `maxcount`, `itemBonuses`) VALUES('126920','125312','100','1','0','1','1','');
INSERT INTO `item_loot_template` (`entry`, `item`, `ChanceOrQuestChance`, `lootmode`, `groupid`, `mincountOrRef`, `maxcount`, `itemBonuses`) VALUES('126920','125313','100','1','0','1','1','');
INSERT INTO `item_loot_template` (`entry`, `item`, `ChanceOrQuestChance`, `lootmode`, `groupid`, `mincountOrRef`, `maxcount`, `itemBonuses`) VALUES('126920','125314','100','1','0','1','1','');
INSERT INTO `item_loot_template` (`entry`, `item`, `ChanceOrQuestChance`, `lootmode`, `groupid`, `mincountOrRef`, `maxcount`, `itemBonuses`) VALUES('126920','125315','100','1','0','1','1','');
INSERT INTO `item_loot_template` (`entry`, `item`, `ChanceOrQuestChance`, `lootmode`, `groupid`, `mincountOrRef`, `maxcount`, `itemBonuses`) VALUES('126920','125323','100','1','0','1','1','');
INSERT INTO `item_loot_template` (`entry`, `item`, `ChanceOrQuestChance`, `lootmode`, `groupid`, `mincountOrRef`, `maxcount`, `itemBonuses`) VALUES('126920','125324','100','1','0','1','1','');
INSERT INTO `item_loot_template` (`entry`, `item`, `ChanceOrQuestChance`, `lootmode`, `groupid`, `mincountOrRef`, `maxcount`, `itemBonuses`) VALUES('126920','125325','100','1','0','1','1','');
INSERT INTO `item_loot_template` (`entry`, `item`, `ChanceOrQuestChance`, `lootmode`, `groupid`, `mincountOrRef`, `maxcount`, `itemBonuses`) VALUES('126920','125326','100','1','0','1','1','');
INSERT INTO `item_loot_template` (`entry`, `item`, `ChanceOrQuestChance`, `lootmode`, `groupid`, `mincountOrRef`, `maxcount`, `itemBonuses`) VALUES('126920','125327','100','1','0','1','1','');
INSERT INTO `item_loot_template` (`entry`, `item`, `ChanceOrQuestChance`, `lootmode`, `groupid`, `mincountOrRef`, `maxcount`, `itemBonuses`) VALUES('126920','125328','100','1','0','1','1','');
INSERT INTO `item_loot_template` (`entry`, `item`, `ChanceOrQuestChance`, `lootmode`, `groupid`, `mincountOrRef`, `maxcount`, `itemBonuses`) VALUES('126920','125329','100','1','0','1','1','');
INSERT INTO `item_loot_template` (`entry`, `item`, `ChanceOrQuestChance`, `lootmode`, `groupid`, `mincountOrRef`, `maxcount`, `itemBonuses`) VALUES('126920','125331','100','1','0','1','1','');
INSERT INTO `item_loot_template` (`entry`, `item`, `ChanceOrQuestChance`, `lootmode`, `groupid`, `mincountOrRef`, `maxcount`, `itemBonuses`) VALUES('126920','125332','100','1','0','1','1','');
INSERT INTO `item_loot_template` (`entry`, `item`, `ChanceOrQuestChance`, `lootmode`, `groupid`, `mincountOrRef`, `maxcount`, `itemBonuses`) VALUES('126920','125333','100','1','0','1','1','');
INSERT INTO `item_loot_template` (`entry`, `item`, `ChanceOrQuestChance`, `lootmode`, `groupid`, `mincountOrRef`, `maxcount`, `itemBonuses`) VALUES('126920','125334','100','1','0','1','1','');
INSERT INTO `item_loot_template` (`entry`, `item`, `ChanceOrQuestChance`, `lootmode`, `groupid`, `mincountOrRef`, `maxcount`, `itemBonuses`) VALUES('126920','125335','100','1','0','1','1','');
INSERT INTO `item_loot_template` (`entry`, `item`, `ChanceOrQuestChance`, `lootmode`, `groupid`, `mincountOrRef`, `maxcount`, `itemBonuses`) VALUES('126920','125336','100','1','0','1','1','');
INSERT INTO `item_loot_template` (`entry`, `item`, `ChanceOrQuestChance`, `lootmode`, `groupid`, `mincountOrRef`, `maxcount`, `itemBonuses`) VALUES('126920','125337','100','1','0','1','1','');
INSERT INTO `item_loot_template` (`entry`, `item`, `ChanceOrQuestChance`, `lootmode`, `groupid`, `mincountOrRef`, `maxcount`, `itemBonuses`) VALUES('126920','125338','100','1','0','1','1','');
INSERT INTO `item_loot_template` (`entry`, `item`, `ChanceOrQuestChance`, `lootmode`, `groupid`, `mincountOrRef`, `maxcount`, `itemBonuses`) VALUES('126920','125339','100','1','0','1','1','');
INSERT INTO `item_loot_template` (`entry`, `item`, `ChanceOrQuestChance`, `lootmode`, `groupid`, `mincountOrRef`, `maxcount`, `itemBonuses`) VALUES('126920','125340','100','1','0','1','1','');
INSERT INTO `item_loot_template` (`entry`, `item`, `ChanceOrQuestChance`, `lootmode`, `groupid`, `mincountOrRef`, `maxcount`, `itemBonuses`) VALUES('126920','125341','100','1','0','1','1','');
INSERT INTO `item_loot_template` (`entry`, `item`, `ChanceOrQuestChance`, `lootmode`, `groupid`, `mincountOrRef`, `maxcount`, `itemBonuses`) VALUES('126920','125342','100','1','0','1','1','');
INSERT INTO `item_loot_template` (`entry`, `item`, `ChanceOrQuestChance`, `lootmode`, `groupid`, `mincountOrRef`, `maxcount`, `itemBonuses`) VALUES('126920','125343','100','1','0','1','1','');
INSERT INTO `item_loot_template` (`entry`, `item`, `ChanceOrQuestChance`, `lootmode`, `groupid`, `mincountOrRef`, `maxcount`, `itemBonuses`) VALUES('126920','125344','100','1','0','1','1','');
INSERT INTO `item_loot_template` (`entry`, `item`, `ChanceOrQuestChance`, `lootmode`, `groupid`, `mincountOrRef`, `maxcount`, `itemBonuses`) VALUES('126920','125345','100','1','0','1','1','');
INSERT INTO `item_loot_template` (`entry`, `item`, `ChanceOrQuestChance`, `lootmode`, `groupid`, `mincountOrRef`, `maxcount`, `itemBonuses`) VALUES('126920','125346','100','1','0','1','1','');
INSERT INTO `item_loot_template` (`entry`, `item`, `ChanceOrQuestChance`, `lootmode`, `groupid`, `mincountOrRef`, `maxcount`, `itemBonuses`) VALUES('126920','125352','100','1','0','1','1','');
INSERT INTO `item_loot_template` (`entry`, `item`, `ChanceOrQuestChance`, `lootmode`, `groupid`, `mincountOrRef`, `maxcount`, `itemBonuses`) VALUES('126920','125353','100','1','0','1','1','');
INSERT INTO `item_loot_template` (`entry`, `item`, `ChanceOrQuestChance`, `lootmode`, `groupid`, `mincountOrRef`, `maxcount`, `itemBonuses`) VALUES('126920','125354','100','1','0','1','1','');
INSERT INTO `item_loot_template` (`entry`, `item`, `ChanceOrQuestChance`, `lootmode`, `groupid`, `mincountOrRef`, `maxcount`, `itemBonuses`) VALUES('126920','125355','100','1','0','1','1','');
INSERT INTO `item_loot_template` (`entry`, `item`, `ChanceOrQuestChance`, `lootmode`, `groupid`, `mincountOrRef`, `maxcount`, `itemBonuses`) VALUES('126920','125356','100','1','0','1','1','');
INSERT INTO `item_loot_template` (`entry`, `item`, `ChanceOrQuestChance`, `lootmode`, `groupid`, `mincountOrRef`, `maxcount`, `itemBonuses`) VALUES('126920','125357','100','1','0','1','1','');
INSERT INTO `item_loot_template` (`entry`, `item`, `ChanceOrQuestChance`, `lootmode`, `groupid`, `mincountOrRef`, `maxcount`, `itemBonuses`) VALUES('126920','125358','100','1','0','1','1','');
INSERT INTO `item_loot_template` (`entry`, `item`, `ChanceOrQuestChance`, `lootmode`, `groupid`, `mincountOrRef`, `maxcount`, `itemBonuses`) VALUES('126920','125359','100','1','0','1','1','');
INSERT INTO `item_loot_template` (`entry`, `item`, `ChanceOrQuestChance`, `lootmode`, `groupid`, `mincountOrRef`, `maxcount`, `itemBonuses`) VALUES('126920','125360','100','1','0','1','1','');
INSERT INTO `item_loot_template` (`entry`, `item`, `ChanceOrQuestChance`, `lootmode`, `groupid`, `mincountOrRef`, `maxcount`, `itemBonuses`) VALUES('126920','125361','100','1','0','1','1','');
INSERT INTO `item_loot_template` (`entry`, `item`, `ChanceOrQuestChance`, `lootmode`, `groupid`, `mincountOrRef`, `maxcount`, `itemBonuses`) VALUES('126920','125372','100','1','0','1','1','');
INSERT INTO `item_loot_template` (`entry`, `item`, `ChanceOrQuestChance`, `lootmode`, `groupid`, `mincountOrRef`, `maxcount`, `itemBonuses`) VALUES('126920','125373','100','1','0','1','1','');
INSERT INTO `item_loot_template` (`entry`, `item`, `ChanceOrQuestChance`, `lootmode`, `groupid`, `mincountOrRef`, `maxcount`, `itemBonuses`) VALUES('126920','125374','100','1','0','1','1','');
INSERT INTO `item_loot_template` (`entry`, `item`, `ChanceOrQuestChance`, `lootmode`, `groupid`, `mincountOrRef`, `maxcount`, `itemBonuses`) VALUES('126920','125375','100','1','0','1','1','');
INSERT INTO `item_loot_template` (`entry`, `item`, `ChanceOrQuestChance`, `lootmode`, `groupid`, `mincountOrRef`, `maxcount`, `itemBonuses`) VALUES('126920','125376','100','1','0','1','1','');
INSERT INTO `item_loot_template` (`entry`, `item`, `ChanceOrQuestChance`, `lootmode`, `groupid`, `mincountOrRef`, `maxcount`, `itemBonuses`) VALUES('126920','125377','100','1','0','1','1','');
INSERT INTO `item_loot_template` (`entry`, `item`, `ChanceOrQuestChance`, `lootmode`, `groupid`, `mincountOrRef`, `maxcount`, `itemBonuses`) VALUES('126920','125378','100','1','0','1','1','');
INSERT INTO `item_loot_template` (`entry`, `item`, `ChanceOrQuestChance`, `lootmode`, `groupid`, `mincountOrRef`, `maxcount`, `itemBonuses`) VALUES('126920','125379','100','1','0','1','1','');
INSERT INTO `item_loot_template` (`entry`, `item`, `ChanceOrQuestChance`, `lootmode`, `groupid`, `mincountOrRef`, `maxcount`, `itemBonuses`) VALUES('126920','125380','100','1','0','1','1','');
INSERT INTO `item_loot_template` (`entry`, `item`, `ChanceOrQuestChance`, `lootmode`, `groupid`, `mincountOrRef`, `maxcount`, `itemBonuses`) VALUES('126920','125381','100','1','0','1','1','');
INSERT INTO `item_loot_template` (`entry`, `item`, `ChanceOrQuestChance`, `lootmode`, `groupid`, `mincountOrRef`, `maxcount`, `itemBonuses`) VALUES('126920','125382','100','1','0','1','1','');
INSERT INTO `item_loot_template` (`entry`, `item`, `ChanceOrQuestChance`, `lootmode`, `groupid`, `mincountOrRef`, `maxcount`, `itemBonuses`) VALUES('126920','125383','100','1','0','1','1','');
INSERT INTO `item_loot_template` (`entry`, `item`, `ChanceOrQuestChance`, `lootmode`, `groupid`, `mincountOrRef`, `maxcount`, `itemBonuses`) VALUES('126920','125384','100','1','0','1','1','');
INSERT INTO `item_loot_template` (`entry`, `item`, `ChanceOrQuestChance`, `lootmode`, `groupid`, `mincountOrRef`, `maxcount`, `itemBonuses`) VALUES('126920','125390','100','1','0','1','1','');
INSERT INTO `item_loot_template` (`entry`, `item`, `ChanceOrQuestChance`, `lootmode`, `groupid`, `mincountOrRef`, `maxcount`, `itemBonuses`) VALUES('126920','125391','100','1','0','1','1','');
INSERT INTO `item_loot_template` (`entry`, `item`, `ChanceOrQuestChance`, `lootmode`, `groupid`, `mincountOrRef`, `maxcount`, `itemBonuses`) VALUES('126920','125392','100','1','0','1','1','');
INSERT INTO `item_loot_template` (`entry`, `item`, `ChanceOrQuestChance`, `lootmode`, `groupid`, `mincountOrRef`, `maxcount`, `itemBonuses`) VALUES('126920','125393','100','1','0','1','1','');
INSERT INTO `item_loot_template` (`entry`, `item`, `ChanceOrQuestChance`, `lootmode`, `groupid`, `mincountOrRef`, `maxcount`, `itemBonuses`) VALUES('126920','125394','100','1','0','1','1','');
INSERT INTO `item_loot_template` (`entry`, `item`, `ChanceOrQuestChance`, `lootmode`, `groupid`, `mincountOrRef`, `maxcount`, `itemBonuses`) VALUES('126920','125395','100','1','0','1','1','');
INSERT INTO `item_loot_template` (`entry`, `item`, `ChanceOrQuestChance`, `lootmode`, `groupid`, `mincountOrRef`, `maxcount`, `itemBonuses`) VALUES('126920','125396','100','1','0','1','1','');
INSERT INTO `item_loot_template` (`entry`, `item`, `ChanceOrQuestChance`, `lootmode`, `groupid`, `mincountOrRef`, `maxcount`, `itemBonuses`) VALUES('126920','125397','100','1','0','1','1','');
INSERT INTO `item_loot_template` (`entry`, `item`, `ChanceOrQuestChance`, `lootmode`, `groupid`, `mincountOrRef`, `maxcount`, `itemBonuses`) VALUES('126920','125398','100','1','0','1','1','');
INSERT INTO `item_loot_template` (`entry`, `item`, `ChanceOrQuestChance`, `lootmode`, `groupid`, `mincountOrRef`, `maxcount`, `itemBonuses`) VALUES('126920','125399','100','1','0','1','1','');
INSERT INTO `item_loot_template` (`entry`, `item`, `ChanceOrQuestChance`, `lootmode`, `groupid`, `mincountOrRef`, `maxcount`, `itemBonuses`) VALUES('126920','125400','100','1','0','1','1','');
INSERT INTO `item_loot_template` (`entry`, `item`, `ChanceOrQuestChance`, `lootmode`, `groupid`, `mincountOrRef`, `maxcount`, `itemBonuses`) VALUES('126920','125401','100','1','0','1','1','');
INSERT INTO `item_loot_template` (`entry`, `item`, `ChanceOrQuestChance`, `lootmode`, `groupid`, `mincountOrRef`, `maxcount`, `itemBonuses`) VALUES('126920','125402','100','1','0','1','1','');
INSERT INTO `item_loot_template` (`entry`, `item`, `ChanceOrQuestChance`, `lootmode`, `groupid`, `mincountOrRef`, `maxcount`, `itemBonuses`) VALUES('126920','125403','100','1','0','1','1','');
INSERT INTO `item_loot_template` (`entry`, `item`, `ChanceOrQuestChance`, `lootmode`, `groupid`, `mincountOrRef`, `maxcount`, `itemBonuses`) VALUES('126920','125404','100','1','0','1','1','');
INSERT INTO `item_loot_template` (`entry`, `item`, `ChanceOrQuestChance`, `lootmode`, `groupid`, `mincountOrRef`, `maxcount`, `itemBonuses`) VALUES('126920','125412','100','1','0','1','1','');
INSERT INTO `item_loot_template` (`entry`, `item`, `ChanceOrQuestChance`, `lootmode`, `groupid`, `mincountOrRef`, `maxcount`, `itemBonuses`) VALUES('126920','125413','100','1','0','1','1','');
INSERT INTO `item_loot_template` (`entry`, `item`, `ChanceOrQuestChance`, `lootmode`, `groupid`, `mincountOrRef`, `maxcount`, `itemBonuses`) VALUES('126920','125414','100','1','0','1','1','');
INSERT INTO `item_loot_template` (`entry`, `item`, `ChanceOrQuestChance`, `lootmode`, `groupid`, `mincountOrRef`, `maxcount`, `itemBonuses`) VALUES('126920','125415','100','1','0','1','1','');
INSERT INTO `item_loot_template` (`entry`, `item`, `ChanceOrQuestChance`, `lootmode`, `groupid`, `mincountOrRef`, `maxcount`, `itemBonuses`) VALUES('126920','125416','100','1','0','1','1','');
INSERT INTO `item_loot_template` (`entry`, `item`, `ChanceOrQuestChance`, `lootmode`, `groupid`, `mincountOrRef`, `maxcount`, `itemBonuses`) VALUES('126920','125417','100','1','0','1','1','');
INSERT INTO `item_loot_template` (`entry`, `item`, `ChanceOrQuestChance`, `lootmode`, `groupid`, `mincountOrRef`, `maxcount`, `itemBonuses`) VALUES('126920','125418','100','1','0','1','1','');
INSERT INTO `item_loot_template` (`entry`, `item`, `ChanceOrQuestChance`, `lootmode`, `groupid`, `mincountOrRef`, `maxcount`, `itemBonuses`) VALUES('126920','125419','100','1','0','1','1','');
INSERT INTO `item_loot_template` (`entry`, `item`, `ChanceOrQuestChance`, `lootmode`, `groupid`, `mincountOrRef`, `maxcount`, `itemBonuses`) VALUES('126920','125422','100','1','0','1','1','');
INSERT INTO `item_loot_template` (`entry`, `item`, `ChanceOrQuestChance`, `lootmode`, `groupid`, `mincountOrRef`, `maxcount`, `itemBonuses`) VALUES('126920','125423','100','1','0','1','1','');
INSERT INTO `item_loot_template` (`entry`, `item`, `ChanceOrQuestChance`, `lootmode`, `groupid`, `mincountOrRef`, `maxcount`, `itemBonuses`) VALUES('126920','125424','100','1','0','1','1','');
INSERT INTO `item_loot_template` (`entry`, `item`, `ChanceOrQuestChance`, `lootmode`, `groupid`, `mincountOrRef`, `maxcount`, `itemBonuses`) VALUES('126920','125425','100','1','0','1','1','');
INSERT INTO `item_loot_template` (`entry`, `item`, `ChanceOrQuestChance`, `lootmode`, `groupid`, `mincountOrRef`, `maxcount`, `itemBonuses`) VALUES('126920','125426','100','1','0','1','1','');
INSERT INTO `item_loot_template` (`entry`, `item`, `ChanceOrQuestChance`, `lootmode`, `groupid`, `mincountOrRef`, `maxcount`, `itemBonuses`) VALUES('126920','125429','100','1','0','1','1','');
INSERT INTO `item_loot_template` (`entry`, `item`, `ChanceOrQuestChance`, `lootmode`, `groupid`, `mincountOrRef`, `maxcount`, `itemBonuses`) VALUES('126920','125430','100','1','0','1','1','');
INSERT INTO `item_loot_template` (`entry`, `item`, `ChanceOrQuestChance`, `lootmode`, `groupid`, `mincountOrRef`, `maxcount`, `itemBonuses`) VALUES('126920','125431','100','1','0','1','1','');
INSERT INTO `item_loot_template` (`entry`, `item`, `ChanceOrQuestChance`, `lootmode`, `groupid`, `mincountOrRef`, `maxcount`, `itemBonuses`) VALUES('126920','125432','100','1','0','1','1','');
INSERT INTO `item_loot_template` (`entry`, `item`, `ChanceOrQuestChance`, `lootmode`, `groupid`, `mincountOrRef`, `maxcount`, `itemBonuses`) VALUES('126920','125433','100','1','0','1','1','');
INSERT INTO `item_loot_template` (`entry`, `item`, `ChanceOrQuestChance`, `lootmode`, `groupid`, `mincountOrRef`, `maxcount`, `itemBonuses`) VALUES('126920','125434','100','1','0','1','1','');
INSERT INTO `item_loot_template` (`entry`, `item`, `ChanceOrQuestChance`, `lootmode`, `groupid`, `mincountOrRef`, `maxcount`, `itemBonuses`) VALUES('126920','125440','100','1','0','1','1','');
INSERT INTO `item_loot_template` (`entry`, `item`, `ChanceOrQuestChance`, `lootmode`, `groupid`, `mincountOrRef`, `maxcount`, `itemBonuses`) VALUES('126920','125441','100','1','0','1','1','');
INSERT INTO `item_loot_template` (`entry`, `item`, `ChanceOrQuestChance`, `lootmode`, `groupid`, `mincountOrRef`, `maxcount`, `itemBonuses`) VALUES('126920','125442','100','1','0','1','1','');
INSERT INTO `item_loot_template` (`entry`, `item`, `ChanceOrQuestChance`, `lootmode`, `groupid`, `mincountOrRef`, `maxcount`, `itemBonuses`) VALUES('126920','125443','100','1','0','1','1','');
INSERT INTO `item_loot_template` (`entry`, `item`, `ChanceOrQuestChance`, `lootmode`, `groupid`, `mincountOrRef`, `maxcount`, `itemBonuses`) VALUES('126920','125444','100','1','0','1','1','');
INSERT INTO `item_loot_template` (`entry`, `item`, `ChanceOrQuestChance`, `lootmode`, `groupid`, `mincountOrRef`, `maxcount`, `itemBonuses`) VALUES('126920','125445','100','1','0','1','1','');
INSERT INTO `item_loot_template` (`entry`, `item`, `ChanceOrQuestChance`, `lootmode`, `groupid`, `mincountOrRef`, `maxcount`, `itemBonuses`) VALUES('126920','125446','100','1','0','1','1','');
INSERT INTO `item_loot_template` (`entry`, `item`, `ChanceOrQuestChance`, `lootmode`, `groupid`, `mincountOrRef`, `maxcount`, `itemBonuses`) VALUES('126920','125447','100','1','0','1','1','');
INSERT INTO `item_loot_template` (`entry`, `item`, `ChanceOrQuestChance`, `lootmode`, `groupid`, `mincountOrRef`, `maxcount`, `itemBonuses`) VALUES('126920','125448','100','1','0','1','1','');
INSERT INTO `item_loot_template` (`entry`, `item`, `ChanceOrQuestChance`, `lootmode`, `groupid`, `mincountOrRef`, `maxcount`, `itemBonuses`) VALUES('126920','125449','100','1','0','1','1','');
INSERT INTO `item_loot_template` (`entry`, `item`, `ChanceOrQuestChance`, `lootmode`, `groupid`, `mincountOrRef`, `maxcount`, `itemBonuses`) VALUES('126920','125450','100','1','0','1','1','');
INSERT INTO `item_loot_template` (`entry`, `item`, `ChanceOrQuestChance`, `lootmode`, `groupid`, `mincountOrRef`, `maxcount`, `itemBonuses`) VALUES('126920','125456','100','1','0','1','1','');
INSERT INTO `item_loot_template` (`entry`, `item`, `ChanceOrQuestChance`, `lootmode`, `groupid`, `mincountOrRef`, `maxcount`, `itemBonuses`) VALUES('126920','125457','100','1','0','1','1','');
INSERT INTO `item_loot_template` (`entry`, `item`, `ChanceOrQuestChance`, `lootmode`, `groupid`, `mincountOrRef`, `maxcount`, `itemBonuses`) VALUES('126920','125458','100','1','0','1','1','');
INSERT INTO `item_loot_template` (`entry`, `item`, `ChanceOrQuestChance`, `lootmode`, `groupid`, `mincountOrRef`, `maxcount`, `itemBonuses`) VALUES('126920','125459','100','1','0','1','1','');
INSERT INTO `item_loot_template` (`entry`, `item`, `ChanceOrQuestChance`, `lootmode`, `groupid`, `mincountOrRef`, `maxcount`, `itemBonuses`) VALUES('126920','125460','100','1','0','1','1','');
INSERT INTO `item_loot_template` (`entry`, `item`, `ChanceOrQuestChance`, `lootmode`, `groupid`, `mincountOrRef`, `maxcount`, `itemBonuses`) VALUES('126920','125461','100','1','0','1','1','');
INSERT INTO `item_loot_template` (`entry`, `item`, `ChanceOrQuestChance`, `lootmode`, `groupid`, `mincountOrRef`, `maxcount`, `itemBonuses`) VALUES('126920','125462','100','1','0','1','1','');
INSERT INTO `item_loot_template` (`entry`, `item`, `ChanceOrQuestChance`, `lootmode`, `groupid`, `mincountOrRef`, `maxcount`, `itemBonuses`) VALUES('126920','125463','100','1','0','1','1','');
INSERT INTO `item_loot_template` (`entry`, `item`, `ChanceOrQuestChance`, `lootmode`, `groupid`, `mincountOrRef`, `maxcount`, `itemBonuses`) VALUES('126920','125464','100','1','0','1','1','');
INSERT INTO `item_loot_template` (`entry`, `item`, `ChanceOrQuestChance`, `lootmode`, `groupid`, `mincountOrRef`, `maxcount`, `itemBonuses`) VALUES('126920','125465','100','1','0','1','1','');
INSERT INTO `item_loot_template` (`entry`, `item`, `ChanceOrQuestChance`, `lootmode`, `groupid`, `mincountOrRef`, `maxcount`, `itemBonuses`) VALUES('126920','125466','100','1','0','1','1','');
INSERT INTO `item_loot_template` (`entry`, `item`, `ChanceOrQuestChance`, `lootmode`, `groupid`, `mincountOrRef`, `maxcount`, `itemBonuses`) VALUES('126920','125467','100','1','0','1','1','');
INSERT INTO `item_loot_template` (`entry`, `item`, `ChanceOrQuestChance`, `lootmode`, `groupid`, `mincountOrRef`, `maxcount`, `itemBonuses`) VALUES('126920','125468','100','1','0','1','1','');
INSERT INTO `item_loot_template` (`entry`, `item`, `ChanceOrQuestChance`, `lootmode`, `groupid`, `mincountOrRef`, `maxcount`, `itemBonuses`) VALUES('126920','125469','100','1','0','1','1','');
INSERT INTO `item_loot_template` (`entry`, `item`, `ChanceOrQuestChance`, `lootmode`, `groupid`, `mincountOrRef`, `maxcount`, `itemBonuses`) VALUES('126920','125470','100','1','0','1','1','');
INSERT INTO `item_loot_template` (`entry`, `item`, `ChanceOrQuestChance`, `lootmode`, `groupid`, `mincountOrRef`, `maxcount`, `itemBonuses`) VALUES('126920','125471','100','1','0','1','1','');
INSERT INTO `item_loot_template` (`entry`, `item`, `ChanceOrQuestChance`, `lootmode`, `groupid`, `mincountOrRef`, `maxcount`, `itemBonuses`) VALUES('126920','125477','100','1','0','1','1','');
INSERT INTO `item_loot_template` (`entry`, `item`, `ChanceOrQuestChance`, `lootmode`, `groupid`, `mincountOrRef`, `maxcount`, `itemBonuses`) VALUES('126920','125478','100','1','0','1','1','');
INSERT INTO `item_loot_template` (`entry`, `item`, `ChanceOrQuestChance`, `lootmode`, `groupid`, `mincountOrRef`, `maxcount`, `itemBonuses`) VALUES('126920','125479','100','1','0','1','1','');
INSERT INTO `item_loot_template` (`entry`, `item`, `ChanceOrQuestChance`, `lootmode`, `groupid`, `mincountOrRef`, `maxcount`, `itemBonuses`) VALUES('126920','125480','100','1','0','1','1','');
INSERT INTO `item_loot_template` (`entry`, `item`, `ChanceOrQuestChance`, `lootmode`, `groupid`, `mincountOrRef`, `maxcount`, `itemBonuses`) VALUES('126920','125481','100','1','0','1','1','');
INSERT INTO `item_loot_template` (`entry`, `item`, `ChanceOrQuestChance`, `lootmode`, `groupid`, `mincountOrRef`, `maxcount`, `itemBonuses`) VALUES('126920','125482','100','1','0','1','1','');
INSERT INTO `item_loot_template` (`entry`, `item`, `ChanceOrQuestChance`, `lootmode`, `groupid`, `mincountOrRef`, `maxcount`, `itemBonuses`) VALUES('126920','125483','100','1','0','1','1','');
INSERT INTO `item_loot_template` (`entry`, `item`, `ChanceOrQuestChance`, `lootmode`, `groupid`, `mincountOrRef`, `maxcount`, `itemBonuses`) VALUES('126920','125484','100','1','0','1','1','');
INSERT INTO `item_loot_template` (`entry`, `item`, `ChanceOrQuestChance`, `lootmode`, `groupid`, `mincountOrRef`, `maxcount`, `itemBonuses`) VALUES('126920','125485','100','1','0','1','1','');
INSERT INTO `item_loot_template` (`entry`, `item`, `ChanceOrQuestChance`, `lootmode`, `groupid`, `mincountOrRef`, `maxcount`, `itemBonuses`) VALUES('126920','125486','100','1','0','1','1','');
INSERT INTO `item_loot_template` (`entry`, `item`, `ChanceOrQuestChance`, `lootmode`, `groupid`, `mincountOrRef`, `maxcount`, `itemBonuses`) VALUES('126920','125487','100','1','0','1','1','');
INSERT INTO `item_loot_template` (`entry`, `item`, `ChanceOrQuestChance`, `lootmode`, `groupid`, `mincountOrRef`, `maxcount`, `itemBonuses`) VALUES('126920','125488','100','1','0','1','1','');
INSERT INTO `item_loot_template` (`entry`, `item`, `ChanceOrQuestChance`, `lootmode`, `groupid`, `mincountOrRef`, `maxcount`, `itemBonuses`) VALUES('126920','125489','100','1','0','1','1','');
INSERT INTO `item_loot_template` (`entry`, `item`, `ChanceOrQuestChance`, `lootmode`, `groupid`, `mincountOrRef`, `maxcount`, `itemBonuses`) VALUES('126920','125490','100','1','0','1','1','');
INSERT INTO `item_loot_template` (`entry`, `item`, `ChanceOrQuestChance`, `lootmode`, `groupid`, `mincountOrRef`, `maxcount`, `itemBonuses`) VALUES('126920','125491','100','1','0','1','1','');
INSERT INTO `item_loot_template` (`entry`, `item`, `ChanceOrQuestChance`, `lootmode`, `groupid`, `mincountOrRef`, `maxcount`, `itemBonuses`) VALUES('126920','125499','100','1','0','1','1','');
INSERT INTO `item_loot_template` (`entry`, `item`, `ChanceOrQuestChance`, `lootmode`, `groupid`, `mincountOrRef`, `maxcount`, `itemBonuses`) VALUES('126920','125500','100','1','0','1','1','');
INSERT INTO `item_loot_template` (`entry`, `item`, `ChanceOrQuestChance`, `lootmode`, `groupid`, `mincountOrRef`, `maxcount`, `itemBonuses`) VALUES('126920','125501','100','1','0','1','1','');
INSERT INTO `item_loot_template` (`entry`, `item`, `ChanceOrQuestChance`, `lootmode`, `groupid`, `mincountOrRef`, `maxcount`, `itemBonuses`) VALUES('126920','125502','100','1','0','1','1','');
INSERT INTO `item_loot_template` (`entry`, `item`, `ChanceOrQuestChance`, `lootmode`, `groupid`, `mincountOrRef`, `maxcount`, `itemBonuses`) VALUES('126920','125503','100','1','0','1','1','');
INSERT INTO `item_loot_template` (`entry`, `item`, `ChanceOrQuestChance`, `lootmode`, `groupid`, `mincountOrRef`, `maxcount`, `itemBonuses`) VALUES('126920','125504','100','1','0','1','1','');
INSERT INTO `item_loot_template` (`entry`, `item`, `ChanceOrQuestChance`, `lootmode`, `groupid`, `mincountOrRef`, `maxcount`, `itemBonuses`) VALUES('126920','125505','100','1','0','1','1','');
INSERT INTO `item_loot_template` (`entry`, `item`, `ChanceOrQuestChance`, `lootmode`, `groupid`, `mincountOrRef`, `maxcount`, `itemBonuses`) VALUES('126920','125507','100','1','0','1','1','');
INSERT INTO `item_loot_template` (`entry`, `item`, `ChanceOrQuestChance`, `lootmode`, `groupid`, `mincountOrRef`, `maxcount`, `itemBonuses`) VALUES('126920','125508','100','1','0','1','1','');
INSERT INTO `item_loot_template` (`entry`, `item`, `ChanceOrQuestChance`, `lootmode`, `groupid`, `mincountOrRef`, `maxcount`, `itemBonuses`) VALUES('126920','125509','100','1','0','1','1','');
INSERT INTO `item_loot_template` (`entry`, `item`, `ChanceOrQuestChance`, `lootmode`, `groupid`, `mincountOrRef`, `maxcount`, `itemBonuses`) VALUES('126920','125510','100','1','0','1','1','');
INSERT INTO `item_loot_template` (`entry`, `item`, `ChanceOrQuestChance`, `lootmode`, `groupid`, `mincountOrRef`, `maxcount`, `itemBonuses`) VALUES('126920','125511','100','1','0','1','1','');
INSERT INTO `item_loot_template` (`entry`, `item`, `ChanceOrQuestChance`, `lootmode`, `groupid`, `mincountOrRef`, `maxcount`, `itemBonuses`) VALUES('126920','125512','100','1','0','1','1','');
INSERT INTO `item_loot_template` (`entry`, `item`, `ChanceOrQuestChance`, `lootmode`, `groupid`, `mincountOrRef`, `maxcount`, `itemBonuses`) VALUES('126920','125513','100','1','0','1','1','');
INSERT INTO `item_loot_template` (`entry`, `item`, `ChanceOrQuestChance`, `lootmode`, `groupid`, `mincountOrRef`, `maxcount`, `itemBonuses`) VALUES('126920','125514','100','1','0','1','1','');
INSERT INTO `item_loot_template` (`entry`, `item`, `ChanceOrQuestChance`, `lootmode`, `groupid`, `mincountOrRef`, `maxcount`, `itemBonuses`) VALUES('126920','125515','100','1','0','1','1','');
INSERT INTO `item_loot_template` (`entry`, `item`, `ChanceOrQuestChance`, `lootmode`, `groupid`, `mincountOrRef`, `maxcount`, `itemBonuses`) VALUES('126920','125516','100','1','0','1','1','');
INSERT INTO `item_loot_template` (`entry`, `item`, `ChanceOrQuestChance`, `lootmode`, `groupid`, `mincountOrRef`, `maxcount`, `itemBonuses`) VALUES('126920','125517','100','1','0','1','1','');
INSERT INTO `item_loot_template` (`entry`, `item`, `ChanceOrQuestChance`, `lootmode`, `groupid`, `mincountOrRef`, `maxcount`, `itemBonuses`) VALUES('126920','125518','100','1','0','1','1','');
INSERT INTO `item_loot_template` (`entry`, `item`, `ChanceOrQuestChance`, `lootmode`, `groupid`, `mincountOrRef`, `maxcount`, `itemBonuses`) VALUES('126920','125519','100','1','0','1','1','');
INSERT INTO `item_loot_template` (`entry`, `item`, `ChanceOrQuestChance`, `lootmode`, `groupid`, `mincountOrRef`, `maxcount`, `itemBonuses`) VALUES('126920','125520','100','1','0','1','1','');
INSERT INTO `item_loot_template` (`entry`, `item`, `ChanceOrQuestChance`, `lootmode`, `groupid`, `mincountOrRef`, `maxcount`, `itemBonuses`) VALUES('126920','125526','100','1','0','1','1','');
INSERT INTO `item_loot_template` (`entry`, `item`, `ChanceOrQuestChance`, `lootmode`, `groupid`, `mincountOrRef`, `maxcount`, `itemBonuses`) VALUES('126920','125527','100','1','0','1','1','');
INSERT INTO `item_loot_template` (`entry`, `item`, `ChanceOrQuestChance`, `lootmode`, `groupid`, `mincountOrRef`, `maxcount`, `itemBonuses`) VALUES('126920','125528','100','1','0','1','1','');
INSERT INTO `item_loot_template` (`entry`, `item`, `ChanceOrQuestChance`, `lootmode`, `groupid`, `mincountOrRef`, `maxcount`, `itemBonuses`) VALUES('126920','125529','100','1','0','1','1','');
INSERT INTO `item_loot_template` (`entry`, `item`, `ChanceOrQuestChance`, `lootmode`, `groupid`, `mincountOrRef`, `maxcount`, `itemBonuses`) VALUES('126920','125530','100','1','0','1','1','');
INSERT INTO `item_loot_template` (`entry`, `item`, `ChanceOrQuestChance`, `lootmode`, `groupid`, `mincountOrRef`, `maxcount`, `itemBonuses`) VALUES('126920','125531','100','1','0','1','1','');
INSERT INTO `item_loot_template` (`entry`, `item`, `ChanceOrQuestChance`, `lootmode`, `groupid`, `mincountOrRef`, `maxcount`, `itemBonuses`) VALUES('126920','125532','100','1','0','1','1','');
INSERT INTO `item_loot_template` (`entry`, `item`, `ChanceOrQuestChance`, `lootmode`, `groupid`, `mincountOrRef`, `maxcount`, `itemBonuses`) VALUES('126920','125533','100','1','0','1','1','');
INSERT INTO `item_loot_template` (`entry`, `item`, `ChanceOrQuestChance`, `lootmode`, `groupid`, `mincountOrRef`, `maxcount`, `itemBonuses`) VALUES('126920','125534','100','1','0','1','1','');
INSERT INTO `item_loot_template` (`entry`, `item`, `ChanceOrQuestChance`, `lootmode`, `groupid`, `mincountOrRef`, `maxcount`, `itemBonuses`) VALUES('126920','125535','100','1','0','1','1','');
INSERT INTO `item_loot_template` (`entry`, `item`, `ChanceOrQuestChance`, `lootmode`, `groupid`, `mincountOrRef`, `maxcount`, `itemBonuses`) VALUES('126920','125536','100','1','0','1','1','');
INSERT INTO `item_loot_template` (`entry`, `item`, `ChanceOrQuestChance`, `lootmode`, `groupid`, `mincountOrRef`, `maxcount`, `itemBonuses`) VALUES('126920','125537','100','1','0','1','1','');
INSERT INTO `item_loot_template` (`entry`, `item`, `ChanceOrQuestChance`, `lootmode`, `groupid`, `mincountOrRef`, `maxcount`, `itemBonuses`) VALUES('126920','125538','100','1','0','1','1','');
INSERT INTO `item_loot_template` (`entry`, `item`, `ChanceOrQuestChance`, `lootmode`, `groupid`, `mincountOrRef`, `maxcount`, `itemBonuses`) VALUES('126920','125539','100','1','0','1','1','');
INSERT INTO `item_loot_template` (`entry`, `item`, `ChanceOrQuestChance`, `lootmode`, `groupid`, `mincountOrRef`, `maxcount`, `itemBonuses`) VALUES('126920','127124','100','1','0','1','1','');
INSERT INTO `item_loot_template` (`entry`, `item`, `ChanceOrQuestChance`, `lootmode`, `groupid`, `mincountOrRef`, `maxcount`, `itemBonuses`) VALUES('126920','127365','100','1','0','1','1','');
INSERT INTO `item_loot_template` (`entry`, `item`, `ChanceOrQuestChance`, `lootmode`, `groupid`, `mincountOrRef`, `maxcount`, `itemBonuses`) VALUES('126920','127374','100','1','0','1','1','');

DELETE FROM item_loot_template WHERE entry = 126919;
INSERT INTO `item_loot_template` (`entry`, `item`, `ChanceOrQuestChance`, `lootmode`, `groupid`, `mincountOrRef`, `maxcount`, `itemBonuses`) VALUES('126919','124685','100','1','0','1','1','');
INSERT INTO `item_loot_template` (`entry`, `item`, `ChanceOrQuestChance`, `lootmode`, `groupid`, `mincountOrRef`, `maxcount`, `itemBonuses`) VALUES('126919','124686','100','1','0','1','1','');
INSERT INTO `item_loot_template` (`entry`, `item`, `ChanceOrQuestChance`, `lootmode`, `groupid`, `mincountOrRef`, `maxcount`, `itemBonuses`) VALUES('126919','124687','100','1','0','1','1','');
INSERT INTO `item_loot_template` (`entry`, `item`, `ChanceOrQuestChance`, `lootmode`, `groupid`, `mincountOrRef`, `maxcount`, `itemBonuses`) VALUES('126919','124688','100','1','0','1','1','');
INSERT INTO `item_loot_template` (`entry`, `item`, `ChanceOrQuestChance`, `lootmode`, `groupid`, `mincountOrRef`, `maxcount`, `itemBonuses`) VALUES('126919','124689','100','1','0','1','1','');
INSERT INTO `item_loot_template` (`entry`, `item`, `ChanceOrQuestChance`, `lootmode`, `groupid`, `mincountOrRef`, `maxcount`, `itemBonuses`) VALUES('126919','124690','100','1','0','1','1','');
INSERT INTO `item_loot_template` (`entry`, `item`, `ChanceOrQuestChance`, `lootmode`, `groupid`, `mincountOrRef`, `maxcount`, `itemBonuses`) VALUES('126919','124691','100','1','0','1','1','');
INSERT INTO `item_loot_template` (`entry`, `item`, `ChanceOrQuestChance`, `lootmode`, `groupid`, `mincountOrRef`, `maxcount`, `itemBonuses`) VALUES('126919','124692','100','1','0','1','1','');
INSERT INTO `item_loot_template` (`entry`, `item`, `ChanceOrQuestChance`, `lootmode`, `groupid`, `mincountOrRef`, `maxcount`, `itemBonuses`) VALUES('126919','124693','100','1','0','1','1','');
INSERT INTO `item_loot_template` (`entry`, `item`, `ChanceOrQuestChance`, `lootmode`, `groupid`, `mincountOrRef`, `maxcount`, `itemBonuses`) VALUES('126919','124694','100','1','0','1','1','');
INSERT INTO `item_loot_template` (`entry`, `item`, `ChanceOrQuestChance`, `lootmode`, `groupid`, `mincountOrRef`, `maxcount`, `itemBonuses`) VALUES('126919','124695','100','1','0','1','1','');
INSERT INTO `item_loot_template` (`entry`, `item`, `ChanceOrQuestChance`, `lootmode`, `groupid`, `mincountOrRef`, `maxcount`, `itemBonuses`) VALUES('126919','124696','100','1','0','1','1','');
INSERT INTO `item_loot_template` (`entry`, `item`, `ChanceOrQuestChance`, `lootmode`, `groupid`, `mincountOrRef`, `maxcount`, `itemBonuses`) VALUES('126919','124697','100','1','0','1','1','');
INSERT INTO `item_loot_template` (`entry`, `item`, `ChanceOrQuestChance`, `lootmode`, `groupid`, `mincountOrRef`, `maxcount`, `itemBonuses`) VALUES('126919','124698','100','1','0','1','1','');
INSERT INTO `item_loot_template` (`entry`, `item`, `ChanceOrQuestChance`, `lootmode`, `groupid`, `mincountOrRef`, `maxcount`, `itemBonuses`) VALUES('126919','124699','100','1','0','1','1','');
INSERT INTO `item_loot_template` (`entry`, `item`, `ChanceOrQuestChance`, `lootmode`, `groupid`, `mincountOrRef`, `maxcount`, `itemBonuses`) VALUES('126919','124700','100','1','0','1','1','');
INSERT INTO `item_loot_template` (`entry`, `item`, `ChanceOrQuestChance`, `lootmode`, `groupid`, `mincountOrRef`, `maxcount`, `itemBonuses`) VALUES('126919','124701','100','1','0','1','1','');
INSERT INTO `item_loot_template` (`entry`, `item`, `ChanceOrQuestChance`, `lootmode`, `groupid`, `mincountOrRef`, `maxcount`, `itemBonuses`) VALUES('126919','124702','100','1','0','1','1','');
INSERT INTO `item_loot_template` (`entry`, `item`, `ChanceOrQuestChance`, `lootmode`, `groupid`, `mincountOrRef`, `maxcount`, `itemBonuses`) VALUES('126919','124703','100','1','0','1','1','');
INSERT INTO `item_loot_template` (`entry`, `item`, `ChanceOrQuestChance`, `lootmode`, `groupid`, `mincountOrRef`, `maxcount`, `itemBonuses`) VALUES('126919','124704','100','1','0','1','1','');
INSERT INTO `item_loot_template` (`entry`, `item`, `ChanceOrQuestChance`, `lootmode`, `groupid`, `mincountOrRef`, `maxcount`, `itemBonuses`) VALUES('126919','124705','100','1','0','1','1','');
INSERT INTO `item_loot_template` (`entry`, `item`, `ChanceOrQuestChance`, `lootmode`, `groupid`, `mincountOrRef`, `maxcount`, `itemBonuses`) VALUES('126919','124706','100','1','0','1','1','');
INSERT INTO `item_loot_template` (`entry`, `item`, `ChanceOrQuestChance`, `lootmode`, `groupid`, `mincountOrRef`, `maxcount`, `itemBonuses`) VALUES('126919','124707','100','1','0','1','1','');
INSERT INTO `item_loot_template` (`entry`, `item`, `ChanceOrQuestChance`, `lootmode`, `groupid`, `mincountOrRef`, `maxcount`, `itemBonuses`) VALUES('126919','124708','100','1','0','1','1','');
INSERT INTO `item_loot_template` (`entry`, `item`, `ChanceOrQuestChance`, `lootmode`, `groupid`, `mincountOrRef`, `maxcount`, `itemBonuses`) VALUES('126919','124709','100','1','0','1','1','');
INSERT INTO `item_loot_template` (`entry`, `item`, `ChanceOrQuestChance`, `lootmode`, `groupid`, `mincountOrRef`, `maxcount`, `itemBonuses`) VALUES('126919','124710','100','1','0','1','1','');
INSERT INTO `item_loot_template` (`entry`, `item`, `ChanceOrQuestChance`, `lootmode`, `groupid`, `mincountOrRef`, `maxcount`, `itemBonuses`) VALUES('126919','124711','100','1','0','1','1','');
INSERT INTO `item_loot_template` (`entry`, `item`, `ChanceOrQuestChance`, `lootmode`, `groupid`, `mincountOrRef`, `maxcount`, `itemBonuses`) VALUES('126919','124712','100','1','0','1','1','');
INSERT INTO `item_loot_template` (`entry`, `item`, `ChanceOrQuestChance`, `lootmode`, `groupid`, `mincountOrRef`, `maxcount`, `itemBonuses`) VALUES('126919','124713','100','1','0','1','1','');
INSERT INTO `item_loot_template` (`entry`, `item`, `ChanceOrQuestChance`, `lootmode`, `groupid`, `mincountOrRef`, `maxcount`, `itemBonuses`) VALUES('126919','124714','100','1','0','1','1','');
INSERT INTO `item_loot_template` (`entry`, `item`, `ChanceOrQuestChance`, `lootmode`, `groupid`, `mincountOrRef`, `maxcount`, `itemBonuses`) VALUES('126919','124715','100','1','0','1','1','');
INSERT INTO `item_loot_template` (`entry`, `item`, `ChanceOrQuestChance`, `lootmode`, `groupid`, `mincountOrRef`, `maxcount`, `itemBonuses`) VALUES('126919','124716','100','1','0','1','1','');
INSERT INTO `item_loot_template` (`entry`, `item`, `ChanceOrQuestChance`, `lootmode`, `groupid`, `mincountOrRef`, `maxcount`, `itemBonuses`) VALUES('126919','124717','100','1','0','1','1','');
INSERT INTO `item_loot_template` (`entry`, `item`, `ChanceOrQuestChance`, `lootmode`, `groupid`, `mincountOrRef`, `maxcount`, `itemBonuses`) VALUES('126919','124718','100','1','0','1','1','');
INSERT INTO `item_loot_template` (`entry`, `item`, `ChanceOrQuestChance`, `lootmode`, `groupid`, `mincountOrRef`, `maxcount`, `itemBonuses`) VALUES('126919','124719','100','1','0','1','1','');
INSERT INTO `item_loot_template` (`entry`, `item`, `ChanceOrQuestChance`, `lootmode`, `groupid`, `mincountOrRef`, `maxcount`, `itemBonuses`) VALUES('126919','124720','100','1','0','1','1','');
INSERT INTO `item_loot_template` (`entry`, `item`, `ChanceOrQuestChance`, `lootmode`, `groupid`, `mincountOrRef`, `maxcount`, `itemBonuses`) VALUES('126919','124721','100','1','0','1','1','');
INSERT INTO `item_loot_template` (`entry`, `item`, `ChanceOrQuestChance`, `lootmode`, `groupid`, `mincountOrRef`, `maxcount`, `itemBonuses`) VALUES('126919','124722','100','1','0','1','1','');
INSERT INTO `item_loot_template` (`entry`, `item`, `ChanceOrQuestChance`, `lootmode`, `groupid`, `mincountOrRef`, `maxcount`, `itemBonuses`) VALUES('126919','124723','100','1','0','1','1','');
INSERT INTO `item_loot_template` (`entry`, `item`, `ChanceOrQuestChance`, `lootmode`, `groupid`, `mincountOrRef`, `maxcount`, `itemBonuses`) VALUES('126919','124724','100','1','0','1','1','');
INSERT INTO `item_loot_template` (`entry`, `item`, `ChanceOrQuestChance`, `lootmode`, `groupid`, `mincountOrRef`, `maxcount`, `itemBonuses`) VALUES('126919','124725','100','1','0','1','1','');
INSERT INTO `item_loot_template` (`entry`, `item`, `ChanceOrQuestChance`, `lootmode`, `groupid`, `mincountOrRef`, `maxcount`, `itemBonuses`) VALUES('126919','124733','100','1','0','1','1','');
INSERT INTO `item_loot_template` (`entry`, `item`, `ChanceOrQuestChance`, `lootmode`, `groupid`, `mincountOrRef`, `maxcount`, `itemBonuses`) VALUES('126919','124734','100','1','0','1','1','');
INSERT INTO `item_loot_template` (`entry`, `item`, `ChanceOrQuestChance`, `lootmode`, `groupid`, `mincountOrRef`, `maxcount`, `itemBonuses`) VALUES('126919','124735','100','1','0','1','1','');
INSERT INTO `item_loot_template` (`entry`, `item`, `ChanceOrQuestChance`, `lootmode`, `groupid`, `mincountOrRef`, `maxcount`, `itemBonuses`) VALUES('126919','124736','100','1','0','1','1','');
INSERT INTO `item_loot_template` (`entry`, `item`, `ChanceOrQuestChance`, `lootmode`, `groupid`, `mincountOrRef`, `maxcount`, `itemBonuses`) VALUES('126919','124737','100','1','0','1','1','');
INSERT INTO `item_loot_template` (`entry`, `item`, `ChanceOrQuestChance`, `lootmode`, `groupid`, `mincountOrRef`, `maxcount`, `itemBonuses`) VALUES('126919','124738','100','1','0','1','1','');
INSERT INTO `item_loot_template` (`entry`, `item`, `ChanceOrQuestChance`, `lootmode`, `groupid`, `mincountOrRef`, `maxcount`, `itemBonuses`) VALUES('126919','124739','100','1','0','1','1','');
INSERT INTO `item_loot_template` (`entry`, `item`, `ChanceOrQuestChance`, `lootmode`, `groupid`, `mincountOrRef`, `maxcount`, `itemBonuses`) VALUES('126919','124740','100','1','0','1','1','');
INSERT INTO `item_loot_template` (`entry`, `item`, `ChanceOrQuestChance`, `lootmode`, `groupid`, `mincountOrRef`, `maxcount`, `itemBonuses`) VALUES('126919','124743','100','1','0','1','1','');
INSERT INTO `item_loot_template` (`entry`, `item`, `ChanceOrQuestChance`, `lootmode`, `groupid`, `mincountOrRef`, `maxcount`, `itemBonuses`) VALUES('126919','124744','100','1','0','1','1','');
INSERT INTO `item_loot_template` (`entry`, `item`, `ChanceOrQuestChance`, `lootmode`, `groupid`, `mincountOrRef`, `maxcount`, `itemBonuses`) VALUES('126919','124745','100','1','0','1','1','');
INSERT INTO `item_loot_template` (`entry`, `item`, `ChanceOrQuestChance`, `lootmode`, `groupid`, `mincountOrRef`, `maxcount`, `itemBonuses`) VALUES('126919','124746','100','1','0','1','1','');
INSERT INTO `item_loot_template` (`entry`, `item`, `ChanceOrQuestChance`, `lootmode`, `groupid`, `mincountOrRef`, `maxcount`, `itemBonuses`) VALUES('126919','124747','100','1','0','1','1','');
INSERT INTO `item_loot_template` (`entry`, `item`, `ChanceOrQuestChance`, `lootmode`, `groupid`, `mincountOrRef`, `maxcount`, `itemBonuses`) VALUES('126919','124750','100','1','0','1','1','');
INSERT INTO `item_loot_template` (`entry`, `item`, `ChanceOrQuestChance`, `lootmode`, `groupid`, `mincountOrRef`, `maxcount`, `itemBonuses`) VALUES('126919','124751','100','1','0','1','1','');
INSERT INTO `item_loot_template` (`entry`, `item`, `ChanceOrQuestChance`, `lootmode`, `groupid`, `mincountOrRef`, `maxcount`, `itemBonuses`) VALUES('126919','124752','100','1','0','1','1','');
INSERT INTO `item_loot_template` (`entry`, `item`, `ChanceOrQuestChance`, `lootmode`, `groupid`, `mincountOrRef`, `maxcount`, `itemBonuses`) VALUES('126919','124753','100','1','0','1','1','');
INSERT INTO `item_loot_template` (`entry`, `item`, `ChanceOrQuestChance`, `lootmode`, `groupid`, `mincountOrRef`, `maxcount`, `itemBonuses`) VALUES('126919','124754','100','1','0','1','1','');
INSERT INTO `item_loot_template` (`entry`, `item`, `ChanceOrQuestChance`, `lootmode`, `groupid`, `mincountOrRef`, `maxcount`, `itemBonuses`) VALUES('126919','124755','100','1','0','1','1','');
INSERT INTO `item_loot_template` (`entry`, `item`, `ChanceOrQuestChance`, `lootmode`, `groupid`, `mincountOrRef`, `maxcount`, `itemBonuses`) VALUES('126919','124756','100','1','0','1','1','');
INSERT INTO `item_loot_template` (`entry`, `item`, `ChanceOrQuestChance`, `lootmode`, `groupid`, `mincountOrRef`, `maxcount`, `itemBonuses`) VALUES('126919','124757','100','1','0','1','1','');
INSERT INTO `item_loot_template` (`entry`, `item`, `ChanceOrQuestChance`, `lootmode`, `groupid`, `mincountOrRef`, `maxcount`, `itemBonuses`) VALUES('126919','124758','100','1','0','1','1','');
INSERT INTO `item_loot_template` (`entry`, `item`, `ChanceOrQuestChance`, `lootmode`, `groupid`, `mincountOrRef`, `maxcount`, `itemBonuses`) VALUES('126919','124759','100','1','0','1','1','');
INSERT INTO `item_loot_template` (`entry`, `item`, `ChanceOrQuestChance`, `lootmode`, `groupid`, `mincountOrRef`, `maxcount`, `itemBonuses`) VALUES('126919','124760','100','1','0','1','1','');
INSERT INTO `item_loot_template` (`entry`, `item`, `ChanceOrQuestChance`, `lootmode`, `groupid`, `mincountOrRef`, `maxcount`, `itemBonuses`) VALUES('126919','124761','100','1','0','1','1','');
INSERT INTO `item_loot_template` (`entry`, `item`, `ChanceOrQuestChance`, `lootmode`, `groupid`, `mincountOrRef`, `maxcount`, `itemBonuses`) VALUES('126919','124762','100','1','0','1','1','');
INSERT INTO `item_loot_template` (`entry`, `item`, `ChanceOrQuestChance`, `lootmode`, `groupid`, `mincountOrRef`, `maxcount`, `itemBonuses`) VALUES('126919','124763','100','1','0','1','1','');
INSERT INTO `item_loot_template` (`entry`, `item`, `ChanceOrQuestChance`, `lootmode`, `groupid`, `mincountOrRef`, `maxcount`, `itemBonuses`) VALUES('126919','124764','100','1','0','1','1','');
INSERT INTO `item_loot_template` (`entry`, `item`, `ChanceOrQuestChance`, `lootmode`, `groupid`, `mincountOrRef`, `maxcount`, `itemBonuses`) VALUES('126919','124765','100','1','0','1','1','');
INSERT INTO `item_loot_template` (`entry`, `item`, `ChanceOrQuestChance`, `lootmode`, `groupid`, `mincountOrRef`, `maxcount`, `itemBonuses`) VALUES('126919','124766','100','1','0','1','1','');
INSERT INTO `item_loot_template` (`entry`, `item`, `ChanceOrQuestChance`, `lootmode`, `groupid`, `mincountOrRef`, `maxcount`, `itemBonuses`) VALUES('126919','124767','100','1','0','1','1','');
INSERT INTO `item_loot_template` (`entry`, `item`, `ChanceOrQuestChance`, `lootmode`, `groupid`, `mincountOrRef`, `maxcount`, `itemBonuses`) VALUES('126919','124768','100','1','0','1','1','');
INSERT INTO `item_loot_template` (`entry`, `item`, `ChanceOrQuestChance`, `lootmode`, `groupid`, `mincountOrRef`, `maxcount`, `itemBonuses`) VALUES('126919','124769','100','1','0','1','1','');
INSERT INTO `item_loot_template` (`entry`, `item`, `ChanceOrQuestChance`, `lootmode`, `groupid`, `mincountOrRef`, `maxcount`, `itemBonuses`) VALUES('126919','124770','100','1','0','1','1','');
INSERT INTO `item_loot_template` (`entry`, `item`, `ChanceOrQuestChance`, `lootmode`, `groupid`, `mincountOrRef`, `maxcount`, `itemBonuses`) VALUES('126919','124771','100','1','0','1','1','');
INSERT INTO `item_loot_template` (`entry`, `item`, `ChanceOrQuestChance`, `lootmode`, `groupid`, `mincountOrRef`, `maxcount`, `itemBonuses`) VALUES('126919','124772','100','1','0','1','1','');
INSERT INTO `item_loot_template` (`entry`, `item`, `ChanceOrQuestChance`, `lootmode`, `groupid`, `mincountOrRef`, `maxcount`, `itemBonuses`) VALUES('126919','124773','100','1','0','1','1','');
INSERT INTO `item_loot_template` (`entry`, `item`, `ChanceOrQuestChance`, `lootmode`, `groupid`, `mincountOrRef`, `maxcount`, `itemBonuses`) VALUES('126919','124774','100','1','0','1','1','');
INSERT INTO `item_loot_template` (`entry`, `item`, `ChanceOrQuestChance`, `lootmode`, `groupid`, `mincountOrRef`, `maxcount`, `itemBonuses`) VALUES('126919','124775','100','1','0','1','1','');
INSERT INTO `item_loot_template` (`entry`, `item`, `ChanceOrQuestChance`, `lootmode`, `groupid`, `mincountOrRef`, `maxcount`, `itemBonuses`) VALUES('126919','124776','100','1','0','1','1','');
INSERT INTO `item_loot_template` (`entry`, `item`, `ChanceOrQuestChance`, `lootmode`, `groupid`, `mincountOrRef`, `maxcount`, `itemBonuses`) VALUES('126919','124777','100','1','0','1','1','');
INSERT INTO `item_loot_template` (`entry`, `item`, `ChanceOrQuestChance`, `lootmode`, `groupid`, `mincountOrRef`, `maxcount`, `itemBonuses`) VALUES('126919','124778','100','1','0','1','1','');
INSERT INTO `item_loot_template` (`entry`, `item`, `ChanceOrQuestChance`, `lootmode`, `groupid`, `mincountOrRef`, `maxcount`, `itemBonuses`) VALUES('126919','124779','100','1','0','1','1','');
INSERT INTO `item_loot_template` (`entry`, `item`, `ChanceOrQuestChance`, `lootmode`, `groupid`, `mincountOrRef`, `maxcount`, `itemBonuses`) VALUES('126919','124780','100','1','0','1','1','');
INSERT INTO `item_loot_template` (`entry`, `item`, `ChanceOrQuestChance`, `lootmode`, `groupid`, `mincountOrRef`, `maxcount`, `itemBonuses`) VALUES('126919','124781','100','1','0','1','1','');
INSERT INTO `item_loot_template` (`entry`, `item`, `ChanceOrQuestChance`, `lootmode`, `groupid`, `mincountOrRef`, `maxcount`, `itemBonuses`) VALUES('126919','124782','100','1','0','1','1','');
INSERT INTO `item_loot_template` (`entry`, `item`, `ChanceOrQuestChance`, `lootmode`, `groupid`, `mincountOrRef`, `maxcount`, `itemBonuses`) VALUES('126919','124783','100','1','0','1','1','');
INSERT INTO `item_loot_template` (`entry`, `item`, `ChanceOrQuestChance`, `lootmode`, `groupid`, `mincountOrRef`, `maxcount`, `itemBonuses`) VALUES('126919','124784','100','1','0','1','1','');
INSERT INTO `item_loot_template` (`entry`, `item`, `ChanceOrQuestChance`, `lootmode`, `groupid`, `mincountOrRef`, `maxcount`, `itemBonuses`) VALUES('126919','124785','100','1','0','1','1','');
INSERT INTO `item_loot_template` (`entry`, `item`, `ChanceOrQuestChance`, `lootmode`, `groupid`, `mincountOrRef`, `maxcount`, `itemBonuses`) VALUES('126919','124786','100','1','0','1','1','');
INSERT INTO `item_loot_template` (`entry`, `item`, `ChanceOrQuestChance`, `lootmode`, `groupid`, `mincountOrRef`, `maxcount`, `itemBonuses`) VALUES('126919','124787','100','1','0','1','1','');
INSERT INTO `item_loot_template` (`entry`, `item`, `ChanceOrQuestChance`, `lootmode`, `groupid`, `mincountOrRef`, `maxcount`, `itemBonuses`) VALUES('126919','124788','100','1','0','1','1','');
INSERT INTO `item_loot_template` (`entry`, `item`, `ChanceOrQuestChance`, `lootmode`, `groupid`, `mincountOrRef`, `maxcount`, `itemBonuses`) VALUES('126919','124789','100','1','0','1','1','');
INSERT INTO `item_loot_template` (`entry`, `item`, `ChanceOrQuestChance`, `lootmode`, `groupid`, `mincountOrRef`, `maxcount`, `itemBonuses`) VALUES('126919','124790','100','1','0','1','1','');
INSERT INTO `item_loot_template` (`entry`, `item`, `ChanceOrQuestChance`, `lootmode`, `groupid`, `mincountOrRef`, `maxcount`, `itemBonuses`) VALUES('126919','124791','100','1','0','1','1','');
INSERT INTO `item_loot_template` (`entry`, `item`, `ChanceOrQuestChance`, `lootmode`, `groupid`, `mincountOrRef`, `maxcount`, `itemBonuses`) VALUES('126919','124792','100','1','0','1','1','');
INSERT INTO `item_loot_template` (`entry`, `item`, `ChanceOrQuestChance`, `lootmode`, `groupid`, `mincountOrRef`, `maxcount`, `itemBonuses`) VALUES('126919','124793','100','1','0','1','1','');
INSERT INTO `item_loot_template` (`entry`, `item`, `ChanceOrQuestChance`, `lootmode`, `groupid`, `mincountOrRef`, `maxcount`, `itemBonuses`) VALUES('126919','124794','100','1','0','1','1','');
INSERT INTO `item_loot_template` (`entry`, `item`, `ChanceOrQuestChance`, `lootmode`, `groupid`, `mincountOrRef`, `maxcount`, `itemBonuses`) VALUES('126919','124795','100','1','0','1','1','');
INSERT INTO `item_loot_template` (`entry`, `item`, `ChanceOrQuestChance`, `lootmode`, `groupid`, `mincountOrRef`, `maxcount`, `itemBonuses`) VALUES('126919','124796','100','1','0','1','1','');
INSERT INTO `item_loot_template` (`entry`, `item`, `ChanceOrQuestChance`, `lootmode`, `groupid`, `mincountOrRef`, `maxcount`, `itemBonuses`) VALUES('126919','124797','100','1','0','1','1','');
INSERT INTO `item_loot_template` (`entry`, `item`, `ChanceOrQuestChance`, `lootmode`, `groupid`, `mincountOrRef`, `maxcount`, `itemBonuses`) VALUES('126919','124798','100','1','0','1','1','');
INSERT INTO `item_loot_template` (`entry`, `item`, `ChanceOrQuestChance`, `lootmode`, `groupid`, `mincountOrRef`, `maxcount`, `itemBonuses`) VALUES('126919','124799','100','1','0','1','1','');
INSERT INTO `item_loot_template` (`entry`, `item`, `ChanceOrQuestChance`, `lootmode`, `groupid`, `mincountOrRef`, `maxcount`, `itemBonuses`) VALUES('126919','124800','100','1','0','1','1','');
INSERT INTO `item_loot_template` (`entry`, `item`, `ChanceOrQuestChance`, `lootmode`, `groupid`, `mincountOrRef`, `maxcount`, `itemBonuses`) VALUES('126919','124801','100','1','0','1','1','');
INSERT INTO `item_loot_template` (`entry`, `item`, `ChanceOrQuestChance`, `lootmode`, `groupid`, `mincountOrRef`, `maxcount`, `itemBonuses`) VALUES('126919','124802','100','1','0','1','1','');
INSERT INTO `item_loot_template` (`entry`, `item`, `ChanceOrQuestChance`, `lootmode`, `groupid`, `mincountOrRef`, `maxcount`, `itemBonuses`) VALUES('126919','124803','100','1','0','1','1','');
INSERT INTO `item_loot_template` (`entry`, `item`, `ChanceOrQuestChance`, `lootmode`, `groupid`, `mincountOrRef`, `maxcount`, `itemBonuses`) VALUES('126919','124804','100','1','0','1','1','');
INSERT INTO `item_loot_template` (`entry`, `item`, `ChanceOrQuestChance`, `lootmode`, `groupid`, `mincountOrRef`, `maxcount`, `itemBonuses`) VALUES('126919','124805','100','1','0','1','1','');
INSERT INTO `item_loot_template` (`entry`, `item`, `ChanceOrQuestChance`, `lootmode`, `groupid`, `mincountOrRef`, `maxcount`, `itemBonuses`) VALUES('126919','124806','100','1','0','1','1','');
INSERT INTO `item_loot_template` (`entry`, `item`, `ChanceOrQuestChance`, `lootmode`, `groupid`, `mincountOrRef`, `maxcount`, `itemBonuses`) VALUES('126919','124807','100','1','0','1','1','');
INSERT INTO `item_loot_template` (`entry`, `item`, `ChanceOrQuestChance`, `lootmode`, `groupid`, `mincountOrRef`, `maxcount`, `itemBonuses`) VALUES('126919','124808','100','1','0','1','1','');
INSERT INTO `item_loot_template` (`entry`, `item`, `ChanceOrQuestChance`, `lootmode`, `groupid`, `mincountOrRef`, `maxcount`, `itemBonuses`) VALUES('126919','124809','100','1','0','1','1','');
INSERT INTO `item_loot_template` (`entry`, `item`, `ChanceOrQuestChance`, `lootmode`, `groupid`, `mincountOrRef`, `maxcount`, `itemBonuses`) VALUES('126919','124810','100','1','0','1','1','');
INSERT INTO `item_loot_template` (`entry`, `item`, `ChanceOrQuestChance`, `lootmode`, `groupid`, `mincountOrRef`, `maxcount`, `itemBonuses`) VALUES('126919','124811','100','1','0','1','1','');
INSERT INTO `item_loot_template` (`entry`, `item`, `ChanceOrQuestChance`, `lootmode`, `groupid`, `mincountOrRef`, `maxcount`, `itemBonuses`) VALUES('126919','124812','100','1','0','1','1','');
INSERT INTO `item_loot_template` (`entry`, `item`, `ChanceOrQuestChance`, `lootmode`, `groupid`, `mincountOrRef`, `maxcount`, `itemBonuses`) VALUES('126919','124813','100','1','0','1','1','');
INSERT INTO `item_loot_template` (`entry`, `item`, `ChanceOrQuestChance`, `lootmode`, `groupid`, `mincountOrRef`, `maxcount`, `itemBonuses`) VALUES('126919','124814','100','1','0','1','1','');
INSERT INTO `item_loot_template` (`entry`, `item`, `ChanceOrQuestChance`, `lootmode`, `groupid`, `mincountOrRef`, `maxcount`, `itemBonuses`) VALUES('126919','124815','100','1','0','1','1','');
INSERT INTO `item_loot_template` (`entry`, `item`, `ChanceOrQuestChance`, `lootmode`, `groupid`, `mincountOrRef`, `maxcount`, `itemBonuses`) VALUES('126919','124816','100','1','0','1','1','');
INSERT INTO `item_loot_template` (`entry`, `item`, `ChanceOrQuestChance`, `lootmode`, `groupid`, `mincountOrRef`, `maxcount`, `itemBonuses`) VALUES('126919','124817','100','1','0','1','1','');
INSERT INTO `item_loot_template` (`entry`, `item`, `ChanceOrQuestChance`, `lootmode`, `groupid`, `mincountOrRef`, `maxcount`, `itemBonuses`) VALUES('126919','124818','100','1','0','1','1','');
INSERT INTO `item_loot_template` (`entry`, `item`, `ChanceOrQuestChance`, `lootmode`, `groupid`, `mincountOrRef`, `maxcount`, `itemBonuses`) VALUES('126919','124819','100','1','0','1','1','');
INSERT INTO `item_loot_template` (`entry`, `item`, `ChanceOrQuestChance`, `lootmode`, `groupid`, `mincountOrRef`, `maxcount`, `itemBonuses`) VALUES('126919','124820','100','1','0','1','1','');
INSERT INTO `item_loot_template` (`entry`, `item`, `ChanceOrQuestChance`, `lootmode`, `groupid`, `mincountOrRef`, `maxcount`, `itemBonuses`) VALUES('126919','124821','100','1','0','1','1','');
INSERT INTO `item_loot_template` (`entry`, `item`, `ChanceOrQuestChance`, `lootmode`, `groupid`, `mincountOrRef`, `maxcount`, `itemBonuses`) VALUES('126919','124822','100','1','0','1','1','');
INSERT INTO `item_loot_template` (`entry`, `item`, `ChanceOrQuestChance`, `lootmode`, `groupid`, `mincountOrRef`, `maxcount`, `itemBonuses`) VALUES('126919','124823','100','1','0','1','1','');
INSERT INTO `item_loot_template` (`entry`, `item`, `ChanceOrQuestChance`, `lootmode`, `groupid`, `mincountOrRef`, `maxcount`, `itemBonuses`) VALUES('126919','124824','100','1','0','1','1','');
INSERT INTO `item_loot_template` (`entry`, `item`, `ChanceOrQuestChance`, `lootmode`, `groupid`, `mincountOrRef`, `maxcount`, `itemBonuses`) VALUES('126919','124825','100','1','0','1','1','');
INSERT INTO `item_loot_template` (`entry`, `item`, `ChanceOrQuestChance`, `lootmode`, `groupid`, `mincountOrRef`, `maxcount`, `itemBonuses`) VALUES('126919','124826','100','1','0','1','1','');
INSERT INTO `item_loot_template` (`entry`, `item`, `ChanceOrQuestChance`, `lootmode`, `groupid`, `mincountOrRef`, `maxcount`, `itemBonuses`) VALUES('126919','124827','100','1','0','1','1','');
INSERT INTO `item_loot_template` (`entry`, `item`, `ChanceOrQuestChance`, `lootmode`, `groupid`, `mincountOrRef`, `maxcount`, `itemBonuses`) VALUES('126919','124828','100','1','0','1','1','');
INSERT INTO `item_loot_template` (`entry`, `item`, `ChanceOrQuestChance`, `lootmode`, `groupid`, `mincountOrRef`, `maxcount`, `itemBonuses`) VALUES('126919','124829','100','1','0','1','1','');
INSERT INTO `item_loot_template` (`entry`, `item`, `ChanceOrQuestChance`, `lootmode`, `groupid`, `mincountOrRef`, `maxcount`, `itemBonuses`) VALUES('126919','124830','100','1','0','1','1','');
INSERT INTO `item_loot_template` (`entry`, `item`, `ChanceOrQuestChance`, `lootmode`, `groupid`, `mincountOrRef`, `maxcount`, `itemBonuses`) VALUES('126919','124831','100','1','0','1','1','');
INSERT INTO `item_loot_template` (`entry`, `item`, `ChanceOrQuestChance`, `lootmode`, `groupid`, `mincountOrRef`, `maxcount`, `itemBonuses`) VALUES('126919','124832','100','1','0','1','1','');
INSERT INTO `item_loot_template` (`entry`, `item`, `ChanceOrQuestChance`, `lootmode`, `groupid`, `mincountOrRef`, `maxcount`, `itemBonuses`) VALUES('126919','124833','100','1','0','1','1','');
INSERT INTO `item_loot_template` (`entry`, `item`, `ChanceOrQuestChance`, `lootmode`, `groupid`, `mincountOrRef`, `maxcount`, `itemBonuses`) VALUES('126919','124834','100','1','0','1','1','');
INSERT INTO `item_loot_template` (`entry`, `item`, `ChanceOrQuestChance`, `lootmode`, `groupid`, `mincountOrRef`, `maxcount`, `itemBonuses`) VALUES('126919','124835','100','1','0','1','1','');
INSERT INTO `item_loot_template` (`entry`, `item`, `ChanceOrQuestChance`, `lootmode`, `groupid`, `mincountOrRef`, `maxcount`, `itemBonuses`) VALUES('126919','124836','100','1','0','1','1','');
INSERT INTO `item_loot_template` (`entry`, `item`, `ChanceOrQuestChance`, `lootmode`, `groupid`, `mincountOrRef`, `maxcount`, `itemBonuses`) VALUES('126919','124844','100','1','0','1','1','');
INSERT INTO `item_loot_template` (`entry`, `item`, `ChanceOrQuestChance`, `lootmode`, `groupid`, `mincountOrRef`, `maxcount`, `itemBonuses`) VALUES('126919','124845','100','1','0','1','1','');
INSERT INTO `item_loot_template` (`entry`, `item`, `ChanceOrQuestChance`, `lootmode`, `groupid`, `mincountOrRef`, `maxcount`, `itemBonuses`) VALUES('126919','124846','100','1','0','1','1','');
INSERT INTO `item_loot_template` (`entry`, `item`, `ChanceOrQuestChance`, `lootmode`, `groupid`, `mincountOrRef`, `maxcount`, `itemBonuses`) VALUES('126919','124847','100','1','0','1','1','');
INSERT INTO `item_loot_template` (`entry`, `item`, `ChanceOrQuestChance`, `lootmode`, `groupid`, `mincountOrRef`, `maxcount`, `itemBonuses`) VALUES('126919','124848','100','1','0','1','1','');
INSERT INTO `item_loot_template` (`entry`, `item`, `ChanceOrQuestChance`, `lootmode`, `groupid`, `mincountOrRef`, `maxcount`, `itemBonuses`) VALUES('126919','124849','100','1','0','1','1','');
INSERT INTO `item_loot_template` (`entry`, `item`, `ChanceOrQuestChance`, `lootmode`, `groupid`, `mincountOrRef`, `maxcount`, `itemBonuses`) VALUES('126919','124850','100','1','0','1','1','');
INSERT INTO `item_loot_template` (`entry`, `item`, `ChanceOrQuestChance`, `lootmode`, `groupid`, `mincountOrRef`, `maxcount`, `itemBonuses`) VALUES('126919','124852','100','1','0','1','1','');
INSERT INTO `item_loot_template` (`entry`, `item`, `ChanceOrQuestChance`, `lootmode`, `groupid`, `mincountOrRef`, `maxcount`, `itemBonuses`) VALUES('126919','124853','100','1','0','1','1','');
INSERT INTO `item_loot_template` (`entry`, `item`, `ChanceOrQuestChance`, `lootmode`, `groupid`, `mincountOrRef`, `maxcount`, `itemBonuses`) VALUES('126919','124854','100','1','0','1','1','');
INSERT INTO `item_loot_template` (`entry`, `item`, `ChanceOrQuestChance`, `lootmode`, `groupid`, `mincountOrRef`, `maxcount`, `itemBonuses`) VALUES('126919','124855','100','1','0','1','1','');
INSERT INTO `item_loot_template` (`entry`, `item`, `ChanceOrQuestChance`, `lootmode`, `groupid`, `mincountOrRef`, `maxcount`, `itemBonuses`) VALUES('126919','124856','100','1','0','1','1','');
INSERT INTO `item_loot_template` (`entry`, `item`, `ChanceOrQuestChance`, `lootmode`, `groupid`, `mincountOrRef`, `maxcount`, `itemBonuses`) VALUES('126919','124857','100','1','0','1','1','');
INSERT INTO `item_loot_template` (`entry`, `item`, `ChanceOrQuestChance`, `lootmode`, `groupid`, `mincountOrRef`, `maxcount`, `itemBonuses`) VALUES('126919','124858','100','1','0','1','1','');
INSERT INTO `item_loot_template` (`entry`, `item`, `ChanceOrQuestChance`, `lootmode`, `groupid`, `mincountOrRef`, `maxcount`, `itemBonuses`) VALUES('126919','124859','100','1','0','1','1','');
INSERT INTO `item_loot_template` (`entry`, `item`, `ChanceOrQuestChance`, `lootmode`, `groupid`, `mincountOrRef`, `maxcount`, `itemBonuses`) VALUES('126919','124860','100','1','0','1','1','');
INSERT INTO `item_loot_template` (`entry`, `item`, `ChanceOrQuestChance`, `lootmode`, `groupid`, `mincountOrRef`, `maxcount`, `itemBonuses`) VALUES('126919','124861','100','1','0','1','1','');
INSERT INTO `item_loot_template` (`entry`, `item`, `ChanceOrQuestChance`, `lootmode`, `groupid`, `mincountOrRef`, `maxcount`, `itemBonuses`) VALUES('126919','124862','100','1','0','1','1','');
INSERT INTO `item_loot_template` (`entry`, `item`, `ChanceOrQuestChance`, `lootmode`, `groupid`, `mincountOrRef`, `maxcount`, `itemBonuses`) VALUES('126919','124863','100','1','0','1','1','');
INSERT INTO `item_loot_template` (`entry`, `item`, `ChanceOrQuestChance`, `lootmode`, `groupid`, `mincountOrRef`, `maxcount`, `itemBonuses`) VALUES('126919','124865','100','1','0','1','1','');
INSERT INTO `item_loot_template` (`entry`, `item`, `ChanceOrQuestChance`, `lootmode`, `groupid`, `mincountOrRef`, `maxcount`, `itemBonuses`) VALUES('126919','124866','100','1','0','1','1','');
INSERT INTO `item_loot_template` (`entry`, `item`, `ChanceOrQuestChance`, `lootmode`, `groupid`, `mincountOrRef`, `maxcount`, `itemBonuses`) VALUES('126919','124867','100','1','0','1','1','');
INSERT INTO `item_loot_template` (`entry`, `item`, `ChanceOrQuestChance`, `lootmode`, `groupid`, `mincountOrRef`, `maxcount`, `itemBonuses`) VALUES('126919','124868','100','1','0','1','1','');
INSERT INTO `item_loot_template` (`entry`, `item`, `ChanceOrQuestChance`, `lootmode`, `groupid`, `mincountOrRef`, `maxcount`, `itemBonuses`) VALUES('126919','124869','100','1','0','1','1','');
INSERT INTO `item_loot_template` (`entry`, `item`, `ChanceOrQuestChance`, `lootmode`, `groupid`, `mincountOrRef`, `maxcount`, `itemBonuses`) VALUES('126919','124875','100','1','0','1','1','');
INSERT INTO `item_loot_template` (`entry`, `item`, `ChanceOrQuestChance`, `lootmode`, `groupid`, `mincountOrRef`, `maxcount`, `itemBonuses`) VALUES('126919','124876','100','1','0','1','1','');
INSERT INTO `item_loot_template` (`entry`, `item`, `ChanceOrQuestChance`, `lootmode`, `groupid`, `mincountOrRef`, `maxcount`, `itemBonuses`) VALUES('126919','124877','100','1','0','1','1','');
INSERT INTO `item_loot_template` (`entry`, `item`, `ChanceOrQuestChance`, `lootmode`, `groupid`, `mincountOrRef`, `maxcount`, `itemBonuses`) VALUES('126919','124878','100','1','0','1','1','');
INSERT INTO `item_loot_template` (`entry`, `item`, `ChanceOrQuestChance`, `lootmode`, `groupid`, `mincountOrRef`, `maxcount`, `itemBonuses`) VALUES('126919','124879','100','1','0','1','1','');
INSERT INTO `item_loot_template` (`entry`, `item`, `ChanceOrQuestChance`, `lootmode`, `groupid`, `mincountOrRef`, `maxcount`, `itemBonuses`) VALUES('126919','124880','100','1','0','1','1','');
INSERT INTO `item_loot_template` (`entry`, `item`, `ChanceOrQuestChance`, `lootmode`, `groupid`, `mincountOrRef`, `maxcount`, `itemBonuses`) VALUES('126919','124881','100','1','0','1','1','');
INSERT INTO `item_loot_template` (`entry`, `item`, `ChanceOrQuestChance`, `lootmode`, `groupid`, `mincountOrRef`, `maxcount`, `itemBonuses`) VALUES('126919','124882','100','1','0','1','1','');
INSERT INTO `item_loot_template` (`entry`, `item`, `ChanceOrQuestChance`, `lootmode`, `groupid`, `mincountOrRef`, `maxcount`, `itemBonuses`) VALUES('126919','124883','100','1','0','1','1','');
INSERT INTO `item_loot_template` (`entry`, `item`, `ChanceOrQuestChance`, `lootmode`, `groupid`, `mincountOrRef`, `maxcount`, `itemBonuses`) VALUES('126919','124884','100','1','0','1','1','');
INSERT INTO `item_loot_template` (`entry`, `item`, `ChanceOrQuestChance`, `lootmode`, `groupid`, `mincountOrRef`, `maxcount`, `itemBonuses`) VALUES('126919','124895','100','1','0','1','1','');
INSERT INTO `item_loot_template` (`entry`, `item`, `ChanceOrQuestChance`, `lootmode`, `groupid`, `mincountOrRef`, `maxcount`, `itemBonuses`) VALUES('126919','124896','100','1','0','1','1','');
INSERT INTO `item_loot_template` (`entry`, `item`, `ChanceOrQuestChance`, `lootmode`, `groupid`, `mincountOrRef`, `maxcount`, `itemBonuses`) VALUES('126919','124897','100','1','0','1','1','');
INSERT INTO `item_loot_template` (`entry`, `item`, `ChanceOrQuestChance`, `lootmode`, `groupid`, `mincountOrRef`, `maxcount`, `itemBonuses`) VALUES('126919','124898','100','1','0','1','1','');
INSERT INTO `item_loot_template` (`entry`, `item`, `ChanceOrQuestChance`, `lootmode`, `groupid`, `mincountOrRef`, `maxcount`, `itemBonuses`) VALUES('126919','124899','100','1','0','1','1','');
INSERT INTO `item_loot_template` (`entry`, `item`, `ChanceOrQuestChance`, `lootmode`, `groupid`, `mincountOrRef`, `maxcount`, `itemBonuses`) VALUES('126919','124900','100','1','0','1','1','');
INSERT INTO `item_loot_template` (`entry`, `item`, `ChanceOrQuestChance`, `lootmode`, `groupid`, `mincountOrRef`, `maxcount`, `itemBonuses`) VALUES('126919','124901','100','1','0','1','1','');
INSERT INTO `item_loot_template` (`entry`, `item`, `ChanceOrQuestChance`, `lootmode`, `groupid`, `mincountOrRef`, `maxcount`, `itemBonuses`) VALUES('126919','124902','100','1','0','1','1','');
INSERT INTO `item_loot_template` (`entry`, `item`, `ChanceOrQuestChance`, `lootmode`, `groupid`, `mincountOrRef`, `maxcount`, `itemBonuses`) VALUES('126919','124903','100','1','0','1','1','');
INSERT INTO `item_loot_template` (`entry`, `item`, `ChanceOrQuestChance`, `lootmode`, `groupid`, `mincountOrRef`, `maxcount`, `itemBonuses`) VALUES('126919','124904','100','1','0','1','1','');
INSERT INTO `item_loot_template` (`entry`, `item`, `ChanceOrQuestChance`, `lootmode`, `groupid`, `mincountOrRef`, `maxcount`, `itemBonuses`) VALUES('126919','124905','100','1','0','1','1','');
INSERT INTO `item_loot_template` (`entry`, `item`, `ChanceOrQuestChance`, `lootmode`, `groupid`, `mincountOrRef`, `maxcount`, `itemBonuses`) VALUES('126919','124906','100','1','0','1','1','');
INSERT INTO `item_loot_template` (`entry`, `item`, `ChanceOrQuestChance`, `lootmode`, `groupid`, `mincountOrRef`, `maxcount`, `itemBonuses`) VALUES('126919','124907','100','1','0','1','1','');
INSERT INTO `item_loot_template` (`entry`, `item`, `ChanceOrQuestChance`, `lootmode`, `groupid`, `mincountOrRef`, `maxcount`, `itemBonuses`) VALUES('126919','124913','100','1','0','1','1','');
INSERT INTO `item_loot_template` (`entry`, `item`, `ChanceOrQuestChance`, `lootmode`, `groupid`, `mincountOrRef`, `maxcount`, `itemBonuses`) VALUES('126919','124914','100','1','0','1','1','');
INSERT INTO `item_loot_template` (`entry`, `item`, `ChanceOrQuestChance`, `lootmode`, `groupid`, `mincountOrRef`, `maxcount`, `itemBonuses`) VALUES('126919','124915','100','1','0','1','1','');
INSERT INTO `item_loot_template` (`entry`, `item`, `ChanceOrQuestChance`, `lootmode`, `groupid`, `mincountOrRef`, `maxcount`, `itemBonuses`) VALUES('126919','124916','100','1','0','1','1','');
INSERT INTO `item_loot_template` (`entry`, `item`, `ChanceOrQuestChance`, `lootmode`, `groupid`, `mincountOrRef`, `maxcount`, `itemBonuses`) VALUES('126919','124917','100','1','0','1','1','');
INSERT INTO `item_loot_template` (`entry`, `item`, `ChanceOrQuestChance`, `lootmode`, `groupid`, `mincountOrRef`, `maxcount`, `itemBonuses`) VALUES('126919','124918','100','1','0','1','1','');
INSERT INTO `item_loot_template` (`entry`, `item`, `ChanceOrQuestChance`, `lootmode`, `groupid`, `mincountOrRef`, `maxcount`, `itemBonuses`) VALUES('126919','124919','100','1','0','1','1','');
INSERT INTO `item_loot_template` (`entry`, `item`, `ChanceOrQuestChance`, `lootmode`, `groupid`, `mincountOrRef`, `maxcount`, `itemBonuses`) VALUES('126919','124920','100','1','0','1','1','');
INSERT INTO `item_loot_template` (`entry`, `item`, `ChanceOrQuestChance`, `lootmode`, `groupid`, `mincountOrRef`, `maxcount`, `itemBonuses`) VALUES('126919','124921','100','1','0','1','1','');
INSERT INTO `item_loot_template` (`entry`, `item`, `ChanceOrQuestChance`, `lootmode`, `groupid`, `mincountOrRef`, `maxcount`, `itemBonuses`) VALUES('126919','124922','100','1','0','1','1','');
INSERT INTO `item_loot_template` (`entry`, `item`, `ChanceOrQuestChance`, `lootmode`, `groupid`, `mincountOrRef`, `maxcount`, `itemBonuses`) VALUES('126919','124923','100','1','0','1','1','');
INSERT INTO `item_loot_template` (`entry`, `item`, `ChanceOrQuestChance`, `lootmode`, `groupid`, `mincountOrRef`, `maxcount`, `itemBonuses`) VALUES('126919','124924','100','1','0','1','1','');
INSERT INTO `item_loot_template` (`entry`, `item`, `ChanceOrQuestChance`, `lootmode`, `groupid`, `mincountOrRef`, `maxcount`, `itemBonuses`) VALUES('126919','124925','100','1','0','1','1','');
INSERT INTO `item_loot_template` (`entry`, `item`, `ChanceOrQuestChance`, `lootmode`, `groupid`, `mincountOrRef`, `maxcount`, `itemBonuses`) VALUES('126919','124926','100','1','0','1','1','');
INSERT INTO `item_loot_template` (`entry`, `item`, `ChanceOrQuestChance`, `lootmode`, `groupid`, `mincountOrRef`, `maxcount`, `itemBonuses`) VALUES('126919','124927','100','1','0','1','1','');
INSERT INTO `item_loot_template` (`entry`, `item`, `ChanceOrQuestChance`, `lootmode`, `groupid`, `mincountOrRef`, `maxcount`, `itemBonuses`) VALUES('126919','124935','100','1','0','1','1','');
INSERT INTO `item_loot_template` (`entry`, `item`, `ChanceOrQuestChance`, `lootmode`, `groupid`, `mincountOrRef`, `maxcount`, `itemBonuses`) VALUES('126919','124936','100','1','0','1','1','');
INSERT INTO `item_loot_template` (`entry`, `item`, `ChanceOrQuestChance`, `lootmode`, `groupid`, `mincountOrRef`, `maxcount`, `itemBonuses`) VALUES('126919','124937','100','1','0','1','1','');
INSERT INTO `item_loot_template` (`entry`, `item`, `ChanceOrQuestChance`, `lootmode`, `groupid`, `mincountOrRef`, `maxcount`, `itemBonuses`) VALUES('126919','124938','100','1','0','1','1','');
INSERT INTO `item_loot_template` (`entry`, `item`, `ChanceOrQuestChance`, `lootmode`, `groupid`, `mincountOrRef`, `maxcount`, `itemBonuses`) VALUES('126919','124939','100','1','0','1','1','');
INSERT INTO `item_loot_template` (`entry`, `item`, `ChanceOrQuestChance`, `lootmode`, `groupid`, `mincountOrRef`, `maxcount`, `itemBonuses`) VALUES('126919','124940','100','1','0','1','1','');
INSERT INTO `item_loot_template` (`entry`, `item`, `ChanceOrQuestChance`, `lootmode`, `groupid`, `mincountOrRef`, `maxcount`, `itemBonuses`) VALUES('126919','124941','100','1','0','1','1','');
INSERT INTO `item_loot_template` (`entry`, `item`, `ChanceOrQuestChance`, `lootmode`, `groupid`, `mincountOrRef`, `maxcount`, `itemBonuses`) VALUES('126919','124942','100','1','0','1','1','');
INSERT INTO `item_loot_template` (`entry`, `item`, `ChanceOrQuestChance`, `lootmode`, `groupid`, `mincountOrRef`, `maxcount`, `itemBonuses`) VALUES('126919','124945','100','1','0','1','1','');
INSERT INTO `item_loot_template` (`entry`, `item`, `ChanceOrQuestChance`, `lootmode`, `groupid`, `mincountOrRef`, `maxcount`, `itemBonuses`) VALUES('126919','124946','100','1','0','1','1','');
INSERT INTO `item_loot_template` (`entry`, `item`, `ChanceOrQuestChance`, `lootmode`, `groupid`, `mincountOrRef`, `maxcount`, `itemBonuses`) VALUES('126919','124947','100','1','0','1','1','');
INSERT INTO `item_loot_template` (`entry`, `item`, `ChanceOrQuestChance`, `lootmode`, `groupid`, `mincountOrRef`, `maxcount`, `itemBonuses`) VALUES('126919','124948','100','1','0','1','1','');
INSERT INTO `item_loot_template` (`entry`, `item`, `ChanceOrQuestChance`, `lootmode`, `groupid`, `mincountOrRef`, `maxcount`, `itemBonuses`) VALUES('126919','124949','100','1','0','1','1','');
INSERT INTO `item_loot_template` (`entry`, `item`, `ChanceOrQuestChance`, `lootmode`, `groupid`, `mincountOrRef`, `maxcount`, `itemBonuses`) VALUES('126919','124952','100','1','0','1','1','');
INSERT INTO `item_loot_template` (`entry`, `item`, `ChanceOrQuestChance`, `lootmode`, `groupid`, `mincountOrRef`, `maxcount`, `itemBonuses`) VALUES('126919','124953','100','1','0','1','1','');
INSERT INTO `item_loot_template` (`entry`, `item`, `ChanceOrQuestChance`, `lootmode`, `groupid`, `mincountOrRef`, `maxcount`, `itemBonuses`) VALUES('126919','124954','100','1','0','1','1','');
INSERT INTO `item_loot_template` (`entry`, `item`, `ChanceOrQuestChance`, `lootmode`, `groupid`, `mincountOrRef`, `maxcount`, `itemBonuses`) VALUES('126919','124955','100','1','0','1','1','');
INSERT INTO `item_loot_template` (`entry`, `item`, `ChanceOrQuestChance`, `lootmode`, `groupid`, `mincountOrRef`, `maxcount`, `itemBonuses`) VALUES('126919','124956','100','1','0','1','1','');
INSERT INTO `item_loot_template` (`entry`, `item`, `ChanceOrQuestChance`, `lootmode`, `groupid`, `mincountOrRef`, `maxcount`, `itemBonuses`) VALUES('126919','124957','100','1','0','1','1','');
INSERT INTO `item_loot_template` (`entry`, `item`, `ChanceOrQuestChance`, `lootmode`, `groupid`, `mincountOrRef`, `maxcount`, `itemBonuses`) VALUES('126919','124963','100','1','0','1','1','');
INSERT INTO `item_loot_template` (`entry`, `item`, `ChanceOrQuestChance`, `lootmode`, `groupid`, `mincountOrRef`, `maxcount`, `itemBonuses`) VALUES('126919','124964','100','1','0','1','1','');
INSERT INTO `item_loot_template` (`entry`, `item`, `ChanceOrQuestChance`, `lootmode`, `groupid`, `mincountOrRef`, `maxcount`, `itemBonuses`) VALUES('126919','124965','100','1','0','1','1','');
INSERT INTO `item_loot_template` (`entry`, `item`, `ChanceOrQuestChance`, `lootmode`, `groupid`, `mincountOrRef`, `maxcount`, `itemBonuses`) VALUES('126919','124966','100','1','0','1','1','');
INSERT INTO `item_loot_template` (`entry`, `item`, `ChanceOrQuestChance`, `lootmode`, `groupid`, `mincountOrRef`, `maxcount`, `itemBonuses`) VALUES('126919','124967','100','1','0','1','1','');
INSERT INTO `item_loot_template` (`entry`, `item`, `ChanceOrQuestChance`, `lootmode`, `groupid`, `mincountOrRef`, `maxcount`, `itemBonuses`) VALUES('126919','124968','100','1','0','1','1','');
INSERT INTO `item_loot_template` (`entry`, `item`, `ChanceOrQuestChance`, `lootmode`, `groupid`, `mincountOrRef`, `maxcount`, `itemBonuses`) VALUES('126919','124969','100','1','0','1','1','');
INSERT INTO `item_loot_template` (`entry`, `item`, `ChanceOrQuestChance`, `lootmode`, `groupid`, `mincountOrRef`, `maxcount`, `itemBonuses`) VALUES('126919','124970','100','1','0','1','1','');
INSERT INTO `item_loot_template` (`entry`, `item`, `ChanceOrQuestChance`, `lootmode`, `groupid`, `mincountOrRef`, `maxcount`, `itemBonuses`) VALUES('126919','124971','100','1','0','1','1','');
INSERT INTO `item_loot_template` (`entry`, `item`, `ChanceOrQuestChance`, `lootmode`, `groupid`, `mincountOrRef`, `maxcount`, `itemBonuses`) VALUES('126919','124972','100','1','0','1','1','');
INSERT INTO `item_loot_template` (`entry`, `item`, `ChanceOrQuestChance`, `lootmode`, `groupid`, `mincountOrRef`, `maxcount`, `itemBonuses`) VALUES('126919','124973','100','1','0','1','1','');
INSERT INTO `item_loot_template` (`entry`, `item`, `ChanceOrQuestChance`, `lootmode`, `groupid`, `mincountOrRef`, `maxcount`, `itemBonuses`) VALUES('126919','124979','100','1','0','1','1','');
INSERT INTO `item_loot_template` (`entry`, `item`, `ChanceOrQuestChance`, `lootmode`, `groupid`, `mincountOrRef`, `maxcount`, `itemBonuses`) VALUES('126919','124980','100','1','0','1','1','');
INSERT INTO `item_loot_template` (`entry`, `item`, `ChanceOrQuestChance`, `lootmode`, `groupid`, `mincountOrRef`, `maxcount`, `itemBonuses`) VALUES('126919','124981','100','1','0','1','1','');
INSERT INTO `item_loot_template` (`entry`, `item`, `ChanceOrQuestChance`, `lootmode`, `groupid`, `mincountOrRef`, `maxcount`, `itemBonuses`) VALUES('126919','124982','100','1','0','1','1','');
INSERT INTO `item_loot_template` (`entry`, `item`, `ChanceOrQuestChance`, `lootmode`, `groupid`, `mincountOrRef`, `maxcount`, `itemBonuses`) VALUES('126919','124983','100','1','0','1','1','');
INSERT INTO `item_loot_template` (`entry`, `item`, `ChanceOrQuestChance`, `lootmode`, `groupid`, `mincountOrRef`, `maxcount`, `itemBonuses`) VALUES('126919','124984','100','1','0','1','1','');
INSERT INTO `item_loot_template` (`entry`, `item`, `ChanceOrQuestChance`, `lootmode`, `groupid`, `mincountOrRef`, `maxcount`, `itemBonuses`) VALUES('126919','124985','100','1','0','1','1','');
INSERT INTO `item_loot_template` (`entry`, `item`, `ChanceOrQuestChance`, `lootmode`, `groupid`, `mincountOrRef`, `maxcount`, `itemBonuses`) VALUES('126919','124986','100','1','0','1','1','');
INSERT INTO `item_loot_template` (`entry`, `item`, `ChanceOrQuestChance`, `lootmode`, `groupid`, `mincountOrRef`, `maxcount`, `itemBonuses`) VALUES('126919','124987','100','1','0','1','1','');
INSERT INTO `item_loot_template` (`entry`, `item`, `ChanceOrQuestChance`, `lootmode`, `groupid`, `mincountOrRef`, `maxcount`, `itemBonuses`) VALUES('126919','124988','100','1','0','1','1','');
INSERT INTO `item_loot_template` (`entry`, `item`, `ChanceOrQuestChance`, `lootmode`, `groupid`, `mincountOrRef`, `maxcount`, `itemBonuses`) VALUES('126919','124989','100','1','0','1','1','');
INSERT INTO `item_loot_template` (`entry`, `item`, `ChanceOrQuestChance`, `lootmode`, `groupid`, `mincountOrRef`, `maxcount`, `itemBonuses`) VALUES('126919','124990','100','1','0','1','1','');
INSERT INTO `item_loot_template` (`entry`, `item`, `ChanceOrQuestChance`, `lootmode`, `groupid`, `mincountOrRef`, `maxcount`, `itemBonuses`) VALUES('126919','124991','100','1','0','1','1','');
INSERT INTO `item_loot_template` (`entry`, `item`, `ChanceOrQuestChance`, `lootmode`, `groupid`, `mincountOrRef`, `maxcount`, `itemBonuses`) VALUES('126919','124992','100','1','0','1','1','');
INSERT INTO `item_loot_template` (`entry`, `item`, `ChanceOrQuestChance`, `lootmode`, `groupid`, `mincountOrRef`, `maxcount`, `itemBonuses`) VALUES('126919','124993','100','1','0','1','1','');
INSERT INTO `item_loot_template` (`entry`, `item`, `ChanceOrQuestChance`, `lootmode`, `groupid`, `mincountOrRef`, `maxcount`, `itemBonuses`) VALUES('126919','124994','100','1','0','1','1','');
INSERT INTO `item_loot_template` (`entry`, `item`, `ChanceOrQuestChance`, `lootmode`, `groupid`, `mincountOrRef`, `maxcount`, `itemBonuses`) VALUES('126919','125000','100','1','0','1','1','');
INSERT INTO `item_loot_template` (`entry`, `item`, `ChanceOrQuestChance`, `lootmode`, `groupid`, `mincountOrRef`, `maxcount`, `itemBonuses`) VALUES('126919','125001','100','1','0','1','1','');
INSERT INTO `item_loot_template` (`entry`, `item`, `ChanceOrQuestChance`, `lootmode`, `groupid`, `mincountOrRef`, `maxcount`, `itemBonuses`) VALUES('126919','125002','100','1','0','1','1','');
INSERT INTO `item_loot_template` (`entry`, `item`, `ChanceOrQuestChance`, `lootmode`, `groupid`, `mincountOrRef`, `maxcount`, `itemBonuses`) VALUES('126919','125003','100','1','0','1','1','');
INSERT INTO `item_loot_template` (`entry`, `item`, `ChanceOrQuestChance`, `lootmode`, `groupid`, `mincountOrRef`, `maxcount`, `itemBonuses`) VALUES('126919','125004','100','1','0','1','1','');
INSERT INTO `item_loot_template` (`entry`, `item`, `ChanceOrQuestChance`, `lootmode`, `groupid`, `mincountOrRef`, `maxcount`, `itemBonuses`) VALUES('126919','125005','100','1','0','1','1','');
INSERT INTO `item_loot_template` (`entry`, `item`, `ChanceOrQuestChance`, `lootmode`, `groupid`, `mincountOrRef`, `maxcount`, `itemBonuses`) VALUES('126919','125006','100','1','0','1','1','');
INSERT INTO `item_loot_template` (`entry`, `item`, `ChanceOrQuestChance`, `lootmode`, `groupid`, `mincountOrRef`, `maxcount`, `itemBonuses`) VALUES('126919','125007','100','1','0','1','1','');
INSERT INTO `item_loot_template` (`entry`, `item`, `ChanceOrQuestChance`, `lootmode`, `groupid`, `mincountOrRef`, `maxcount`, `itemBonuses`) VALUES('126919','125008','100','1','0','1','1','');
INSERT INTO `item_loot_template` (`entry`, `item`, `ChanceOrQuestChance`, `lootmode`, `groupid`, `mincountOrRef`, `maxcount`, `itemBonuses`) VALUES('126919','125009','100','1','0','1','1','');
INSERT INTO `item_loot_template` (`entry`, `item`, `ChanceOrQuestChance`, `lootmode`, `groupid`, `mincountOrRef`, `maxcount`, `itemBonuses`) VALUES('126919','125010','100','1','0','1','1','');
INSERT INTO `item_loot_template` (`entry`, `item`, `ChanceOrQuestChance`, `lootmode`, `groupid`, `mincountOrRef`, `maxcount`, `itemBonuses`) VALUES('126919','125011','100','1','0','1','1','');
INSERT INTO `item_loot_template` (`entry`, `item`, `ChanceOrQuestChance`, `lootmode`, `groupid`, `mincountOrRef`, `maxcount`, `itemBonuses`) VALUES('126919','125012','100','1','0','1','1','');
INSERT INTO `item_loot_template` (`entry`, `item`, `ChanceOrQuestChance`, `lootmode`, `groupid`, `mincountOrRef`, `maxcount`, `itemBonuses`) VALUES('126919','125013','100','1','0','1','1','');
INSERT INTO `item_loot_template` (`entry`, `item`, `ChanceOrQuestChance`, `lootmode`, `groupid`, `mincountOrRef`, `maxcount`, `itemBonuses`) VALUES('126919','125014','100','1','0','1','1','');
INSERT INTO `item_loot_template` (`entry`, `item`, `ChanceOrQuestChance`, `lootmode`, `groupid`, `mincountOrRef`, `maxcount`, `itemBonuses`) VALUES('126919','125022','100','1','0','1','1','');
INSERT INTO `item_loot_template` (`entry`, `item`, `ChanceOrQuestChance`, `lootmode`, `groupid`, `mincountOrRef`, `maxcount`, `itemBonuses`) VALUES('126919','125023','100','1','0','1','1','');
INSERT INTO `item_loot_template` (`entry`, `item`, `ChanceOrQuestChance`, `lootmode`, `groupid`, `mincountOrRef`, `maxcount`, `itemBonuses`) VALUES('126919','125024','100','1','0','1','1','');
INSERT INTO `item_loot_template` (`entry`, `item`, `ChanceOrQuestChance`, `lootmode`, `groupid`, `mincountOrRef`, `maxcount`, `itemBonuses`) VALUES('126919','125025','100','1','0','1','1','');
INSERT INTO `item_loot_template` (`entry`, `item`, `ChanceOrQuestChance`, `lootmode`, `groupid`, `mincountOrRef`, `maxcount`, `itemBonuses`) VALUES('126919','125026','100','1','0','1','1','');
INSERT INTO `item_loot_template` (`entry`, `item`, `ChanceOrQuestChance`, `lootmode`, `groupid`, `mincountOrRef`, `maxcount`, `itemBonuses`) VALUES('126919','125027','100','1','0','1','1','');
INSERT INTO `item_loot_template` (`entry`, `item`, `ChanceOrQuestChance`, `lootmode`, `groupid`, `mincountOrRef`, `maxcount`, `itemBonuses`) VALUES('126919','125028','100','1','0','1','1','');
INSERT INTO `item_loot_template` (`entry`, `item`, `ChanceOrQuestChance`, `lootmode`, `groupid`, `mincountOrRef`, `maxcount`, `itemBonuses`) VALUES('126919','125030','100','1','0','1','1','');
INSERT INTO `item_loot_template` (`entry`, `item`, `ChanceOrQuestChance`, `lootmode`, `groupid`, `mincountOrRef`, `maxcount`, `itemBonuses`) VALUES('126919','125031','100','1','0','1','1','');
INSERT INTO `item_loot_template` (`entry`, `item`, `ChanceOrQuestChance`, `lootmode`, `groupid`, `mincountOrRef`, `maxcount`, `itemBonuses`) VALUES('126919','125032','100','1','0','1','1','');
INSERT INTO `item_loot_template` (`entry`, `item`, `ChanceOrQuestChance`, `lootmode`, `groupid`, `mincountOrRef`, `maxcount`, `itemBonuses`) VALUES('126919','125033','100','1','0','1','1','');
INSERT INTO `item_loot_template` (`entry`, `item`, `ChanceOrQuestChance`, `lootmode`, `groupid`, `mincountOrRef`, `maxcount`, `itemBonuses`) VALUES('126919','125034','100','1','0','1','1','');
INSERT INTO `item_loot_template` (`entry`, `item`, `ChanceOrQuestChance`, `lootmode`, `groupid`, `mincountOrRef`, `maxcount`, `itemBonuses`) VALUES('126919','125035','100','1','0','1','1','');
INSERT INTO `item_loot_template` (`entry`, `item`, `ChanceOrQuestChance`, `lootmode`, `groupid`, `mincountOrRef`, `maxcount`, `itemBonuses`) VALUES('126919','125036','100','1','0','1','1','');
INSERT INTO `item_loot_template` (`entry`, `item`, `ChanceOrQuestChance`, `lootmode`, `groupid`, `mincountOrRef`, `maxcount`, `itemBonuses`) VALUES('126919','125037','100','1','0','1','1','');
INSERT INTO `item_loot_template` (`entry`, `item`, `ChanceOrQuestChance`, `lootmode`, `groupid`, `mincountOrRef`, `maxcount`, `itemBonuses`) VALUES('126919','125038','100','1','0','1','1','');
INSERT INTO `item_loot_template` (`entry`, `item`, `ChanceOrQuestChance`, `lootmode`, `groupid`, `mincountOrRef`, `maxcount`, `itemBonuses`) VALUES('126919','125039','100','1','0','1','1','');
INSERT INTO `item_loot_template` (`entry`, `item`, `ChanceOrQuestChance`, `lootmode`, `groupid`, `mincountOrRef`, `maxcount`, `itemBonuses`) VALUES('126919','125040','100','1','0','1','1','');
INSERT INTO `item_loot_template` (`entry`, `item`, `ChanceOrQuestChance`, `lootmode`, `groupid`, `mincountOrRef`, `maxcount`, `itemBonuses`) VALUES('126919','125041','100','1','0','1','1','');
INSERT INTO `item_loot_template` (`entry`, `item`, `ChanceOrQuestChance`, `lootmode`, `groupid`, `mincountOrRef`, `maxcount`, `itemBonuses`) VALUES('126919','125042','100','1','0','1','1','');
INSERT INTO `item_loot_template` (`entry`, `item`, `ChanceOrQuestChance`, `lootmode`, `groupid`, `mincountOrRef`, `maxcount`, `itemBonuses`) VALUES('126919','125043','100','1','0','1','1','');
INSERT INTO `item_loot_template` (`entry`, `item`, `ChanceOrQuestChance`, `lootmode`, `groupid`, `mincountOrRef`, `maxcount`, `itemBonuses`) VALUES('126919','125049','100','1','0','1','1','');
INSERT INTO `item_loot_template` (`entry`, `item`, `ChanceOrQuestChance`, `lootmode`, `groupid`, `mincountOrRef`, `maxcount`, `itemBonuses`) VALUES('126919','125050','100','1','0','1','1','');
INSERT INTO `item_loot_template` (`entry`, `item`, `ChanceOrQuestChance`, `lootmode`, `groupid`, `mincountOrRef`, `maxcount`, `itemBonuses`) VALUES('126919','125051','100','1','0','1','1','');
INSERT INTO `item_loot_template` (`entry`, `item`, `ChanceOrQuestChance`, `lootmode`, `groupid`, `mincountOrRef`, `maxcount`, `itemBonuses`) VALUES('126919','125052','100','1','0','1','1','');
INSERT INTO `item_loot_template` (`entry`, `item`, `ChanceOrQuestChance`, `lootmode`, `groupid`, `mincountOrRef`, `maxcount`, `itemBonuses`) VALUES('126919','125053','100','1','0','1','1','');
INSERT INTO `item_loot_template` (`entry`, `item`, `ChanceOrQuestChance`, `lootmode`, `groupid`, `mincountOrRef`, `maxcount`, `itemBonuses`) VALUES('126919','125054','100','1','0','1','1','');
INSERT INTO `item_loot_template` (`entry`, `item`, `ChanceOrQuestChance`, `lootmode`, `groupid`, `mincountOrRef`, `maxcount`, `itemBonuses`) VALUES('126919','125055','100','1','0','1','1','');
INSERT INTO `item_loot_template` (`entry`, `item`, `ChanceOrQuestChance`, `lootmode`, `groupid`, `mincountOrRef`, `maxcount`, `itemBonuses`) VALUES('126919','125056','100','1','0','1','1','');
INSERT INTO `item_loot_template` (`entry`, `item`, `ChanceOrQuestChance`, `lootmode`, `groupid`, `mincountOrRef`, `maxcount`, `itemBonuses`) VALUES('126919','125057','100','1','0','1','1','');
INSERT INTO `item_loot_template` (`entry`, `item`, `ChanceOrQuestChance`, `lootmode`, `groupid`, `mincountOrRef`, `maxcount`, `itemBonuses`) VALUES('126919','125058','100','1','0','1','1','');
INSERT INTO `item_loot_template` (`entry`, `item`, `ChanceOrQuestChance`, `lootmode`, `groupid`, `mincountOrRef`, `maxcount`, `itemBonuses`) VALUES('126919','125059','100','1','0','1','1','');
INSERT INTO `item_loot_template` (`entry`, `item`, `ChanceOrQuestChance`, `lootmode`, `groupid`, `mincountOrRef`, `maxcount`, `itemBonuses`) VALUES('126919','125060','100','1','0','1','1','');
INSERT INTO `item_loot_template` (`entry`, `item`, `ChanceOrQuestChance`, `lootmode`, `groupid`, `mincountOrRef`, `maxcount`, `itemBonuses`) VALUES('126919','125061','100','1','0','1','1','');
INSERT INTO `item_loot_template` (`entry`, `item`, `ChanceOrQuestChance`, `lootmode`, `groupid`, `mincountOrRef`, `maxcount`, `itemBonuses`) VALUES('126919','125062','100','1','0','1','1','');
INSERT INTO `item_loot_template` (`entry`, `item`, `ChanceOrQuestChance`, `lootmode`, `groupid`, `mincountOrRef`, `maxcount`, `itemBonuses`) VALUES('126919','127123','100','1','0','1','1','');
INSERT INTO `item_loot_template` (`entry`, `item`, `ChanceOrQuestChance`, `lootmode`, `groupid`, `mincountOrRef`, `maxcount`, `itemBonuses`) VALUES('126919','127366','100','1','0','1','1','');
INSERT INTO `item_loot_template` (`entry`, `item`, `ChanceOrQuestChance`, `lootmode`, `groupid`, `mincountOrRef`, `maxcount`, `itemBonuses`) VALUES('126919','127375','100','1','0','1','1','');
