REPLACE INTO creature_template VALUE ('1777428','0','0','54329','0','0','0','Imperator Mar''gok (17)','','Sorcerer King','','0','103','103','5','0','16','0','0','1','1.14286','1.14286','1','1','0','6','2000','2000','1','1','1','0','0','0','0','0','0','0','0','0','0','7','2097260','0','77428','0','0','0','0','0','0','0','0','0','0','0','0','0','0','0','0','0','3971','0','0','','0','3','1','747.224','607.5','1','1','0','0','0','0','0','0','0','186','0','0','1','0','617299839','268435456','','19116');
REPLACE INTO creature_template VALUE ('1777809','0','0','55131','0','0','0','Arcane Aberration (17)','','','','0','102','102','5','0','16','0','0','1','1.14286','1.14286','1','1','0','3','2000','2000','1','1','8','0','0','0','0','0','0','0','0','0','0','4','2097224','0','0','0','0','0','0','0','0','0','0','0','0','0','0','0','0','0','0','0','0','0','0','','0','3','1','14.48','1','1','1','0','0','0','0','0','0','0','157','0','0','1','0','0','0','','19116');
REPLACE INTO creature_template VALUE ('1777877','0','0','55144','0','0','0','Replicating Arcane Aberration (17)','','','','0','102','102','5','0','16','0','0','1','1.14286','1.14286','1','1','0','3','2000','2000','1','1','8','0','0','0','0','0','0','0','0','0','0','4','2097224','0','0','0','0','0','0','0','0','0','0','0','0','0','0','0','0','0','0','0','0','0','0','','0','3','1','14.48','1','1','1','0','0','0','0','0','0','0','157','0','0','1','0','0','0','','19116');
REPLACE INTO creature_template VALUE ('1777878','0','0','55143','0','0','0','Fortified Arcane Aberration (17)','','','','0','102','102','5','0','16','0','0','1','1.14286','1.14286','1','1','0','3','2000','2000','1','1','8','0','0','0','0','0','0','0','0','0','0','4','2097224','0','0','0','0','0','0','0','0','0','0','0','0','0','0','0','0','0','0','0','0','0','0','','0','3','1','14.48','1','1','1','0','0','0','0','0','0','0','157','0','0','1','0','0','0','','19116');
REPLACE INTO creature_template VALUE ('1777879','0','0','55142','0','0','0','Displacing Arcane Aberration (17)','','','','0','102','102','5','0','16','0','0','1','1.14286','1.14286','1','1','0','3','2000','2000','1','1','8','0','0','0','0','0','0','0','0','0','0','4','2097224','0','0','0','0','0','0','0','0','0','0','0','0','0','0','0','0','0','0','0','0','0','0','','0','3','1','14.48','1','1','1','0','0','0','0','0','0','0','157','0','0','1','0','0','0','','19116');
REPLACE INTO creature_template VALUE ('1778077','0','0','54282','0','0','0','Volatile Anomaly (17)','','','','0','102','102','5','0','16','0','0','1','1.14286','1.14286','1','1','0','3','2000','2000','1','1','8','0','0','0','0','0','0','0','0','0','0','4','2097224','0','0','0','0','0','0','0','0','0','0','0','0','0','0','0','0','0','0','0','0','0','0','','0','3','1','3.86','1','1','1','0','0','0','0','0','0','0','157','0','0','1','0','0','0','','19116');
REPLACE INTO creature_template VALUE ('1778121','0','0','54330','0','0','0','Gorian Warmage (17)','','','','0','102','102','5','0','16','0','0','1','1.14286','1.14286','1','1','0','3','2000','2000','1','1','8','0','0','0','0','0','0','0','0','0','0','7','2097224','0','0','0','0','0','0','0','0','0','0','0','0','0','0','0','0','0','0','0','0','0','0','','0','3','1','62.77','1','1','1','0','0','0','0','0','0','0','157','0','0','1','0','617299807','0','','19116');
REPLACE INTO creature_template VALUE ('1778549','0','0','54586','0','0','0','Gorian Reaver (17)','','','','0','102','102','5','0','16','0','0','1','1.14286','1.14286','1','1','0','3','2000','2000','1','1','1','0','0','0','0','0','0','0','0','0','0','7','2097224','0','0','0','0','0','0','0','0','0','0','0','0','0','0','0','0','0','0','0','0','0','0','','0','3','1','62.77','1','1','1','0','0','0','0','0','0','0','180','0','0','1','0','0','0','','19116');
REPLACE INTO creature_template VALUE ('1779388','0','0','55373','0','0','0','Arcane Remnant (17)','','','','0','102','102','5','0','16','0','0','1','1.14286','1.14286','1','1','0','1','2000','2000','1','1','1','0','0','0','0','0','0','0','0','0','0','4','2097224','0','0','0','0','0','0','0','0','0','0','0','0','0','0','0','0','0','0','0','0','0','0','','0','3','1','9.66','1','1','1','0','0','0','0','0','0','0','157','0','0','1','0','0','0','','19116');
REPLACE INTO creature_template VALUE ('1781779','0','0','55821','0','0','0','Ogron Mauler (17)','','','','0','101','101','5','0','16','0','0','1','1.14286','1.14286','1','1','0','1','2000','2000','1','1','1','0','0','0','0','0','0','0','0','0','0','7','2097224','0','0','0','0','0','0','0','0','0','0','0','0','0','0','0','0','0','0','0','0','0','0','','0','3','1','43.06','1','1','1','0','0','0','0','0','0','0','160','0','0','1','0','0','0','','19116');
REPLACE INTO creature_template VALUE ('1781780','0','0','56642','0','0','0','Guard Captain Thag (17)','','King''s Guard','','0','102','102','5','0','16','0','0','1','1.14286','1.14286','1','1','0','3','2000','2000','1','1','1','0','0','0','0','0','0','0','0','0','0','7','2097224','0','0','0','0','0','0','0','0','0','0','0','0','0','0','0','0','0','0','0','0','0','0','','0','3','1','93.84','1','1','1','0','0','0','0','0','0','0','157','0','0','1','0','0','0','','19116');
REPLACE INTO creature_template VALUE ('1781806','0','0','56643','0','0','0','Gorian Royal Guardsman (17)','','King''s Guard','','0','101','101','5','0','16','0','0','1','1.14286','1.14286','1','1','0','1','2000','2000','1','1','1','0','0','0','0','0','0','0','0','0','0','7','2097224','0','0','0','0','0','0','0','0','0','0','0','0','0','0','0','0','0','0','0','0','0','0','','0','3','1','43.06','1','1','1','0','0','0','0','0','0','0','186','0','0','1','0','0','0','','19116');
REPLACE INTO creature_template VALUE ('1781807','0','0','56328','0','0','0','Councilor Nouk (17)','','Gorian War Council','','0','102','102','5','0','16','0','0','1','1.14286','1.14286','1','1','0','3','2000','2000','1','1','8','0','0','0','0','0','0','0','0','0','0','7','2097224','0','0','0','0','0','0','0','0','0','0','0','0','0','0','0','0','0','0','0','0','0','0','','0','3','1','61.8','50','1','1','0','0','0','0','0','0','0','912','0','0','1','0','0','0','','19116');
REPLACE INTO creature_template VALUE ('1781808','0','0','56638','0','0','0','Councilor Magknor (17)','','Gorian War Council','','0','102','102','5','0','16','0','0','1','1.14286','1.14286','1','1','0','3','2000','2000','1','1','8','0','0','0','0','0','0','0','0','0','0','7','2097224','0','0','0','0','0','0','0','0','0','0','0','0','0','0','0','0','0','0','0','0','0','0','','0','3','1','61.8','50','1','1','0','0','0','0','0','0','0','912','0','0','1','0','0','0','','19116');
REPLACE INTO creature_template VALUE ('1781809','0','0','56639','0','0','0','Councilor Gorluk (17)','','Gorian War Council','','0','102','102','5','0','16','0','0','1','1.14286','1.14286','1','1','0','3','2000','2000','1','1','8','0','0','0','0','0','0','0','0','0','0','7','2097224','0','0','0','0','0','0','0','0','0','0','0','0','0','0','0','0','0','0','0','0','0','0','','0','3','1','61.8','50','1','1','0','0','0','0','0','0','0','912','0','0','1','0','0','0','','19116');
REPLACE INTO creature_template VALUE ('1781810','0','0','56640','0','0','0','Councilor Daglat (17)','','Gorian War Council','','0','102','102','5','0','16','0','0','1','1.14286','1.14286','1','1','0','3','2000','2000','1','1','8','0','0','0','0','0','0','0','0','0','0','7','2097224','0','0','0','0','0','0','0','0','0','0','0','0','0','0','0','0','0','0','0','0','0','0','','0','3','1','61.8','50','1','1','0','0','0','0','0','0','0','912','0','0','1','0','0','0','','19116');
REPLACE INTO creature_template VALUE ('1781811','0','0','56641','0','0','0','High Councilor Mal''gris (17)','','Gorian War Council','','0','102','102','5','0','16','0','0','1','1.14286','1.14286','1','1','0','3','2000','2000','1','1','8','0','0','0','0','0','0','0','0','0','0','7','2097224','0','0','0','0','0','0','0','0','0','0','0','0','0','0','0','0','0','0','0','0','0','0','','0','3','1','84.05','85','1','1','0','0','0','0','0','0','0','0','0','0','1','0','0','0','','19116');
REPLACE INTO creature_template VALUE ('1786256','0','0','59426','0','0','0','Gorian High Sorcerer (17)','','King''s Guard','','0','101','101','5','0','16','0','0','1','1.14286','1.14286','1','1','0','3','2000','2000','1','1','8','0','0','0','0','0','0','0','0','0','0','7','2097224','0','0','0','0','0','0','0','0','0','0','0','0','0','0','0','0','0','0','0','0','0','0','','0','3','1','31.23','50','1','1','0','0','0','0','0','0','0','160','0','0','1','0','0','0','','19116');
REPLACE INTO creature_template VALUE ('1787293','0','0','60239','0','0','0','Phantasmal Weapon (17)','','','','0','102','102','5','0','14','0','0','1','1.14286','1.14286','1','1','0','3','2000','2000','1','1','8','0','0','0','0','0','0','0','0','0','0','10','18875464','16','0','0','0','0','0','0','0','0','0','0','0','0','0','0','0','0','0','0','0','0','0','','0','3','1','3.86','1','1','1','0','0','0','0','0','0','0','0','0','0','1','0','0','0','','19116');

DELETE FROM creature_template_difficulty WHERE difficulty_entry IN (1777428, 1777809, 1777877, 1777878, 1777879, 1778077, 1778121, 1778549, 1779388, 1781779);
DELETE FROM creature_template_difficulty WHERE difficulty_entry IN (1781780, 1781806, 1781807, 1781808, 1781809, 1781810, 1781811, 1786256, 1787293);
INSERT INTO creature_template_difficulty VALUES
(77428, 'DIFFICULTY_ENTRY_17', 1777428),
(77809, 'DIFFICULTY_ENTRY_17', 1777809),
(77877, 'DIFFICULTY_ENTRY_17', 1777877),
(77878, 'DIFFICULTY_ENTRY_17', 1777878),
(77879, 'DIFFICULTY_ENTRY_17', 1777879),
(78077, 'DIFFICULTY_ENTRY_17', 1778077),
(78121, 'DIFFICULTY_ENTRY_17', 1778121),
(78549, 'DIFFICULTY_ENTRY_17', 1778549),
(79388, 'DIFFICULTY_ENTRY_17', 1779388),
(81779, 'DIFFICULTY_ENTRY_17', 1781779),
(81780, 'DIFFICULTY_ENTRY_17', 1781780),
(81806, 'DIFFICULTY_ENTRY_17', 1781806),
(81807, 'DIFFICULTY_ENTRY_17', 1781807),
(81808, 'DIFFICULTY_ENTRY_17', 1781808),
(81809, 'DIFFICULTY_ENTRY_17', 1781809),
(81810, 'DIFFICULTY_ENTRY_17', 1781810),
(81811, 'DIFFICULTY_ENTRY_17', 1781811),
(86256, 'DIFFICULTY_ENTRY_17', 1786256),
(87293, 'DIFFICULTY_ENTRY_17', 1787293);

UPDATE lfr_access_requirement SET ilvl_min = 615, ilvl_max = 0 WHERE dungeon_id IN (851);

DELETE FROM reference_loot_template WHERE entry = 1777428;
INSERT INTO reference_loot_template (entry, item, ChanceOrQuestChance, lootmode, groupid, mincountOrRef, maxcount) VALUE (1777428, 116027, 0, 1, 1, 1, 1);
INSERT INTO reference_loot_template (entry, item, ChanceOrQuestChance, lootmode, groupid, mincountOrRef, maxcount) VALUE (1777428, 116206, 0, 1, 1, 1, 1);
INSERT INTO reference_loot_template (entry, item, ChanceOrQuestChance, lootmode, groupid, mincountOrRef, maxcount) VALUE (1777428, 116372, 0, 1, 1, 1, 1);
INSERT INTO reference_loot_template (entry, item, ChanceOrQuestChance, lootmode, groupid, mincountOrRef, maxcount) VALUE (1777428, 116235, 0, 1, 1, 1, 1);
INSERT INTO reference_loot_template (entry, item, ChanceOrQuestChance, lootmode, groupid, mincountOrRef, maxcount) VALUE (1777428, 116280, 0, 1, 1, 1, 1);
INSERT INTO reference_loot_template (entry, item, ChanceOrQuestChance, lootmode, groupid, mincountOrRef, maxcount) VALUE (1777428, 116287, 0, 1, 1, 1, 1);
INSERT INTO reference_loot_template (entry, item, ChanceOrQuestChance, lootmode, groupid, mincountOrRef, maxcount) VALUE (1777428, 116002, 0, 1, 1, 1, 1);
INSERT INTO reference_loot_template (entry, item, ChanceOrQuestChance, lootmode, groupid, mincountOrRef, maxcount) VALUE (1777428, 116296, 0, 1, 1, 1, 1);
INSERT INTO reference_loot_template (entry, item, ChanceOrQuestChance, lootmode, groupid, mincountOrRef, maxcount) VALUE (1777428, 116373, 0, 1, 1, 1, 1);

DELETE FROM creature_loot_template WHERE entry = 1777428;
INSERT INTO creature_loot_template (entry, item, ChanceOrQuestChance, lootmode, groupid, mincountOrRef, maxcount) VALUE (1777428, 1, 100, 1, 0, -1777428, 6);

UPDATE creature_template SET lootid = 1777428 WHERE entry = 1777428;