REPLACE INTO creature_template VALUE ('1778237','0','0','55849','0','0','0','Phemos (17)','','','','0','103','103','5','0','16','0','0','1','1.14286','1.14286','1','3','0','8','2000','2000','1','1','4','0','0','0','0','0','0','0','0','0','0','5','270532716','0','0','0','0','0','0','0','0','0','0','0','0','0','0','0','0','0','0','0','0','0','0','','0','3','1','856.19','1','1','1','0','0','0','0','0','0','0','184','0','0','1','0','617299839','1','','19116');
REPLACE INTO creature_template VALUE ('1778238','0','0','54385','0','0','0','Pol (17)','','','','0','103','103','5','0','16','0','0','1','1.14286','1.14286','1','3','0','8','2000','2000','1','1','4','0','0','0','0','0','0','0','0','0','0','5','2097260','0','0','0','0','0','0','0','0','0','0','0','0','0','0','0','0','0','0','0','0','0','0','','0','3','1','856.19','1','1','1','0','0','0','0','0','0','0','184','0','0','1','0','617299839','1','','19116');
REPLACE INTO creature_template VALUE ('1778948','0','0','54793','0','0','0','Tectus (17)','','The Living Mountain','','0','103','103','5','0','16','0','0','1','1.11111','1.14286','1','1','0','16','1500','2000','1','1','4','108','128','0','0','0','0','0','0','0','0','4','2097260','0','78948','0','0','0','0','0','0','0','0','162346','162371','162370','163208','163214','131637','131951','131952','0','0','0','0','','0','3','1','159.86','1','1','1','0','0','0','0','0','0','0','0','0','0','1','0','617299839','1','','0');
REPLACE INTO creature_template VALUE ('1779015','0','0','54825','0','0','0','Ko''ragh (17)','','Breaker of Magic','','0','103','103','5','0','16','0','0','1','1.14286','1.14286','1','3','0','8','1500','2000','1','1','1','0','0','0','0','0','0','0','0','0','0','7','2097260','0','79015','0','0','0','0','0','0','0','0','0','0','0','0','0','0','0','0','0','2164','0','0','','0','3','1','401.7','0','1','1','0','0','0','0','0','0','0','186','0','0','1','0','617299839','1','','19116');
REPLACE INTO creature_template VALUE ('1779956','0','0','54282','0','0','0','Volatile Anomaly (17)','','','','0','102','102','5','0','16','0','0','1','1.14286','1.14286','1','1','0','1','2000','2000','1','1','2','0','0','0','0','0','0','0','0','0','0','4','2097224','128','0','0','0','0','0','0','0','0','0','0','0','0','0','0','0','0','0','0','0','0','0','','0','3','1','2.964','1','1','1','0','0','0','0','0','0','0','157','0','0','1','0','0','0','','19116');
REPLACE INTO creature_template VALUE ('1780551','0','0','55829','0','0','0','Shard of Tectus (17)','','Shard of the Mountain','','0','103','103','5','0','16','0','0','2.8','2','1.14286','1','1','0','6','1500','2000','1','1','4','108','128','0','0','0','0','0','0','0','0','4','2097260','0','0','0','0','0','0','0','0','0','0','178193','169949','166306','162658','118357','117614','162346','162371','0','0','0','0','','0','3','1','79.93','1','1','1','0','0','0','0','0','0','0','0','0','0','1','0','617299839','0','','0');
REPLACE INTO creature_template VALUE ('1780557','0','0','55830','0','0','0','Mote of Tectus (17)','','Mote of the Mountain','','0','103','103','5','0','16','0','0','1','1.14286','1.14286','1','1','0','6','1500','2000','1','1','4','108','128','0','0','0','0','0','0','0','0','4','2097260','0','0','0','0','0','0','0','0','0','0','178194','169949','166306','162658','118357','155163','162346','162371','0','0','0','0','','0','3','1','22.837','1','1','1','0','0','0','0','0','0','0','0','0','0','1','0','617299839','0','','0');
REPLACE INTO creature_template VALUE ('1780599','0','0','54630','0','0','0','Night-Twisted Earthwarper (17)','','','','0','102','102','5','0','16','0','0','1','0.992063','1.14286','1','1','0','4','2000','2000','1','1','1','104','128','0','0','0','0','0','0','0','0','7','2097256','0','0','0','0','0','0','0','0','0','0','181113','155163','121552','0','0','0','0','0','0','0','0','0','','0','3','1','8.652','1','1','1','0','0','0','0','0','0','0','0','0','0','1','0','608907135','0','','0');
REPLACE INTO creature_template VALUE ('1780822','0','0','58840','0','0','0','Night-Twisted Berserker (17)','','','','0','102','102','5','0','16','0','0','1.6','1.71429','1.14286','1','1','0','4','1500','2000','1','1','1','104','128','0','0','0','0','0','0','0','0','7','2097256','0','0','0','0','0','0','0','0','0','0','181113','0','0','0','0','0','0','0','0','0','0','0','','0','3','1','3.36','1','1','1','0','0','0','0','0','0','0','0','0','0','1','0','608907135','0','','0');
REPLACE INTO creature_template VALUE ('1782399','0','0','56971','0','0','0','Ogron Earthshaker (17)','','','','0','101','101','5','0','16','0','0','1.2','1.42857','1.14286','0.96','1','0','1','2500','2000','1','1','1','72','0','0','0','0','0','0','0','0','0','5','2097224','0','0','0','0','0','0','0','0','0','0','166170','166171','166173','166174','166175','131637','131951','131952','0','3694','0','0','','0','3','1','52.8','1','1','1','0','0','0','0','0','0','0','0','0','0','1','0','0','0','','0');
REPLACE INTO creature_template VALUE ('1782400','0','0','55821','0','0','0','Ogron Brute (17)','','','','0','102','102','5','0','16','0','0','0.888888','1.5873','1.14286','0.95','1','0','1','2500','2000','1','1','1','104','0','0','0','0','0','0','0','0','0','5','2097256','0','0','0','0','0','0','0','0','0','0','166189','166187','166188','155163','131637','131951','131952','0','0','0','0','0','','0','3','1','52.8','1','1','1','0','0','0','0','0','0','0','0','0','0','1','0','0','0','','0');
REPLACE INTO creature_template VALUE ('1782519','0','0','57045','57074','0','0','Highmaul Conscript (17)','','','','0','101','101','5','0','16','0','0','1.2','1.42857','1.14286','0.95','1','0','1','2000','2000','1','1','1','104','0','0','0','0','0','0','0','0','0','7','2097256','0','82519','0','0','0','0','0','0','0','0','166185','155163','166177','166178','157739','166180','166183','121552','0','0','0','0','','0','3','1','33.5','1','1','1','0','0','0','0','0','0','0','0','0','0','1','0','0','0','','0');
REPLACE INTO creature_template VALUE ('1782528','0','0','57048','57073','0','0','Gorian Arcanist (17)','','','','0','101','101','5','0','16','0','0','1.6','1.28571','1.14286','1','1','0','1','2000','2000','1','1','8','72','0','0','0','0','0','0','0','0','0','7','2097224','0','82528','0','0','0','0','0','0','0','0','166289','166204','166199','178023','155163','166200','178026','178025','0','0','0','0','','0','3','1','32.96','1','1','1','0','0','0','0','0','0','0','0','0','0','1','0','0','0','','0');
REPLACE INTO creature_template VALUE ('1785245','0','0','55940','0','0','0','Night-Twisted Ritualist (17)','','','','0','101','101','5','0','1693','0','0','5.6','2','1.14286','1','1','0','1','2000','2000','1','1','1','72','0','0','0','0','0','0','0','0','0','7','2097224','0','0','0','0','0','0','0','0','0','0','175581','155163','121552','0','0','0','0','0','0','0','0','0','','0','3','1','27.04','1','1','1','0','0','0','0','0','0','0','0','0','0','1','0','0','0','','0');
REPLACE INTO creature_template VALUE ('1785246','0','0','23372','0','0','0','Greater Void Aberration (17)','','','','0','101','101','5','0','14','0','0','5.6','2','1.14286','1','1','0','1','2000','2000','1','1','1','72','0','0','0','0','0','0','0','0','0','4','2097224','0','0','0','0','0','0','0','0','0','0','175589','121552','0','0','0','0','0','0','0','0','0','0','','0','3','1','48.67','1','1','1','0','0','0','0','0','0','0','0','0','0','1','0','0','0','','0');
REPLACE INTO creature_template VALUE ('1786071','0','0','59414','0','0','0','Rokkaa (17)','','Heart of Tectus','','0','102','102','5','0','16','0','0','1','1.11111','1.14286','1','1','0','1','2000','2000','1','1','1','584','0','0','0','0','0','0','0','0','0','7','2097736','0','86071','0','0','0','0','0','0','0','0','172110','172115','123694','155163','0','0','0','0','0','0','0','0','','0','3','1','67.6','1','1','1','0','0','0','0','0','0','0','0','0','0','1','0','0','0','','0');
REPLACE INTO creature_template VALUE ('1786072','0','0','59413','0','0','0','Oro (17)','','Wrath of Tectus','','0','102','102','5','0','16','0','0','1','1.11111','1.14286','1','1','0','1','2000','2000','1','1','1','584','0','0','0','0','0','0','0','0','0','4','2097736','0','86072','0','0','0','0','0','0','0','0','172066','172058','123694','155163','0','0','0','0','0','0','0','0','','0','3','1','67.6','1','1','1','0','0','0','0','0','0','0','0','0','0','1','0','0','0','','0');
REPLACE INTO creature_template VALUE ('1786073','0','0','59412','0','0','0','Lokk (17)','','Hands of Tectus','','0','102','102','5','0','16','0','0','1','1.11111','1.14286','1','1','0','1','2000','2000','1','1','1','584','0','0','0','0','0','0','0','0','0','4','2097736','0','86073','0','0','0','0','0','0','0','0','172115','121552','172110','131637','131951','131952','155163','0','0','0','0','0','','0','3','1','67.6','1','1','1','0','0','0','0','0','0','0','0','0','0','1','0','0','0','','0');
REPLACE INTO creature_template VALUE ('1786326','0','0','59490','0','0','0','Breaker Ritualist (17)','','Breaker of Frost','','0','102','102','5','0','16','0','0','1','1.14286','1.14286','1','1','0','4','2000','2000','1','1','1','0','0','0','0','0','0','0','0','0','0','7','2097224','0','86326','0','0','0','0','0','0','0','0','0','0','0','0','0','0','0','0','0','0','0','0','','0','3','1','69.53','50','1','1','0','0','0','0','0','0','0','0','0','0','1','0','0','0','','19116');
REPLACE INTO creature_template VALUE ('1786329','0','0','59492','0','0','0','Breaker Ritualist (17)','','Breaker of Fire','','0','102','102','5','0','16','0','0','1','1.14286','1.14286','1','1','0','4','2000','2000','1','1','1','0','0','0','0','0','0','0','0','0','0','7','2097224','0','0','0','0','0','0','0','0','0','0','0','0','0','0','0','0','0','0','0','0','0','0','','0','3','1','69.53','50','1','1','0','0','0','0','0','0','0','0','0','0','1','0','0','0','','19116');
REPLACE INTO creature_template VALUE ('1786330','0','0','59495','0','0','0','Breaker Ritualist (17)','','Breaker of Fel','','0','102','102','5','0','16','0','0','1','1.14286','1.14286','1','1','0','4','2000','2000','1','1','1','0','0','0','0','0','0','0','0','0','0','7','2097224','0','0','0','0','0','0','0','0','0','0','0','0','0','0','0','0','0','0','0','0','0','0','','0','3','1','69.53','50','1','1','0','0','0','0','0','0','0','0','0','0','1','0','0','0','','19116');

DELETE FROM creature_template_difficulty WHERE difficulty_entry IN (1778237, 1778238, 1778948, 1779015, 1779956, 1780551, 1780557, 1780599, 1780822, 1782399);
DELETE FROM creature_template_difficulty WHERE difficulty_entry IN (1782400, 1782519, 1782528, 1785245, 1785246, 1786071, 1786072, 1786073, 1786326, 1786329, 1786330);
INSERT INTO creature_template_difficulty VALUES
(78237, 'DIFFICULTY_ENTRY_17', 1778237),
(78238, 'DIFFICULTY_ENTRY_17', 1778238),
(78948, 'DIFFICULTY_ENTRY_17', 1778948),
(79015, 'DIFFICULTY_ENTRY_17', 1779015),
(79956, 'DIFFICULTY_ENTRY_17', 1779956),
(80551, 'DIFFICULTY_ENTRY_17', 1780551),
(80557, 'DIFFICULTY_ENTRY_17', 1780557),
(80599, 'DIFFICULTY_ENTRY_17', 1780599),
(80822, 'DIFFICULTY_ENTRY_17', 1780822),
(82399, 'DIFFICULTY_ENTRY_17', 1782399),
(82400, 'DIFFICULTY_ENTRY_17', 1782400),
(82519, 'DIFFICULTY_ENTRY_17', 1782519),
(82528, 'DIFFICULTY_ENTRY_17', 1782528),
(85245, 'DIFFICULTY_ENTRY_17', 1785245),
(85246, 'DIFFICULTY_ENTRY_17', 1785246),
(86071, 'DIFFICULTY_ENTRY_17', 1786071),
(86072, 'DIFFICULTY_ENTRY_17', 1786072),
(86073, 'DIFFICULTY_ENTRY_17', 1786073),
(86326, 'DIFFICULTY_ENTRY_17', 1786326),
(86329, 'DIFFICULTY_ENTRY_17', 1786329),
(86330, 'DIFFICULTY_ENTRY_17', 1786330);

UPDATE lfr_access_requirement SET ilvl_min = 615, ilvl_max = 0 WHERE dungeon_id IN (850);

DELETE FROM reference_loot_template WHERE entry = 1778948;
INSERT INTO reference_loot_template (entry, item, ChanceOrQuestChance, lootmode, groupid, mincountOrRef, maxcount) VALUE (1778948, 116237, 0, 1, 1, 1, 1);
INSERT INTO reference_loot_template (entry, item, ChanceOrQuestChance, lootmode, groupid, mincountOrRef, maxcount) VALUE (1778948, 116279, 0, 1, 1, 1, 1);
INSERT INTO reference_loot_template (entry, item, ChanceOrQuestChance, lootmode, groupid, mincountOrRef, maxcount) VALUE (1778948, 116285, 0, 1, 1, 1, 1);
INSERT INTO reference_loot_template (entry, item, ChanceOrQuestChance, lootmode, groupid, mincountOrRef, maxcount) VALUE (1778948, 116000, 0, 1, 1, 1, 1);
INSERT INTO reference_loot_template (entry, item, ChanceOrQuestChance, lootmode, groupid, mincountOrRef, maxcount) VALUE (1778948, 116292, 0, 1, 1, 1, 1);
INSERT INTO reference_loot_template (entry, item, ChanceOrQuestChance, lootmode, groupid, mincountOrRef, maxcount) VALUE (1778948, 116210, 0, 1, 1, 1, 1);
INSERT INTO reference_loot_template (entry, item, ChanceOrQuestChance, lootmode, groupid, mincountOrRef, maxcount) VALUE (1778948, 116032, 0, 1, 1, 1, 1);
INSERT INTO reference_loot_template (entry, item, ChanceOrQuestChance, lootmode, groupid, mincountOrRef, maxcount) VALUE (1778948, 116362, 0, 1, 1, 1, 1);
INSERT INTO reference_loot_template (entry, item, ChanceOrQuestChance, lootmode, groupid, mincountOrRef, maxcount) VALUE (1778948, 116363, 0, 1, 1, 1, 1);

DELETE FROM reference_loot_template WHERE entry = 1778237;
INSERT INTO reference_loot_template (entry, item, ChanceOrQuestChance, lootmode, groupid, mincountOrRef, maxcount) VALUE (1778237, 116234, 0, 1, 1, 1, 1);
INSERT INTO reference_loot_template (entry, item, ChanceOrQuestChance, lootmode, groupid, mincountOrRef, maxcount) VALUE (1778237, 116025, 0, 1, 1, 1, 1);
INSERT INTO reference_loot_template (entry, item, ChanceOrQuestChance, lootmode, groupid, mincountOrRef, maxcount) VALUE (1778237, 116365, 0, 1, 1, 1, 1);
INSERT INTO reference_loot_template (entry, item, ChanceOrQuestChance, lootmode, groupid, mincountOrRef, maxcount) VALUE (1778237, 116211, 0, 1, 1, 1, 1);
INSERT INTO reference_loot_template (entry, item, ChanceOrQuestChance, lootmode, groupid, mincountOrRef, maxcount) VALUE (1778237, 115997, 0, 1, 1, 1, 1);
INSERT INTO reference_loot_template (entry, item, ChanceOrQuestChance, lootmode, groupid, mincountOrRef, maxcount) VALUE (1778237, 116283, 0, 1, 1, 1, 1);
INSERT INTO reference_loot_template (entry, item, ChanceOrQuestChance, lootmode, groupid, mincountOrRef, maxcount) VALUE (1778237, 116286, 0, 1, 1, 1, 1);
INSERT INTO reference_loot_template (entry, item, ChanceOrQuestChance, lootmode, groupid, mincountOrRef, maxcount) VALUE (1778237, 116364, 0, 1, 1, 1, 1);

DELETE FROM reference_loot_template WHERE entry = 1779015;
INSERT INTO reference_loot_template (entry, item, ChanceOrQuestChance, lootmode, groupid, mincountOrRef, maxcount) VALUE (1779015, 116295, 0, 1, 1, 1, 1);
INSERT INTO reference_loot_template (entry, item, ChanceOrQuestChance, lootmode, groupid, mincountOrRef, maxcount) VALUE (1779015, 115996, 0, 1, 1, 1, 1);
INSERT INTO reference_loot_template (entry, item, ChanceOrQuestChance, lootmode, groupid, mincountOrRef, maxcount) VALUE (1779015, 116231, 0, 1, 1, 1, 1);
INSERT INTO reference_loot_template (entry, item, ChanceOrQuestChance, lootmode, groupid, mincountOrRef, maxcount) VALUE (1779015, 116284, 0, 1, 1, 1, 1);
INSERT INTO reference_loot_template (entry, item, ChanceOrQuestChance, lootmode, groupid, mincountOrRef, maxcount) VALUE (1779015, 116212, 0, 1, 1, 1, 1);
INSERT INTO reference_loot_template (entry, item, ChanceOrQuestChance, lootmode, groupid, mincountOrRef, maxcount) VALUE (1779015, 116029, 0, 1, 1, 1, 1);
INSERT INTO reference_loot_template (entry, item, ChanceOrQuestChance, lootmode, groupid, mincountOrRef, maxcount) VALUE (1779015, 116366, 0, 1, 1, 1, 1);
INSERT INTO reference_loot_template (entry, item, ChanceOrQuestChance, lootmode, groupid, mincountOrRef, maxcount) VALUE (1779015, 116293, 0, 1, 1, 1, 1);
INSERT INTO reference_loot_template (entry, item, ChanceOrQuestChance, lootmode, groupid, mincountOrRef, maxcount) VALUE (1779015, 116367, 0, 1, 1, 1, 1);

DELETE FROM creature_loot_template WHERE entry = 1778948;
INSERT INTO creature_loot_template (entry, item, ChanceOrQuestChance, lootmode, groupid, mincountOrRef, maxcount) VALUE (1778948, 1, 100, 1, 0, -1778948, 6);

DELETE FROM creature_loot_template WHERE entry = 1778237;
INSERT INTO creature_loot_template (entry, item, ChanceOrQuestChance, lootmode, groupid, mincountOrRef, maxcount) VALUE (1778237, 1, 100, 1, 0, -1778237, 6);

DELETE FROM creature_loot_template WHERE entry = 1779015;
INSERT INTO creature_loot_template (entry, item, ChanceOrQuestChance, lootmode, groupid, mincountOrRef, maxcount) VALUE (1779015, 1, 100, 1, 0, -1779015, 6);

UPDATE creature_template SET lootid = 1778948 WHERE entry = 1778948;
UPDATE creature_template SET lootid = 1778237 WHERE entry = 1778237;
UPDATE creature_template SET lootid = 1779015 WHERE entry = 1779015;