/*
SQLyog Ultimate v9.02 
MySQL - 5.6.19-log : Database - 612_hotfix
*********************************************************************
*/

/*!40101 SET NAMES utf8 */;

/*!40101 SET SQL_MODE=''*/;

/*!40014 SET @OLD_UNIQUE_CHECKS=@@UNIQUE_CHECKS, UNIQUE_CHECKS=0 */;
/*!40101 SET @OLD_SQL_MODE=@@SQL_MODE, SQL_MODE='NO_AUTO_VALUE_ON_ZERO' */;
/*!40111 SET @OLD_SQL_NOTES=@@SQL_NOTES, SQL_NOTES=0 */;
/*Table structure for table `mount_capability` */

DROP TABLE IF EXISTS `mount_capability`;

CREATE TABLE `mount_capability` (
  `ID` int(11) NOT NULL DEFAULT '0',
  `Flags` int(11) NOT NULL DEFAULT '0',
  `RequiredRidingSkill` int(11) NOT NULL DEFAULT '0',
  `RequiredArea` int(11) NOT NULL DEFAULT '0',
  `RequiredAura` int(11) NOT NULL DEFAULT '0',
  `RequiredSpell` int(11) NOT NULL DEFAULT '0',
  `SpeedModSpell` int(11) NOT NULL DEFAULT '0',
  `RequiredMap` int(11) NOT NULL DEFAULT '0',
  `BuildVerified` int(11) unsigned NOT NULL DEFAULT '0',
  PRIMARY KEY (`ID`)
) ENGINE=MyISAM DEFAULT CHARSET=utf8 COMMENT='Export of MountCapability.dbc';

/*Data for the table `mount_capability` */

insert  into `mount_capability`(`ID`,`Flags`,`RequiredRidingSkill`,`RequiredArea`,`RequiredAura`,`RequiredSpell`,`SpeedModSpell`,`RequiredMap`,`BuildVerified`) values (202,29,0,0,0,0,0,-1,19865),(203,7,0,0,0,0,0,-1,19865),(204,29,0,0,0,0,0,-1,19865),(205,7,0,0,0,0,0,-1,19865),(226,29,75,0,0,0,86457,-1,19865),(227,29,150,0,0,0,86458,-1,19865),(228,7,225,0,0,0,86459,-1,19865),(229,7,300,0,0,0,86460,-1,19865),(230,7,375,0,0,0,86461,-1,19865),(231,29,0,0,0,0,86496,-1,19865),(232,12,225,0,0,0,86510,-1,19865),(233,21,0,0,0,0,86496,-1,19865),(234,4,300,0,0,0,86510,-1,19865),(235,21,75,0,0,0,86457,-1,19865),(236,21,150,0,0,0,86458,-1,19865),(238,7,225,0,0,54197,86459,571,19865),(239,7,300,0,0,54197,86460,571,19865),(240,7,375,0,0,54197,86461,571,19865),(241,7,225,0,0,0,86459,530,19865),(242,7,300,0,0,0,86460,530,19865),(243,7,375,0,0,0,86461,530,19865),(244,7,225,0,0,90267,86459,0,19865),(245,7,300,0,0,90267,86460,0,19865),(246,7,375,0,0,90267,86461,0,19865),(247,7,225,0,0,90267,86459,1,19865),(248,7,300,0,0,90267,86460,1,19865),(249,7,375,0,0,90267,86461,1,19865),(250,7,225,0,0,90267,86459,646,19865),(251,7,300,0,0,90267,86460,646,19865),(252,7,375,0,0,90267,86461,646,19865),(256,21,0,0,0,0,86496,531,19865),(257,29,75,0,0,0,86457,531,19865),(258,29,150,0,0,0,86458,531,19865),(259,15,0,0,0,0,86460,-1,19865),(265,12,0,5146,0,0,95664,-1,19865),(272,12,0,0,0,0,86496,-1,19865),(277,12,75,0,0,0,86457,-1,19865),(278,12,150,0,0,0,86458,-1,19865),(281,21,0,0,0,0,115084,-1,19865),(282,7,300,0,0,115913,86460,870,19865),(283,7,375,0,0,115913,86461,870,19865),(284,7,225,0,0,115913,86459,870,19865),(285,15,225,0,0,130487,86459,870,19865),(286,15,300,0,0,130487,86460,870,19865),(287,15,375,0,0,130487,86461,870,19865),(289,15,375,0,0,130487,86461,646,19865),(290,15,300,0,0,130487,86460,646,19865),(291,15,225,0,0,130487,86459,646,19865),(292,15,375,0,0,130487,86461,1,19865),(293,15,300,0,0,130487,86460,1,19865),(294,15,225,0,0,130487,86459,1,19865),(295,15,375,0,0,130487,86461,0,19865),(296,15,300,0,0,130487,86460,0,19865),(297,15,225,0,0,130487,86459,0,19865),(298,15,375,0,0,130487,86461,571,19865),(299,15,300,0,0,130487,86460,571,19865),(300,15,225,0,0,130487,86459,571,19865),(301,15,375,0,0,130487,86461,530,19865),(302,15,300,0,0,130487,86460,530,19865),(303,15,225,0,0,130487,86459,530,19865),(304,14,75,0,0,0,86457,-1,19865),(305,14,150,0,0,0,86458,-1,19865),(306,29,75,0,0,0,86457,-1,19865),(307,29,150,0,0,0,86458,-1,19865),(315,25,0,0,0,0,0,-1,19865),(316,29,0,0,0,0,86457,-1,19865);

/*Table structure for table `mount_type` */

DROP TABLE IF EXISTS `mount_type`;

CREATE TABLE `mount_type` (
  `ID` int(11) unsigned NOT NULL,
  `BuildVerified` int(11) unsigned NOT NULL
) ENGINE=InnoDB DEFAULT CHARSET=utf8;

/*Data for the table `mount_type` */

insert  into `mount_type`(`ID`,`BuildVerified`) values (204,19865),(205,19865),(206,19865),(207,19865),(224,19865),(225,19865),(226,19865),(227,19865),(228,19865),(229,19865),(230,19865),(231,19865),(232,19865),(233,19865),(238,19865),(241,19865),(242,19865),(245,19865),(246,19865),(247,19865),(248,19865),(254,19865),(261,19865),(263,19865),(264,19865),(269,19865),(283,19865),(284,19865);

/*Table structure for table `mount_type_x_capability` */

DROP TABLE IF EXISTS `mount_type_x_capability`;

CREATE TABLE `mount_type_x_capability` (
  `ID` int(11) unsigned NOT NULL,
  `MountTypeID` int(11) unsigned NOT NULL,
  `Index` int(11) unsigned NOT NULL,
  `CapabilityID` int(11) unsigned NOT NULL,
  `BuildVerified` int(11) unsigned NOT NULL DEFAULT '19865'
) ENGINE=InnoDB DEFAULT CHARSET=utf8;

/*Data for the table `mount_type_x_capability` */

insert  into `mount_type_x_capability`(`ID`,`MountTypeID`,`Index`,`CapabilityID`,`BuildVerified`) values (2000,224,0,226,19865),(2001,225,0,227,19865),(2002,226,0,241,19865),(2003,226,1,238,19865),(2004,226,2,244,19865),(2005,226,3,247,19865),(2006,226,4,250,19865),(2007,226,5,284,19865),(2008,227,0,242,19865),(2009,227,1,239,19865),(2010,227,2,245,19865),(2011,227,3,248,19865),(2012,227,4,251,19865),(2013,227,5,282,19865),(2014,228,0,243,19865),(2015,228,1,240,19865),(2016,228,2,246,19865),(2017,228,3,249,19865),(2018,228,4,252,19865),(2019,228,5,283,19865),(2020,229,0,304,19865),(2021,229,1,305,19865),(2022,229,2,241,19865),(2023,229,3,242,19865),(2024,229,4,243,19865),(2025,229,5,238,19865),(2026,229,6,239,19865),(2027,229,7,240,19865),(2028,229,8,244,19865),(2029,229,9,245,19865),(2030,229,10,246,19865),(2031,229,11,247,19865),(2032,229,12,248,19865),(2033,229,13,249,19865),(2034,229,14,250,19865),(2035,229,15,251,19865),(2036,229,16,252,19865),(2037,229,17,284,19865),(2038,229,18,282,19865),(2039,229,19,283,19865),(2040,238,0,277,19865),(2041,238,1,278,19865),(2042,238,2,241,19865),(2043,238,3,242,19865),(2044,238,4,243,19865),(2045,238,5,238,19865),(2046,238,6,239,19865),(2047,238,7,240,19865),(2048,238,8,244,19865),(2049,238,9,245,19865),(2050,238,10,246,19865),(2051,238,11,247,19865),(2052,238,12,248,19865),(2053,238,13,249,19865),(2054,238,14,250,19865),(2055,238,15,251,19865),(2056,238,16,252,19865),(2057,238,17,284,19865),(2058,238,18,282,19865),(2059,238,19,283,19865),(2060,261,0,281,19865),(2061,263,0,304,19865),(2062,263,1,305,19865),(2063,263,2,303,19865),(2064,263,3,302,19865),(2065,263,4,301,19865),(2066,263,5,300,19865),(2067,263,6,299,19865),(2068,263,7,298,19865),(2069,263,8,297,19865),(2070,263,9,296,19865),(2071,263,10,295,19865),(2072,263,11,294,19865),(2073,263,12,293,19865),(2074,263,13,292,19865),(2075,263,14,291,19865),(2076,263,15,290,19865),(2077,263,16,289,19865),(2078,263,17,285,19865),(2079,263,18,286,19865),(2080,263,19,287,19865),(2000,224,0,226,19865),(2001,225,0,227,19865),(2002,226,0,241,19865),(2003,226,1,238,19865),(2004,226,2,244,19865),(2005,226,3,247,19865),(2006,226,4,250,19865),(2007,226,5,284,19865),(2008,227,0,242,19865),(2009,227,1,239,19865),(2010,227,2,245,19865),(2011,227,3,248,19865),(2012,227,4,251,19865),(2013,227,5,282,19865),(2014,228,0,243,19865),(2015,228,1,240,19865),(2016,228,2,246,19865),(2017,228,3,249,19865),(2018,228,4,252,19865),(2019,228,5,283,19865),(2020,229,0,304,19865),(2021,229,1,305,19865),(2022,229,2,241,19865),(2023,229,3,242,19865),(2024,229,4,243,19865),(2025,229,5,238,19865),(2026,229,6,239,19865),(2027,229,7,240,19865),(2028,229,8,244,19865),(2029,229,9,245,19865),(2030,229,10,246,19865),(2031,229,11,247,19865),(2032,229,12,248,19865),(2033,229,13,249,19865),(2034,229,14,250,19865),(2035,229,15,251,19865),(2036,229,16,252,19865),(2037,229,17,284,19865),(2038,229,18,282,19865),(2039,229,19,283,19865),(2040,238,0,277,19865),(2041,238,1,278,19865),(2042,238,2,241,19865),(2043,238,3,242,19865),(2044,238,4,243,19865),(2045,238,5,238,19865),(2046,238,6,239,19865),(2047,238,7,240,19865),(2048,238,8,244,19865),(2049,238,9,245,19865),(2050,238,10,246,19865),(2051,238,11,247,19865),(2052,238,12,248,19865),(2053,238,13,249,19865),(2054,238,14,250,19865),(2055,238,15,251,19865),(2056,238,16,252,19865),(2057,238,17,284,19865),(2058,238,18,282,19865),(2059,238,19,283,19865),(2060,261,0,281,19865),(2061,263,0,304,19865),(2062,263,1,305,19865),(2063,263,2,303,19865),(2064,263,3,302,19865),(2065,263,4,301,19865),(2066,263,5,300,19865),(2067,263,6,299,19865),(2068,263,7,298,19865),(2069,263,8,297,19865),(2070,263,9,296,19865),(2071,263,10,295,19865),(2072,263,11,294,19865),(2073,263,12,293,19865),(2074,263,13,292,19865),(2075,263,14,291,19865),(2076,263,15,290,19865),(2077,263,16,289,19865),(2078,263,17,285,19865),(2079,263,18,286,19865),(2080,263,19,287,19865),(2000,224,0,226,19865),(2001,225,0,227,19865),(2002,226,0,241,19865),(2003,226,1,238,19865),(2004,226,2,244,19865),(2005,226,3,247,19865),(2006,226,4,250,19865),(2007,226,5,284,19865),(2008,227,0,242,19865),(2009,227,1,239,19865),(2010,227,2,245,19865),(2011,227,3,248,19865),(2012,227,4,251,19865),(2013,227,5,282,19865),(2014,228,0,243,19865),(2015,228,1,240,19865),(2016,228,2,246,19865),(2017,228,3,249,19865),(2018,228,4,252,19865),(2019,228,5,283,19865),(2020,229,0,304,19865),(2021,229,1,305,19865),(2022,229,2,241,19865),(2023,229,3,242,19865),(2024,229,4,243,19865),(2025,229,5,238,19865),(2026,229,6,239,19865),(2027,229,7,240,19865),(2028,229,8,244,19865),(2029,229,9,245,19865),(2030,229,10,246,19865),(2031,229,11,247,19865),(2032,229,12,248,19865),(2033,229,13,249,19865),(2034,229,14,250,19865),(2035,229,15,251,19865),(2036,229,16,252,19865),(2037,229,17,284,19865),(2038,229,18,282,19865),(2039,229,19,283,19865),(2040,238,0,277,19865),(2041,238,1,278,19865),(2042,238,2,241,19865),(2043,238,3,242,19865),(2044,238,4,243,19865),(2045,238,5,238,19865),(2046,238,6,239,19865),(2047,238,7,240,19865),(2048,238,8,244,19865),(2049,238,9,245,19865),(2050,238,10,246,19865),(2051,238,11,247,19865),(2052,238,12,248,19865),(2053,238,13,249,19865),(2054,238,14,250,19865),(2055,238,15,251,19865),(2056,238,16,252,19865),(2057,238,17,284,19865),(2058,238,18,282,19865),(2059,238,19,283,19865),(2060,261,0,281,19865),(2061,263,0,304,19865),(2062,263,1,305,19865),(2063,263,2,303,19865),(2064,263,3,302,19865),(2065,263,4,301,19865),(2066,263,5,300,19865),(2067,263,6,299,19865),(2068,263,7,298,19865),(2069,263,8,297,19865),(2070,263,9,296,19865),(2071,263,10,295,19865),(2072,263,11,294,19865),(2073,263,12,293,19865),(2074,263,13,292,19865),(2075,263,14,291,19865),(2076,263,15,290,19865),(2077,263,16,289,19865),(2078,263,17,285,19865),(2079,263,18,286,19865),(2080,263,19,287,19865);

/*!40101 SET SQL_MODE=@OLD_SQL_MODE */;
/*!40014 SET UNIQUE_CHECKS=@OLD_UNIQUE_CHECKS */;
/*!40111 SET SQL_NOTES=@OLD_SQL_NOTES */;
