DELETE FROM gameobject_template WHERE entry IN (214513, 225944, 225945, 226704, 227096, 227097, 233771, 233776, 234571, 237481);
INSERT INTO gameobject_template (entry, TYPE, displayId, NAME, IconName, castBarCaption, unk1, faction, flags, size, questItem1, questItem2, questItem3, questItem4, questItem5, questItem6, data0, data1, data2, data3, data4, data5, data6, data7, data8, data9, data10, data11, data12, data13, data14, data15, data16, data17, data18, data19, data20, data21, data22, data23, data24, data25, data26, data27, data28, data29, data30, data31, data32, unkInt32, WDBVerified) VALUES(214513, 31, 11469, "Instance Portal (Party + Heroic + Challenge)", "", "", "", 35, 0, 1.5, 0, 0, 0, 0, 0, 0, 1, 214, 215, 0, 0, 0, 11696, 3, 0, 0, 0, 0, 0, 0, 0, 0, 0, 0, 0, 0, 0, 0, 0, 0, 0, 0, 0, 0, 0, 0, 0, 0, 0, 0, 19034);
INSERT INTO gameobject_template (entry, TYPE, displayId, NAME, IconName, castBarCaption, unk1, faction, flags, size, questItem1, questItem2, questItem3, questItem4, questItem5, questItem6, data0, data1, data2, data3, data4, data5, data6, data7, data8, data9, data10, data11, data12, data13, data14, data15, data16, data17, data18, data19, data20, data21, data22, data23, data24, data25, data26, data27, data28, data29, data30, data31, data32, unkInt32, WDBVerified) VALUES(225944, 0, 3751, "Doodad_BOSSGATE004", "", "", "", 114, 32, 2.657829, 0, 0, 0, 0, 0, 0, 1, 0, 0, 0, 0, 0, 0, 0, 0, 0, 0, 0, 0, 0, 0, 0, 0, 0, 0, 0, 0, 0, 0, 0, 0, 0, 0, 0, 0, 0, 0, 0, 0, 0, 19034);
INSERT INTO gameobject_template (entry, TYPE, displayId, NAME, IconName, castBarCaption, unk1, faction, flags, size, questItem1, questItem2, questItem3, questItem4, questItem5, questItem6, data0, data1, data2, data3, data4, data5, data6, data7, data8, data9, data10, data11, data12, data13, data14, data15, data16, data17, data18, data19, data20, data21, data22, data23, data24, data25, data26, data27, data28, data29, data30, data31, data32, unkInt32, WDBVerified) VALUES(225945, 0, 3751, "Doodad_BOSSGATE003", "", "", "", 114, 32, 2.657829, 0, 0, 0, 0, 0, 0, 1, 0, 0, 0, 0, 0, 0, 0, 0, 0, 0, 0, 0, 0, 0, 0, 0, 0, 0, 0, 0, 0, 0, 0, 0, 0, 0, 0, 0, 0, 0, 0, 0, 0, 19034);
INSERT INTO gameobject_template (entry, TYPE, displayId, NAME, IconName, castBarCaption, unk1, faction, flags, size, questItem1, questItem2, questItem3, questItem4, questItem5, questItem6, data0, data1, data2, data3, data4, data5, data6, data7, data8, data9, data10, data11, data12, data13, data14, data15, data16, data17, data18, data19, data20, data21, data22, data23, data24, data25, data26, data27, data28, data29, data30, data31, data32, unkInt32, WDBVerified) VALUES(226704, 1, 14212, "Conduit runique", "", "", "", 35, 16, 0.5, 0, 0, 0, 0, 0, 0, 1, 2170, 0, 0, 0, 0, 0, 0, 0, 0, 0, 0, 0, 0, 0, 0, 0, 0, 0, 0, 0, 0, 0, 0, 0, 0, 0, 0, 0, 0, 0, 0, 0, 0, 19034);
INSERT INTO gameobject_template (entry, TYPE, displayId, NAME, IconName, castBarCaption, unk1, faction, flags, size, questItem1, questItem2, questItem3, questItem4, questItem5, questItem6, data0, data1, data2, data3, data4, data5, data6, data7, data8, data9, data10, data11, data12, data13, data14, data15, data16, data17, data18, data19, data20, data21, data22, data23, data24, data25, data26, data27, data28, data29, data30, data31, data32, unkInt32, WDBVerified) VALUES(227096, 10, 11121, "Oeuf cassé", "", "", "", 1375, 0, 1, 0, 0, 0, 0, 0, 0, 0, 0, 0, 3000, 0, 0, 0, 0, 0, 0, 0, 0, 0, 0, 0, 0, 0, 0, 0, 0, 0, 0, 0, 0, 0, 0, 0, 0, 0, 0, 0, 0, 0, 0, 19034);
INSERT INTO gameobject_template (entry, TYPE, displayId, NAME, IconName, castBarCaption, unk1, faction, flags, size, questItem1, questItem2, questItem3, questItem4, questItem5, questItem6, data0, data1, data2, data3, data4, data5, data6, data7, data8, data9, data10, data11, data12, data13, data14, data15, data16, data17, data18, data19, data20, data21, data22, data23, data24, data25, data26, data27, data28, data29, data30, data31, data32, unkInt32, WDBVerified) VALUES(227097, 5, 8109, "Table dalchimie de lapprenti", "", "", "", 1375, 0, 2, 0, 0, 0, 0, 0, 0, 0, 0, 0, 0, 0, 0, 0, 0, 0, 0, 0, 0, 0, 0, 0, 0, 0, 0, 0, 0, 0, 0, 0, 0, 0, 0, 0, 0, 0, 0, 0, 0, 0, 0, 19034);
INSERT INTO gameobject_template (entry, TYPE, displayId, NAME, IconName, castBarCaption, unk1, faction, flags, size, questItem1, questItem2, questItem3, questItem4, questItem5, questItem6, data0, data1, data2, data3, data4, data5, data6, data7, data8, data9, data10, data11, data12, data13, data14, data15, data16, data17, data18, data19, data20, data21, data22, data23, data24, data25, data26, data27, data28, data29, data30, data31, data32, unkInt32, WDBVerified) VALUES(233771, 5, 15622, "Base de canon", "", "", "", 0, 8192, 0.35, 0, 0, 0, 0, 0, 0, 0, 0, 0, 0, 0, 0, 0, 1, 0, 0, 0, 0, 0, 0, 0, 0, 0, 0, 0, 0, 0, 0, 0, 0, 0, 0, 0, 0, 0, 0, 0, 0, 0, 0, 19034);
INSERT INTO gameobject_template (entry, TYPE, displayId, NAME, IconName, castBarCaption, unk1, faction, flags, size, questItem1, questItem2, questItem3, questItem4, questItem5, questItem6, data0, data1, data2, data3, data4, data5, data6, data7, data8, data9, data10, data11, data12, data13, data14, data15, data16, data17, data18, data19, data20, data21, data22, data23, data24, data25, data26, data27, data28, data29, data30, data31, data32, unkInt32, WDBVerified) VALUES(233776, 5, 14565, "Mécanisme du canon", "", "", "", 0, 0, 0.7, 0, 0, 0, 0, 0, 0, 0, 0, 0, 0, 0, 0, 0, 0, 0, 0, 0, 0, 0, 0, 0, 0, 0, 0, 0, 0, 0, 0, 0, 0, 0, 0, 0, 0, 0, 0, 0, 0, 0, 0, 19034);
INSERT INTO gameobject_template (entry, TYPE, displayId, NAME, IconName, castBarCaption, unk1, faction, flags, size, questItem1, questItem2, questItem3, questItem4, questItem5, questItem6, data0, data1, data2, data3, data4, data5, data6, data7, data8, data9, data10, data11, data12, data13, data14, data15, data16, data17, data18, data19, data20, data21, data22, data23, data24, data25, data26, data27, data28, data29, data30, data31, data32, unkInt32, WDBVerified) VALUES(234571, 5, 2451, "Herse", "", "", "", 114, 2, 0.421941, 0, 0, 0, 0, 0, 0, 0, 0, 0, 0, 0, 0, 0, 0, 0, 0, 0, 0, 0, 0, 0, 0, 0, 0, 0, 0, 0, 0, 0, 0, 0, 0, 0, 0, 0, 0, 0, 0, 0, 0, 19034);
INSERT INTO gameobject_template (entry, TYPE, displayId, NAME, IconName, castBarCaption, unk1, faction, flags, size, questItem1, questItem2, questItem3, questItem4, questItem5, questItem6, data0, data1, data2, data3, data4, data5, data6, data7, data8, data9, data10, data11, data12, data13, data14, data15, data16, data17, data18, data19, data20, data21, data22, data23, data24, data25, data26, data27, data28, data29, data30, data31, data32, unkInt32, WDBVerified) VALUES(237481, 3, 11285, "Flamouche en bouteille", "questinteract", "Collecte", "", 0, 4, 2, 118650, 0, 0, 0, 0, 0, 1691, 56773, 0, 1, 0, 0, 0, 0, 0, 0, 0, 0, 0, 0, 19676, 0, 0, 0, 0, 0, 0, 0, 0, 0, 0, 0, 0, 0, 0, 0, 0, 0, 0, 0, 19034);

DELETE FROM creature_template WHERE entry IN (76018, 76021, 76100, 76101, 76151, 76157, 76176, 76179, 76181, 76222, 76314, 76396, 76413, 76417, 76464, 76773, 77033, 77034, 77035, 77036, 77037, 77075, 77096, 77721, 79912, 80098, 80231, 80307, 80347, 82556, 83745, 83752, 83753, 83755, 83756, 83757, 84462, 84475, 85188, 86533, 77120);
DELETE FROM creature_template_addon WHERE entry IN (76018, 76021, 76100, 76101, 76151, 76157, 76176, 76179, 76181, 76222, 76314, 76396, 76417, 76773, 77033, 77034, 77035, 77036, 77037, 77075, 77096, 77721, 79912, 80098, 80231, 80307, 80347, 82556, 83745, 83752, 83753, 83755, 83756, 83757, 84462, 84475, 85188, 86533, 77120);
DELETE FROM creature_equip_template WHERE entry IN (76100, 76101, 76151, 76157, 76176, 76179, 76413, 76773, 77033, 77034, 77035, 77036, 77037, 77075, 77721, 79912, 80347, 84462, 84475, 85188, 77120);

INSERT INTO creature_template (entry, name, subname, IconName, RacialLeader, family, type, modelid1, modelid2, modelid3, modelid4, questItem1, questItem2, questItem3, questItem4, questItem5, questItem6, unit_flags, unit_flags2, Health_mod, Mana_mod, Armor_mod, rank, KillCredit1, KillCredit2, movementId, npcflag, npcflag2, scale, minlevel, maxlevel, faction, mindmg, maxdmg, baseattacktime, rangeattacktime, attackpower, unit_class, resistance1, resistance2, resistance3, resistance4, resistance5, resistance6, speed_walk, speed_run, spell1, spell2, spell3, spell4, spell5, spell6, spell7, spell8, WDBVerified) VALUES(76018, "Monstruosité drakônide", "", "", 0, 0, 2, 53010, 0, 0, 0, 0, 0, 0, 0, 0, 0, 2097224, 0, 7.5, 1, 1, 1, 0, 0, 0, 0, 0, 1, 91, 91, 14, 0, 0, 2000, 2000, 0, 1, 0, 0, 0, 0, 0, 0, 1, 1.142857, 155037, 155033, 0, 0, 0, 0, 0, 0, 19034);
INSERT INTO creature_template (entry, name, subname, IconName, RacialLeader, family, type, modelid1, modelid2, modelid3, modelid4, questItem1, questItem2, questItem3, questItem4, questItem5, questItem6, unit_flags, unit_flags2, Health_mod, Mana_mod, Armor_mod, rank, KillCredit1, KillCredit2, movementId, npcflag, npcflag2, scale, minlevel, maxlevel, faction, mindmg, maxdmg, baseattacktime, rangeattacktime, attackpower, unit_class, resistance1, resistance2, resistance3, resistance4, resistance5, resistance6, speed_walk, speed_run, spell1, spell2, spell3, spell4, spell5, spell6, spell7, spell8, WDBVerified) VALUES(76021, "Kyrak", "Le Corrupteur", "", 0, 0, 2, 53005, 0, 0, 0, 0, 0, 0, 0, 0, 0, 2097256, 0, 25, 1, 1, 1, 0, 0, 0, 0, 0, 1, 92, 92, 14, 0, 0, 1500, 2000, 0, 1, 0, 0, 0, 0, 0, 0, 1, 1.142857, 121552, 161199, 177660, 161203, 161233, 161235, 161209, 161207, 19034);
INSERT INTO creature_template (entry, name, subname, IconName, RacialLeader, family, type, modelid1, modelid2, modelid3, modelid4, questItem1, questItem2, questItem3, questItem4, questItem5, questItem6, unit_flags, unit_flags2, Health_mod, Mana_mod, Armor_mod, rank, KillCredit1, KillCredit2, movementId, npcflag, npcflag2, scale, minlevel, maxlevel, faction, mindmg, maxdmg, baseattacktime, rangeattacktime, attackpower, unit_class, resistance1, resistance2, resistance3, resistance4, resistance5, resistance6, speed_walk, speed_run, spell1, spell2, spell3, spell4, spell5, spell6, spell7, spell8, WDBVerified) VALUES(76100, "Alchimiste fer-noir", "Horde de Fer", "", 0, 0, 7, 53661, 0, 0, 0, 0, 0, 0, 0, 0, 0, 0, 0, 5, 1, 1, 1, 0, 0, 0, 0, 0, 1, 90, 90, 14, 0, 0, 2000, 2000, 0, 1, 0, 0, 0, 0, 0, 0, 1, 1.142857, 155504, 155498, 1604, 0, 0, 0, 0, 0, 19034);
INSERT INTO creature_template (entry, name, subname, IconName, RacialLeader, family, type, modelid1, modelid2, modelid3, modelid4, questItem1, questItem2, questItem3, questItem4, questItem5, questItem6, unit_flags, unit_flags2, Health_mod, Mana_mod, Armor_mod, rank, KillCredit1, KillCredit2, movementId, npcflag, npcflag2, scale, minlevel, maxlevel, faction, mindmg, maxdmg, baseattacktime, rangeattacktime, attackpower, unit_class, resistance1, resistance2, resistance3, resistance4, resistance5, resistance6, speed_walk, speed_run, spell1, spell2, spell3, spell4, spell5, spell6, spell7, spell8, WDBVerified) VALUES(76101, "Ingénieur fer-noir", "Horde de Fer", "", 0, 0, 7, 53660, 0, 0, 0, 0, 0, 0, 0, 0, 0, 270532680, 0, 5, 1, 1, 1, 0, 0, 0, 0, 0, 1, 90, 90, 14, 0, 0, 2000, 2000, 0, 1, 0, 0, 0, 0, 0, 0, 1, 1.142857, 155505, 45313, 0, 0, 0, 0, 0, 0, 19034);
INSERT INTO creature_template (entry, name, subname, IconName, RacialLeader, family, type, modelid1, modelid2, modelid3, modelid4, questItem1, questItem2, questItem3, questItem4, questItem5, questItem6, unit_flags, unit_flags2, Health_mod, Mana_mod, Armor_mod, rank, KillCredit1, KillCredit2, movementId, npcflag, npcflag2, scale, minlevel, maxlevel, faction, mindmg, maxdmg, baseattacktime, rangeattacktime, attackpower, unit_class, resistance1, resistance2, resistance3, resistance4, resistance5, resistance6, speed_walk, speed_run, spell1, spell2, spell3, spell4, spell5, spell6, spell7, spell8, WDBVerified) VALUES(76151, "Lanceur de guerre fer-noir", "Horde de Fer", "", 0, 0, 7, 53650, 0, 0, 0, 0, 0, 0, 0, 0, 0, 0, 0, 5, 1, 1, 1, 0, 0, 0, 0, 0, 1, 90, 90, 14, 0, 0, 1500, 2000, 0, 2, 0, 0, 0, 0, 0, 0, 1, 1.142857, 153642, 153941, 153942, 1604, 121552, 153936, 0, 0, 19034);
INSERT INTO creature_template (entry, name, subname, IconName, RacialLeader, family, type, modelid1, modelid2, modelid3, modelid4, questItem1, questItem2, questItem3, questItem4, questItem5, questItem6, unit_flags, unit_flags2, Health_mod, Mana_mod, Armor_mod, rank, KillCredit1, KillCredit2, movementId, npcflag, npcflag2, scale, minlevel, maxlevel, faction, mindmg, maxdmg, baseattacktime, rangeattacktime, attackpower, unit_class, resistance1, resistance2, resistance3, resistance4, resistance5, resistance6, speed_walk, speed_run, spell1, spell2, spell3, spell4, spell5, spell6, spell7, spell8, WDBVerified) VALUES(76157, "Crache-plomb fer-noir", "Horde de Fer", "", 0, 0, 7, 53644, 0, 0, 0, 0, 0, 0, 0, 0, 0, 270532680, 0, 5, 1, 1, 1, 0, 0, 0, 0, 0, 1, 90, 90, 14, 0, 0, 2000, 2000, 0, 1, 0, 0, 0, 0, 0, 0, 1, 1.142857, 154215, 153974, 153981, 121552, 45313, 0, 0, 0, 19034);
INSERT INTO creature_template (entry, name, subname, IconName, RacialLeader, family, type, modelid1, modelid2, modelid3, modelid4, questItem1, questItem2, questItem3, questItem4, questItem5, questItem6, unit_flags, unit_flags2, Health_mod, Mana_mod, Armor_mod, rank, KillCredit1, KillCredit2, movementId, npcflag, npcflag2, scale, minlevel, maxlevel, faction, mindmg, maxdmg, baseattacktime, rangeattacktime, attackpower, unit_class, resistance1, resistance2, resistance3, resistance4, resistance5, resistance6, speed_walk, speed_run, spell1, spell2, spell3, spell4, spell5, spell6, spell7, spell8, WDBVerified) VALUES(76176, "Berserker fer-noir", "Horde de Fer", "", 0, 0, 7, 53645, 0, 0, 0, 0, 0, 0, 0, 0, 0, 0, 0, 5, 1, 1, 1, 0, 0, 0, 0, 0, 1, 90, 90, 14, 0, 0, 2000, 2000, 0, 1, 0, 0, 0, 0, 0, 0, 1, 1.142857, 153909, 153897, 121552, 0, 0, 0, 0, 0, 19034);
INSERT INTO creature_template (entry, name, subname, IconName, RacialLeader, family, type, modelid1, modelid2, modelid3, modelid4, questItem1, questItem2, questItem3, questItem4, questItem5, questItem6, unit_flags, unit_flags2, Health_mod, Mana_mod, Armor_mod, rank, KillCredit1, KillCredit2, movementId, npcflag, npcflag2, scale, minlevel, maxlevel, faction, mindmg, maxdmg, baseattacktime, rangeattacktime, attackpower, unit_class, resistance1, resistance2, resistance3, resistance4, resistance5, resistance6, speed_walk, speed_run, spell1, spell2, spell3, spell4, spell5, spell6, spell7, spell8, WDBVerified) VALUES(76179, "Grunt fer-noir", "Horde de Fer", "", 0, 0, 7, 53643, 0, 0, 0, 0, 0, 0, 0, 0, 0, 0, 0, 5, 1, 1, 1, 0, 0, 0, 0, 0, 1, 91, 91, 14, 0, 0, 2000, 2000, 0, 1, 0, 0, 0, 0, 0, 0, 1, 1.142857, 153832, 153792, 121552, 0, 0, 0, 0, 0, 19034);
INSERT INTO creature_template (entry, name, subname, IconName, RacialLeader, family, type, modelid1, modelid2, modelid3, modelid4, questItem1, questItem2, questItem3, questItem4, questItem5, questItem6, unit_flags, unit_flags2, Health_mod, Mana_mod, Armor_mod, rank, KillCredit1, KillCredit2, movementId, npcflag, npcflag2, scale, minlevel, maxlevel, faction, mindmg, maxdmg, baseattacktime, rangeattacktime, attackpower, unit_class, resistance1, resistance2, resistance3, resistance4, resistance5, resistance6, speed_walk, speed_run, spell1, spell2, spell3, spell4, spell5, spell6, spell7, spell8, WDBVerified) VALUES(76181, "Worg ragegueule", "", "", 0, 1, 1, 53092, 0, 0, 0, 0, 0, 0, 0, 0, 0, 2097225, 0, 5, 1, 1, 1, 0, 0, 0, 0, 0, 1, 90, 90, 14, 0, 0, 2000, 2000, 0, 1, 0, 0, 0, 0, 0, 0, 1, 1, 154039, 154041, 154017, 45313, 0, 0, 0, 0, 19034);
INSERT INTO creature_template (entry, name, subname, IconName, RacialLeader, family, type, modelid1, modelid2, modelid3, modelid4, questItem1, questItem2, questItem3, questItem4, questItem5, questItem6, unit_flags, unit_flags2, Health_mod, Mana_mod, Armor_mod, rank, KillCredit1, KillCredit2, movementId, npcflag, npcflag2, scale, minlevel, maxlevel, faction, mindmg, maxdmg, baseattacktime, rangeattacktime, attackpower, unit_class, resistance1, resistance2, resistance3, resistance4, resistance5, resistance6, speed_walk, speed_run, spell1, spell2, spell3, spell4, spell5, spell6, spell7, spell8, WDBVerified) VALUES(76222, "Bannière de ralliement", "", "", 0, 0, 11, 53110, 0, 0, 0, 0, 0, 0, 0, 0, 0, 0, 0, 0.001, 1, 1, 0, 0, 0, 0, 0, 0, 1, 100, 100, 14, 0, 0, 2000, 2000, 0, 1, 0, 0, 0, 0, 0, 0, 1, 1, 153799, 0, 0, 0, 0, 0, 0, 0, 19034);
INSERT INTO creature_template (entry, name, subname, IconName, RacialLeader, family, type, modelid1, modelid2, modelid3, modelid4, questItem1, questItem2, questItem3, questItem4, questItem5, questItem6, unit_flags, unit_flags2, Health_mod, Mana_mod, Armor_mod, rank, KillCredit1, KillCredit2, movementId, npcflag, npcflag2, scale, minlevel, maxlevel, faction, mindmg, maxdmg, baseattacktime, rangeattacktime, attackpower, unit_class, resistance1, resistance2, resistance3, resistance4, resistance5, resistance6, speed_walk, speed_run, spell1, spell2, spell3, spell4, spell5, spell6, spell7, spell8, WDBVerified) VALUES(76314, "Canon sentinelle", "", "engineerskin", 0, 0, 9, 53141, 0, 0, 0, 0, 0, 0, 0, 0, 0, 2129992, 0, 4, 1, 1, 1, 0, 0, 0, 0, 0, 1, 90, 90, 14, 0, 0, 2000, 2000, 0, 1, 0, 0, 0, 0, 0, 0, 1, 0.9920629, 154659, 154190, 154178, 121552, 154209, 0, 0, 0, 19034);
INSERT INTO creature_template (entry, name, subname, IconName, RacialLeader, family, type, modelid1, modelid2, modelid3, modelid4, questItem1, questItem2, questItem3, questItem4, questItem5, questItem6, unit_flags, unit_flags2, Health_mod, Mana_mod, Armor_mod, rank, KillCredit1, KillCredit2, movementId, npcflag, npcflag2, scale, minlevel, maxlevel, faction, mindmg, maxdmg, baseattacktime, rangeattacktime, attackpower, unit_class, resistance1, resistance2, resistance3, resistance4, resistance5, resistance6, speed_walk, speed_run, spell1, spell2, spell3, spell4, spell5, spell6, spell7, spell8, WDBVerified) VALUES(76396, "Lueur runique", "", "", 0, 0, 1, 11686, 0, 0, 0, 0, 0, 0, 0, 0, 0, 1048576, 0, 3, 1, 1, 1, 0, 0, 0, 0, 0, 1, 1, 1, 35, 0, 0, 2000, 2000, 0, 1, 0, 0, 0, 0, 0, 0, 1, 1.142857, 0, 0, 0, 0, 0, 0, 0, 0, 19034);
INSERT INTO creature_template (entry, name, subname, IconName, RacialLeader, family, type, modelid1, modelid2, modelid3, modelid4, questItem1, questItem2, questItem3, questItem4, questItem5, questItem6, unit_flags, unit_flags2, Health_mod, Mana_mod, Armor_mod, rank, KillCredit1, KillCredit2, movementId, npcflag, npcflag2, scale, minlevel, maxlevel, faction, mindmg, maxdmg, baseattacktime, rangeattacktime, attackpower, unit_class, resistance1, resistance2, resistance3, resistance4, resistance5, resistance6, speed_walk, speed_run, spell1, spell2, spell3, spell4, spell5, spell6, spell7, spell8, WDBVerified) VALUES(76413, "Tord-minerai Gorashan", "Lanceur de guerre de la Horde de Fer", "", 0, 0, 7, 53177, 0, 0, 0, 0, 0, 0, 0, 0, 0, 2097256, 0, 35, 1, 1, 1, 0, 0, 0, 0, 0, 1, 92, 92, 14, 0, 0, 1500, 2000, 0, 2, 0, 0, 0, 0, 0, 0, 1, 1.142857, 166168, 166169, 154417, 154428, 154435, 154448, 154302, 121552, 19034);
INSERT INTO creature_template (entry, name, subname, IconName, RacialLeader, family, type, modelid1, modelid2, modelid3, modelid4, questItem1, questItem2, questItem3, questItem4, questItem5, questItem6, unit_flags, unit_flags2, Health_mod, Mana_mod, Armor_mod, rank, KillCredit1, KillCredit2, movementId, npcflag, npcflag2, scale, minlevel, maxlevel, faction, mindmg, maxdmg, baseattacktime, rangeattacktime, attackpower, unit_class, resistance1, resistance2, resistance3, resistance4, resistance5, resistance6, speed_walk, speed_run, spell1, spell2, spell3, spell4, spell5, spell6, spell7, spell8, WDBVerified) VALUES(76417, "Rune de pouvoir", "", "", 0, 0, 1, 11686, 0, 0, 0, 0, 0, 0, 0, 0, 0, 1310720, 0, 3, 1, 1, 1, 0, 0, 0, 0, 0, 1, 1, 1, 14, 0, 0, 2000, 2000, 0, 1, 0, 0, 0, 0, 0, 0, 1, 1.142857, 154294, 154265, 0, 0, 0, 0, 0, 0, 19034);
INSERT INTO creature_template (entry, name, subname, IconName, RacialLeader, family, type, modelid1, modelid2, modelid3, modelid4, questItem1, questItem2, questItem3, questItem4, questItem5, questItem6, unit_flags, unit_flags2, Health_mod, Mana_mod, Armor_mod, rank, KillCredit1, KillCredit2, movementId, npcflag, npcflag2, scale, minlevel, maxlevel, faction, mindmg, maxdmg, baseattacktime, rangeattacktime, attackpower, unit_class, resistance1, resistance2, resistance3, resistance4, resistance5, resistance6, speed_walk, speed_run, spell1, spell2, spell3, spell4, spell5, spell6, spell7, spell8, WDBVerified) VALUES(76464, "Champ déclairs", "", "", 0, 0, 1, 16925, 0, 0, 0, 0, 0, 0, 0, 0, 0, 1310720, 0, 3, 1, 1, 1, 0, 0, 0, 0, 0, 1, 90, 90, 14, 0, 0, 2000, 2000, 0, 1, 0, 0, 0, 0, 0, 0, 1, 0.9920629, 154335, 154345, 0, 0, 0, 0, 0, 0, 19034);
INSERT INTO creature_template (entry, name, subname, IconName, RacialLeader, family, type, modelid1, modelid2, modelid3, modelid4, questItem1, questItem2, questItem3, questItem4, questItem5, questItem6, unit_flags, unit_flags2, Health_mod, Mana_mod, Armor_mod, rank, KillCredit1, KillCredit2, movementId, npcflag, npcflag2, scale, minlevel, maxlevel, faction, mindmg, maxdmg, baseattacktime, rangeattacktime, attackpower, unit_class, resistance1, resistance2, resistance3, resistance4, resistance5, resistance6, speed_walk, speed_run, spell1, spell2, spell3, spell4, spell5, spell6, spell7, spell8, WDBVerified) VALUES(76773, "Apprentie fer-noir", "Horde de Fer", "", 0, 0, 7, 53657, 53658, 53659, 0, 0, 0, 0, 0, 0, 0, 8, 0, 0.7, 1, 1, 0, 0, 0, 0, 0, 0, 1, 90, 90, 14, 0, 0, 1500, 2000, 0, 1, 0, 0, 0, 0, 0, 0, 1, 1.142857, 1604, 0, 0, 0, 0, 0, 0, 0, 19034);
INSERT INTO creature_template (entry, name, subname, IconName, RacialLeader, family, type, modelid1, modelid2, modelid3, modelid4, questItem1, questItem2, questItem3, questItem4, questItem5, questItem6, unit_flags, unit_flags2, Health_mod, Mana_mod, Armor_mod, rank, KillCredit1, KillCredit2, movementId, npcflag, npcflag2, scale, minlevel, maxlevel, faction, mindmg, maxdmg, baseattacktime, rangeattacktime, attackpower, unit_class, resistance1, resistance2, resistance3, resistance4, resistance5, resistance6, speed_walk, speed_run, spell1, spell2, spell3, spell4, spell5, spell6, spell7, spell8, WDBVerified) VALUES(77033, "Brise-siège fer-noir", "Horde de Fer", "", 0, 0, 7, 53608, 0, 0, 0, 0, 0, 0, 0, 0, 0, 72, 0, 7.5, 1, 1, 1, 0, 0, 0, 0, 0, 1, 91, 91, 14, 0, 0, 2000, 2000, 0, 1, 0, 0, 0, 0, 0, 0, 1, 1.428571, 155572, 81173, 121552, 0, 0, 0, 0, 0, 19034);
INSERT INTO creature_template (entry, name, subname, IconName, RacialLeader, family, type, modelid1, modelid2, modelid3, modelid4, questItem1, questItem2, questItem3, questItem4, questItem5, questItem6, unit_flags, unit_flags2, Health_mod, Mana_mod, Armor_mod, rank, KillCredit1, KillCredit2, movementId, npcflag, npcflag2, scale, minlevel, maxlevel, faction, mindmg, maxdmg, baseattacktime, rangeattacktime, attackpower, unit_class, resistance1, resistance2, resistance3, resistance4, resistance5, resistance6, speed_walk, speed_run, spell1, spell2, spell3, spell4, spell5, spell6, spell7, spell8, WDBVerified) VALUES(77034, "Vétéran fer-noir", "Horde de Fer", "", 0, 0, 7, 53662, 53663, 0, 0, 0, 0, 0, 0, 0, 0, 72, 0, 5, 1, 1, 1, 0, 0, 0, 0, 0, 1, 90, 90, 14, 0, 0, 2000, 2000, 0, 1, 0, 0, 0, 0, 0, 0, 1, 1.142857, 155581, 155575, 1604, 121552, 0, 0, 0, 0, 19034);
INSERT INTO creature_template (entry, name, subname, IconName, RacialLeader, family, type, modelid1, modelid2, modelid3, modelid4, questItem1, questItem2, questItem3, questItem4, questItem5, questItem6, unit_flags, unit_flags2, Health_mod, Mana_mod, Armor_mod, rank, KillCredit1, KillCredit2, movementId, npcflag, npcflag2, scale, minlevel, maxlevel, faction, mindmg, maxdmg, baseattacktime, rangeattacktime, attackpower, unit_class, resistance1, resistance2, resistance3, resistance4, resistance5, resistance6, speed_walk, speed_run, spell1, spell2, spell3, spell4, spell5, spell6, spell7, spell8, WDBVerified) VALUES(77035, "Tisseur deffroi fer-noir", "Horde de Fer", "", 0, 0, 7, 53667, 0, 0, 0, 0, 0, 0, 0, 0, 0, 72, 0, 5, 2, 1, 1, 0, 0, 0, 0, 0, 1, 90, 90, 14, 0, 0, 2000, 2000, 0, 8, 0, 0, 0, 0, 0, 0, 1, 1.142857, 155587, 155588, 155586, 45313, 0, 0, 0, 0, 19034);
INSERT INTO creature_template (entry, name, subname, IconName, RacialLeader, family, type, modelid1, modelid2, modelid3, modelid4, questItem1, questItem2, questItem3, questItem4, questItem5, questItem6, unit_flags, unit_flags2, Health_mod, Mana_mod, Armor_mod, rank, KillCredit1, KillCredit2, movementId, npcflag, npcflag2, scale, minlevel, maxlevel, faction, mindmg, maxdmg, baseattacktime, rangeattacktime, attackpower, unit_class, resistance1, resistance2, resistance3, resistance4, resistance5, resistance6, speed_walk, speed_run, spell1, spell2, spell3, spell4, spell5, spell6, spell7, spell8, WDBVerified) VALUES(77036, "Invocatrice fer-noir", "Horde de Fer", "", 0, 0, 7, 53668, 53678, 0, 0, 0, 0, 0, 0, 0, 0, 72, 0, 5, 2, 1, 1, 0, 0, 0, 0, 0, 1, 90, 90, 14, 0, 0, 1500, 2000, 0, 8, 0, 0, 0, 0, 0, 0, 1, 1.142857, 155590, 169151, 169088, 121552, 45313, 155589, 0, 0, 19034);
INSERT INTO creature_template (entry, name, subname, IconName, RacialLeader, family, type, modelid1, modelid2, modelid3, modelid4, questItem1, questItem2, questItem3, questItem4, questItem5, questItem6, unit_flags, unit_flags2, Health_mod, Mana_mod, Armor_mod, rank, KillCredit1, KillCredit2, movementId, npcflag, npcflag2, scale, minlevel, maxlevel, faction, mindmg, maxdmg, baseattacktime, rangeattacktime, attackpower, unit_class, resistance1, resistance2, resistance3, resistance4, resistance5, resistance6, speed_walk, speed_run, spell1, spell2, spell3, spell4, spell5, spell6, spell7, spell8, WDBVerified) VALUES(77037, "Élite fer-noir", "Horde de Fer", "", 0, 0, 7, 53664, 53665, 9734, 9890, 0, 0, 0, 0, 0, 0, 72, 0, 5, 1, 1, 1, 0, 0, 0, 0, 0, 1, 90, 90, 14, 0, 0, 2000, 2000, 0, 1, 0, 0, 0, 0, 0, 0, 1, 1.142857, 155584, 139385, 167259, 121552, 0, 0, 0, 0, 19034);
INSERT INTO creature_template (entry, name, subname, IconName, RacialLeader, family, type, modelid1, modelid2, modelid3, modelid4, questItem1, questItem2, questItem3, questItem4, questItem5, questItem6, unit_flags, unit_flags2, Health_mod, Mana_mod, Armor_mod, rank, KillCredit1, KillCredit2, movementId, npcflag, npcflag2, scale, minlevel, maxlevel, faction, mindmg, maxdmg, baseattacktime, rangeattacktime, attackpower, unit_class, resistance1, resistance2, resistance3, resistance4, resistance5, resistance6, speed_walk, speed_run, spell1, spell2, spell3, spell4, spell5, spell6, spell7, spell8, WDBVerified) VALUES(77075, "Leeroy Jenkins", "", "questinteract", 0, 0, 7, 53652, 0, 0, 0, 0, 0, 0, 0, 0, 0, 0, 0, 5, 0.3, 1, 0, 0, 0, 0, 0, 0, 1, 60, 60, 14, 0, 0, 2000, 2000, 0, 2, 0, 0, 0, 0, 0, 0, 1, 1.142857, 0, 0, 0, 0, 0, 0, 0, 0, 19034);
INSERT INTO creature_template (entry, name, subname, IconName, RacialLeader, family, type, modelid1, modelid2, modelid3, modelid4, questItem1, questItem2, questItem3, questItem4, questItem5, questItem6, unit_flags, unit_flags2, Health_mod, Mana_mod, Armor_mod, rank, KillCredit1, KillCredit2, movementId, npcflag, npcflag2, scale, minlevel, maxlevel, faction, mindmg, maxdmg, baseattacktime, rangeattacktime, attackpower, unit_class, resistance1, resistance2, resistance3, resistance4, resistance5, resistance6, speed_walk, speed_run, spell1, spell2, spell3, spell4, spell5, spell6, spell7, spell8, WDBVerified) VALUES(77096, "Jeune rylak gueule-vile", "", "", 0, 0, 1, 55588, 0, 0, 0, 0, 0, 0, 0, 0, 0, 72, 0, 0.35, 1, 1, 0, 0, 0, 0, 0, 0, 1, 90, 90, 14, 0, 0, 2000, 2000, 0, 1, 0, 0, 0, 0, 0, 0, 1, 1.587143, 161436, 45313, 161406, 0, 0, 0, 0, 0, 19034);
INSERT INTO creature_template (entry, name, subname, IconName, RacialLeader, family, type, modelid1, modelid2, modelid3, modelid4, questItem1, questItem2, questItem3, questItem4, questItem5, questItem6, unit_flags, unit_flags2, Health_mod, Mana_mod, Armor_mod, rank, KillCredit1, KillCredit2, movementId, npcflag, npcflag2, scale, minlevel, maxlevel, faction, mindmg, maxdmg, baseattacktime, rangeattacktime, attackpower, unit_class, resistance1, resistance2, resistance3, resistance4, resistance5, resistance6, speed_walk, speed_run, spell1, spell2, spell3, spell4, spell5, spell6, spell7, spell8, WDBVerified) VALUES(77721, "Grenadier marchefer", "", "", 0, 0, 7, 54019, 0, 0, 0, 0, 0, 0, 0, 0, 0, 0, 0, 1, 1, 1, 0, 0, 0, 0, 0, 0, 1, 90, 90, 14, 0, 0, 2000, 2000, 0, 1, 0, 0, 0, 0, 0, 0, 1, 1.142857, 0, 0, 0, 0, 0, 0, 0, 0, 19034);
INSERT INTO creature_template (entry, name, subname, IconName, RacialLeader, family, type, modelid1, modelid2, modelid3, modelid4, questItem1, questItem2, questItem3, questItem4, questItem5, questItem6, unit_flags, unit_flags2, Health_mod, Mana_mod, Armor_mod, rank, KillCredit1, KillCredit2, movementId, npcflag, npcflag2, scale, minlevel, maxlevel, faction, mindmg, maxdmg, baseattacktime, rangeattacktime, attackpower, unit_class, resistance1, resistance2, resistance3, resistance4, resistance5, resistance6, speed_walk, speed_run, spell1, spell2, spell3, spell4, spell5, spell6, spell7, spell8, WDBVerified) VALUES(79912, "Commandant Tharbek", "Horde de Fer", "", 0, 0, 7, 54712, 0, 0, 0, 0, 0, 0, 0, 0, 0, 2097256, 0, 23, 1, 1, 1, 0, 0, 0, 0, 0, 1, 92, 92, 14, 0, 0, 1500, 2000, 0, 1, 0, 0, 0, 0, 0, 0, 1, 1.142857, 174129, 174138, 174142, 162090, 162085, 161989, 161987, 162000, 19034);
INSERT INTO creature_template (entry, name, subname, IconName, RacialLeader, family, type, modelid1, modelid2, modelid3, modelid4, questItem1, questItem2, questItem3, questItem4, questItem5, questItem6, unit_flags, unit_flags2, Health_mod, Mana_mod, Armor_mod, rank, KillCredit1, KillCredit2, movementId, npcflag, npcflag2, scale, minlevel, maxlevel, faction, mindmg, maxdmg, baseattacktime, rangeattacktime, attackpower, unit_class, resistance1, resistance2, resistance3, resistance4, resistance5, resistance6, speed_walk, speed_run, spell1, spell2, spell3, spell4, spell5, spell6, spell7, spell8, VehicleId, WDBVerified) VALUES(80098, "Saccage-ciel pointefer", "", "", 0, 0, 1, 59180, 0, 0, 0, 0, 0, 0, 0, 0, 0, 2097224, 0, 12, 1, 1, 1, 0, 0, 0, 0, 0, 1, 92, 92, 14, 0, 0, 2000, 2000, 0, 1, 0, 0, 0, 0, 0, 0, 1, 1.385714, 45313, 161824, 161811, 161827, 161884, 161882, 161883, 0, 3551, 19034);
INSERT INTO creature_template (entry, name, subname, IconName, RacialLeader, family, type, modelid1, modelid2, modelid3, modelid4, questItem1, questItem2, questItem3, questItem4, questItem5, questItem6, unit_flags, unit_flags2, Health_mod, Mana_mod, Armor_mod, rank, KillCredit1, KillCredit2, movementId, npcflag, npcflag2, scale, minlevel, maxlevel, faction, mindmg, maxdmg, baseattacktime, rangeattacktime, attackpower, unit_class, resistance1, resistance2, resistance3, resistance4, resistance5, resistance6, speed_walk, speed_run, spell1, spell2, spell3, spell4, spell5, spell6, spell7, spell8, WDBVerified) VALUES(80231, "Incinerating Breath Invisible Stalker", "", "", 0, 0, 10, 16925, 0, 0, 0, 0, 0, 0, 0, 0, 0, 1048576, 0, 1, 1, 1, 0, 0, 0, 0, 0, 0, 1, 1, 1, 14, 0, 0, 2000, 2000, 0, 1, 0, 0, 0, 0, 0, 0, 1, 0.9920629, 0, 0, 0, 0, 0, 0, 0, 0, 19034);
INSERT INTO creature_template (entry, name, subname, IconName, RacialLeader, family, type, modelid1, modelid2, modelid3, modelid4, questItem1, questItem2, questItem3, questItem4, questItem5, questItem6, unit_flags, unit_flags2, Health_mod, Mana_mod, Armor_mod, rank, KillCredit1, KillCredit2, movementId, npcflag, npcflag2, scale, minlevel, maxlevel, faction, mindmg, maxdmg, baseattacktime, rangeattacktime, attackpower, unit_class, resistance1, resistance2, resistance3, resistance4, resistance5, resistance6, speed_walk, speed_run, spell1, spell2, spell3, spell4, spell5, spell6, spell7, spell8, MovementType, WDBVerified) VALUES(80307, "Traqueur à hache en fer imprégné", "", "", 0, 0, 10, 23258, 0, 0, 0, 0, 0, 0, 0, 0, 0, 269484032, 0, 1, 1, 1, 0, 0, 0, 0, 0, 0, 1, 90, 90, 14, 0, 0, 2000, 2000, 0, 1, 0, 0, 0, 0, 0, 0, 1, 1.428571, 162092, 162097, 0, 0, 0, 0, 0, 0, 1, 19034);
INSERT INTO creature_template (entry, name, subname, IconName, RacialLeader, family, type, modelid1, modelid2, modelid3, modelid4, questItem1, questItem2, questItem3, questItem4, questItem5, questItem6, unit_flags, unit_flags2, Health_mod, Mana_mod, Armor_mod, rank, KillCredit1, KillCredit2, movementId, npcflag, npcflag2, scale, minlevel, maxlevel, faction, mindmg, maxdmg, baseattacktime, rangeattacktime, attackpower, unit_class, resistance1, resistance2, resistance3, resistance4, resistance5, resistance6, speed_walk, speed_run, spell1, spell2, spell3, spell4, spell5, spell6, spell7, spell8, WDBVerified) VALUES(80347, "Garde fer-noir", "Horde de Fer", "", 0, 0, 7, 53643, 0, 0, 0, 0, 0, 0, 0, 0, 0, 0, 0, 3, 1, 1, 1, 0, 0, 0, 0, 0, 1, 91, 91, 14, 0, 0, 2000, 2000, 0, 1, 0, 0, 0, 0, 0, 0, 1, 1.142857, 0, 0, 0, 0, 0, 0, 0, 0, 19034);
INSERT INTO creature_template (entry, name, subname, IconName, RacialLeader, family, type, modelid1, modelid2, modelid3, modelid4, questItem1, questItem2, questItem3, questItem4, questItem5, questItem6, unit_flags, unit_flags2, Health_mod, Mana_mod, Armor_mod, rank, KillCredit1, KillCredit2, movementId, npcflag, npcflag2, scale, minlevel, maxlevel, faction, mindmg, maxdmg, baseattacktime, rangeattacktime, attackpower, unit_class, resistance1, resistance2, resistance3, resistance4, resistance5, resistance6, speed_walk, speed_run, spell1, spell2, spell3, spell4, spell5, spell6, spell7, spell8, WDBVerified) VALUES(82556, "Monstruosité drakônide", "", "", 0, 0, 2, 53010, 0, 0, 0, 0, 0, 0, 0, 0, 0, 2097224, 0, 8, 1, 1, 1, 0, 0, 0, 0, 0, 1, 91, 91, 14, 0, 0, 1500, 2000, 0, 1, 0, 0, 0, 0, 0, 0, 1, 1.142857, 155033, 155037, 121552, 0, 0, 0, 0, 0, 19034);
INSERT INTO creature_template (entry, name, subname, IconName, RacialLeader, family, type, modelid1, modelid2, modelid3, modelid4, questItem1, questItem2, questItem3, questItem4, questItem5, questItem6, unit_flags, unit_flags2, Health_mod, Mana_mod, Armor_mod, rank, KillCredit1, KillCredit2, movementId, npcflag, npcflag2, scale, minlevel, maxlevel, faction, mindmg, maxdmg, baseattacktime, rangeattacktime, attackpower, unit_class, resistance1, resistance2, resistance3, resistance4, resistance5, resistance6, speed_walk, speed_run, spell1, spell2, spell3, spell4, spell5, spell6, spell7, spell8, WDBVerified) VALUES(83745, "Dragonnet de Ragevolée", "", "", 0, 0, 2, 53396, 0, 0, 0, 0, 0, 0, 0, 0, 0, 1048576, 0, 1.5, 1, 1, 1, 0, 0, 0, 0, 0, 1, 100, 100, 14, 0, 0, 1500, 2000, 0, 1, 0, 0, 0, 0, 0, 0, 1, 1, 0, 0, 0, 0, 0, 0, 0, 0, 19034);
INSERT INTO creature_template (entry, name, subname, IconName, RacialLeader, family, type, modelid1, modelid2, modelid3, modelid4, questItem1, questItem2, questItem3, questItem4, questItem5, questItem6, unit_flags, unit_flags2, Health_mod, Mana_mod, Armor_mod, rank, KillCredit1, KillCredit2, movementId, npcflag, npcflag2, scale, minlevel, maxlevel, faction, mindmg, maxdmg, baseattacktime, rangeattacktime, attackpower, unit_class, resistance1, resistance2, resistance3, resistance4, resistance5, resistance6, speed_walk, speed_run, spell1, spell2, spell3, spell4, spell5, spell6, spell7, spell8, WDBVerified) VALUES(83752, "Monstruosité drakônide", "", "", 0, 0, 2, 57941, 0, 0, 0, 0, 0, 0, 0, 0, 0, 2097224, 0, 8, 1, 1, 1, 0, 0, 0, 0, 0, 1, 101, 101, 14, 0, 0, 2000, 2000, 0, 1, 0, 0, 0, 0, 0, 0, 1, 1.142857, 0, 0, 0, 0, 0, 0, 0, 0, 19034);
INSERT INTO creature_template (entry, name, subname, IconName, RacialLeader, family, type, modelid1, modelid2, modelid3, modelid4, questItem1, questItem2, questItem3, questItem4, questItem5, questItem6, unit_flags, unit_flags2, Health_mod, Mana_mod, Armor_mod, rank, KillCredit1, KillCredit2, movementId, npcflag, npcflag2, scale, minlevel, maxlevel, faction, mindmg, maxdmg, baseattacktime, rangeattacktime, attackpower, unit_class, resistance1, resistance2, resistance3, resistance4, resistance5, resistance6, speed_walk, speed_run, spell1, spell2, spell3, spell4, spell5, spell6, spell7, spell8, WDBVerified) VALUES(83753, "Réfugié draconide", "", "", 0, 0, 2, 8311, 14544, 9581, 12894, 0, 0, 0, 0, 0, 0, 2097224, 0, 5, 1, 1, 1, 0, 0, 0, 0, 0, 1, 101, 101, 14, 0, 0, 2000, 2000, 0, 1, 0, 0, 0, 0, 0, 0, 1, 1.142857, 0, 0, 0, 0, 0, 0, 0, 0, 19034);
INSERT INTO creature_template (entry, name, subname, IconName, RacialLeader, family, type, modelid1, modelid2, modelid3, modelid4, questItem1, questItem2, questItem3, questItem4, questItem5, questItem6, unit_flags, unit_flags2, Health_mod, Mana_mod, Armor_mod, rank, KillCredit1, KillCredit2, movementId, npcflag, npcflag2, scale, minlevel, maxlevel, faction, mindmg, maxdmg, baseattacktime, rangeattacktime, attackpower, unit_class, resistance1, resistance2, resistance3, resistance4, resistance5, resistance6, speed_walk, speed_run, spell1, spell2, spell3, spell4, spell5, spell6, spell7, spell8, WDBVerified) VALUES(83755, "Réfugié draconide", "", "", 0, 0, 2, 14544, 0, 0, 0, 0, 0, 0, 0, 0, 0, 2097224, 0, 8, 1, 1, 1, 0, 0, 0, 0, 0, 1, 101, 101, 14, 0, 0, 2000, 2000, 0, 1, 0, 0, 0, 0, 0, 0, 1, 1.142857, 0, 0, 0, 0, 0, 0, 0, 0, 19034);
INSERT INTO creature_template (entry, name, subname, IconName, RacialLeader, family, type, modelid1, modelid2, modelid3, modelid4, questItem1, questItem2, questItem3, questItem4, questItem5, questItem6, unit_flags, unit_flags2, Health_mod, Mana_mod, Armor_mod, rank, KillCredit1, KillCredit2, movementId, npcflag, npcflag2, scale, minlevel, maxlevel, faction, mindmg, maxdmg, baseattacktime, rangeattacktime, attackpower, unit_class, resistance1, resistance2, resistance3, resistance4, resistance5, resistance6, speed_walk, speed_run, spell1, spell2, spell3, spell4, spell5, spell6, spell7, spell8, WDBVerified) VALUES(83756, "Réfugié draconide", "", "", 0, 0, 2, 9581, 14544, 9581, 12894, 0, 0, 0, 0, 0, 0, 2097224, 0, 8, 1, 1, 1, 0, 0, 0, 0, 0, 1, 101, 101, 14, 0, 0, 2000, 2000, 0, 1, 0, 0, 0, 0, 0, 0, 1, 1.142857, 0, 0, 0, 0, 0, 0, 0, 0, 19034);
INSERT INTO creature_template (entry, name, subname, IconName, RacialLeader, family, type, modelid1, modelid2, modelid3, modelid4, questItem1, questItem2, questItem3, questItem4, questItem5, questItem6, unit_flags, unit_flags2, Health_mod, Mana_mod, Armor_mod, rank, KillCredit1, KillCredit2, movementId, npcflag, npcflag2, scale, minlevel, maxlevel, faction, mindmg, maxdmg, baseattacktime, rangeattacktime, attackpower, unit_class, resistance1, resistance2, resistance3, resistance4, resistance5, resistance6, speed_walk, speed_run, spell1, spell2, spell3, spell4, spell5, spell6, spell7, spell8, WDBVerified) VALUES(83757, "Réfugié draconide", "", "", 0, 0, 2, 12894, 14544, 9581, 12894, 0, 0, 0, 0, 0, 0, 2097224, 0, 5, 1, 1, 1, 0, 0, 0, 0, 0, 1, 101, 101, 14, 0, 0, 2000, 2000, 0, 1, 0, 0, 0, 0, 0, 0, 1, 1.142857, 0, 0, 0, 0, 0, 0, 0, 0, 19034);
INSERT INTO creature_template (entry, name, subname, IconName, RacialLeader, family, type, modelid1, modelid2, modelid3, modelid4, questItem1, questItem2, questItem3, questItem4, questItem5, questItem6, unit_flags, unit_flags2, Health_mod, Mana_mod, Armor_mod, rank, KillCredit1, KillCredit2, movementId, npcflag, npcflag2, scale, minlevel, maxlevel, faction, mindmg, maxdmg, baseattacktime, rangeattacktime, attackpower, unit_class, resistance1, resistance2, resistance3, resistance4, resistance5, resistance6, speed_walk, speed_run, spell1, spell2, spell3, spell4, spell5, spell6, spell7, spell8, WDBVerified) VALUES(84462, "Vétéran fer-noir", "Horde de Fer", "", 0, 0, 7, 53662, 53663, 0, 0, 0, 0, 0, 0, 0, 0, 72, 0, 5, 1, 1, 1, 0, 0, 0, 0, 0, 1, 90, 90, 14, 0, 0, 2000, 2000, 0, 1, 0, 0, 0, 0, 0, 0, 1, 1.142857, 155581, 0, 0, 0, 0, 0, 0, 0, 19034);
INSERT INTO creature_template (entry, name, subname, IconName, RacialLeader, family, type, modelid1, modelid2, modelid3, modelid4, questItem1, questItem2, questItem3, questItem4, questItem5, questItem6, unit_flags, unit_flags2, Health_mod, Mana_mod, Armor_mod, rank, KillCredit1, KillCredit2, movementId, npcflag, npcflag2, scale, minlevel, maxlevel, faction, mindmg, maxdmg, baseattacktime, rangeattacktime, attackpower, unit_class, resistance1, resistance2, resistance3, resistance4, resistance5, resistance6, speed_walk, speed_run, spell1, spell2, spell3, spell4, spell5, spell6, spell7, spell8, WDBVerified) VALUES(84475, "Tisseur deffroi fer-noir", "Horde de Fer", "", 0, 0, 7, 53667, 0, 0, 0, 0, 0, 0, 0, 0, 0, 72, 0, 5, 2, 1, 1, 0, 0, 0, 0, 0, 1, 90, 90, 14, 0, 0, 2000, 2000, 0, 8, 0, 0, 0, 0, 0, 0, 1, 1.142857, 155587, 155586, 0, 0, 0, 0, 0, 0, 19034);
INSERT INTO creature_template (entry, name, subname, IconName, RacialLeader, family, type, modelid1, modelid2, modelid3, modelid4, questItem1, questItem2, questItem3, questItem4, questItem5, questItem6, unit_flags, unit_flags2, Health_mod, Mana_mod, Armor_mod, rank, KillCredit1, KillCredit2, movementId, npcflag, npcflag2, scale, minlevel, maxlevel, faction, mindmg, maxdmg, baseattacktime, rangeattacktime, attackpower, unit_class, resistance1, resistance2, resistance3, resistance4, resistance5, resistance6, speed_walk, speed_run, spell1, spell2, spell3, spell4, spell5, spell6, spell7, spell8, WDBVerified) VALUES(85188, "Crache-plomb fer-noir", "Horde de Fer", "", 0, 0, 7, 53644, 0, 0, 0, 0, 0, 0, 0, 0, 0, 268435456, 0, 4, 1, 1, 1, 0, 0, 0, 0, 0, 1, 90, 90, 14, 0, 0, 2000, 2000, 0, 1, 0, 0, 0, 0, 0, 0, 1, 1.142857, 0, 0, 0, 0, 0, 0, 0, 0, 19034);
INSERT INTO creature_template (entry, name, subname, IconName, RacialLeader, family, type, modelid1, modelid2, modelid3, modelid4, questItem1, questItem2, questItem3, questItem4, questItem5, questItem6, unit_flags, unit_flags2, Health_mod, Mana_mod, Armor_mod, rank, KillCredit1, KillCredit2, movementId, npcflag, npcflag2, scale, minlevel, maxlevel, faction, mindmg, maxdmg, baseattacktime, rangeattacktime, attackpower, unit_class, resistance1, resistance2, resistance3, resistance4, resistance5, resistance6, speed_walk, speed_run, spell1, spell2, spell3, spell4, spell5, spell6, spell7, spell8, WDBVerified) VALUES(86533, "Awbee", "", "", 0, 0, 2, 38234, 0, 0, 0, 0, 0, 0, 0, 0, 0, 0, 0, 10, 2, 1, 1, 0, 0, 0, 0, 0, 1, 90, 90, 14, 0, 0, 2000, 2000, 0, 1, 0, 0, 0, 0, 0, 0, 1, 1.142857, 177753, 177767, 0, 0, 0, 0, 0, 0, 19034);
INSERT INTO creature_template (entry, name, subname, IconName, RacialLeader, family, type, modelid1, modelid2, modelid3, modelid4, questItem1, questItem2, questItem3, questItem4, questItem5, questItem6, unit_flags, unit_flags2, Health_mod, Mana_mod, Armor_mod, rank, KillCredit1, KillCredit2, movementId, npcflag, npcflag2, scale, minlevel, maxlevel, faction, mindmg, maxdmg, baseattacktime, rangeattacktime, attackpower, unit_class, resistance1, resistance2, resistance3, resistance4, resistance5, resistance6, speed_walk, speed_run, spell1, spell2, spell3, spell4, spell5, spell6, spell7, spell8, WDBVerified) VALUES(77120, "Seigneur de guerre Zaela", "Horde de Fer", "", 0, 0, 7, 54683, 0, 0, 0, 0, 0, 0, 0, 0, 0, 2097256, 0, 40, 1, 1, 1, 0, 0, 0, 0, 0, 1, 102, 102, 14, 0, 0, 1500, 2000, 0, 1, 0, 0, 0, 0, 0, 0, 1, 1.142857, 0, 0, 0, 0, 0, 0, 0, 0, 19034);

INSERT INTO creature_template_addon (entry, mount, bytes1, bytes2, emote, auras) VALUES(76018, 0, 0, 1, 0, "155032");
INSERT INTO creature_template_addon (entry, mount, bytes1, bytes2, emote, auras) VALUES(76021, 0, 0, 1, 0, "0");
INSERT INTO creature_template_addon (entry, mount, bytes1, bytes2, emote, auras) VALUES(76100, 0, 0, 1, 0, "155504");
INSERT INTO creature_template_addon (entry, mount, bytes1, bytes2, emote, auras) VALUES(76101, 0, 0, 1, 0, "0");
INSERT INTO creature_template_addon (entry, mount, bytes1, bytes2, emote, auras) VALUES(76151, 0, 8, 1, 0, "0");
INSERT INTO creature_template_addon (entry, mount, bytes1, bytes2, emote, auras) VALUES(76157, 0, 0, 2, 0, "0");
INSERT INTO creature_template_addon (entry, mount, bytes1, bytes2, emote, auras) VALUES(76176, 0, 0, 1, 0, "153909");
INSERT INTO creature_template_addon (entry, mount, bytes1, bytes2, emote, auras) VALUES(76179, 0, 0, 0, 0, "0");
INSERT INTO creature_template_addon (entry, mount, bytes1, bytes2, emote) VALUES(76222, 0, 0, 1, 0);
INSERT INTO creature_template_addon (entry, mount, bytes1, bytes2, emote, auras) VALUES(76181, 0, 0, 1, 0, "157863 166615 20784 34902 24604");
INSERT INTO creature_template_addon (entry, mount, bytes1, bytes2, emote, auras) VALUES(76314, 0, 0, 1, 0, "154213");
INSERT INTO creature_template_addon (entry, mount, bytes1, bytes2, emote, auras) VALUES(76396, 0, 0, 1, 0, "154226");
INSERT INTO creature_template_addon (entry, mount, bytes1, bytes2, emote, auras) VALUES(76417, 0, 0, 1, 0, "154265");
INSERT INTO creature_template_addon (entry, mount, bytes1, bytes2, emote, auras) VALUES(76773, 0, 0, 1, 469, "0");
INSERT INTO creature_template_addon (entry, mount, bytes1, bytes2, emote, auras) VALUES(77033, 0, 0, 1, 0, "0");
INSERT INTO creature_template_addon (entry, mount, bytes1, bytes2, emote, auras) VALUES(77034, 0, 0, 1, 0, "0");
INSERT INTO creature_template_addon (entry, mount, bytes1, bytes2, emote, auras) VALUES(77035, 0, 0, 1, 0, "0");
INSERT INTO creature_template_addon (entry, mount, bytes1, bytes2, emote, auras) VALUES(77036, 0, 0, 1, 0, "0");
INSERT INTO creature_template_addon (entry, mount, bytes1, bytes2, emote, auras) VALUES(77037, 0, 0, 1, 0, "0");
INSERT INTO creature_template_addon (entry, mount, bytes1, bytes2, emote, auras) VALUES(77075, 0, 0, 1, 0, "29266");
INSERT INTO creature_template_addon (entry, mount, bytes1, bytes2, emote) VALUES(77721, 0, 0, 1, 333);
INSERT INTO creature_template_addon (entry, mount, bytes1, bytes2, emote, auras) VALUES(77096, 0, 0, 1, 0, "161436");
INSERT INTO creature_template_addon (entry, mount, bytes1, bytes2, emote, auras) VALUES(79912, 0, 0, 1, 0, "160145");
INSERT INTO creature_template_addon (entry, mount, bytes1, bytes2, emote, auras) VALUES(80098, 0, 0, 1, 0, "0");
INSERT INTO creature_template_addon (entry, mount, bytes1, bytes2, emote) VALUES(80231, 0, 0, 1, 0);
INSERT INTO creature_template_addon (entry, mount, bytes1, bytes2, emote, auras) VALUES(80307, 0, 0, 1, 0, "162092");
INSERT INTO creature_template_addon (entry, mount, bytes1, bytes2, emote) VALUES(80347, 0, 0, 1, 0);
INSERT INTO creature_template_addon (entry, mount, bytes1, bytes2, emote, auras) VALUES(82556, 0, 0, 1, 0, "155032");
INSERT INTO creature_template_addon (entry, mount, bytes1, bytes2, emote) VALUES(83745, 0, 50331648, 1, 0);
INSERT INTO creature_template_addon (entry, mount, bytes1, bytes2, emote, auras) VALUES(83752, 0, 0, 1, 0, "155032");
INSERT INTO creature_template_addon (entry, mount, bytes1, bytes2, emote) VALUES(83753, 0, 0, 1, 0);
INSERT INTO creature_template_addon (entry, mount, bytes1, bytes2, emote) VALUES(83755, 0, 0, 1, 0);
INSERT INTO creature_template_addon (entry, mount, bytes1, bytes2, emote) VALUES(83756, 0, 0, 1, 0);
INSERT INTO creature_template_addon (entry, mount, bytes1, bytes2, emote) VALUES(83757, 0, 0, 1, 0);
INSERT INTO creature_template_addon (entry, mount, bytes1, bytes2, emote, auras) VALUES(84462, 0, 0, 1, 0, "0");
INSERT INTO creature_template_addon (entry, mount, bytes1, bytes2, emote, auras) VALUES(84475, 0, 0, 1, 0, "0");
INSERT INTO creature_template_addon (entry, mount, bytes1, bytes2, emote) VALUES(85188, 0, 0, 1, 214);
INSERT INTO creature_template_addon (entry, mount, bytes1, bytes2, emote, auras) VALUES(86533, 0, 0, 1, 0, "177753");
INSERT INTO creature_template_addon (entry, mount, bytes1, bytes2, emote) VALUES(77120, 0, 0, 1, 0);

INSERT INTO creature_equip_template (entry, id, itemEntry1, itemEntry2, itemEntry3) VALUES(76100, 1, 3699, 2200, 0);
INSERT INTO creature_equip_template (entry, id, itemEntry1, itemEntry2, itemEntry3) VALUES(76101, 1, 111807, 0, 0);
INSERT INTO creature_equip_template (entry, id, itemEntry1, itemEntry2, itemEntry3) VALUES(76151, 1, 108956, 0, 0);
INSERT INTO creature_equip_template (entry, id, itemEntry1, itemEntry2, itemEntry3) VALUES(76157, 1, 107952, 0, 101405);
INSERT INTO creature_equip_template (entry, id, itemEntry1, itemEntry2, itemEntry3) VALUES(76176, 1, 85199, 85199, 0);
INSERT INTO creature_equip_template (entry, id, itemEntry1, itemEntry2, itemEntry3) VALUES(76179, 1, 106275, 39288, 0);
INSERT INTO creature_equip_template (entry, id, itemEntry1, itemEntry2, itemEntry3) VALUES(76413, 1, 108465, 0, 0);
INSERT INTO creature_equip_template (entry, id, itemEntry1, itemEntry2, itemEntry3) VALUES(76773, 1, 108969, 0, 0);
INSERT INTO creature_equip_template (entry, id, itemEntry1, itemEntry2, itemEntry3) VALUES(77033, 1, 106276, 0, 0);
INSERT INTO creature_equip_template (entry, id, itemEntry1, itemEntry2, itemEntry3) VALUES(77034, 1, 108970, 106112, 0);
INSERT INTO creature_equip_template (entry, id, itemEntry1, itemEntry2, itemEntry3) VALUES(77035, 1, 2559, 0, 0);
INSERT INTO creature_equip_template (entry, id, itemEntry1, itemEntry2, itemEntry3) VALUES(77036, 1, 11343, 0, 0);
INSERT INTO creature_equip_template (entry, id, itemEntry1, itemEntry2, itemEntry3) VALUES(77037, 1, 108971, 0, 0);
INSERT INTO creature_equip_template (entry, id, itemEntry1, itemEntry2, itemEntry3) VALUES(77075, 1, 12583, 0, 0);
INSERT INTO creature_equip_template (entry, id, itemEntry1, itemEntry2, itemEntry3) VALUES(77721, 1, 106275, 49638, 101405);
INSERT INTO creature_equip_template (entry, id, itemEntry1, itemEntry2, itemEntry3) VALUES(79912, 1, 110663, 77403, 0);
INSERT INTO creature_equip_template (entry, id, itemEntry1, itemEntry2, itemEntry3) VALUES(80347, 1, 106275, 39288, 0);
INSERT INTO creature_equip_template (entry, id, itemEntry1, itemEntry2, itemEntry3) VALUES(84462, 1, 108970, 106112, 0);
INSERT INTO creature_equip_template (entry, id, itemEntry1, itemEntry2, itemEntry3) VALUES(84475, 1, 2559, 0, 0);
INSERT INTO creature_equip_template (entry, id, itemEntry1, itemEntry2, itemEntry3) VALUES(85188, 1, 107952, 0, 101405);
INSERT INTO creature_equip_template (entry, id, itemEntry1, itemEntry2, itemEntry3) VALUES(77120, 1, 110590, 0, 0);