REPLACE INTO `creature_template` (`entry`, `difficulty_entry_1`, `difficulty_entry_2`, `difficulty_entry_3`, `KillCredit1`, `KillCredit2`, `modelid1`, `modelid2`, `modelid3`, `modelid4`, `name`, `subname`, `IconName`, `gossip_menu_id`, `minlevel`, `maxlevel`, `exp`, `faction_A`, `faction_H`, `npcflag`, `speed_walk`, `speed_run`, `scale`, `rank`, `mindmg`, `maxdmg`, `dmgschool`, `attackpower`, `dmg_multiplier`, `baseattacktime`, `rangeattacktime`, `unit_class`, `unit_flags`, `unit_flags2`, `dynamicflags`, `family`, `trainer_type`, `trainer_spell`, `trainer_class`, `trainer_race`, `minrangedmg`, `maxrangedmg`, `rangedattackpower`, `type`, `type_flags`, `lootid`, `pickpocketloot`, `skinloot`, `resistance1`, `resistance2`, `resistance3`, `resistance4`, `resistance5`, `resistance6`, `spell1`, `spell2`, `spell3`, `spell4`, `spell5`, `spell6`, `spell7`, `spell8`, `PetSpellDataId`, `VehicleId`, `mingold`, `maxgold`, `AIName`, `MovementType`, `InhabitType`, `HoverHeight`, `Health_mod`, `Mana_mod`, `Armor_mod`, `RacialLeader`, `questItem1`, `questItem2`, `questItem3`, `questItem4`, `questItem5`, `questItem6`, `movementId`, `RegenHealth`, `mechanic_immune_mask`, `flags_extra`, `ScriptName`, `WDBVerified`) VALUES (48139, 49307, 49307, 0, 0, 0, 36026, 0, 0, 0, 'Temple Swiftstalker', '', '', 0, 85, 85, 3, 16, 16, 0, 0.666668, 1.14286, 1, 1, 500, 750, 0, 187, 35, 2000, 2000, 1, 32832, 2048, 12, 0, 0, 0, 0, 0, 400, 600, 150, 7, 72, 48139, 48139, 0, 0, 0, 0, 0, 0, 0, 94971, 89571, 84836, 83877, 0, 0, 0, 0, 0, 0, 12171, 12171, '', 0, 3, 1, 4, 7, 1, 0, 0, 0, 0, 0, 0, 0, 0, 1, 0, 0, 'generic_creature', 15595);


DELETE FROM `creature_loot_template` WHERE (`entry`=48139);
INSERT INTO `creature_loot_template` VALUES 
(48139, 52363, 0.0127, 1, 0, 1, 1),
(48139, 52364, 0.006, 1, 0, 1, 1),
(48139, 52365, 0.0103, 1, 0, 1, 1),
(48139, 52366, 0.006, 1, 0, 1, 1),
(48139, 52367, 0.0085, 1, 0, 1, 1),
(48139, 52368, 0.0091, 1, 0, 1, 1),
(48139, 52370, 0.0073, 1, 0, 1, 1),
(48139, 52371, 0.0054, 1, 0, 1, 1),
(48139, 52373, 0.0075, 1, 0, 1, 1),
(48139, 52375, 0.0103, 1, 0, 1, 1),
(48139, 52378, 0.006, 1, 0, 1, 1),
(48139, 52379, 0.0109, 1, 0, 1, 1),
(48139, 52382, 0.0091, 1, 0, 1, 1),
(48139, 52385, 0.006, 1, 0, 1, 1),
(48139, 52386, 0.0133, 1, 0, 1, 1),
(48139, 52495, 0.0085, 1, 0, 1, 1),
(48139, 52719, 0.018, 1, 0, 1, 1),
(48139, 53010, 37.4, 1, 0, 1, 6),
(48139, 55286, 0.0883, 1, 0, 1, 1),
(48139, 55287, 0.0442, 1, 0, 1, 1),
(48139, 55288, 0.0575, 1, 0, 1, 1),
(48139, 55295, 0.0538, 1, 0, 1, 1),
(48139, 55296, 0.0714, 1, 0, 1, 1),
(48139, 55297, 0.0653, 1, 0, 1, 1),
(48139, 55304, 0.0163, 1, 0, 1, 1),
(48139, 55305, 0.0133, 1, 0, 1, 1),
(48139, 55306, 0.0097, 1, 0, 1, 1),
(48139, 55313, 0.0907, 1, 0, 1, 1),
(48139, 55314, 0.0889, 1, 0, 1, 1),
(48139, 55315, 0.0696, 1, 0, 1, 1),
(48139, 55322, 0.0145, 1, 0, 1, 1),
(48139, 55323, 0.0127, 1, 0, 1, 1),
(48139, 55324, 0.026, 1, 0, 1, 1),
(48139, 55331, 0.0581, 1, 0, 1, 1),
(48139, 55332, 0.0786, 1, 0, 1, 1),
(48139, 55333, 0.0793, 1, 0, 1, 1),
(48139, 55340, 0.072, 1, 0, 1, 1),
(48139, 55341, 0.0417, 1, 0, 1, 1),
(48139, 55342, 0.043, 1, 0, 1, 1),
(48139, 55349, 0.0575, 1, 0, 1, 1),
(48139, 55350, 0.0684, 1, 0, 1, 1),
(48139, 55351, 0.0889, 1, 0, 1, 1),
(48139, 55358, 0.0157, 1, 0, 1, 1),
(48139, 55359, 0.0163, 1, 0, 1, 1),
(48139, 55360, 0.0133, 1, 0, 1, 1),
(48139, 55367, 0.1216, 1, 0, 1, 1),
(48139, 55368, 0.1404, 1, 0, 1, 1),
(48139, 55369, 0.1156, 1, 0, 1, 1),
(48139, 55376, 0.0635, 1, 0, 1, 1),
(48139, 55377, 0.0684, 1, 0, 1, 1),
(48139, 55378, 0.0823, 1, 0, 1, 1),
(48139, 55385, 0.0653, 1, 0, 1, 1),
(48139, 55386, 0.069, 1, 0, 1, 1),
(48139, 55387, 0.0653, 1, 0, 1, 1),
(48139, 55394, 0.0399, 1, 0, 1, 1),
(48139, 55395, 0.0496, 1, 0, 1, 1),
(48139, 55396, 0.0496, 1, 0, 1, 1),
(48139, 55403, 0.1785, 1, 0, 1, 1),
(48139, 55404, 0.2257, 1, 0, 1, 1),
(48139, 55405, 0.1603, 1, 0, 1, 1),
(48139, 55412, 0.049, 1, 0, 1, 1),
(48139, 55413, 0.0696, 1, 0, 1, 1),
(48139, 55414, 0.0375, 1, 0, 1, 1),
(48139, 55421, 0.3188, 1, 0, 1, 1),
(48139, 55422, 0.369, 1, 0, 1, 1),
(48139, 55423, 0.3848, 1, 0, 1, 1),
(48139, 55430, 0.069, 1, 0, 1, 1),
(48139, 55431, 0.0817, 1, 0, 1, 1),
(48139, 55432, 0.0756, 1, 0, 1, 1),
(48139, 55439, 0.2487, 1, 0, 1, 1),
(48139, 55440, 0.2825, 1, 0, 1, 1),
(48139, 55441, 0.2934, 1, 0, 1, 1),
(48139, 55448, 0.043, 1, 0, 1, 1),
(48139, 55449, 0.0514, 1, 0, 1, 1),
(48139, 55450, 0.046, 1, 0, 1, 1),
(48139, 55457, 0.069, 1, 0, 1, 1),
(48139, 55458, 0.0738, 1, 0, 1, 1),
(48139, 55459, 0.0641, 1, 0, 1, 1),
(48139, 55466, 0.0357, 1, 0, 1, 1),
(48139, 55467, 0.052, 1, 0, 1, 1),
(48139, 55468, 0.0363, 1, 0, 1, 1),
(48139, 55475, 0.0121, 1, 0, 1, 1),
(48139, 55476, 0.0097, 1, 0, 1, 1),
(48139, 55477, 0.0157, 1, 0, 1, 1),
(48139, 55484, 0.1821, 1, 0, 1, 1),
(48139, 55485, 0.1694, 1, 0, 1, 1),
(48139, 55486, 0.1797, 1, 0, 1, 1),
(48139, 55493, 0.1077, 1, 0, 1, 1),
(48139, 55494, 0.1119, 1, 0, 1, 1),
(48139, 55495, 0.1101, 1, 0, 1, 1),
(48139, 55502, 0.0907, 1, 0, 1, 1),
(48139, 55503, 0.1174, 1, 0, 1, 1),
(48139, 55504, 0.092, 1, 0, 1, 1),
(48139, 55511, 0.1059, 1, 0, 1, 1),
(48139, 55512, 0.1222, 1, 0, 1, 1),
(48139, 55513, 0.0968, 1, 0, 1, 1),
(48139, 55520, 0.1149, 1, 0, 1, 1),
(48139, 55521, 0.1319, 1, 0, 1, 1),
(48139, 55522, 0.118, 1, 0, 1, 1),
(48139, 55529, 0.1373, 1, 0, 1, 1),
(48139, 55530, 0.1882, 1, 0, 1, 1),
(48139, 55531, 0.1149, 1, 0, 1, 1),
(48139, 55538, 0.1246, 1, 0, 1, 1),
(48139, 55539, 0.1246, 1, 0, 1, 1),
(48139, 55540, 0.1337, 1, 0, 1, 1),
(48139, 55547, 0.1512, 1, 0, 1, 1),
(48139, 55548, 0.1149, 1, 0, 1, 1),
(48139, 55549, 0.1307, 1, 0, 1, 1),
(48139, 55556, 0.1168, 1, 0, 1, 1),
(48139, 55557, 0.1694, 1, 0, 1, 1),
(48139, 55558, 0.1391, 1, 0, 1, 1),
(48139, 55565, 0.1252, 1, 0, 1, 1),
(48139, 55566, 0.1355, 1, 0, 1, 1),
(48139, 55567, 0.1101, 1, 0, 1, 1),
(48139, 55574, 0.1156, 1, 0, 1, 1),
(48139, 55575, 0.1301, 1, 0, 1, 1),
(48139, 55576, 0.101, 1, 0, 1, 1),
(48139, 55583, 0.1186, 1, 0, 1, 1),
(48139, 55584, 0.1561, 1, 0, 1, 1),
(48139, 55585, 0.121, 1, 0, 1, 1),
(48139, 55592, 0.1325, 1, 0, 1, 1),
(48139, 55593, 0.1476, 1, 0, 1, 1),
(48139, 55594, 0.1065, 1, 0, 1, 1),
(48139, 55601, 0.1041, 1, 0, 1, 1),
(48139, 55602, 0.144, 1, 0, 1, 1),
(48139, 55603, 0.1289, 1, 0, 1, 1),
(48139, 55610, 0.1289, 1, 0, 1, 1),
(48139, 55611, 0.1228, 1, 0, 1, 1),
(48139, 55612, 0.1567, 1, 0, 1, 1),
(48139, 55619, 0.1186, 1, 0, 1, 1),
(48139, 55620, 0.1186, 1, 0, 1, 1),
(48139, 55621, 0.1095, 1, 0, 1, 1),
(48139, 55628, 0.1319, 1, 0, 1, 1),
(48139, 55629, 0.1307, 1, 0, 1, 1),
(48139, 55630, 0.1095, 1, 0, 1, 1),
(48139, 55637, 0.1355, 1, 0, 1, 1),
(48139, 55638, 0.0968, 1, 0, 1, 1),
(48139, 55639, 0.1125, 1, 0, 1, 1),
(48139, 55646, 0.0962, 1, 0, 1, 1),
(48139, 55647, 0.0992, 1, 0, 1, 1),
(48139, 55648, 0.1016, 1, 0, 1, 1),
(48139, 55655, 0.1295, 1, 0, 1, 1),
(48139, 55656, 0.1022, 1, 0, 1, 1),
(48139, 55657, 0.1331, 1, 0, 1, 1),
(48139, 55664, 0.1162, 1, 0, 1, 1),
(48139, 55665, 0.1168, 1, 0, 1, 1),
(48139, 55666, 0.1059, 1, 0, 1, 1),
(48139, 55673, 0.1252, 1, 0, 1, 1),
(48139, 55674, 0.141, 1, 0, 1, 1),
(48139, 55675, 0.1331, 1, 0, 1, 1),
(48139, 55682, 0.1131, 1, 0, 1, 1),
(48139, 55683, 0.1228, 1, 0, 1, 1),
(48139, 55684, 0.1561, 1, 0, 1, 1),
(48139, 55691, 0.1295, 1, 0, 1, 1),
(48139, 55692, 0.1452, 1, 0, 1, 1),
(48139, 55693, 0.127, 1, 0, 1, 1),
(48139, 55700, 0.0968, 1, 0, 1, 1),
(48139, 55701, 0.1301, 1, 0, 1, 1),
(48139, 55702, 0.1053, 1, 0, 1, 1),
(48139, 55709, 0.1906, 1, 0, 1, 1),
(48139, 55710, 0.1519, 1, 0, 1, 1),
(48139, 55711, 0.1398, 1, 0, 1, 1),
(48139, 55718, 0.1603, 1, 0, 1, 1),
(48139, 55719, 0.1724, 1, 0, 1, 1),
(48139, 55720, 0.1652, 1, 0, 1, 1),
(48139, 55727, 0.1561, 1, 0, 1, 1),
(48139, 55728, 0.2172, 1, 0, 1, 1),
(48139, 55729, 0.1797, 1, 0, 1, 1),
(48139, 55736, 0.1748, 1, 0, 1, 1),
(48139, 55737, 0.1597, 1, 0, 1, 1),
(48139, 55738, 0.1537, 1, 0, 1, 1),
(48139, 55745, 0.1561, 1, 0, 1, 1),
(48139, 55746, 0.1954, 1, 0, 1, 1),
(48139, 55747, 0.1791, 1, 0, 1, 1),
(48139, 55754, 0.2039, 1, 0, 1, 1),
(48139, 55755, 0.1688, 1, 0, 1, 1),
(48139, 55756, 0.17, 1, 0, 1, 1),
(48139, 55763, 0.1458, 1, 0, 1, 1),
(48139, 55764, 0.2057, 1, 0, 1, 1),
(48139, 55765, 0.1972, 1, 0, 1, 1),
(48139, 55772, 0.1767, 1, 0, 1, 1),
(48139, 55773, 0.1785, 1, 0, 1, 1),
(48139, 55774, 0.1567, 1, 0, 1, 1),
(48139, 56109, 1.1259, 1, 0, 1, 1),
(48139, 56110, 1.0472, 1, 0, 1, 1),
(48139, 56111, 1.1471, 1, 0, 1, 1),
(48139, 58256, 4.3, 1, 0, 1, 1),
(48139, 58268, 7.4952, 1, 0, 1, 1),
(48139, 58269, 30.8585, 1, 0, 1, 1),
(48139, 62063, 0.3993, 1, 0, 1, 1),
(48139, 62064, 0.4283, 1, 0, 1, 1),
(48139, 62065, 0.4259, 1, 0, 1, 1),
(48139, 62066, 0.4229, 1, 0, 1, 1),
(48139, 62067, 0.4737, 1, 0, 1, 1),
(48139, 62068, 0.4622, 1, 0, 1, 1),
(48139, 62069, 0.389, 1, 0, 1, 1),
(48139, 62070, 0.4701, 1, 0, 1, 1),
(48139, 62071, 0.4568, 1, 0, 1, 1),
(48139, 62072, 0.3594, 1, 0, 1, 1),
(48139, 62073, 0.1658, 1, 0, 1, 1),
(48139, 62074, 0.1984, 1, 0, 1, 1),
(48139, 62075, 0.1779, 1, 0, 1, 1),
(48139, 62076, 0.1633, 1, 0, 1, 1),
(48139, 62077, 0.199, 1, 0, 1, 1),
(48139, 62078, 0.1803, 1, 0, 1, 1),
(48139, 62079, 0.1954, 1, 0, 1, 1),
(48139, 62080, 0.2148, 1, 0, 1, 1),
(48139, 62081, 0.1839, 1, 0, 1, 1),
(48139, 62082, 0.2462, 1, 0, 1, 1),
(48139, 62083, 0.2238, 1, 0, 1, 1),
(48139, 62084, 0.1863, 1, 0, 1, 1),
(48139, 62085, 0.1882, 1, 0, 1, 1),
(48139, 62086, 0.193, 1, 0, 1, 1),
(48139, 62087, 0.173, 1, 0, 1, 1),
(48139, 62088, 0.1773, 1, 0, 1, 1),
(48139, 62089, 0.1906, 1, 0, 1, 1),
(48139, 62090, 0.1754, 1, 0, 1, 1),
(48139, 62091, 0.17, 1, 0, 1, 1),
(48139, 62092, 0.1754, 1, 0, 1, 1),
(48139, 62093, 0.1767, 1, 0, 1, 1),
(48139, 62094, 0.1682, 1, 0, 1, 1),
(48139, 62095, 0.1621, 1, 0, 1, 1),
(48139, 62096, 0.1948, 1, 0, 1, 1),
(48139, 62097, 0.2021, 1, 0, 1, 1),
(48139, 62098, 0.164, 1, 0, 1, 1),
(48139, 62099, 0.1857, 1, 0, 1, 1),
(48139, 62100, 0.2117, 1, 0, 1, 1),
(48139, 62101, 0.173, 1, 0, 1, 1),
(48139, 62102, 0.1603, 1, 0, 1, 1),
(48139, 62103, 0.1791, 1, 0, 1, 1),
(48139, 62104, 0.1579, 1, 0, 1, 1),
(48139, 62105, 0.1071, 1, 0, 1, 1),
(48139, 62106, 0.1506, 1, 0, 1, 1),
(48139, 62107, 0.1222, 1, 0, 1, 1),
(48139, 62108, 0.167, 1, 0, 1, 1),
(48139, 62109, 0.1857, 1, 0, 1, 1),
(48139, 62110, 0.1434, 1, 0, 1, 1),
(48139, 62111, 0.121, 1, 0, 1, 1),
(48139, 62112, 0.1633, 1, 0, 1, 1),
(48139, 62113, 0.1543, 1, 0, 1, 1),
(48139, 62114, 0.1404, 1, 0, 1, 1),
(48139, 62115, 0.1597, 1, 0, 1, 1),
(48139, 62116, 0.1313, 1, 0, 1, 1),
(48139, 62117, 0.1355, 1, 0, 1, 1),
(48139, 62118, 0.1633, 1, 0, 1, 1),
(48139, 62119, 0.1337, 1, 0, 1, 1),
(48139, 62120, 0.1361, 1, 0, 1, 1),
(48139, 62121, 0.141, 1, 0, 1, 1),
(48139, 62122, 0.1252, 1, 0, 1, 1),
(48139, 62123, 0.1591, 1, 0, 1, 1),
(48139, 62124, 0.1591, 1, 0, 1, 1),
(48139, 62125, 0.15, 1, 0, 1, 1),
(48139, 62126, 0.1398, 1, 0, 1, 1),
(48139, 62127, 0.1355, 1, 0, 1, 1),
(48139, 62128, 0.1379, 1, 0, 1, 1),
(48139, 62129, 0.1264, 1, 0, 1, 1),
(48139, 62130, 0.1367, 1, 0, 1, 1),
(48139, 62131, 0.1264, 1, 0, 1, 1),
(48139, 62132, 0.1198, 1, 0, 1, 1),
(48139, 62133, 0.1343, 1, 0, 1, 1),
(48139, 62134, 0.1168, 1, 0, 1, 1),
(48139, 62135, 0.1337, 1, 0, 1, 1),
(48139, 62136, 0.1258, 1, 0, 1, 1),
(48139, 63291, 44.3155, 1, 0, 1, 1),
(48139, 63300, 17.4014, 1, 0, 1, 1),
(48139, 63310, 21.3457, 1, 0, 1, 1),
(48139, 63316, 2.3202, 1, 0, 1, 1),
(48139, 63317, 33.8747, 1, 0, 1, 1),
(48139, 63318, 1.6241, 1, 0, 1, 1),
(48139, 63348, 56.3805, 1, 0, 1, 1),
(48139, 63349, 42.9234, 1, 0, 1, 1),
(48139, 66931, 0.0067, 1, 0, 1, 1),
(48139, 66932, 0.0085, 1, 0, 1, 1),
(48139, 66940, 0.0073, 1, 0, 1, 1),
(48139, 66941, 0.0085, 1, 0, 1, 1),
(48139, 66942, 0.0103, 1, 0, 1, 1),
(48139, 66968, 0.0163, 1, 0, 1, 1),
(48139, 66969, 0.0103, 1, 0, 1, 1),
(48139, 66970, 0.0121, 1, 0, 1, 1),
(48139, 66971, 0.0157, 1, 0, 1, 1),
(48139, 66972, 0.0073, 1, 0, 1, 1),
(48139, 66973, 0.0115, 1, 0, 1, 1),
(48139, 66974, 0.0109, 1, 0, 1, 1),
(48139, 66975, 0.0121, 1, 0, 1, 1),
(48139, 66976, 0.0139, 1, 0, 1, 1),
(48139, 66989, 0.0115, 1, 0, 1, 1),
(48139, 66990, 0.0163, 1, 0, 1, 1),
(48139, 66991, 0.0091, 1, 0, 1, 1),
(48139, 66992, 0.0127, 1, 0, 1, 1),
(48139, 66993, 0.0091, 1, 0, 1, 1),
(48139, 66994, 0.0115, 1, 0, 1, 1),
(48139, 67057, 0.0109, 1, 0, 1, 1),
(48139, 67059, 0.0109, 1, 0, 1, 1),
(48139, 67061, 0.0212, 1, 0, 1, 1),
(48139, 67067, 0.0073, 1, 0, 1, 1),
(48139, 67069, 0.0109, 1, 0, 1, 1),
(48139, 67071, 0.0103, 1, 0, 1, 1),
(48139, 67119, 0.0109, 1, 0, 1, 1),
(48139, 67120, 0.0085, 1, 0, 1, 1),
(48139, 67121, 0.0085, 1, 0, 1, 1),
(48139, 67122, 0.0079, 1, 0, 1, 1),
(48139, 67123, 0.0015, 1, 0, 1, 1),
(48139, 67124, 0.0109, 1, 0, 1, 1),
(48139, 67125, 0.0127, 1, 0, 1, 1),
(48139, 67126, 0.0127, 1, 0, 1, 1),
(48139, 67127, 0.0054, 1, 0, 1, 1),
(48139, 67129, 0.0024, 1, 0, 1, 1),
(48139, 67130, 0.0054, 1, 0, 1, 1),
(48139, 67131, 0.0079, 1, 0, 1, 1),
(48139, 67132, 0.0018, 1, 0, 1, 1),
(48139, 67133, 0.0024, 1, 0, 1, 1),
(48139, 67134, 0.0042, 1, 0, 1, 1),
(48139, 67135, 0.003, 1, 0, 1, 1),
(48139, 67136, 0.0018, 1, 0, 1, 1),
(48139, 67137, 0.0054, 1, 0, 1, 1),
(48139, 67138, 0.0024, 1, 0, 1, 1),
(48139, 67139, 0.0012, 1, 0, 1, 1),
(48139, 67140, 0.003, 1, 0, 1, 1),
(48139, 67141, 0.0042, 1, 0, 1, 1),
(48139, 67142, 0.0024, 1, 0, 1, 1),
(48139, 67143, 0.0012, 1, 0, 1, 1),
(48139, 67144, 0.0018, 1, 0, 1, 1),
(48139, 67145, 0.003, 1, 0, 1, 1),
(48139, 67146, 0.0067, 1, 0, 1, 1),
(48139, 67147, 0.0012, 1, 0, 1, 1),
(48139, 67148, 0.003, 1, 0, 1, 1),
(48139, 67149, 0.0024, 1, 0, 1, 1),
(48139, 67150, 0.0036, 1, 0, 1, 1),
(48139, 68197, 5.4, 1, 0, 1, 2),
(48139, 68198, 15.1, 1, 0, 1, 2),
(48139, 68729, 0.7647, 1, 0, 1, 1),
(48139, 68781, 0.0008, 1, 0, 1, 1),
(48139, 68783, 0.0016, 1, 0, 1, 1),
(48139, 68787, 0.0008, 1, 0, 1, 1),
(48139, 68788, 0.0024, 1, 0, 1, 1),
(48139, 68789, 0.003, 1, 0, 1, 1);

DELETE FROM `pickpocketing_loot_template` WHERE (`entry`=48139);
INSERT INTO `pickpocketing_loot_template` VALUES 
(48139, 58269, 15.47, 1, 0, 1, 1),
(48139, 63291, 20.5994, 1, 0, 1, 1),
(48139, 63300, 9.7496, 1, 0, 1, 1),
(48139, 63310, 11.912, 1, 0, 1, 1),
(48139, 63316, 1.7451, 1, 0, 1, 1),
(48139, 63317, 20.22, 1, 0, 1, 1),
(48139, 63318, 0.7587, 1, 0, 1, 1),
(48139, 63348, 27.3141, 1, 0, 1, 1),
(48139, 63349, 42.9234, 1, 0, 1, 1);

REPLACE INTO `creature_template` (`entry`, `difficulty_entry_1`, `difficulty_entry_2`, `difficulty_entry_3`, `KillCredit1`, `KillCredit2`, `modelid1`, `modelid2`, `modelid3`, `modelid4`, `name`, `subname`, `IconName`, `gossip_menu_id`, `minlevel`, `maxlevel`, `exp`, `faction_A`, `faction_H`, `npcflag`, `speed_walk`, `speed_run`, `scale`, `rank`, `mindmg`, `maxdmg`, `dmgschool`, `attackpower`, `dmg_multiplier`, `baseattacktime`, `rangeattacktime`, `unit_class`, `unit_flags`, `unit_flags2`, `dynamicflags`, `family`, `trainer_type`, `trainer_spell`, `trainer_class`, `trainer_race`, `minrangedmg`, `maxrangedmg`, `rangedattackpower`, `type`, `type_flags`, `lootid`, `pickpocketloot`, `skinloot`, `resistance1`, `resistance2`, `resistance3`, `resistance4`, `resistance5`, `resistance6`, `spell1`, `spell2`, `spell3`, `spell4`, `spell5`, `spell6`, `spell7`, `spell8`, `PetSpellDataId`, `VehicleId`, `mingold`, `maxgold`, `AIName`, `MovementType`, `InhabitType`, `HoverHeight`, `Health_mod`, `Mana_mod`, `Armor_mod`, `RacialLeader`, `questItem1`, `questItem2`, `questItem3`, `questItem4`, `questItem5`, `questItem6`, `movementId`, `RegenHealth`, `mechanic_immune_mask`, `flags_extra`, `ScriptName`, `WDBVerified`) VALUES (49307, 0, 0, 0, 0, 0, 36026, 0, 0, 0, 'Temple Swiftstalker (1)', '', '', 0, 85, 85, 3, 16, 16, 0, 0.666668, 1.14286, 1, 1, 500, 750, 0, 187, 35, 2000, 2000, 1, 32832, 2048, 12, 0, 0, 0, 0, 0, 400, 600, 150, 7, 72, 48139, 48139, 0, 0, 0, 0, 0, 0, 0, 94971, 89571, 84836, 83877, 0, 0, 0, 0, 0, 0, 12171, 12171, '', 0, 3, 1, 7, 7, 1, 0, 0, 0, 0, 0, 0, 0, 0, 1, 0, 0, '', 15595);

REPLACE INTO `creature_template` (`entry`, `difficulty_entry_1`, `difficulty_entry_2`, `difficulty_entry_3`, `KillCredit1`, `KillCredit2`, `modelid1`, `modelid2`, `modelid3`, `modelid4`, `name`, `subname`, `IconName`, `gossip_menu_id`, `minlevel`, `maxlevel`, `exp`, `faction_A`, `faction_H`, `npcflag`, `speed_walk`, `speed_run`, `scale`, `rank`, `mindmg`, `maxdmg`, `dmgschool`, `attackpower`, `dmg_multiplier`, `baseattacktime`, `rangeattacktime`, `unit_class`, `unit_flags`, `unit_flags2`, `dynamicflags`, `family`, `trainer_type`, `trainer_spell`, `trainer_class`, `trainer_race`, `minrangedmg`, `maxrangedmg`, `rangedattackpower`, `type`, `type_flags`, `lootid`, `pickpocketloot`, `skinloot`, `resistance1`, `resistance2`, `resistance3`, `resistance4`, `resistance5`, `resistance6`, `spell1`, `spell2`, `spell3`, `spell4`, `spell5`, `spell6`, `spell7`, `spell8`, `PetSpellDataId`, `VehicleId`, `mingold`, `maxgold`, `AIName`, `MovementType`, `InhabitType`, `HoverHeight`, `Health_mod`, `Mana_mod`, `Armor_mod`, `RacialLeader`, `questItem1`, `questItem2`, `questItem3`, `questItem4`, `questItem5`, `questItem6`, `movementId`, `RegenHealth`, `mechanic_immune_mask`, `flags_extra`, `ScriptName`, `WDBVerified`) VALUES (48143, 49310, 49310, 0, 0, 0, 37239, 0, 0, 0, 'Temple Fireshaper', '', '', 0, 85, 85, 3, 16, 16, 0, 0.666668, 1.14286, 1, 1, 465, 697, 0, 174, 37.7, 2000, 2000, 2, 32832, 2048, 12, 0, 0, 0, 0, 0, 372, 558, 139, 7, 72, 48143, 48143, 0, 0, 0, 0, 0, 0, 0, 89547, 89854, 89538, 90023, 0, 0, 0, 0, 0, 0, 12170, 12170, '', 0, 3, 1, 8, 7, 1, 0, 0, 0, 0, 0, 0, 0, 0, 1, 0, 0, 'generic_creature', 15595);

DELETE FROM `creature_loot_template` WHERE (`entry`=48143);
INSERT INTO `creature_loot_template` VALUES 
(48143, 52363, 0.0064, 1, 0, 1, 1),
(48143, 52364, 0.0073, 1, 0, 1, 1),
(48143, 52365, 0.0073, 1, 0, 1, 1),
(48143, 52367, 0.0073, 1, 0, 1, 1),
(48143, 52368, 0.0064, 1, 0, 1, 1),
(48143, 52370, 0.0071, 1, 0, 1, 1),
(48143, 52371, 0.0055, 1, 0, 1, 1),
(48143, 52372, 0.0071, 1, 0, 1, 1),
(48143, 52374, 0.0048, 1, 0, 1, 1),
(48143, 52375, 0.0048, 1, 0, 1, 1),
(48143, 52376, 0.0073, 1, 0, 1, 1),
(48143, 52378, 0.0082, 1, 0, 1, 1),
(48143, 52379, 0.0048, 1, 0, 1, 1),
(48143, 52388, 0.0048, 1, 0, 1, 1),
(48143, 52494, 0.0064, 1, 0, 1, 1),
(48143, 52495, 0.0027, 1, 0, 1, 1),
(48143, 52496, 0.0109, 1, 0, 1, 1),
(48143, 52719, 0.0238, 1, 0, 1, 1),
(48143, 53010, 38.7, 1, 0, 1, 6),
(48143, 55286, 0.071, 1, 0, 1, 1),
(48143, 55287, 0.0446, 1, 0, 1, 1),
(48143, 55288, 0.0546, 1, 0, 1, 1),
(48143, 55295, 0.0682, 1, 0, 1, 1),
(48143, 55296, 0.06, 1, 0, 1, 1),
(48143, 55297, 0.05, 1, 0, 1, 1),
(48143, 55304, 0.0155, 1, 0, 1, 1),
(48143, 55305, 0.0127, 1, 0, 1, 1),
(48143, 55306, 0.0091, 1, 0, 1, 1),
(48143, 55313, 0.0728, 1, 0, 1, 1),
(48143, 55314, 0.0891, 1, 0, 1, 1),
(48143, 55315, 0.0573, 1, 0, 1, 1),
(48143, 55322, 0.0109, 1, 0, 1, 1),
(48143, 55323, 0.0091, 1, 0, 1, 1),
(48143, 55324, 0.0173, 1, 0, 1, 1),
(48143, 55331, 0.0573, 1, 0, 1, 1),
(48143, 55332, 0.0737, 1, 0, 1, 1),
(48143, 55333, 0.0491, 1, 0, 1, 1),
(48143, 55340, 0.0864, 1, 0, 1, 1),
(48143, 55341, 0.0409, 1, 0, 1, 1),
(48143, 55342, 0.0428, 1, 0, 1, 1),
(48143, 55349, 0.0628, 1, 0, 1, 1),
(48143, 55350, 0.0955, 1, 0, 1, 1),
(48143, 55351, 0.07, 1, 0, 1, 1),
(48143, 55358, 0.0082, 1, 0, 1, 1),
(48143, 55359, 0.0146, 1, 0, 1, 1),
(48143, 55360, 0.0164, 1, 0, 1, 1),
(48143, 55367, 0.1173, 1, 0, 1, 1),
(48143, 55368, 0.1273, 1, 0, 1, 1),
(48143, 55369, 0.1273, 1, 0, 1, 1),
(48143, 55376, 0.0664, 1, 0, 1, 1),
(48143, 55377, 0.0637, 1, 0, 1, 1),
(48143, 55378, 0.06, 1, 0, 1, 1),
(48143, 55385, 0.0609, 1, 0, 1, 1),
(48143, 55386, 0.07, 1, 0, 1, 1),
(48143, 55387, 0.0619, 1, 0, 1, 1),
(48143, 55394, 0.0418, 1, 0, 1, 1),
(48143, 55395, 0.0437, 1, 0, 1, 1),
(48143, 55396, 0.0346, 1, 0, 1, 1),
(48143, 55403, 0.1665, 1, 0, 1, 1),
(48143, 55404, 0.1583, 1, 0, 1, 1),
(48143, 55405, 0.1574, 1, 0, 1, 1),
(48143, 55412, 0.0455, 1, 0, 1, 1),
(48143, 55413, 0.0591, 1, 0, 1, 1),
(48143, 55414, 0.0355, 1, 0, 1, 1),
(48143, 55421, 0.2893, 1, 0, 1, 1),
(48143, 55422, 0.3093, 1, 0, 1, 1),
(48143, 55423, 0.2829, 1, 0, 1, 1),
(48143, 55430, 0.0637, 1, 0, 1, 1),
(48143, 55431, 0.0691, 1, 0, 1, 1),
(48143, 55432, 0.0646, 1, 0, 1, 1),
(48143, 55439, 0.1865, 1, 0, 1, 1),
(48143, 55440, 0.2274, 1, 0, 1, 1),
(48143, 55441, 0.2392, 1, 0, 1, 1),
(48143, 55448, 0.0373, 1, 0, 1, 1),
(48143, 55449, 0.0273, 1, 0, 1, 1),
(48143, 55450, 0.0437, 1, 0, 1, 1),
(48143, 55457, 0.0737, 1, 0, 1, 1),
(48143, 55458, 0.0591, 1, 0, 1, 1),
(48143, 55459, 0.0773, 1, 0, 1, 1),
(48143, 55466, 0.0309, 1, 0, 1, 1),
(48143, 55467, 0.0391, 1, 0, 1, 1),
(48143, 55468, 0.0555, 1, 0, 1, 1),
(48143, 55475, 0.0155, 1, 0, 1, 1),
(48143, 55476, 0.0073, 1, 0, 1, 1),
(48143, 55477, 0.0064, 1, 0, 1, 1),
(48143, 55484, 0.1364, 1, 0, 1, 1),
(48143, 55485, 0.1701, 1, 0, 1, 1),
(48143, 55486, 0.1428, 1, 0, 1, 1),
(48143, 55493, 0.091, 1, 0, 1, 1),
(48143, 55494, 0.1064, 1, 0, 1, 1),
(48143, 55495, 0.0991, 1, 0, 1, 1),
(48143, 55502, 0.0864, 1, 0, 1, 1),
(48143, 55503, 0.1155, 1, 0, 1, 1),
(48143, 55504, 0.1055, 1, 0, 1, 1),
(48143, 55511, 0.121, 1, 0, 1, 1),
(48143, 55512, 0.0946, 1, 0, 1, 1),
(48143, 55513, 0.1292, 1, 0, 1, 1),
(48143, 55520, 0.0682, 1, 0, 1, 1),
(48143, 55521, 0.1328, 1, 0, 1, 1),
(48143, 55522, 0.1001, 1, 0, 1, 1),
(48143, 55529, 0.1128, 1, 0, 1, 1),
(48143, 55530, 0.1164, 1, 0, 1, 1),
(48143, 55531, 0.1028, 1, 0, 1, 1),
(48143, 55538, 0.0873, 1, 0, 1, 1),
(48143, 55539, 0.1337, 1, 0, 1, 1),
(48143, 55540, 0.1055, 1, 0, 1, 1),
(48143, 55547, 0.1128, 1, 0, 1, 1),
(48143, 55548, 0.111, 1, 0, 1, 1),
(48143, 55549, 0.131, 1, 0, 1, 1),
(48143, 55556, 0.1474, 1, 0, 1, 1),
(48143, 55557, 0.1119, 1, 0, 1, 1),
(48143, 55558, 0.0919, 1, 0, 1, 1),
(48143, 55565, 0.0864, 1, 0, 1, 1),
(48143, 55566, 0.1273, 1, 0, 1, 1),
(48143, 55567, 0.1073, 1, 0, 1, 1),
(48143, 55574, 0.1046, 1, 0, 1, 1),
(48143, 55575, 0.1328, 1, 0, 1, 1),
(48143, 55576, 0.0873, 1, 0, 1, 1),
(48143, 55583, 0.0982, 1, 0, 1, 1),
(48143, 55584, 0.1073, 1, 0, 1, 1),
(48143, 55585, 0.1001, 1, 0, 1, 1),
(48143, 55592, 0.1146, 1, 0, 1, 1),
(48143, 55593, 0.0937, 1, 0, 1, 1),
(48143, 55594, 0.1164, 1, 0, 1, 1),
(48143, 55601, 0.141, 1, 0, 1, 1),
(48143, 55602, 0.1183, 1, 0, 1, 1),
(48143, 55603, 0.1064, 1, 0, 1, 1),
(48143, 55610, 0.0901, 1, 0, 1, 1),
(48143, 55611, 0.1092, 1, 0, 1, 1),
(48143, 55612, 0.0975, 1, 0, 1, 1),
(48143, 55619, 0.1092, 1, 0, 1, 1),
(48143, 55620, 0.1173, 1, 0, 1, 1),
(48143, 55621, 0.1101, 1, 0, 1, 1),
(48143, 55628, 0.091, 1, 0, 1, 1),
(48143, 55629, 0.1137, 1, 0, 1, 1),
(48143, 55630, 0.1119, 1, 0, 1, 1),
(48143, 55637, 0.1037, 1, 0, 1, 1),
(48143, 55638, 0.0882, 1, 0, 1, 1),
(48143, 55639, 0.0928, 1, 0, 1, 1),
(48143, 55646, 0.0855, 1, 0, 1, 1),
(48143, 55647, 0.1237, 1, 0, 1, 1),
(48143, 55648, 0.1101, 1, 0, 1, 1),
(48143, 55655, 0.0991, 1, 0, 1, 1),
(48143, 55656, 0.1237, 1, 0, 1, 1),
(48143, 55657, 0.0964, 1, 0, 1, 1),
(48143, 55664, 0.0991, 1, 0, 1, 1),
(48143, 55665, 0.1101, 1, 0, 1, 1),
(48143, 55666, 0.0955, 1, 0, 1, 1),
(48143, 55673, 0.1273, 1, 0, 1, 1),
(48143, 55674, 0.131, 1, 0, 1, 1),
(48143, 55675, 0.1119, 1, 0, 1, 1),
(48143, 55682, 0.0955, 1, 0, 1, 1),
(48143, 55683, 0.1292, 1, 0, 1, 1),
(48143, 55684, 0.1019, 1, 0, 1, 1),
(48143, 55691, 0.1346, 1, 0, 1, 1),
(48143, 55692, 0.1283, 1, 0, 1, 1),
(48143, 55693, 0.0946, 1, 0, 1, 1),
(48143, 55700, 0.101, 1, 0, 1, 1),
(48143, 55701, 0.0982, 1, 0, 1, 1),
(48143, 55702, 0.0901, 1, 0, 1, 1),
(48143, 55709, 0.1374, 1, 0, 1, 1),
(48143, 55710, 0.1283, 1, 0, 1, 1),
(48143, 55711, 0.1528, 1, 0, 1, 1),
(48143, 55718, 0.1483, 1, 0, 1, 1),
(48143, 55719, 0.1501, 1, 0, 1, 1),
(48143, 55720, 0.1455, 1, 0, 1, 1),
(48143, 55727, 0.1128, 1, 0, 1, 1),
(48143, 55728, 0.1792, 1, 0, 1, 1),
(48143, 55729, 0.1474, 1, 0, 1, 1),
(48143, 55736, 0.1501, 1, 0, 1, 1),
(48143, 55737, 0.1465, 1, 0, 1, 1),
(48143, 55738, 0.1792, 1, 0, 1, 1),
(48143, 55745, 0.1828, 1, 0, 1, 1),
(48143, 55746, 0.1519, 1, 0, 1, 1),
(48143, 55747, 0.1419, 1, 0, 1, 1),
(48143, 55754, 0.201, 1, 0, 1, 1),
(48143, 55755, 0.171, 1, 0, 1, 1),
(48143, 55756, 0.1592, 1, 0, 1, 1),
(48143, 55763, 0.1474, 1, 0, 1, 1),
(48143, 55764, 0.2238, 1, 0, 1, 1),
(48143, 55765, 0.1628, 1, 0, 1, 1),
(48143, 55772, 0.1828, 1, 0, 1, 1),
(48143, 55773, 0.1674, 1, 0, 1, 1),
(48143, 55774, 0.1364, 1, 0, 1, 1),
(48143, 56109, 0.9979, 1, 0, 1, 1),
(48143, 56110, 1.0725, 1, 0, 1, 1),
(48143, 56111, 1.0388, 1, 0, 1, 1),
(48143, 58256, 4, 1, 0, 1, 1),
(48143, 58268, 7.6525, 1, 0, 1, 1),
(48143, 58269, 43.1746, 1, 0, 1, 1),
(48143, 62063, 0.4366, 1, 0, 1, 1),
(48143, 62064, 0.392, 1, 0, 1, 1),
(48143, 62065, 0.3839, 1, 0, 1, 1),
(48143, 62066, 0.4539, 1, 0, 1, 1),
(48143, 62067, 0.4303, 1, 0, 1, 1),
(48143, 62068, 0.4685, 1, 0, 1, 1),
(48143, 62069, 0.383, 1, 0, 1, 1),
(48143, 62070, 0.4685, 1, 0, 1, 1),
(48143, 62071, 0.4412, 1, 0, 1, 1),
(48143, 62072, 0.4093, 1, 0, 1, 1),
(48143, 62073, 0.1856, 1, 0, 1, 1),
(48143, 62074, 0.1951, 1, 0, 1, 1),
(48143, 62075, 0.1546, 1, 0, 1, 1),
(48143, 62076, 0.1901, 1, 0, 1, 1),
(48143, 62077, 0.2065, 1, 0, 1, 1),
(48143, 62078, 0.1983, 1, 0, 1, 1),
(48143, 62079, 0.1892, 1, 0, 1, 1),
(48143, 62080, 0.1892, 1, 0, 1, 1),
(48143, 62081, 0.176, 1, 0, 1, 1),
(48143, 62082, 0.2292, 1, 0, 1, 1),
(48143, 62083, 0.2138, 1, 0, 1, 1),
(48143, 62084, 0.1583, 1, 0, 1, 1),
(48143, 62085, 0.1719, 1, 0, 1, 1),
(48143, 62086, 0.2401, 1, 0, 1, 1),
(48143, 62087, 0.2229, 1, 0, 1, 1),
(48143, 62088, 0.191, 1, 0, 1, 1),
(48143, 62089, 0.1719, 1, 0, 1, 1),
(48143, 62090, 0.1774, 1, 0, 1, 1),
(48143, 62091, 0.1856, 1, 0, 1, 1),
(48143, 62092, 0.2292, 1, 0, 1, 1),
(48143, 62093, 0.1965, 1, 0, 1, 1),
(48143, 62094, 0.191, 1, 0, 1, 1),
(48143, 62095, 0.1628, 1, 0, 1, 1),
(48143, 62096, 0.2092, 1, 0, 1, 1),
(48143, 62097, 0.1956, 1, 0, 1, 1),
(48143, 62098, 0.1919, 1, 0, 1, 1),
(48143, 62099, 0.1756, 1, 0, 1, 1),
(48143, 62100, 0.1828, 1, 0, 1, 1),
(48143, 62101, 0.1892, 1, 0, 1, 1),
(48143, 62102, 0.1637, 1, 0, 1, 1),
(48143, 62103, 0.2019, 1, 0, 1, 1),
(48143, 62104, 0.1801, 1, 0, 1, 1),
(48143, 62105, 0.1519, 1, 0, 1, 1),
(48143, 62106, 0.1328, 1, 0, 1, 1),
(48143, 62107, 0.1337, 1, 0, 1, 1),
(48143, 62108, 0.1201, 1, 0, 1, 1),
(48143, 62109, 0.1092, 1, 0, 1, 1),
(48143, 62110, 0.1201, 1, 0, 1, 1),
(48143, 62111, 0.1519, 1, 0, 1, 1),
(48143, 62112, 0.1646, 1, 0, 1, 1),
(48143, 62113, 0.1128, 1, 0, 1, 1),
(48143, 62114, 0.1355, 1, 0, 1, 1),
(48143, 62115, 0.131, 1, 0, 1, 1),
(48143, 62116, 0.1528, 1, 0, 1, 1),
(48143, 62117, 0.1501, 1, 0, 1, 1),
(48143, 62118, 0.1428, 1, 0, 1, 1),
(48143, 62119, 0.141, 1, 0, 1, 1),
(48143, 62120, 0.1237, 1, 0, 1, 1),
(48143, 62121, 0.1092, 1, 0, 1, 1),
(48143, 62122, 0.1592, 1, 0, 1, 1),
(48143, 62123, 0.1346, 1, 0, 1, 1),
(48143, 62124, 0.1965, 1, 0, 1, 1),
(48143, 62125, 0.1301, 1, 0, 1, 1),
(48143, 62126, 0.1674, 1, 0, 1, 1),
(48143, 62127, 0.1555, 1, 0, 1, 1),
(48143, 62128, 0.1364, 1, 0, 1, 1),
(48143, 62129, 0.1465, 1, 0, 1, 1),
(48143, 62130, 0.1228, 1, 0, 1, 1),
(48143, 62131, 0.1419, 1, 0, 1, 1),
(48143, 62132, 0.1519, 1, 0, 1, 1),
(48143, 62133, 0.1301, 1, 0, 1, 1),
(48143, 62134, 0.1328, 1, 0, 1, 1),
(48143, 62135, 0.1337, 1, 0, 1, 1),
(48143, 62136, 0.1337, 1, 0, 1, 1),
(48143, 63291, 24.127, 1, 0, 1, 1),
(48143, 63300, 12.0635, 1, 0, 1, 1),
(48143, 63310, 18.4127, 1, 0, 1, 1),
(48143, 63316, 3.8095, 1, 0, 1, 1),
(48143, 63317, 41.2698, 1, 0, 1, 1),
(48143, 63318, 14.6032, 1, 0, 1, 1),
(48143, 63348, 62.8571, 1, 0, 1, 1),
(48143, 63349, 37.4603, 1, 0, 1, 1),
(48143, 66931, 0.01, 1, 0, 1, 1),
(48143, 66932, 0.0109, 1, 0, 1, 1),
(48143, 66940, 0.0073, 1, 0, 1, 1),
(48143, 66941, 0.0048, 1, 0, 1, 1),
(48143, 66942, 0.0082, 1, 0, 1, 1),
(48143, 66968, 0.0182, 1, 0, 1, 1),
(48143, 66969, 0.01, 1, 0, 1, 1),
(48143, 66970, 0.0127, 1, 0, 1, 1),
(48143, 66971, 0.0127, 1, 0, 1, 1),
(48143, 66972, 0.0091, 1, 0, 1, 1),
(48143, 66973, 0.0055, 1, 0, 1, 1),
(48143, 66974, 0.0082, 1, 0, 1, 1),
(48143, 66975, 0.0109, 1, 0, 1, 1),
(48143, 66976, 0.0073, 1, 0, 1, 1),
(48143, 66989, 0.0055, 1, 0, 1, 1),
(48143, 66990, 0.0045, 1, 0, 1, 1),
(48143, 66991, 0.0118, 1, 0, 1, 1),
(48143, 66992, 0.0091, 1, 0, 1, 1),
(48143, 66993, 0.0109, 1, 0, 1, 1),
(48143, 66994, 0.0091, 1, 0, 1, 1),
(48143, 67057, 0.0024, 1, 0, 1, 1),
(48143, 67059, 0.0082, 1, 0, 1, 1),
(48143, 67061, 0.0045, 1, 0, 1, 1),
(48143, 67067, 0.0055, 1, 0, 1, 1),
(48143, 67069, 0.0164, 1, 0, 1, 1),
(48143, 67071, 0.0155, 1, 0, 1, 1),
(48143, 67119, 0.0064, 1, 0, 1, 1),
(48143, 67120, 0.0064, 1, 0, 1, 1),
(48143, 67121, 0.01, 1, 0, 1, 1),
(48143, 67122, 0.0091, 1, 0, 1, 1),
(48143, 67123, 0.0055, 1, 0, 1, 1),
(48143, 67124, 0.0073, 1, 0, 1, 1),
(48143, 67125, 0.01, 1, 0, 1, 1),
(48143, 67126, 0.0118, 1, 0, 1, 1),
(48143, 67127, 0.0064, 1, 0, 1, 1),
(48143, 67129, 0.0036, 1, 0, 1, 1),
(48143, 67130, 0.0018, 1, 0, 1, 1),
(48143, 67131, 0.0009, 1, 0, 1, 1),
(48143, 67132, 0.0009, 1, 0, 1, 1),
(48143, 67133, 0.0027, 1, 0, 1, 1),
(48143, 67134, 0.0018, 1, 0, 1, 1),
(48143, 67135, 0.0018, 1, 0, 1, 1),
(48143, 67136, 0.0027, 1, 0, 1, 1),
(48143, 67137, 0.0009, 1, 0, 1, 1),
(48143, 67138, 0.0009, 1, 0, 1, 1),
(48143, 67139, 0.0018, 1, 0, 1, 1),
(48143, 67140, 0.0027, 1, 0, 1, 1),
(48143, 67141, 0.0027, 1, 0, 1, 1),
(48143, 67142, 0.0064, 1, 0, 1, 1),
(48143, 67143, 0.0036, 1, 0, 1, 1),
(48143, 67144, 0.0009, 1, 0, 1, 1),
(48143, 67145, 0.0082, 1, 0, 1, 1),
(48143, 67146, 0.0024, 1, 0, 1, 1),
(48143, 67147, 0.0018, 1, 0, 1, 1),
(48143, 67148, 0.0009, 1, 0, 1, 1),
(48143, 67149, 0.0036, 1, 0, 1, 1),
(48143, 67150, 0.0045, 1, 0, 1, 1),
(48143, 67539, 0.0547, 1, 0, 1, 1),
(48143, 68197, 5.4, 1, 0, 1, 2),
(48143, 68198, 15.6893, 1, 0, 1, 1),
(48143, 68729, 0.7041, 1, 0, 1, 1),
(48143, 68781, 0.0012, 1, 0, 1, 1),
(48143, 68782, 0.0036, 1, 0, 1, 1),
(48143, 68783, 0.0027, 1, 0, 1, 1),
(48143, 68789, 0.0036, 1, 0, 1, 1);

DELETE FROM `pickpocketing_loot_template` WHERE (`entry`=48143);
INSERT INTO `pickpocketing_loot_template` VALUES 
(48143, 58269, 22.9479, 1, 0, 1, 1),
(48143, 63291, 24.127, 1, 0, 1, 1),
(48143, 63300, 12.0635, 1, 0, 1, 1),
(48143, 63310, 10.2262, 1, 0, 1, 1),
(48143, 63316, 1.5733, 1, 0, 1, 1),
(48143, 63317, 19.3707, 1, 0, 1, 1),
(48143, 63318, 5.8014, 1, 0, 1, 1),
(48143, 63348, 24.9754, 1, 0, 1, 1),
(48143, 63349, 37.4603, 1, 0, 1, 1);

REPLACE INTO `creature_template` (`entry`, `difficulty_entry_1`, `difficulty_entry_2`, `difficulty_entry_3`, `KillCredit1`, `KillCredit2`, `modelid1`, `modelid2`, `modelid3`, `modelid4`, `name`, `subname`, `IconName`, `gossip_menu_id`, `minlevel`, `maxlevel`, `exp`, `faction_A`, `faction_H`, `npcflag`, `speed_walk`, `speed_run`, `scale`, `rank`, `mindmg`, `maxdmg`, `dmgschool`, `attackpower`, `dmg_multiplier`, `baseattacktime`, `rangeattacktime`, `unit_class`, `unit_flags`, `unit_flags2`, `dynamicflags`, `family`, `trainer_type`, `trainer_spell`, `trainer_class`, `trainer_race`, `minrangedmg`, `maxrangedmg`, `rangedattackpower`, `type`, `type_flags`, `lootid`, `pickpocketloot`, `skinloot`, `resistance1`, `resistance2`, `resistance3`, `resistance4`, `resistance5`, `resistance6`, `spell1`, `spell2`, `spell3`, `spell4`, `spell5`, `spell6`, `spell7`, `spell8`, `PetSpellDataId`, `VehicleId`, `mingold`, `maxgold`, `AIName`, `MovementType`, `InhabitType`, `HoverHeight`, `Health_mod`, `Mana_mod`, `Armor_mod`, `RacialLeader`, `questItem1`, `questItem2`, `questItem3`, `questItem4`, `questItem5`, `questItem6`, `movementId`, `RegenHealth`, `mechanic_immune_mask`, `flags_extra`, `ScriptName`, `WDBVerified`) VALUES (49310, 0, 0, 0, 0, 0, 37239, 0, 0, 0, 'Temple Fireshaper (1)', '', '', 0, 85, 85, 3, 16, 16, 0, 0.666668, 1.14286, 1, 1, 465, 697, 0, 174, 37.7, 2000, 2000, 2, 32832, 2048, 12, 0, 0, 0, 0, 0, 372, 558, 139, 7, 72, 48143, 48143, 0, 0, 0, 0, 0, 0, 0, 89547, 89854, 89538, 90023, 0, 0, 0, 0, 0, 0, 12170, 12170, '', 0, 3, 1, 15, 7, 1, 0, 0, 0, 0, 0, 0, 0, 0, 1, 0, 0, '', 15595);

REPLACE INTO `creature_template` (`entry`, `difficulty_entry_1`, `difficulty_entry_2`, `difficulty_entry_3`, `KillCredit1`, `KillCredit2`, `modelid1`, `modelid2`, `modelid3`, `modelid4`, `name`, `subname`, `IconName`, `gossip_menu_id`, `minlevel`, `maxlevel`, `exp`, `faction_A`, `faction_H`, `npcflag`, `speed_walk`, `speed_run`, `scale`, `rank`, `mindmg`, `maxdmg`, `dmgschool`, `attackpower`, `dmg_multiplier`, `baseattacktime`, `rangeattacktime`, `unit_class`, `unit_flags`, `unit_flags2`, `dynamicflags`, `family`, `trainer_type`, `trainer_spell`, `trainer_class`, `trainer_race`, `minrangedmg`, `maxrangedmg`, `rangedattackpower`, `type`, `type_flags`, `lootid`, `pickpocketloot`, `skinloot`, `resistance1`, `resistance2`, `resistance3`, `resistance4`, `resistance5`, `resistance6`, `spell1`, `spell2`, `spell3`, `spell4`, `spell5`, `spell6`, `spell7`, `spell8`, `PetSpellDataId`, `VehicleId`, `mingold`, `maxgold`, `AIName`, `MovementType`, `InhabitType`, `HoverHeight`, `Health_mod`, `Mana_mod`, `Armor_mod`, `RacialLeader`, `questItem1`, `questItem2`, `questItem3`, `questItem4`, `questItem5`, `questItem6`, `movementId`, `RegenHealth`, `mechanic_immune_mask`, `flags_extra`, `ScriptName`, `WDBVerified`) VALUES (48141, 49309, 49309, 0, 0, 0, 36024, 0, 0, 0, 'Temple Shadowlancer', '', '', 0, 85, 85, 3, 16, 16, 0, 0.666668, 1.14286, 1, 1, 500, 750, 0, 187, 35, 2000, 2000, 1, 32832, 2048, 12, 0, 0, 0, 0, 0, 400, 600, 150, 7, 72, 48141, 48141, 0, 0, 0, 0, 0, 0, 0, 89560, 89555, 0, 0, 0, 0, 0, 0, 0, 0, 12169, 12169, '', 0, 3, 1, 4, 7, 1, 0, 0, 0, 0, 0, 0, 0, 0, 1, 0, 0, 'generic_creature', 15595);

DELETE FROM `creature_loot_template` WHERE (`entry`=48141);
INSERT INTO `creature_loot_template` VALUES 
(48141, 52363, 0.0045, 1, 0, 1, 1),
(48141, 52364, 0.0073, 1, 0, 1, 1),
(48141, 52366, 0.0045, 1, 0, 1, 1),
(48141, 52367, 0.0062, 1, 0, 1, 1),
(48141, 52369, 0.0084, 1, 0, 1, 1),
(48141, 52371, 0.008, 1, 0, 1, 1),
(48141, 52372, 0.0055, 1, 0, 1, 1),
(48141, 52374, 0.0072, 1, 0, 1, 1),
(48141, 52375, 0.0066, 1, 0, 1, 1),
(48141, 52376, 0.0062, 1, 0, 1, 1),
(48141, 52377, 0.0054, 1, 0, 1, 1),
(48141, 52378, 0.0091, 1, 0, 1, 1),
(48141, 52379, 0.0072, 1, 0, 1, 1),
(48141, 52382, 0.0066, 1, 0, 1, 1),
(48141, 52383, 0.0113, 1, 0, 1, 1),
(48141, 52385, 0.0054, 1, 0, 1, 1),
(48141, 52386, 0.008, 1, 0, 1, 1),
(48141, 52388, 0.0045, 1, 0, 1, 1),
(48141, 52494, 0.0025, 1, 0, 1, 1),
(48141, 52495, 0.0047, 1, 0, 1, 1),
(48141, 52496, 0.0063, 1, 0, 1, 1),
(48141, 52719, 0.019, 1, 0, 1, 1),
(48141, 53010, 36.6, 1, 0, 1, 6),
(48141, 55286, 0.0459, 1, 0, 1, 1),
(48141, 55287, 0.0586, 1, 0, 1, 1),
(48141, 55288, 0.0513, 1, 0, 1, 1),
(48141, 55295, 0.0652, 1, 0, 1, 1),
(48141, 55296, 0.0674, 1, 0, 1, 1),
(48141, 55297, 0.0615, 1, 0, 1, 1),
(48141, 55304, 0.0113, 1, 0, 1, 1),
(48141, 55305, 0.0135, 1, 0, 1, 1),
(48141, 55306, 0.0138, 1, 0, 1, 1),
(48141, 55313, 0.0532, 1, 0, 1, 1),
(48141, 55314, 0.0914, 1, 0, 1, 1),
(48141, 55315, 0.0761, 1, 0, 1, 1),
(48141, 55322, 0.0146, 1, 0, 1, 1),
(48141, 55323, 0.016, 1, 0, 1, 1),
(48141, 55324, 0.0127, 1, 0, 1, 1),
(48141, 55331, 0.0732, 1, 0, 1, 1),
(48141, 55332, 0.0634, 1, 0, 1, 1),
(48141, 55333, 0.0648, 1, 0, 1, 1),
(48141, 55340, 0.0437, 1, 0, 1, 1),
(48141, 55341, 0.0499, 1, 0, 1, 1),
(48141, 55342, 0.067, 1, 0, 1, 1),
(48141, 55349, 0.0634, 1, 0, 1, 1),
(48141, 55350, 0.0834, 1, 0, 1, 1),
(48141, 55351, 0.0623, 1, 0, 1, 1),
(48141, 55358, 0.008, 1, 0, 1, 1),
(48141, 55359, 0.0098, 1, 0, 1, 1),
(48141, 55360, 0.0135, 1, 0, 1, 1),
(48141, 55367, 0.1329, 1, 0, 1, 1),
(48141, 55368, 0.126, 1, 0, 1, 1),
(48141, 55369, 0.1034, 1, 0, 1, 1),
(48141, 55376, 0.0757, 1, 0, 1, 1),
(48141, 55377, 0.0936, 1, 0, 1, 1),
(48141, 55378, 0.0783, 1, 0, 1, 1),
(48141, 55385, 0.0852, 1, 0, 1, 1),
(48141, 55386, 0.0983, 1, 0, 1, 1),
(48141, 55387, 0.0714, 1, 0, 1, 1),
(48141, 55394, 0.0444, 1, 0, 1, 1),
(48141, 55395, 0.0444, 1, 0, 1, 1),
(48141, 55396, 0.0492, 1, 0, 1, 1),
(48141, 55403, 0.1431, 1, 0, 1, 1),
(48141, 55404, 0.1788, 1, 0, 1, 1),
(48141, 55405, 0.1882, 1, 0, 1, 1),
(48141, 55412, 0.0466, 1, 0, 1, 1),
(48141, 55413, 0.0517, 1, 0, 1, 1),
(48141, 55414, 0.0477, 1, 0, 1, 1),
(48141, 55421, 0.3375, 1, 0, 1, 1),
(48141, 55422, 0.3492, 1, 0, 1, 1),
(48141, 55423, 0.3179, 1, 0, 1, 1),
(48141, 55430, 0.0845, 1, 0, 1, 1),
(48141, 55431, 0.0801, 1, 0, 1, 1),
(48141, 55432, 0.071, 1, 0, 1, 1),
(48141, 55439, 0.2935, 1, 0, 1, 1),
(48141, 55440, 0.2323, 1, 0, 1, 1),
(48141, 55441, 0.2749, 1, 0, 1, 1),
(48141, 55448, 0.0619, 1, 0, 1, 1),
(48141, 55449, 0.0506, 1, 0, 1, 1),
(48141, 55450, 0.0546, 1, 0, 1, 1),
(48141, 55457, 0.0885, 1, 0, 1, 1),
(48141, 55458, 0.0907, 1, 0, 1, 1),
(48141, 55459, 0.0768, 1, 0, 1, 1),
(48141, 55466, 0.0397, 1, 0, 1, 1),
(48141, 55467, 0.055, 1, 0, 1, 1),
(48141, 55468, 0.0419, 1, 0, 1, 1),
(48141, 55475, 0.0087, 1, 0, 1, 1),
(48141, 55476, 0.0095, 1, 0, 1, 1),
(48141, 55477, 0.0073, 1, 0, 1, 1),
(48141, 55484, 0.1897, 1, 0, 1, 1),
(48141, 55485, 0.1912, 1, 0, 1, 1),
(48141, 55486, 0.1668, 1, 0, 1, 1),
(48141, 55493, 0.122, 1, 0, 1, 1),
(48141, 55494, 0.1598, 1, 0, 1, 1),
(48141, 55495, 0.1194, 1, 0, 1, 1),
(48141, 55502, 0.1132, 1, 0, 1, 1),
(48141, 55503, 0.1169, 1, 0, 1, 1),
(48141, 55504, 0.1151, 1, 0, 1, 1),
(48141, 55511, 0.1351, 1, 0, 1, 1),
(48141, 55512, 0.1282, 1, 0, 1, 1),
(48141, 55513, 0.1165, 1, 0, 1, 1),
(48141, 55520, 0.1202, 1, 0, 1, 1),
(48141, 55521, 0.1256, 1, 0, 1, 1),
(48141, 55522, 0.1213, 1, 0, 1, 1),
(48141, 55529, 0.1369, 1, 0, 1, 1),
(48141, 55530, 0.1274, 1, 0, 1, 1),
(48141, 55531, 0.1296, 1, 0, 1, 1),
(48141, 55538, 0.118, 1, 0, 1, 1),
(48141, 55539, 0.1358, 1, 0, 1, 1),
(48141, 55540, 0.1358, 1, 0, 1, 1),
(48141, 55547, 0.1172, 1, 0, 1, 1),
(48141, 55548, 0.1238, 1, 0, 1, 1),
(48141, 55549, 0.1263, 1, 0, 1, 1),
(48141, 55556, 0.1398, 1, 0, 1, 1),
(48141, 55557, 0.1245, 1, 0, 1, 1),
(48141, 55558, 0.1089, 1, 0, 1, 1),
(48141, 55565, 0.122, 1, 0, 1, 1),
(48141, 55566, 0.1125, 1, 0, 1, 1),
(48141, 55567, 0.1282, 1, 0, 1, 1),
(48141, 55574, 0.114, 1, 0, 1, 1),
(48141, 55575, 0.1107, 1, 0, 1, 1),
(48141, 55576, 0.1329, 1, 0, 1, 1),
(48141, 55583, 0.1118, 1, 0, 1, 1),
(48141, 55584, 0.1395, 1, 0, 1, 1),
(48141, 55585, 0.1256, 1, 0, 1, 1),
(48141, 55592, 0.1172, 1, 0, 1, 1),
(48141, 55593, 0.146, 1, 0, 1, 1),
(48141, 55594, 0.1413, 1, 0, 1, 1),
(48141, 55601, 0.1285, 1, 0, 1, 1),
(48141, 55602, 0.1325, 1, 0, 1, 1),
(48141, 55603, 0.1242, 1, 0, 1, 1),
(48141, 55610, 0.1325, 1, 0, 1, 1),
(48141, 55611, 0.1431, 1, 0, 1, 1),
(48141, 55612, 0.1132, 1, 0, 1, 1),
(48141, 55619, 0.1282, 1, 0, 1, 1),
(48141, 55620, 0.1278, 1, 0, 1, 1),
(48141, 55621, 0.1253, 1, 0, 1, 1),
(48141, 55628, 0.114, 1, 0, 1, 1),
(48141, 55629, 0.1143, 1, 0, 1, 1),
(48141, 55630, 0.118, 1, 0, 1, 1),
(48141, 55637, 0.1242, 1, 0, 1, 1),
(48141, 55638, 0.1169, 1, 0, 1, 1),
(48141, 55639, 0.1176, 1, 0, 1, 1),
(48141, 55646, 0.1067, 1, 0, 1, 1),
(48141, 55647, 0.1107, 1, 0, 1, 1),
(48141, 55648, 0.1052, 1, 0, 1, 1),
(48141, 55655, 0.0994, 1, 0, 1, 1),
(48141, 55656, 0.1107, 1, 0, 1, 1),
(48141, 55657, 0.1249, 1, 0, 1, 1),
(48141, 55664, 0.1162, 1, 0, 1, 1),
(48141, 55665, 0.1311, 1, 0, 1, 1),
(48141, 55666, 0.1183, 1, 0, 1, 1),
(48141, 55673, 0.1486, 1, 0, 1, 1),
(48141, 55674, 0.138, 1, 0, 1, 1),
(48141, 55675, 0.1271, 1, 0, 1, 1),
(48141, 55682, 0.1278, 1, 0, 1, 1),
(48141, 55683, 0.102, 1, 0, 1, 1),
(48141, 55684, 0.1085, 1, 0, 1, 1),
(48141, 55691, 0.1151, 1, 0, 1, 1),
(48141, 55692, 0.15, 1, 0, 1, 1),
(48141, 55693, 0.1278, 1, 0, 1, 1),
(48141, 55700, 0.1438, 1, 0, 1, 1),
(48141, 55701, 0.1278, 1, 0, 1, 1),
(48141, 55702, 0.1216, 1, 0, 1, 1),
(48141, 55709, 0.1639, 1, 0, 1, 1),
(48141, 55710, 0.1671, 1, 0, 1, 1),
(48141, 55711, 0.1507, 1, 0, 1, 1),
(48141, 55718, 0.1529, 1, 0, 1, 1),
(48141, 55719, 0.154, 1, 0, 1, 1),
(48141, 55720, 0.1402, 1, 0, 1, 1),
(48141, 55727, 0.1635, 1, 0, 1, 1),
(48141, 55728, 0.1941, 1, 0, 1, 1),
(48141, 55729, 0.1795, 1, 0, 1, 1),
(48141, 55736, 0.1737, 1, 0, 1, 1),
(48141, 55737, 0.1828, 1, 0, 1, 1),
(48141, 55738, 0.1449, 1, 0, 1, 1),
(48141, 55745, 0.1537, 1, 0, 1, 1),
(48141, 55746, 0.1901, 1, 0, 1, 1),
(48141, 55747, 0.1835, 1, 0, 1, 1),
(48141, 55754, 0.1751, 1, 0, 1, 1),
(48141, 55755, 0.1864, 1, 0, 1, 1),
(48141, 55756, 0.1795, 1, 0, 1, 1),
(48141, 55763, 0.1952, 1, 0, 1, 1),
(48141, 55764, 0.185, 1, 0, 1, 1),
(48141, 55765, 0.1588, 1, 0, 1, 1),
(48141, 55772, 0.1708, 1, 0, 1, 1),
(48141, 55773, 0.1828, 1, 0, 1, 1),
(48141, 55774, 0.1628, 1, 0, 1, 1),
(48141, 56109, 1.1124, 1, 0, 1, 1),
(48141, 56110, 1.1164, 1, 0, 1, 1),
(48141, 56111, 1.0942, 1, 0, 1, 1),
(48141, 58256, 3.8, 1, 0, 1, 1),
(48141, 58268, 7.6934, 1, 0, 1, 1),
(48141, 58269, 34.8184, 1, 0, 1, 1),
(48141, 62063, 0.4013, 1, 0, 1, 1),
(48141, 62064, 0.3845, 1, 0, 1, 1),
(48141, 62065, 0.4424, 1, 0, 1, 1),
(48141, 62066, 0.4635, 1, 0, 1, 1),
(48141, 62067, 0.3951, 1, 0, 1, 1),
(48141, 62068, 0.426, 1, 0, 1, 1),
(48141, 62069, 0.3885, 1, 0, 1, 1),
(48141, 62070, 0.4144, 1, 0, 1, 1),
(48141, 62071, 0.4078, 1, 0, 1, 1),
(48141, 62072, 0.394, 1, 0, 1, 1),
(48141, 62073, 0.2068, 1, 0, 1, 1),
(48141, 62074, 0.1908, 1, 0, 1, 1),
(48141, 62075, 0.1955, 1, 0, 1, 1),
(48141, 62076, 0.2028, 1, 0, 1, 1),
(48141, 62077, 0.1679, 1, 0, 1, 1),
(48141, 62078, 0.1828, 1, 0, 1, 1),
(48141, 62079, 0.1777, 1, 0, 1, 1),
(48141, 62080, 0.1955, 1, 0, 1, 1),
(48141, 62081, 0.2349, 1, 0, 1, 1),
(48141, 62082, 0.1963, 1, 0, 1, 1),
(48141, 62083, 0.2185, 1, 0, 1, 1),
(48141, 62084, 0.213, 1, 0, 1, 1),
(48141, 62085, 0.2014, 1, 0, 1, 1),
(48141, 62086, 0.2075, 1, 0, 1, 1),
(48141, 62087, 0.1824, 1, 0, 1, 1),
(48141, 62088, 0.1821, 1, 0, 1, 1),
(48141, 62089, 0.1722, 1, 0, 1, 1),
(48141, 62090, 0.1853, 1, 0, 1, 1),
(48141, 62091, 0.1893, 1, 0, 1, 1),
(48141, 62092, 0.1915, 1, 0, 1, 1),
(48141, 62093, 0.1893, 1, 0, 1, 1),
(48141, 62094, 0.1795, 1, 0, 1, 1),
(48141, 62095, 0.154, 1, 0, 1, 1),
(48141, 62096, 0.1817, 1, 0, 1, 1),
(48141, 62097, 0.1802, 1, 0, 1, 1),
(48141, 62098, 0.1981, 1, 0, 1, 1),
(48141, 62099, 0.1533, 1, 0, 1, 1),
(48141, 62100, 0.1813, 1, 0, 1, 1),
(48141, 62101, 0.1923, 1, 0, 1, 1),
(48141, 62102, 0.2207, 1, 0, 1, 1),
(48141, 62103, 0.1671, 1, 0, 1, 1),
(48141, 62104, 0.1515, 1, 0, 1, 1),
(48141, 62105, 0.1227, 1, 0, 1, 1),
(48141, 62106, 0.1274, 1, 0, 1, 1),
(48141, 62107, 0.1602, 1, 0, 1, 1),
(48141, 62108, 0.1784, 1, 0, 1, 1),
(48141, 62109, 0.1351, 1, 0, 1, 1),
(48141, 62110, 0.1405, 1, 0, 1, 1),
(48141, 62111, 0.134, 1, 0, 1, 1),
(48141, 62112, 0.1486, 1, 0, 1, 1),
(48141, 62113, 0.138, 1, 0, 1, 1),
(48141, 62114, 0.1347, 1, 0, 1, 1),
(48141, 62115, 0.1424, 1, 0, 1, 1),
(48141, 62116, 0.1449, 1, 0, 1, 1),
(48141, 62117, 0.1384, 1, 0, 1, 1),
(48141, 62118, 0.1416, 1, 0, 1, 1),
(48141, 62119, 0.1169, 1, 0, 1, 1),
(48141, 62120, 0.1245, 1, 0, 1, 1),
(48141, 62121, 0.15, 1, 0, 1, 1),
(48141, 62122, 0.1355, 1, 0, 1, 1),
(48141, 62123, 0.1526, 1, 0, 1, 1),
(48141, 62124, 0.1584, 1, 0, 1, 1),
(48141, 62125, 0.1566, 1, 0, 1, 1),
(48141, 62126, 0.1376, 1, 0, 1, 1),
(48141, 62127, 0.1278, 1, 0, 1, 1),
(48141, 62128, 0.1391, 1, 0, 1, 1),
(48141, 62129, 0.1424, 1, 0, 1, 1),
(48141, 62130, 0.1504, 1, 0, 1, 1),
(48141, 62131, 0.146, 1, 0, 1, 1),
(48141, 62132, 0.1449, 1, 0, 1, 1),
(48141, 62133, 0.1238, 1, 0, 1, 1),
(48141, 62134, 0.1169, 1, 0, 1, 1),
(48141, 62135, 0.1384, 1, 0, 1, 1),
(48141, 62136, 0.1351, 1, 0, 1, 1),
(48141, 63291, 43.0432, 1, 0, 1, 1),
(48141, 63300, 10.0069, 1, 0, 1, 1),
(48141, 63310, 17.5463, 1, 0, 1, 1),
(48141, 63316, 3.7012, 1, 0, 1, 1),
(48141, 63317, 45.2365, 1, 0, 1, 1),
(48141, 63318, 1.782, 1, 0, 1, 1),
(48141, 63348, 46.4702, 1, 0, 1, 1),
(48141, 63349, 51.9534, 1, 0, 1, 1),
(48141, 66931, 0.0069, 1, 0, 1, 1),
(48141, 66932, 0.0084, 1, 0, 1, 1),
(48141, 66940, 0.0102, 1, 0, 1, 1),
(48141, 66941, 0.008, 1, 0, 1, 1),
(48141, 66942, 0.0018, 1, 0, 1, 1),
(48141, 66968, 0.0138, 1, 0, 1, 1),
(48141, 66969, 0.0106, 1, 0, 1, 1),
(48141, 66970, 0.0175, 1, 0, 1, 1),
(48141, 66971, 0.0109, 1, 0, 1, 1),
(48141, 66972, 0.0095, 1, 0, 1, 1),
(48141, 66973, 0.0095, 1, 0, 1, 1),
(48141, 66974, 0.0091, 1, 0, 1, 1),
(48141, 66975, 0.0142, 1, 0, 1, 1),
(48141, 66976, 0.0066, 1, 0, 1, 1),
(48141, 66989, 0.0102, 1, 0, 1, 1),
(48141, 66990, 0.0091, 1, 0, 1, 1),
(48141, 66991, 0.0106, 1, 0, 1, 1),
(48141, 66992, 0.0135, 1, 0, 1, 1),
(48141, 66993, 0.0113, 1, 0, 1, 1),
(48141, 66994, 0.0127, 1, 0, 1, 1),
(48141, 67057, 0.0095, 1, 0, 1, 1),
(48141, 67059, 0.0106, 1, 0, 1, 1),
(48141, 67061, 0.0051, 1, 0, 1, 1),
(48141, 67067, 0.0073, 1, 0, 1, 1),
(48141, 67069, 0.0124, 1, 0, 1, 1),
(48141, 67071, 0.0339, 1, 0, 1, 1),
(48141, 67119, 0.0091, 1, 0, 1, 1),
(48141, 67120, 0.0117, 1, 0, 1, 1),
(48141, 67121, 0.0091, 1, 0, 1, 1),
(48141, 67122, 0.012, 1, 0, 1, 1),
(48141, 67123, 0.0106, 1, 0, 1, 1),
(48141, 67124, 0.0066, 1, 0, 1, 1),
(48141, 67125, 0.0117, 1, 0, 1, 1),
(48141, 67126, 0.0113, 1, 0, 1, 1),
(48141, 67127, 0.0131, 1, 0, 1, 1),
(48141, 67129, 0.0029, 1, 0, 1, 1),
(48141, 67130, 0.0044, 1, 0, 1, 1),
(48141, 67131, 0.0025, 1, 0, 1, 1),
(48141, 67132, 0.0011, 1, 0, 1, 1),
(48141, 67133, 0.0018, 1, 0, 1, 1),
(48141, 67134, 0.0009, 1, 0, 1, 1),
(48141, 67135, 0.0022, 1, 0, 1, 1),
(48141, 67136, 0.0033, 1, 0, 1, 1),
(48141, 67137, 0.004, 1, 0, 1, 1),
(48141, 67138, 0.0066, 1, 0, 1, 1),
(48141, 67139, 0.0018, 1, 0, 1, 1),
(48141, 67140, 0.004, 1, 0, 1, 1),
(48141, 67141, 0.0033, 1, 0, 1, 1),
(48141, 67142, 0.0047, 1, 0, 1, 1),
(48141, 67143, 0.004, 1, 0, 1, 1),
(48141, 67144, 0.004, 1, 0, 1, 1),
(48141, 67145, 0.0022, 1, 0, 1, 1),
(48141, 67147, 0.0009, 1, 0, 1, 1),
(48141, 67148, 0.0018, 1, 0, 1, 1),
(48141, 67149, 0.0051, 1, 0, 1, 1),
(48141, 67150, 0.0025, 1, 0, 1, 1),
(48141, 68047, 0.0004, 1, 0, 1, 1),
(48141, 68197, 5.3, 1, 0, 1, 2),
(48141, 68198, 15.2, 1, 0, 1, 2),
(48141, 68729, 0.7545, 1, 0, 1, 1),
(48141, 68781, 0.0015, 1, 0, 1, 1),
(48141, 68782, 0.0044, 1, 0, 1, 1),
(48141, 68783, 0.0033, 1, 0, 1, 1),
(48141, 68787, 0.0098, 1, 0, 1, 1),
(48141, 68788, 0.0029, 1, 0, 1, 1),
(48141, 68789, 0.001, 1, 0, 1, 1);

DELETE FROM `pickpocketing_loot_template` WHERE (`entry`=48141);
INSERT INTO `pickpocketing_loot_template` VALUES 
(48141, 58269, 16.2763, 1, 0, 1, 1),
(48141, 63291, 22.7823, 1, 0, 1, 1),
(48141, 63300, 10.0069, 1, 0, 1, 1),
(48141, 63310, 9.4548, 1, 0, 1, 1),
(48141, 63316, 2.077, 1, 0, 1, 1),
(48141, 63317, 22.8256, 1, 0, 1, 1),
(48141, 63318, 1.1467, 1, 0, 1, 1),
(48141, 63348, 22.1333, 1, 0, 1, 1),
(48141, 63349, 23.4098, 1, 0, 1, 1);

REPLACE INTO `creature_template` (`entry`, `difficulty_entry_1`, `difficulty_entry_2`, `difficulty_entry_3`, `KillCredit1`, `KillCredit2`, `modelid1`, `modelid2`, `modelid3`, `modelid4`, `name`, `subname`, `IconName`, `gossip_menu_id`, `minlevel`, `maxlevel`, `exp`, `faction_A`, `faction_H`, `npcflag`, `speed_walk`, `speed_run`, `scale`, `rank`, `mindmg`, `maxdmg`, `dmgschool`, `attackpower`, `dmg_multiplier`, `baseattacktime`, `rangeattacktime`, `unit_class`, `unit_flags`, `unit_flags2`, `dynamicflags`, `family`, `trainer_type`, `trainer_spell`, `trainer_class`, `trainer_race`, `minrangedmg`, `maxrangedmg`, `rangedattackpower`, `type`, `type_flags`, `lootid`, `pickpocketloot`, `skinloot`, `resistance1`, `resistance2`, `resistance3`, `resistance4`, `resistance5`, `resistance6`, `spell1`, `spell2`, `spell3`, `spell4`, `spell5`, `spell6`, `spell7`, `spell8`, `PetSpellDataId`, `VehicleId`, `mingold`, `maxgold`, `AIName`, `MovementType`, `InhabitType`, `HoverHeight`, `Health_mod`, `Mana_mod`, `Armor_mod`, `RacialLeader`, `questItem1`, `questItem2`, `questItem3`, `questItem4`, `questItem5`, `questItem6`, `movementId`, `RegenHealth`, `mechanic_immune_mask`, `flags_extra`, `ScriptName`, `WDBVerified`) VALUES (49309, 0, 0, 0, 0, 0, 36024, 0, 0, 0, 'Temple Shadowlancer (1)', '', '', 0, 85, 85, 3, 16, 16, 0, 0.666668, 1.14286, 1, 1, 500, 750, 0, 187, 35, 2000, 2000, 1, 32832, 2048, 12, 0, 0, 0, 0, 0, 400, 600, 150, 7, 72, 48141, 48141, 0, 0, 0, 0, 0, 0, 0, 89560, 89555, 0, 0, 0, 0, 0, 0, 0, 0, 12169, 12169, '', 0, 3, 1, 7, 7, 1, 0, 0, 0, 0, 0, 0, 0, 0, 1, 0, 0, '', 15595);

REPLACE INTO `creature_template` (`entry`, `difficulty_entry_1`, `difficulty_entry_2`, `difficulty_entry_3`, `KillCredit1`, `KillCredit2`, `modelid1`, `modelid2`, `modelid3`, `modelid4`, `name`, `subname`, `IconName`, `gossip_menu_id`, `minlevel`, `maxlevel`, `exp`, `faction_A`, `faction_H`, `npcflag`, `speed_walk`, `speed_run`, `scale`, `rank`, `mindmg`, `maxdmg`, `dmgschool`, `attackpower`, `dmg_multiplier`, `baseattacktime`, `rangeattacktime`, `unit_class`, `unit_flags`, `unit_flags2`, `dynamicflags`, `family`, `trainer_type`, `trainer_spell`, `trainer_class`, `trainer_race`, `minrangedmg`, `maxrangedmg`, `rangedattackpower`, `type`, `type_flags`, `lootid`, `pickpocketloot`, `skinloot`, `resistance1`, `resistance2`, `resistance3`, `resistance4`, `resistance5`, `resistance6`, `spell1`, `spell2`, `spell3`, `spell4`, `spell5`, `spell6`, `spell7`, `spell8`, `PetSpellDataId`, `VehicleId`, `mingold`, `maxgold`, `AIName`, `MovementType`, `InhabitType`, `HoverHeight`, `Health_mod`, `Mana_mod`, `Armor_mod`, `RacialLeader`, `questItem1`, `questItem2`, `questItem3`, `questItem4`, `questItem5`, `questItem6`, `movementId`, `RegenHealth`, `mechanic_immune_mask`, `flags_extra`, `ScriptName`, `WDBVerified`) VALUES (48140, 49308, 49308, 0, 0, 0, 36025, 0, 0, 0, 'Temple Runecaster', '', '', 0, 85, 85, 3, 16, 16, 0, 0.666668, 1.14286, 1, 1, 465, 697, 0, 174, 37.7, 2000, 2000, 2, 32832, 2048, 12, 0, 0, 0, 0, 0, 372, 558, 139, 7, 72, 48140, 48140, 0, 0, 0, 0, 0, 0, 0, 95181, 89551, 91806, 89554, 0, 0, 0, 0, 0, 0, 12131, 12131, '', 0, 3, 1, 4, 7, 1, 0, 0, 0, 0, 0, 0, 0, 0, 1, 0, 0, 'generic_creature', 15595);


DELETE FROM `creature_loot_template` WHERE (`entry`=48140);
INSERT INTO `creature_loot_template` VALUES 
(48140, 52363, 0.0098, 1, 0, 1, 1),
(48140, 52364, 0.0059, 1, 0, 1, 1),
(48140, 52365, 0.0069, 1, 0, 1, 1),
(48140, 52366, 0.0054, 1, 0, 1, 1),
(48140, 52368, 0.0064, 1, 0, 1, 1),
(48140, 52370, 0.0073, 1, 0, 1, 1),
(48140, 52371, 0.0064, 1, 0, 1, 1),
(48140, 52372, 0.0048, 1, 0, 1, 1),
(48140, 52373, 0.0098, 1, 0, 1, 1),
(48140, 52374, 0.0093, 1, 0, 1, 1),
(48140, 52375, 0.0073, 1, 0, 1, 1),
(48140, 52376, 0.0079, 1, 0, 1, 1),
(48140, 52377, 0.0088, 1, 0, 1, 1),
(48140, 52378, 0.0073, 1, 0, 1, 1),
(48140, 52379, 0.0073, 1, 0, 1, 1),
(48140, 52382, 0.0061, 1, 0, 1, 1),
(48140, 52383, 0.0061, 1, 0, 1, 1),
(48140, 52385, 0.0121, 1, 0, 1, 1),
(48140, 52386, 0.0064, 1, 0, 1, 1),
(48140, 52388, 0.0098, 1, 0, 1, 1),
(48140, 52494, 0.0048, 1, 0, 1, 1),
(48140, 52495, 0.0044, 1, 0, 1, 1),
(48140, 52496, 0.0034, 1, 0, 1, 1),
(48140, 52719, 0.0291, 1, 0, 1, 1),
(48140, 53010, 37.7, 1, 0, 1, 6),
(48140, 55286, 0.0536, 1, 0, 1, 1),
(48140, 55287, 0.0536, 1, 0, 1, 1),
(48140, 55288, 0.0703, 1, 0, 1, 1),
(48140, 55295, 0.0639, 1, 0, 1, 1),
(48140, 55296, 0.087, 1, 0, 1, 1),
(48140, 55297, 0.0826, 1, 0, 1, 1),
(48140, 55304, 0.03, 1, 0, 1, 1),
(48140, 55305, 0.0123, 1, 0, 1, 1),
(48140, 55306, 0.0162, 1, 0, 1, 1),
(48140, 55313, 0.0801, 1, 0, 1, 1),
(48140, 55314, 0.084, 1, 0, 1, 1),
(48140, 55315, 0.0791, 1, 0, 1, 1),
(48140, 55322, 0.0113, 1, 0, 1, 1),
(48140, 55323, 0.0216, 1, 0, 1, 1),
(48140, 55324, 0.0108, 1, 0, 1, 1),
(48140, 55331, 0.085, 1, 0, 1, 1),
(48140, 55332, 0.0772, 1, 0, 1, 1),
(48140, 55333, 0.0693, 1, 0, 1, 1),
(48140, 55340, 0.0403, 1, 0, 1, 1),
(48140, 55341, 0.0447, 1, 0, 1, 1),
(48140, 55342, 0.0413, 1, 0, 1, 1),
(48140, 55349, 0.0629, 1, 0, 1, 1),
(48140, 55350, 0.06, 1, 0, 1, 1),
(48140, 55351, 0.0609, 1, 0, 1, 1),
(48140, 55358, 0.0133, 1, 0, 1, 1),
(48140, 55359, 0.0162, 1, 0, 1, 1),
(48140, 55360, 0.0093, 1, 0, 1, 1),
(48140, 55367, 0.1258, 1, 0, 1, 1),
(48140, 55368, 0.1425, 1, 0, 1, 1),
(48140, 55369, 0.1381, 1, 0, 1, 1),
(48140, 55376, 0.0948, 1, 0, 1, 1),
(48140, 55377, 0.0742, 1, 0, 1, 1),
(48140, 55378, 0.0762, 1, 0, 1, 1),
(48140, 55385, 0.0776, 1, 0, 1, 1),
(48140, 55386, 0.087, 1, 0, 1, 1),
(48140, 55387, 0.0722, 1, 0, 1, 1),
(48140, 55394, 0.0373, 1, 0, 1, 1),
(48140, 55395, 0.0437, 1, 0, 1, 1),
(48140, 55396, 0.0565, 1, 0, 1, 1),
(48140, 55403, 0.1686, 1, 0, 1, 1),
(48140, 55404, 0.174, 1, 0, 1, 1),
(48140, 55405, 0.1809, 1, 0, 1, 1),
(48140, 55412, 0.0506, 1, 0, 1, 1),
(48140, 55413, 0.0491, 1, 0, 1, 1),
(48140, 55414, 0.0482, 1, 0, 1, 1),
(48140, 55421, 0.3121, 1, 0, 1, 1),
(48140, 55422, 0.3701, 1, 0, 1, 1),
(48140, 55423, 0.3602, 1, 0, 1, 1),
(48140, 55430, 0.0781, 1, 0, 1, 1),
(48140, 55431, 0.0934, 1, 0, 1, 1),
(48140, 55432, 0.1111, 1, 0, 1, 1),
(48140, 55439, 0.2728, 1, 0, 1, 1),
(48140, 55440, 0.258, 1, 0, 1, 1),
(48140, 55441, 0.2968, 1, 0, 1, 1),
(48140, 55448, 0.0462, 1, 0, 1, 1),
(48140, 55449, 0.0531, 1, 0, 1, 1),
(48140, 55450, 0.0457, 1, 0, 1, 1),
(48140, 55457, 0.0604, 1, 0, 1, 1),
(48140, 55458, 0.0875, 1, 0, 1, 1),
(48140, 55459, 0.0698, 1, 0, 1, 1),
(48140, 55466, 0.0408, 1, 0, 1, 1),
(48140, 55467, 0.0359, 1, 0, 1, 1),
(48140, 55468, 0.0442, 1, 0, 1, 1),
(48140, 55475, 0.0133, 1, 0, 1, 1),
(48140, 55476, 0.0157, 1, 0, 1, 1),
(48140, 55477, 0.0079, 1, 0, 1, 1),
(48140, 55484, 0.1592, 1, 0, 1, 1),
(48140, 55485, 0.1951, 1, 0, 1, 1),
(48140, 55486, 0.2128, 1, 0, 1, 1),
(48140, 55493, 0.1042, 1, 0, 1, 1),
(48140, 55494, 0.1268, 1, 0, 1, 1),
(48140, 55495, 0.1204, 1, 0, 1, 1),
(48140, 55502, 0.1012, 1, 0, 1, 1),
(48140, 55503, 0.1297, 1, 0, 1, 1),
(48140, 55504, 0.1179, 1, 0, 1, 1),
(48140, 55511, 0.1347, 1, 0, 1, 1),
(48140, 55512, 0.1307, 1, 0, 1, 1),
(48140, 55513, 0.1494, 1, 0, 1, 1),
(48140, 55520, 0.113, 1, 0, 1, 1),
(48140, 55521, 0.1376, 1, 0, 1, 1),
(48140, 55522, 0.1214, 1, 0, 1, 1),
(48140, 55529, 0.1435, 1, 0, 1, 1),
(48140, 55530, 0.1386, 1, 0, 1, 1),
(48140, 55531, 0.1081, 1, 0, 1, 1),
(48140, 55538, 0.1332, 1, 0, 1, 1),
(48140, 55539, 0.1465, 1, 0, 1, 1),
(48140, 55540, 0.1366, 1, 0, 1, 1),
(48140, 55547, 0.1302, 1, 0, 1, 1),
(48140, 55548, 0.1302, 1, 0, 1, 1),
(48140, 55549, 0.1592, 1, 0, 1, 1),
(48140, 55556, 0.1071, 1, 0, 1, 1),
(48140, 55557, 0.1307, 1, 0, 1, 1),
(48140, 55558, 0.1302, 1, 0, 1, 1),
(48140, 55565, 0.114, 1, 0, 1, 1),
(48140, 55566, 0.1224, 1, 0, 1, 1),
(48140, 55567, 0.1243, 1, 0, 1, 1),
(48140, 55574, 0.1125, 1, 0, 1, 1),
(48140, 55575, 0.1101, 1, 0, 1, 1),
(48140, 55576, 0.0934, 1, 0, 1, 1),
(48140, 55583, 0.1096, 1, 0, 1, 1),
(48140, 55584, 0.1573, 1, 0, 1, 1),
(48140, 55585, 0.1145, 1, 0, 1, 1),
(48140, 55592, 0.1587, 1, 0, 1, 1),
(48140, 55593, 0.1317, 1, 0, 1, 1),
(48140, 55594, 0.1351, 1, 0, 1, 1),
(48140, 55601, 0.1332, 1, 0, 1, 1),
(48140, 55602, 0.1258, 1, 0, 1, 1),
(48140, 55603, 0.1469, 1, 0, 1, 1),
(48140, 55610, 0.1455, 1, 0, 1, 1),
(48140, 55611, 0.144, 1, 0, 1, 1),
(48140, 55612, 0.1376, 1, 0, 1, 1),
(48140, 55619, 0.1179, 1, 0, 1, 1),
(48140, 55620, 0.1292, 1, 0, 1, 1),
(48140, 55621, 0.1057, 1, 0, 1, 1),
(48140, 55628, 0.1327, 1, 0, 1, 1),
(48140, 55629, 0.1189, 1, 0, 1, 1),
(48140, 55630, 0.1307, 1, 0, 1, 1),
(48140, 55637, 0.1199, 1, 0, 1, 1),
(48140, 55638, 0.1396, 1, 0, 1, 1),
(48140, 55639, 0.115, 1, 0, 1, 1),
(48140, 55646, 0.1214, 1, 0, 1, 1),
(48140, 55647, 0.1081, 1, 0, 1, 1),
(48140, 55648, 0.1288, 1, 0, 1, 1),
(48140, 55655, 0.117, 1, 0, 1, 1),
(48140, 55656, 0.1386, 1, 0, 1, 1),
(48140, 55657, 0.1096, 1, 0, 1, 1),
(48140, 55664, 0.1066, 1, 0, 1, 1),
(48140, 55665, 0.1538, 1, 0, 1, 1),
(48140, 55666, 0.1548, 1, 0, 1, 1),
(48140, 55673, 0.1224, 1, 0, 1, 1),
(48140, 55674, 0.1479, 1, 0, 1, 1),
(48140, 55675, 0.1337, 1, 0, 1, 1),
(48140, 55682, 0.116, 1, 0, 1, 1),
(48140, 55683, 0.1509, 1, 0, 1, 1),
(48140, 55684, 0.1135, 1, 0, 1, 1),
(48140, 55691, 0.112, 1, 0, 1, 1),
(48140, 55692, 0.1199, 1, 0, 1, 1),
(48140, 55693, 0.1361, 1, 0, 1, 1),
(48140, 55700, 0.1322, 1, 0, 1, 1),
(48140, 55701, 0.1116, 1, 0, 1, 1),
(48140, 55702, 0.1194, 1, 0, 1, 1),
(48140, 55709, 0.1396, 1, 0, 1, 1),
(48140, 55710, 0.1877, 1, 0, 1, 1),
(48140, 55711, 0.1848, 1, 0, 1, 1),
(48140, 55718, 0.1666, 1, 0, 1, 1),
(48140, 55719, 0.1479, 1, 0, 1, 1),
(48140, 55720, 0.1622, 1, 0, 1, 1),
(48140, 55727, 0.1809, 1, 0, 1, 1),
(48140, 55728, 0.1646, 1, 0, 1, 1),
(48140, 55729, 0.2025, 1, 0, 1, 1),
(48140, 55736, 0.2, 1, 0, 1, 1),
(48140, 55737, 0.1784, 1, 0, 1, 1),
(48140, 55738, 0.1558, 1, 0, 1, 1),
(48140, 55745, 0.1828, 1, 0, 1, 1),
(48140, 55746, 0.1754, 1, 0, 1, 1),
(48140, 55747, 0.1779, 1, 0, 1, 1),
(48140, 55754, 0.2162, 1, 0, 1, 1),
(48140, 55755, 0.1804, 1, 0, 1, 1),
(48140, 55756, 0.2044, 1, 0, 1, 1),
(48140, 55763, 0.1858, 1, 0, 1, 1),
(48140, 55764, 0.1931, 1, 0, 1, 1),
(48140, 55765, 0.172, 1, 0, 1, 1),
(48140, 55772, 0.1813, 1, 0, 1, 1),
(48140, 55773, 0.1509, 1, 0, 1, 1),
(48140, 55774, 0.1381, 1, 0, 1, 1),
(48140, 56109, 1.1053, 1, 0, 1, 1),
(48140, 56110, 1.1628, 1, 0, 1, 1),
(48140, 56111, 1.1308, 1, 0, 1, 1),
(48140, 58256, 3.6, 1, 0, 1, 1),
(48140, 58268, 7.4798, 1, 0, 1, 1),
(48140, 58269, 35.3846, 1, 0, 1, 1),
(48140, 62063, 0.4285, 1, 0, 1, 1),
(48140, 62064, 0.404, 1, 0, 1, 1),
(48140, 62065, 0.4, 1, 0, 1, 1),
(48140, 62066, 0.4148, 1, 0, 1, 1),
(48140, 62067, 0.4246, 1, 0, 1, 1),
(48140, 62068, 0.4497, 1, 0, 1, 1),
(48140, 62069, 0.457, 1, 0, 1, 1),
(48140, 62070, 0.3917, 1, 0, 1, 1),
(48140, 62071, 0.404, 1, 0, 1, 1),
(48140, 62072, 0.4403, 1, 0, 1, 1),
(48140, 62073, 0.1936, 1, 0, 1, 1),
(48140, 62074, 0.2, 1, 0, 1, 1),
(48140, 62075, 0.1804, 1, 0, 1, 1),
(48140, 62076, 0.1848, 1, 0, 1, 1),
(48140, 62077, 0.1887, 1, 0, 1, 1),
(48140, 62078, 0.1907, 1, 0, 1, 1),
(48140, 62079, 0.1981, 1, 0, 1, 1),
(48140, 62080, 0.2221, 1, 0, 1, 1),
(48140, 62081, 0.1995, 1, 0, 1, 1),
(48140, 62082, 0.2015, 1, 0, 1, 1),
(48140, 62083, 0.2339, 1, 0, 1, 1),
(48140, 62084, 0.1671, 1, 0, 1, 1),
(48140, 62085, 0.1691, 1, 0, 1, 1),
(48140, 62086, 0.1867, 1, 0, 1, 1),
(48140, 62087, 0.1892, 1, 0, 1, 1),
(48140, 62088, 0.1813, 1, 0, 1, 1),
(48140, 62089, 0.1926, 1, 0, 1, 1),
(48140, 62090, 0.1813, 1, 0, 1, 1),
(48140, 62091, 0.2113, 1, 0, 1, 1),
(48140, 62092, 0.2197, 1, 0, 1, 1),
(48140, 62094, 0.1882, 1, 0, 1, 1),
(48140, 62095, 0.1863, 1, 0, 1, 1),
(48140, 62096, 0.1922, 1, 0, 1, 1),
(48140, 62097, 0.2103, 1, 0, 1, 1),
(48140, 62098, 0.1828, 1, 0, 1, 1),
(48140, 62099, 0.1823, 1, 0, 1, 1),
(48140, 62100, 0.1592, 1, 0, 1, 1),
(48140, 62101, 0.1789, 1, 0, 1, 1),
(48140, 62102, 0.1813, 1, 0, 1, 1),
(48140, 62103, 0.1794, 1, 0, 1, 1),
(48140, 62104, 0.1612, 1, 0, 1, 1),
(48140, 62105, 0.1327, 1, 0, 1, 1),
(48140, 62106, 0.1243, 1, 0, 1, 1),
(48140, 62107, 0.1465, 1, 0, 1, 1),
(48140, 62108, 0.171, 1, 0, 1, 1),
(48140, 62109, 0.1273, 1, 0, 1, 1),
(48140, 62110, 0.1243, 1, 0, 1, 1),
(48140, 62111, 0.1612, 1, 0, 1, 1),
(48140, 62112, 0.1484, 1, 0, 1, 1),
(48140, 62113, 0.1307, 1, 0, 1, 1),
(48140, 62114, 0.1361, 1, 0, 1, 1),
(48140, 62115, 0.1317, 1, 0, 1, 1),
(48140, 62116, 0.143, 1, 0, 1, 1),
(48140, 62117, 0.1597, 1, 0, 1, 1),
(48140, 62118, 0.1283, 1, 0, 1, 1),
(48140, 62119, 0.1229, 1, 0, 1, 1),
(48140, 62120, 0.1273, 1, 0, 1, 1),
(48140, 62121, 0.1538, 1, 0, 1, 1),
(48140, 62122, 0.1627, 1, 0, 1, 1),
(48140, 62123, 0.1322, 1, 0, 1, 1),
(48140, 62124, 0.1435, 1, 0, 1, 1),
(48140, 62125, 0.1406, 1, 0, 1, 1),
(48140, 62126, 0.1356, 1, 0, 1, 1),
(48140, 62127, 0.1347, 1, 0, 1, 1),
(48140, 62128, 0.1425, 1, 0, 1, 1),
(48140, 62129, 0.1391, 1, 0, 1, 1),
(48140, 62130, 0.1312, 1, 0, 1, 1),
(48140, 62131, 0.1307, 1, 0, 1, 1),
(48140, 62132, 0.146, 1, 0, 1, 1),
(48140, 62133, 0.1351, 1, 0, 1, 1),
(48140, 62134, 0.1229, 1, 0, 1, 1),
(48140, 62135, 0.1386, 1, 0, 1, 1),
(48140, 62136, 0.1376, 1, 0, 1, 1),
(48140, 63291, 40.6838, 1, 0, 1, 1),
(48140, 63300, 13.8462, 1, 0, 1, 1),
(48140, 63310, 24.2735, 1, 0, 1, 1),
(48140, 63316, 2.735, 1, 0, 1, 1),
(48140, 63317, 48.0342, 1, 0, 1, 1),
(48140, 63318, 5.2991, 1, 0, 1, 1),
(48140, 63348, 50.2564, 1, 0, 1, 1),
(48140, 63349, 38.4615, 1, 0, 1, 1),
(48140, 66931, 0.0069, 1, 0, 1, 1),
(48140, 66932, 0.0172, 1, 0, 1, 1),
(48140, 66940, 0.0113, 1, 0, 1, 1),
(48140, 66941, 0.0103, 1, 0, 1, 1),
(48140, 66942, 0.0123, 1, 0, 1, 1),
(48140, 66968, 0.0079, 1, 0, 1, 1),
(48140, 66969, 0.0167, 1, 0, 1, 1),
(48140, 66970, 0.0103, 1, 0, 1, 1),
(48140, 66971, 0.0103, 1, 0, 1, 1),
(48140, 66972, 0.0093, 1, 0, 1, 1),
(48140, 66973, 0.0093, 1, 0, 1, 1),
(48140, 66974, 0.0118, 1, 0, 1, 1),
(48140, 66975, 0.0084, 1, 0, 1, 1),
(48140, 66976, 0.0143, 1, 0, 1, 1),
(48140, 66989, 0.0103, 1, 0, 1, 1),
(48140, 66990, 0.0182, 1, 0, 1, 1),
(48140, 66991, 0.0069, 1, 0, 1, 1),
(48140, 66992, 0.0157, 1, 0, 1, 1),
(48140, 66993, 0.0128, 1, 0, 1, 1),
(48140, 66994, 0.0113, 1, 0, 1, 1),
(48140, 67057, 0.0079, 1, 0, 1, 1),
(48140, 67059, 0.0187, 1, 0, 1, 1),
(48140, 67061, 0.0118, 1, 0, 1, 1),
(48140, 67067, 0.0128, 1, 0, 1, 1),
(48140, 67069, 0.0064, 1, 0, 1, 1),
(48140, 67071, 0.0118, 1, 0, 1, 1),
(48140, 67119, 0.0079, 1, 0, 1, 1),
(48140, 67120, 0.0098, 1, 0, 1, 1),
(48140, 67121, 0.0103, 1, 0, 1, 1),
(48140, 67122, 0.0108, 1, 0, 1, 1),
(48140, 67123, 0.0074, 1, 0, 1, 1),
(48140, 67124, 0.0074, 1, 0, 1, 1),
(48140, 67125, 0.0103, 1, 0, 1, 1),
(48140, 67126, 0.0118, 1, 0, 1, 1),
(48140, 67127, 0.0074, 1, 0, 1, 1),
(48140, 67129, 0.0025, 1, 0, 1, 1),
(48140, 67130, 0.0029, 1, 0, 1, 1),
(48140, 67131, 0.0025, 1, 0, 1, 1),
(48140, 67132, 0.001, 1, 0, 1, 1),
(48140, 67134, 0.002, 1, 0, 1, 1),
(48140, 67135, 0.0015, 1, 0, 1, 1),
(48140, 67136, 0.0049, 1, 0, 1, 1),
(48140, 67137, 0.0059, 1, 0, 1, 1),
(48140, 67138, 0.0044, 1, 0, 1, 1),
(48140, 67139, 0.0039, 1, 0, 1, 1),
(48140, 67141, 0.0069, 1, 0, 1, 1),
(48140, 67142, 0.0025, 1, 0, 1, 1),
(48140, 67143, 0.0015, 1, 0, 1, 1),
(48140, 67144, 0.0049, 1, 0, 1, 1),
(48140, 67145, 0.002, 1, 0, 1, 1),
(48140, 67146, 0.0029, 1, 0, 1, 1),
(48140, 67147, 0.0029, 1, 0, 1, 1),
(48140, 67148, 0.0054, 1, 0, 1, 1),
(48140, 67149, 0.0034, 1, 0, 1, 1),
(48140, 67150, 0.0015, 1, 0, 1, 1),
(48140, 68197, 5, 1, 0, 1, 2),
(48140, 68198, 15.2, 1, 0, 1, 2),
(48140, 68729, 0.749, 1, 0, 1, 1),
(48140, 68781, 0.0025, 1, 0, 1, 1),
(48140, 68782, 0.0025, 1, 0, 1, 1),
(48140, 68783, 0.0025, 1, 0, 1, 1),
(48140, 68788, 0.0013, 1, 0, 1, 1),
(48140, 69820, 0.001, 1, 0, 1, 1);

DELETE FROM `pickpocketing_loot_template` WHERE (`entry`=48140);
INSERT INTO `pickpocketing_loot_template` VALUES 
(48140, 58269, 17.3613, 1, 0, 1, 1),
(48140, 63291, 20.9511, 1, 0, 1, 1),
(48140, 63300, 13.8462, 1, 0, 1, 1),
(48140, 63310, 11.9565, 1, 0, 1, 1),
(48140, 63316, 1.9022, 1, 0, 1, 1),
(48140, 63317, 21.4402, 1, 0, 1, 1),
(48140, 63318, 2.2826, 1, 0, 1, 1),
(48140, 63348, 25.2989, 1, 0, 1, 1),
(48140, 63349, 38.4615, 1, 0, 1, 1);

REPLACE INTO `creature_template` (`entry`, `difficulty_entry_1`, `difficulty_entry_2`, `difficulty_entry_3`, `KillCredit1`, `KillCredit2`, `modelid1`, `modelid2`, `modelid3`, `modelid4`, `name`, `subname`, `IconName`, `gossip_menu_id`, `minlevel`, `maxlevel`, `exp`, `faction_A`, `faction_H`, `npcflag`, `speed_walk`, `speed_run`, `scale`, `rank`, `mindmg`, `maxdmg`, `dmgschool`, `attackpower`, `dmg_multiplier`, `baseattacktime`, `rangeattacktime`, `unit_class`, `unit_flags`, `unit_flags2`, `dynamicflags`, `family`, `trainer_type`, `trainer_spell`, `trainer_class`, `trainer_race`, `minrangedmg`, `maxrangedmg`, `rangedattackpower`, `type`, `type_flags`, `lootid`, `pickpocketloot`, `skinloot`, `resistance1`, `resistance2`, `resistance3`, `resistance4`, `resistance5`, `resistance6`, `spell1`, `spell2`, `spell3`, `spell4`, `spell5`, `spell6`, `spell7`, `spell8`, `PetSpellDataId`, `VehicleId`, `mingold`, `maxgold`, `AIName`, `MovementType`, `InhabitType`, `HoverHeight`, `Health_mod`, `Mana_mod`, `Armor_mod`, `RacialLeader`, `questItem1`, `questItem2`, `questItem3`, `questItem4`, `questItem5`, `questItem6`, `movementId`, `RegenHealth`, `mechanic_immune_mask`, `flags_extra`, `ScriptName`, `WDBVerified`) VALUES (49308, 0, 0, 0, 0, 0, 36025, 0, 0, 0, 'Temple Runecaster (1)', '', '', 0, 85, 85, 3, 16, 16, 0, 0.666668, 1.14286, 1, 1, 465, 697, 0, 174, 37.7, 2000, 2000, 2, 32832, 2048, 12, 0, 0, 0, 0, 0, 372, 558, 139, 7, 72, 48140, 48140, 0, 0, 0, 0, 0, 0, 0, 95181, 89551, 91806, 89554, 0, 0, 0, 0, 0, 0, 12131, 12131, '', 0, 3, 1, 7, 7, 1, 0, 0, 0, 0, 0, 0, 0, 0, 1, 0, 0, '', 15595);

REPLACE INTO `creature_template` (`entry`, `difficulty_entry_1`, `difficulty_entry_2`, `difficulty_entry_3`, `KillCredit1`, `KillCredit2`, `modelid1`, `modelid2`, `modelid3`, `modelid4`, `name`, `subname`, `IconName`, `gossip_menu_id`, `minlevel`, `maxlevel`, `exp`, `faction_A`, `faction_H`, `npcflag`, `speed_walk`, `speed_run`, `scale`, `rank`, `mindmg`, `maxdmg`, `dmgschool`, `attackpower`, `dmg_multiplier`, `baseattacktime`, `rangeattacktime`, `unit_class`, `unit_flags`, `unit_flags2`, `dynamicflags`, `family`, `trainer_type`, `trainer_spell`, `trainer_class`, `trainer_race`, `minrangedmg`, `maxrangedmg`, `rangedattackpower`, `type`, `type_flags`, `lootid`, `pickpocketloot`, `skinloot`, `resistance1`, `resistance2`, `resistance3`, `resistance4`, `resistance5`, `resistance6`, `spell1`, `spell2`, `spell3`, `spell4`, `spell5`, `spell6`, `spell7`, `spell8`, `PetSpellDataId`, `VehicleId`, `mingold`, `maxgold`, `AIName`, `MovementType`, `InhabitType`, `HoverHeight`, `Health_mod`, `Mana_mod`, `Armor_mod`, `RacialLeader`, `questItem1`, `questItem2`, `questItem3`, `questItem4`, `questItem5`, `questItem6`, `movementId`, `RegenHealth`, `mechanic_immune_mask`, `flags_extra`, `ScriptName`, `WDBVerified`) VALUES (39425, 49262, 49262, 0, 0, 0, 35067, 0, 0, 0, 'Temple Guardian Anhuur', '', '', 0, 87, 87, 3, 16, 16, 0, 2, 1.42857, 1, 1, 495, 742, 0, 186, 102.1, 2000, 2000, 2, 0, 2048, 12, 0, 0, 0, 0, 0, 396, 594, 149, 10, 104, 39425, 0, 0, 0, 0, 0, 0, 0, 0, 94949, 75592, 75322, 74938, 0, 0, 0, 0, 0, 0, 20004, 20004, '', 0, 3, 1, 20, 7, 1, 0, 0, 0, 0, 0, 0, 0, 151, 1, 617299967, 0, 'boss_temple_guardian_anhuur', 15595);

DELETE FROM `creature_loot_template` WHERE (`entry`=39425);
INSERT INTO `creature_loot_template` VALUES 
(39425, 55886, 0, 1, 1, 1, 1),
(39425, 55887, 0, 1, 1, 1, 1),
(39425, 55888, 0, 1, 1, 1, 1),
(39425, 55889, 0, 1, 1, 1, 1),
(39425, 55890, 0, 1, 1, 1, 1),
(39425, 71637, 0.4043, 1, 0, 1, 1);

REPLACE INTO `creature_template` (`entry`, `difficulty_entry_1`, `difficulty_entry_2`, `difficulty_entry_3`, `KillCredit1`, `KillCredit2`, `modelid1`, `modelid2`, `modelid3`, `modelid4`, `name`, `subname`, `IconName`, `gossip_menu_id`, `minlevel`, `maxlevel`, `exp`, `faction_A`, `faction_H`, `npcflag`, `speed_walk`, `speed_run`, `scale`, `rank`, `mindmg`, `maxdmg`, `dmgschool`, `attackpower`, `dmg_multiplier`, `baseattacktime`, `rangeattacktime`, `unit_class`, `unit_flags`, `unit_flags2`, `dynamicflags`, `family`, `trainer_type`, `trainer_spell`, `trainer_class`, `trainer_race`, `minrangedmg`, `maxrangedmg`, `rangedattackpower`, `type`, `type_flags`, `lootid`, `pickpocketloot`, `skinloot`, `resistance1`, `resistance2`, `resistance3`, `resistance4`, `resistance5`, `resistance6`, `spell1`, `spell2`, `spell3`, `spell4`, `spell5`, `spell6`, `spell7`, `spell8`, `PetSpellDataId`, `VehicleId`, `mingold`, `maxgold`, `AIName`, `MovementType`, `InhabitType`, `HoverHeight`, `Health_mod`, `Mana_mod`, `Armor_mod`, `RacialLeader`, `questItem1`, `questItem2`, `questItem3`, `questItem4`, `questItem5`, `questItem6`, `movementId`, `RegenHealth`, `mechanic_immune_mask`, `flags_extra`, `ScriptName`, `WDBVerified`) VALUES (49262, 0, 0, 0, 0, 0, 35067, 0, 0, 0, 'Temple Guardian Anhuur (1)', '', '', 0, 87, 87, 3, 16, 16, 0, 2, 1.42857, 1, 1, 495, 742, 0, 186, 125, 2000, 2000, 2, 0, 2048, 12, 0, 0, 0, 0, 0, 396, 594, 149, 10, 104, 49262, 0, 0, 0, 0, 0, 0, 0, 0, 94949, 75592, 75322, 74938, 0, 0, 0, 0, 0, 0, 20004, 20004, '', 0, 3, 1, 40, 7, 1, 0, 0, 0, 0, 0, 0, 0, 151, 1, 617299967, 1, '', 15595);

DELETE FROM `creature_loot_template` WHERE (`entry`=49262);
INSERT INTO `creature_loot_template` VALUES 
(49262, 56407, 0, 1, 1, 1, 1),
(49262, 56408, 0, 1, 1, 1, 1),
(49262, 56409, 0, 1, 1, 1, 1),
(49262, 56410, 0, 1, 1, 1, 1),
(49262, 56411, 0, 1, 1, 1, 1);

REPLACE INTO `creature_template` (`entry`, `difficulty_entry_1`, `difficulty_entry_2`, `difficulty_entry_3`, `KillCredit1`, `KillCredit2`, `modelid1`, `modelid2`, `modelid3`, `modelid4`, `name`, `subname`, `IconName`, `gossip_menu_id`, `minlevel`, `maxlevel`, `exp`, `faction_A`, `faction_H`, `npcflag`, `speed_walk`, `speed_run`, `scale`, `rank`, `mindmg`, `maxdmg`, `dmgschool`, `attackpower`, `dmg_multiplier`, `baseattacktime`, `rangeattacktime`, `unit_class`, `unit_flags`, `unit_flags2`, `dynamicflags`, `family`, `trainer_type`, `trainer_spell`, `trainer_class`, `trainer_race`, `minrangedmg`, `maxrangedmg`, `rangedattackpower`, `type`, `type_flags`, `lootid`, `pickpocketloot`, `skinloot`, `resistance1`, `resistance2`, `resistance3`, `resistance4`, `resistance5`, `resistance6`, `spell1`, `spell2`, `spell3`, `spell4`, `spell5`, `spell6`, `spell7`, `spell8`, `PetSpellDataId`, `VehicleId`, `mingold`, `maxgold`, `AIName`, `MovementType`, `InhabitType`, `HoverHeight`, `Health_mod`, `Mana_mod`, `Armor_mod`, `RacialLeader`, `questItem1`, `questItem2`, `questItem3`, `questItem4`, `questItem5`, `questItem6`, `movementId`, `RegenHealth`, `mechanic_immune_mask`, `flags_extra`, `ScriptName`, `WDBVerified`) VALUES (39802, 48892, 48892, 0, 0, 0, 36323, 0, 0, 0, 'Water Warden', '', '', 0, 87, 87, 3, 16, 16, 0, 1.55556, 1.42857, 1, 1, 399, 598, 0, 150, 46.7, 1500, 1500, 1, 0, 2048, 0, 0, 0, 0, 0, 0, 319, 478, 120, 4, 72, 39802, 0, 0, 0, 0, 0, 0, 0, 0, 0, 0, 0, 0, 0, 0, 0, 0, 0, 0, 12175, 12175, '', 0, 3, 1, 12, 1, 1, 0, 0, 0, 0, 0, 0, 0, 144, 1, 617299967, 0, 'npc_water_warden', 15595);

DELETE FROM `creature_loot_template` WHERE (`entry`=39802);
INSERT INTO `creature_loot_template` VALUES 
(39802, 52363, 0.0071, 1, 0, 1, 1),
(39802, 52364, 0.0071, 1, 0, 1, 1),
(39802, 52366, 0.0141, 1, 0, 1, 1),
(39802, 52367, 0.0141, 1, 0, 1, 1),
(39802, 52368, 0.0071, 1, 0, 1, 1),
(39802, 52369, 0.0282, 1, 0, 1, 1),
(39802, 52370, 0.0071, 1, 0, 1, 1),
(39802, 52371, 0.0071, 1, 0, 1, 1),
(39802, 52372, 0.0071, 1, 0, 1, 1),
(39802, 52374, 0.0847, 1, 0, 1, 1),
(39802, 52375, 0.0212, 1, 0, 1, 1),
(39802, 52376, 0.0212, 1, 0, 1, 1),
(39802, 52377, 0.0635, 1, 0, 1, 1),
(39802, 52378, 0.0212, 1, 0, 1, 1),
(39802, 52379, 0.0141, 1, 0, 1, 1),
(39802, 52382, 0.0071, 1, 0, 1, 1),
(39802, 52383, 0.12, 1, 0, 1, 1),
(39802, 52385, 0.0071, 1, 0, 1, 1),
(39802, 52386, 0.0212, 1, 0, 1, 1),
(39802, 52388, 0.0071, 1, 0, 1, 1),
(39802, 52494, 0.0071, 1, 0, 1, 1),
(39802, 52495, 0.0071, 1, 0, 1, 1),
(39802, 52719, 0.0165, 1, 0, 1, 1),
(39802, 55288, 0.4801, 1, 0, 1, 1),
(39802, 55297, 0.4801, 1, 0, 1, 1),
(39802, 55306, 0.1341, 1, 0, 1, 1),
(39802, 55315, 0.6637, 1, 0, 1, 1),
(39802, 55324, 0.12, 1, 0, 1, 1),
(39802, 55333, 0.6213, 1, 0, 1, 1),
(39802, 55342, 0.3954, 1, 0, 1, 1),
(39802, 55351, 0.6707, 1, 0, 1, 1),
(39802, 55360, 0.1059, 1, 0, 1, 1),
(39802, 55369, 1.052, 1, 0, 1, 1),
(39802, 55378, 0.6495, 1, 0, 1, 1),
(39802, 55387, 0.5719, 1, 0, 1, 1),
(39802, 55396, 0.4095, 1, 0, 1, 1),
(39802, 55405, 1.3909, 1, 0, 1, 1),
(39802, 55414, 0.4518, 1, 0, 1, 1),
(39802, 55423, 2.7323, 1, 0, 1, 1),
(39802, 55432, 0.7907, 1, 0, 1, 1),
(39802, 55441, 1.4685, 1, 0, 1, 1),
(39802, 55450, 0.4236, 1, 0, 1, 1),
(39802, 55459, 0.7131, 1, 0, 1, 1),
(39802, 55468, 0.4448, 1, 0, 1, 1),
(39802, 55477, 0.0494, 1, 0, 1, 1),
(39802, 55486, 1.3414, 1, 0, 1, 1),
(39802, 55495, 1.0661, 1, 0, 1, 1),
(39802, 55504, 0.8402, 1, 0, 1, 1),
(39802, 55513, 1.0237, 1, 0, 1, 1),
(39802, 55522, 0.9743, 1, 0, 1, 1),
(39802, 55531, 0.9319, 1, 0, 1, 1),
(39802, 55540, 1.1579, 1, 0, 1, 1),
(39802, 55549, 0.9743, 1, 0, 1, 1),
(39802, 55558, 1.2426, 1, 0, 1, 1),
(39802, 55567, 1.0025, 1, 0, 1, 1),
(39802, 55576, 1.0237, 1, 0, 1, 1),
(39802, 55585, 0.9531, 1, 0, 1, 1),
(39802, 55594, 1.1014, 1, 0, 1, 1),
(39802, 55603, 1.3132, 1, 0, 1, 1),
(39802, 55612, 1.0308, 1, 0, 1, 1),
(39802, 55621, 1.1155, 1, 0, 1, 1),
(39802, 55630, 0.7907, 1, 0, 1, 1),
(39802, 55639, 1.0378, 1, 0, 1, 1),
(39802, 55648, 0.9602, 1, 0, 1, 1),
(39802, 55657, 1.0308, 1, 0, 1, 1),
(39802, 55666, 1.052, 1, 0, 1, 1),
(39802, 55675, 1.1437, 1, 0, 1, 1),
(39802, 55684, 1.4473, 1, 0, 1, 1),
(39802, 55693, 0.9037, 1, 0, 1, 1),
(39802, 55702, 0.9814, 1, 0, 1, 1),
(39802, 55711, 1.2991, 1, 0, 1, 1),
(39802, 55720, 1.0237, 1, 0, 1, 1),
(39802, 55729, 1.3838, 1, 0, 1, 1),
(39802, 55738, 1.4262, 1, 0, 1, 1),
(39802, 55747, 1.3202, 1, 0, 1, 1),
(39802, 55756, 1.1155, 1, 0, 1, 1),
(39802, 55765, 1.4403, 1, 0, 1, 1),
(39802, 55774, 1.3697, 1, 0, 1, 1),
(39802, 56109, 2.93, 1, 0, 1, 1),
(39802, 56110, 3.057, 1, 0, 1, 1),
(39802, 56111, 2.8594, 1, 0, 1, 1),
(39802, 62063, 1.2496, 1, 0, 1, 1),
(39802, 62064, 1.7156, 1, 0, 1, 1),
(39802, 62065, 1.4262, 1, 0, 1, 1),
(39802, 62066, 1.3979, 1, 0, 1, 1),
(39802, 62067, 1.6803, 1, 0, 1, 1),
(39802, 62068, 1.3273, 1, 0, 1, 1),
(39802, 62069, 1.5038, 1, 0, 1, 1),
(39802, 62070, 1.4262, 1, 0, 1, 1),
(39802, 62071, 1.5956, 1, 0, 1, 1),
(39802, 62072, 1.4403, 1, 0, 1, 1),
(39802, 62105, 0.6637, 1, 0, 1, 1),
(39802, 62106, 0.6001, 1, 0, 1, 1),
(39802, 62107, 0.6495, 1, 0, 1, 1),
(39802, 62108, 0.5436, 1, 0, 1, 1),
(39802, 62109, 0.6848, 1, 0, 1, 1),
(39802, 62110, 0.6213, 1, 0, 1, 1),
(39802, 62111, 1.0449, 1, 0, 1, 1),
(39802, 62112, 1.0661, 1, 0, 1, 1),
(39802, 62113, 0.7978, 1, 0, 1, 1),
(39802, 62114, 0.7907, 1, 0, 1, 1),
(39802, 62115, 0.5154, 1, 0, 1, 1),
(39802, 62116, 0.5789, 1, 0, 1, 1),
(39802, 62117, 0.6707, 1, 0, 1, 1),
(39802, 62118, 0.5789, 1, 0, 1, 1),
(39802, 62119, 1.0802, 1, 0, 1, 1),
(39802, 62120, 0.9319, 1, 0, 1, 1),
(39802, 62121, 0.699, 1, 0, 1, 1),
(39802, 62122, 0.7201, 1, 0, 1, 1),
(39802, 62123, 0.5719, 1, 0, 1, 1),
(39802, 62124, 0.6284, 1, 0, 1, 1),
(39802, 62125, 0.7272, 1, 0, 1, 1),
(39802, 62126, 0.7131, 1, 0, 1, 1),
(39802, 62127, 0.6919, 1, 0, 1, 1),
(39802, 62128, 0.6142, 1, 0, 1, 1),
(39802, 62129, 0.7696, 1, 0, 1, 1),
(39802, 62130, 0.7343, 1, 0, 1, 1),
(39802, 62131, 0.7413, 1, 0, 1, 1),
(39802, 62132, 0.9108, 1, 0, 1, 1),
(39802, 62133, 0.6354, 1, 0, 1, 1),
(39802, 62134, 0.6284, 1, 0, 1, 1),
(39802, 62135, 0.5931, 1, 0, 1, 1),
(39802, 62136, 0.6637, 1, 0, 1, 1),
(39802, 66941, 0.0424, 1, 0, 1, 1),
(39802, 66942, 0.0494, 1, 0, 1, 1),
(39802, 66972, 0.0777, 1, 0, 1, 1),
(39802, 66973, 0.0282, 1, 0, 1, 1),
(39802, 66974, 0.0282, 1, 0, 1, 1),
(39802, 66975, 0.0706, 1, 0, 1, 1),
(39802, 66976, 0.0353, 1, 0, 1, 1),
(39802, 66992, 0.0212, 1, 0, 1, 1),
(39802, 66993, 0.0494, 1, 0, 1, 1),
(39802, 66994, 0.0353, 1, 0, 1, 1),
(39802, 67067, 0.0282, 1, 0, 1, 1),
(39802, 67069, 0.0353, 1, 0, 1, 1),
(39802, 67071, 0.0565, 1, 0, 1, 1),
(39802, 67123, 0.0847, 1, 0, 1, 1),
(39802, 67124, 0.0353, 1, 0, 1, 1),
(39802, 67125, 0.0635, 1, 0, 1, 1),
(39802, 67126, 0.0353, 1, 0, 1, 1),
(39802, 67127, 0.0212, 1, 0, 1, 1),
(39802, 67129, 0.0071, 1, 0, 1, 1),
(39802, 67130, 0.0071, 1, 0, 1, 1),
(39802, 67132, 0.0071, 1, 0, 1, 1),
(39802, 67133, 0.0071, 1, 0, 1, 1),
(39802, 67134, 0.0141, 1, 0, 1, 1),
(39802, 67135, 0.0141, 1, 0, 1, 1),
(39802, 67138, 0.0141, 1, 0, 1, 1),
(39802, 67147, 0.0141, 1, 0, 1, 1),
(39802, 67148, 0.0071, 1, 0, 1, 1),
(39802, 67150, 0.0141, 1, 0, 1, 1),
(39802, 67539, 0.0918, 1, 0, 1, 1),
(39802, 68729, 2.464, 1, 0, 1, 1),
(39802, 68781, 0.0071, 1, 0, 1, 1),
(39802, 68783, 0.0212, 1, 0, 1, 1),
(39802, 68788, 0.0212, 1, 0, 1, 1),
(39802, 68789, 0.0141, 1, 0, 1, 1);

REPLACE INTO `creature_template` (`entry`, `difficulty_entry_1`, `difficulty_entry_2`, `difficulty_entry_3`, `KillCredit1`, `KillCredit2`, `modelid1`, `modelid2`, `modelid3`, `modelid4`, `name`, `subname`, `IconName`, `gossip_menu_id`, `minlevel`, `maxlevel`, `exp`, `faction_A`, `faction_H`, `npcflag`, `speed_walk`, `speed_run`, `scale`, `rank`, `mindmg`, `maxdmg`, `dmgschool`, `attackpower`, `dmg_multiplier`, `baseattacktime`, `rangeattacktime`, `unit_class`, `unit_flags`, `unit_flags2`, `dynamicflags`, `family`, `trainer_type`, `trainer_spell`, `trainer_class`, `trainer_race`, `minrangedmg`, `maxrangedmg`, `rangedattackpower`, `type`, `type_flags`, `lootid`, `pickpocketloot`, `skinloot`, `resistance1`, `resistance2`, `resistance3`, `resistance4`, `resistance5`, `resistance6`, `spell1`, `spell2`, `spell3`, `spell4`, `spell5`, `spell6`, `spell7`, `spell8`, `PetSpellDataId`, `VehicleId`, `mingold`, `maxgold`, `AIName`, `MovementType`, `InhabitType`, `HoverHeight`, `Health_mod`, `Mana_mod`, `Armor_mod`, `RacialLeader`, `questItem1`, `questItem2`, `questItem3`, `questItem4`, `questItem5`, `questItem6`, `movementId`, `RegenHealth`, `mechanic_immune_mask`, `flags_extra`, `ScriptName`, `WDBVerified`) VALUES (48892, 0, 0, 0, 0, 0, 36323, 0, 0, 0, 'Water Warden (1)', '', '', 0, 87, 87, 3, 16, 16, 0, 1.55556, 1.42857, 1, 1, 532, 798, 0, 199, 35, 2000, 2000, 1, 0, 2048, 0, 0, 0, 0, 0, 0, 426, 638, 159, 4, 72, 39802, 0, 0, 0, 0, 0, 0, 0, 0, 0, 0, 0, 0, 0, 0, 0, 0, 0, 0, 12175, 12175, '', 0, 3, 1, 16, 1, 1, 0, 0, 0, 0, 0, 0, 0, 144, 1, 617299967, 0, '', 15595);

REPLACE INTO `creature_template` (`entry`, `difficulty_entry_1`, `difficulty_entry_2`, `difficulty_entry_3`, `KillCredit1`, `KillCredit2`, `modelid1`, `modelid2`, `modelid3`, `modelid4`, `name`, `subname`, `IconName`, `gossip_menu_id`, `minlevel`, `maxlevel`, `exp`, `faction_A`, `faction_H`, `npcflag`, `speed_walk`, `speed_run`, `scale`, `rank`, `mindmg`, `maxdmg`, `dmgschool`, `attackpower`, `dmg_multiplier`, `baseattacktime`, `rangeattacktime`, `unit_class`, `unit_flags`, `unit_flags2`, `dynamicflags`, `family`, `trainer_type`, `trainer_spell`, `trainer_class`, `trainer_race`, `minrangedmg`, `maxrangedmg`, `rangedattackpower`, `type`, `type_flags`, `lootid`, `pickpocketloot`, `skinloot`, `resistance1`, `resistance2`, `resistance3`, `resistance4`, `resistance5`, `resistance6`, `spell1`, `spell2`, `spell3`, `spell4`, `spell5`, `spell6`, `spell7`, `spell8`, `PetSpellDataId`, `VehicleId`, `mingold`, `maxgold`, `AIName`, `MovementType`, `InhabitType`, `HoverHeight`, `Health_mod`, `Mana_mod`, `Armor_mod`, `RacialLeader`, `questItem1`, `questItem2`, `questItem3`, `questItem4`, `questItem5`, `questItem6`, `movementId`, `RegenHealth`, `mechanic_immune_mask`, `flags_extra`, `ScriptName`, `WDBVerified`) VALUES (39801, 48895, 48895, 0, 0, 0, 36325, 0, 0, 0, 'Earth Warden', '', '', 0, 87, 87, 3, 16, 16, 0, 1.55556, 1.42857, 1, 1, 399, 598, 0, 150, 46.7, 1500, 1500, 1, 0, 2048, 0, 0, 0, 0, 0, 0, 319, 478, 120, 4, 72, 39801, 0, 0, 0, 0, 0, 0, 0, 0, 77235, 91163, 77234, 91162, 0, 0, 0, 0, 0, 0, 12175, 12175, '', 0, 3, 1, 12, 1, 1, 0, 0, 0, 0, 0, 0, 0, 144, 1, 617299967, 0, 'npc_earth_warden', 15595);

DELETE FROM `creature_loot_template` WHERE (`entry`=39801);
INSERT INTO `creature_loot_template` VALUES 
(39801, 52363, 0.0218, 1, 0, 1, 1),
(39801, 52365, 0.0145, 1, 0, 1, 1),
(39801, 52366, 0.0145, 1, 0, 1, 1),
(39801, 52367, 0.0145, 1, 0, 1, 1),
(39801, 52368, 0.0073, 1, 0, 1, 1),
(39801, 52369, 0.0073, 1, 0, 1, 1),
(39801, 52370, 0.0364, 1, 0, 1, 1),
(39801, 52371, 0.0073, 1, 0, 1, 1),
(39801, 52372, 0.0291, 1, 0, 1, 1),
(39801, 52373, 0.0364, 1, 0, 1, 1),
(39801, 52374, 0.0073, 1, 0, 1, 1),
(39801, 52375, 0.0364, 1, 0, 1, 1),
(39801, 52376, 0.0073, 1, 0, 1, 1),
(39801, 52379, 0.0073, 1, 0, 1, 1),
(39801, 52382, 0.0145, 1, 0, 1, 1),
(39801, 52383, 0.0291, 1, 0, 1, 1),
(39801, 52385, 0.0218, 1, 0, 1, 1),
(39801, 52386, 0.0218, 1, 0, 1, 1),
(39801, 52388, 0.0145, 1, 0, 1, 1),
(39801, 52494, 0.0145, 1, 0, 1, 1),
(39801, 52495, 0.0073, 1, 0, 1, 1),
(39801, 52496, 0.0145, 1, 0, 1, 1),
(39801, 52719, 0.0567, 1, 0, 1, 1),
(39801, 55288, 0.3709, 1, 0, 1, 1),
(39801, 55297, 0.4291, 1, 0, 1, 1),
(39801, 55306, 0.1236, 1, 0, 1, 1),
(39801, 55315, 0.7272, 1, 0, 1, 1),
(39801, 55324, 0.1382, 1, 0, 1, 1),
(39801, 55333, 0.7418, 1, 0, 1, 1),
(39801, 55342, 0.4436, 1, 0, 1, 1),
(39801, 55351, 0.5236, 1, 0, 1, 1),
(39801, 55360, 0.1091, 1, 0, 1, 1),
(39801, 55369, 1.1926, 1, 0, 1, 1),
(39801, 55378, 0.9308, 1, 0, 1, 1),
(39801, 55387, 0.5963, 1, 0, 1, 1),
(39801, 55396, 0.3491, 1, 0, 1, 1),
(39801, 55405, 1.3744, 1, 0, 1, 1),
(39801, 55414, 0.6109, 1, 0, 1, 1),
(39801, 55423, 2.7634, 1, 0, 1, 1),
(39801, 55432, 0.5527, 1, 0, 1, 1),
(39801, 55441, 2.2035, 1, 0, 1, 1),
(39801, 55450, 0.2763, 1, 0, 1, 1),
(39801, 55459, 0.6618, 1, 0, 1, 1),
(39801, 55468, 0.3127, 1, 0, 1, 1),
(39801, 55477, 0.08, 1, 0, 1, 1),
(39801, 55486, 1.818, 1, 0, 1, 1),
(39801, 55495, 1.0327, 1, 0, 1, 1),
(39801, 55504, 1.2072, 1, 0, 1, 1),
(39801, 55513, 1.0399, 1, 0, 1, 1),
(39801, 55522, 0.9454, 1, 0, 1, 1),
(39801, 55531, 0.989, 1, 0, 1, 1),
(39801, 55540, 1.389, 1, 0, 1, 1),
(39801, 55549, 0.9745, 1, 0, 1, 1),
(39801, 55558, 1.2508, 1, 0, 1, 1),
(39801, 55567, 0.8581, 1, 0, 1, 1),
(39801, 55576, 0.9527, 1, 0, 1, 1),
(39801, 55585, 1.0545, 1, 0, 1, 1),
(39801, 55594, 1.1417, 1, 0, 1, 1),
(39801, 55603, 1.0908, 1, 0, 1, 1),
(39801, 55612, 0.8727, 1, 0, 1, 1),
(39801, 55621, 1.149, 1, 0, 1, 1),
(39801, 55630, 1.1854, 1, 0, 1, 1),
(39801, 55639, 1.1345, 1, 0, 1, 1),
(39801, 55648, 0.7854, 1, 0, 1, 1),
(39801, 55657, 1.3817, 1, 0, 1, 1),
(39801, 55666, 1.0036, 1, 0, 1, 1),
(39801, 55675, 1.0981, 1, 0, 1, 1),
(39801, 55684, 1.0981, 1, 0, 1, 1),
(39801, 55693, 0.9381, 1, 0, 1, 1),
(39801, 55702, 1.1272, 1, 0, 1, 1),
(39801, 55711, 1.3381, 1, 0, 1, 1),
(39801, 55720, 1.1999, 1, 0, 1, 1),
(39801, 55729, 1.3381, 1, 0, 1, 1),
(39801, 55738, 1.3454, 1, 0, 1, 1),
(39801, 55747, 1.5344, 1, 0, 1, 1),
(39801, 55756, 1.4544, 1, 0, 1, 1),
(39801, 55765, 1.2581, 1, 0, 1, 1),
(39801, 55774, 1.3308, 1, 0, 1, 1),
(39801, 56109, 3.2507, 1, 0, 1, 1),
(39801, 56110, 2.9598, 1, 0, 1, 1),
(39801, 56111, 3.0616, 1, 0, 1, 1),
(39801, 62063, 1.1199, 1, 0, 1, 1),
(39801, 62064, 1.2145, 1, 0, 1, 1),
(39801, 62065, 1.1417, 1, 0, 1, 1),
(39801, 62066, 1.3454, 1, 0, 1, 1),
(39801, 62067, 1.2654, 1, 0, 1, 1),
(39801, 62068, 1.6072, 1, 0, 1, 1),
(39801, 62069, 1.5344, 1, 0, 1, 1),
(39801, 62070, 1.309, 1, 0, 1, 1),
(39801, 62071, 1.6217, 1, 0, 1, 1),
(39801, 62072, 1.2872, 1, 0, 1, 1),
(39801, 62105, 0.589, 1, 0, 1, 1),
(39801, 62106, 0.6254, 1, 0, 1, 1),
(39801, 62107, 0.6181, 1, 0, 1, 1),
(39801, 62108, 0.7127, 1, 0, 1, 1),
(39801, 62109, 0.5818, 1, 0, 1, 1),
(39801, 62110, 0.6545, 1, 0, 1, 1),
(39801, 62111, 0.8654, 1, 0, 1, 1),
(39801, 62112, 0.8581, 1, 0, 1, 1),
(39801, 62113, 0.7927, 1, 0, 1, 1),
(39801, 62114, 0.6618, 1, 0, 1, 1),
(39801, 62115, 0.48, 1, 0, 1, 1),
(39801, 62116, 0.6981, 1, 0, 1, 1),
(39801, 62117, 0.5527, 1, 0, 1, 1),
(39801, 62118, 0.6545, 1, 0, 1, 1),
(39801, 62119, 0.5672, 1, 0, 1, 1),
(39801, 62120, 0.7418, 1, 0, 1, 1),
(39801, 62121, 0.6618, 1, 0, 1, 1),
(39801, 62122, 0.5672, 1, 0, 1, 1),
(39801, 62123, 0.7999, 1, 0, 1, 1),
(39801, 62124, 0.7418, 1, 0, 1, 1),
(39801, 62125, 1.0108, 1, 0, 1, 1),
(39801, 62126, 0.4581, 1, 0, 1, 1),
(39801, 62127, 0.6036, 1, 0, 1, 1),
(39801, 62128, 0.6545, 1, 0, 1, 1),
(39801, 62129, 1.0472, 1, 0, 1, 1),
(39801, 62130, 0.5527, 1, 0, 1, 1),
(39801, 62131, 0.7199, 1, 0, 1, 1),
(39801, 62132, 0.6036, 1, 0, 1, 1),
(39801, 62133, 0.5818, 1, 0, 1, 1),
(39801, 62134, 0.5745, 1, 0, 1, 1),
(39801, 62135, 0.4945, 1, 0, 1, 1),
(39801, 62136, 0.6981, 1, 0, 1, 1),
(39801, 66941, 0.0654, 1, 0, 1, 1),
(39801, 66942, 0.0436, 1, 0, 1, 1),
(39801, 66972, 0.1091, 1, 0, 1, 1),
(39801, 66973, 0.08, 1, 0, 1, 1),
(39801, 66974, 0.0582, 1, 0, 1, 1),
(39801, 66975, 0.0509, 1, 0, 1, 1),
(39801, 66976, 0.0145, 1, 0, 1, 1),
(39801, 66992, 0.1309, 1, 0, 1, 1),
(39801, 66993, 0.0873, 1, 0, 1, 1),
(39801, 66994, 0.0436, 1, 0, 1, 1),
(39801, 67067, 0.0509, 1, 0, 1, 1),
(39801, 67069, 0.0291, 1, 0, 1, 1),
(39801, 67071, 0.0364, 1, 0, 1, 1),
(39801, 67123, 0.0364, 1, 0, 1, 1),
(39801, 67124, 0.0436, 1, 0, 1, 1),
(39801, 67125, 0.0727, 1, 0, 1, 1),
(39801, 67126, 0.08, 1, 0, 1, 1),
(39801, 67127, 0.1164, 1, 0, 1, 1),
(39801, 67129, 0.0073, 1, 0, 1, 1),
(39801, 67130, 0.0073, 1, 0, 1, 1),
(39801, 67131, 0.0218, 1, 0, 1, 1),
(39801, 67133, 0.0436, 1, 0, 1, 1),
(39801, 67134, 0.0218, 1, 0, 1, 1),
(39801, 67136, 0.0291, 1, 0, 1, 1),
(39801, 67137, 0.0218, 1, 0, 1, 1),
(39801, 67138, 0.0073, 1, 0, 1, 1),
(39801, 67139, 0.0073, 1, 0, 1, 1),
(39801, 67141, 0.0145, 1, 0, 1, 1),
(39801, 67142, 0.0073, 1, 0, 1, 1),
(39801, 67144, 0.0073, 1, 0, 1, 1),
(39801, 67145, 0.0145, 1, 0, 1, 1),
(39801, 67150, 0.0509, 1, 0, 1, 1),
(39801, 67539, 0.1091, 1, 0, 1, 1),
(39801, 68729, 1.9999, 1, 0, 1, 1),
(39801, 68782, 0.0218, 1, 0, 1, 1),
(39801, 68783, 0.0073, 1, 0, 1, 1),
(39801, 68789, 0.0073, 1, 0, 1, 1);

REPLACE INTO `creature_template` (`entry`, `difficulty_entry_1`, `difficulty_entry_2`, `difficulty_entry_3`, `KillCredit1`, `KillCredit2`, `modelid1`, `modelid2`, `modelid3`, `modelid4`, `name`, `subname`, `IconName`, `gossip_menu_id`, `minlevel`, `maxlevel`, `exp`, `faction_A`, `faction_H`, `npcflag`, `speed_walk`, `speed_run`, `scale`, `rank`, `mindmg`, `maxdmg`, `dmgschool`, `attackpower`, `dmg_multiplier`, `baseattacktime`, `rangeattacktime`, `unit_class`, `unit_flags`, `unit_flags2`, `dynamicflags`, `family`, `trainer_type`, `trainer_spell`, `trainer_class`, `trainer_race`, `minrangedmg`, `maxrangedmg`, `rangedattackpower`, `type`, `type_flags`, `lootid`, `pickpocketloot`, `skinloot`, `resistance1`, `resistance2`, `resistance3`, `resistance4`, `resistance5`, `resistance6`, `spell1`, `spell2`, `spell3`, `spell4`, `spell5`, `spell6`, `spell7`, `spell8`, `PetSpellDataId`, `VehicleId`, `mingold`, `maxgold`, `AIName`, `MovementType`, `InhabitType`, `HoverHeight`, `Health_mod`, `Mana_mod`, `Armor_mod`, `RacialLeader`, `questItem1`, `questItem2`, `questItem3`, `questItem4`, `questItem5`, `questItem6`, `movementId`, `RegenHealth`, `mechanic_immune_mask`, `flags_extra`, `ScriptName`, `WDBVerified`) VALUES (48895, 0, 0, 0, 0, 0, 36325, 0, 0, 0, 'Earth Warden (1)', '', '', 0, 87, 87, 3, 16, 16, 0, 1.55556, 1.42857, 1, 1, 532, 798, 0, 199, 35, 2000, 2000, 1, 0, 2048, 0, 0, 0, 0, 0, 0, 426, 638, 159, 4, 72, 39801, 0, 0, 0, 0, 0, 0, 0, 0, 77235, 91163, 77234, 91162, 0, 0, 0, 0, 0, 0, 12175, 12175, '', 0, 3, 1, 16, 1, 1, 0, 0, 0, 0, 0, 0, 0, 144, 1, 617299967, 0, '', 15595);

REPLACE INTO `creature_template` (`entry`, `difficulty_entry_1`, `difficulty_entry_2`, `difficulty_entry_3`, `KillCredit1`, `KillCredit2`, `modelid1`, `modelid2`, `modelid3`, `modelid4`, `name`, `subname`, `IconName`, `gossip_menu_id`, `minlevel`, `maxlevel`, `exp`, `faction_A`, `faction_H`, `npcflag`, `speed_walk`, `speed_run`, `scale`, `rank`, `mindmg`, `maxdmg`, `dmgschool`, `attackpower`, `dmg_multiplier`, `baseattacktime`, `rangeattacktime`, `unit_class`, `unit_flags`, `unit_flags2`, `dynamicflags`, `family`, `trainer_type`, `trainer_spell`, `trainer_class`, `trainer_race`, `minrangedmg`, `maxrangedmg`, `rangedattackpower`, `type`, `type_flags`, `lootid`, `pickpocketloot`, `skinloot`, `resistance1`, `resistance2`, `resistance3`, `resistance4`, `resistance5`, `resistance6`, `spell1`, `spell2`, `spell3`, `spell4`, `spell5`, `spell6`, `spell7`, `spell8`, `PetSpellDataId`, `VehicleId`, `mingold`, `maxgold`, `AIName`, `MovementType`, `InhabitType`, `HoverHeight`, `Health_mod`, `Mana_mod`, `Armor_mod`, `RacialLeader`, `questItem1`, `questItem2`, `questItem3`, `questItem4`, `questItem5`, `questItem6`, `movementId`, `RegenHealth`, `mechanic_immune_mask`, `flags_extra`, `ScriptName`, `WDBVerified`) VALUES (39800, 48894, 48894, 0, 0, 0, 36324, 0, 0, 0, 'Flame Warden', '', '', 0, 87, 87, 3, 16, 16, 0, 1.55556, 1.42857, 1, 1, 399, 598, 0, 150, 46.7, 1500, 1500, 1, 0, 2048, 12, 0, 0, 0, 0, 0, 319, 478, 120, 4, 72, 39800, 0, 0, 0, 0, 0, 0, 0, 0, 77273, 91161, 77241, 91160, 0, 0, 0, 0, 0, 0, 12121, 12121, '', 0, 3, 1, 12, 1, 1, 0, 0, 0, 0, 0, 0, 0, 144, 1, 617299967, 0, 'npc_flame_warden', 15595);

DELETE FROM `creature_loot_template` WHERE (`entry`=39800);
INSERT INTO `creature_loot_template` VALUES 
(39800, 52363, 0.045, 1, 0, 1, 1),
(39800, 52364, 0.03, 1, 0, 1, 1),
(39800, 52365, 0.015, 1, 0, 1, 1),
(39800, 52366, 0.03, 1, 0, 1, 1),
(39800, 52367, 0.015, 1, 0, 1, 1),
(39800, 52368, 0.0075, 1, 0, 1, 1),
(39800, 52370, 0.015, 1, 0, 1, 1),
(39800, 52371, 0.0225, 1, 0, 1, 1),
(39800, 52372, 0.0075, 1, 0, 1, 1),
(39800, 52373, 0.03, 1, 0, 1, 1),
(39800, 52374, 0.03, 1, 0, 1, 1),
(39800, 52375, 0.0075, 1, 0, 1, 1),
(39800, 52376, 0.0375, 1, 0, 1, 1),
(39800, 52377, 0.0375, 1, 0, 1, 1),
(39800, 52379, 0.0375, 1, 0, 1, 1),
(39800, 52382, 0.0225, 1, 0, 1, 1),
(39800, 52383, 0.0375, 1, 0, 1, 1),
(39800, 52385, 0.0375, 1, 0, 1, 1),
(39800, 52386, 0.03, 1, 0, 1, 1),
(39800, 52388, 0.0075, 1, 0, 1, 1),
(39800, 52494, 0.03, 1, 0, 1, 1),
(39800, 52495, 0.0375, 1, 0, 1, 1),
(39800, 52496, 0.0075, 1, 0, 1, 1),
(39800, 52719, 0.1949, 1, 0, 1, 1),
(39800, 55288, 0.5924, 1, 0, 1, 1),
(39800, 55297, 0.5024, 1, 0, 1, 1),
(39800, 55306, 0.075, 1, 0, 1, 1),
(39800, 55315, 0.6449, 1, 0, 1, 1),
(39800, 55324, 0.0825, 1, 0, 1, 1),
(39800, 55333, 0.5699, 1, 0, 1, 1),
(39800, 55342, 0.4274, 1, 0, 1, 1),
(39800, 55351, 0.6224, 1, 0, 1, 1),
(39800, 55360, 0.12, 1, 0, 1, 1),
(39800, 55369, 1.0499, 1, 0, 1, 1),
(39800, 55378, 0.7049, 1, 0, 1, 1),
(39800, 55387, 0.7799, 1, 0, 1, 1),
(39800, 55396, 0.3975, 1, 0, 1, 1),
(39800, 55405, 1.4923, 1, 0, 1, 1),
(39800, 55414, 0.3525, 1, 0, 1, 1),
(39800, 55423, 2.7897, 1, 0, 1, 1),
(39800, 55432, 0.8249, 1, 0, 1, 1),
(39800, 55441, 2.0322, 1, 0, 1, 1),
(39800, 55450, 0.4724, 1, 0, 1, 1),
(39800, 55459, 0.5099, 1, 0, 1, 1),
(39800, 55468, 0.5024, 1, 0, 1, 1),
(39800, 55477, 0.06, 1, 0, 1, 1),
(39800, 55486, 1.4398, 1, 0, 1, 1),
(39800, 55495, 1.0199, 1, 0, 1, 1),
(39800, 55504, 0.8099, 1, 0, 1, 1),
(39800, 55513, 0.9074, 1, 0, 1, 1),
(39800, 55522, 1.2748, 1, 0, 1, 1),
(39800, 55531, 1.2598, 1, 0, 1, 1),
(39800, 55540, 1.2148, 1, 0, 1, 1),
(39800, 55549, 0.8924, 1, 0, 1, 1),
(39800, 55558, 0.9524, 1, 0, 1, 1),
(39800, 55567, 0.9824, 1, 0, 1, 1),
(39800, 55576, 1.0274, 1, 0, 1, 1),
(39800, 55585, 1.1474, 1, 0, 1, 1),
(39800, 55594, 1.3948, 1, 0, 1, 1),
(39800, 55603, 0.8024, 1, 0, 1, 1),
(39800, 55612, 1.0049, 1, 0, 1, 1),
(39800, 55621, 0.9449, 1, 0, 1, 1),
(39800, 55630, 0.9224, 1, 0, 1, 1),
(39800, 55639, 1.0874, 1, 0, 1, 1),
(39800, 55648, 0.8624, 1, 0, 1, 1),
(39800, 55657, 0.9299, 1, 0, 1, 1),
(39800, 55666, 0.9149, 1, 0, 1, 1),
(39800, 55675, 1.0274, 1, 0, 1, 1),
(39800, 55684, 1.0274, 1, 0, 1, 1),
(39800, 55693, 1.1324, 1, 0, 1, 1),
(39800, 55702, 0.8474, 1, 0, 1, 1),
(39800, 55711, 1.5073, 1, 0, 1, 1),
(39800, 55720, 1.4173, 1, 0, 1, 1),
(39800, 55729, 1.4623, 1, 0, 1, 1),
(39800, 55738, 1.3798, 1, 0, 1, 1),
(39800, 55747, 1.2748, 1, 0, 1, 1),
(39800, 55756, 1.1849, 1, 0, 1, 1),
(39800, 55765, 1.4248, 1, 0, 1, 1),
(39800, 55774, 1.1699, 1, 0, 1, 1),
(39800, 56109, 2.7147, 1, 0, 1, 1),
(39800, 56110, 3.3071, 1, 0, 1, 1),
(39800, 56111, 3.4496, 1, 0, 1, 1),
(39800, 62063, 1.4773, 1, 0, 1, 1),
(39800, 62064, 1.1549, 1, 0, 1, 1),
(39800, 62065, 1.3873, 1, 0, 1, 1),
(39800, 62066, 1.6423, 1, 0, 1, 1),
(39800, 62067, 1.1699, 1, 0, 1, 1),
(39800, 62068, 1.5073, 1, 0, 1, 1),
(39800, 62069, 1.3723, 1, 0, 1, 1),
(39800, 62070, 1.1174, 1, 0, 1, 1),
(39800, 62071, 1.6648, 1, 0, 1, 1),
(39800, 62072, 1.4398, 1, 0, 1, 1),
(39800, 62105, 0.5549, 1, 0, 1, 1),
(39800, 62106, 0.6674, 1, 0, 1, 1),
(39800, 62107, 0.5399, 1, 0, 1, 1),
(39800, 62108, 0.7274, 1, 0, 1, 1),
(39800, 62109, 0.5924, 1, 0, 1, 1),
(39800, 62110, 0.5924, 1, 0, 1, 1),
(39800, 62111, 0.7649, 1, 0, 1, 1),
(39800, 62112, 0.9524, 1, 0, 1, 1),
(39800, 62113, 0.6974, 1, 0, 1, 1),
(39800, 62114, 0.6899, 1, 0, 1, 1),
(39800, 62115, 0.5024, 1, 0, 1, 1),
(39800, 62116, 0.8849, 1, 0, 1, 1),
(39800, 62117, 0.7874, 1, 0, 1, 1),
(39800, 62118, 0.8324, 1, 0, 1, 1),
(39800, 62119, 0.6299, 1, 0, 1, 1),
(39800, 62120, 0.7799, 1, 0, 1, 1),
(39800, 62121, 0.5549, 1, 0, 1, 1),
(39800, 62122, 0.6974, 1, 0, 1, 1),
(39800, 62123, 0.6299, 1, 0, 1, 1),
(39800, 62124, 0.6974, 1, 0, 1, 1),
(39800, 62125, 0.6374, 1, 0, 1, 1),
(39800, 62126, 0.6824, 1, 0, 1, 1),
(39800, 62127, 0.6449, 1, 0, 1, 1),
(39800, 62128, 0.6674, 1, 0, 1, 1),
(39800, 62129, 0.8549, 1, 0, 1, 1),
(39800, 62130, 0.7274, 1, 0, 1, 1),
(39800, 62131, 0.8174, 1, 0, 1, 1),
(39800, 62132, 0.7124, 1, 0, 1, 1),
(39800, 62133, 0.4574, 1, 0, 1, 1),
(39800, 62134, 0.6599, 1, 0, 1, 1),
(39800, 62135, 0.7049, 1, 0, 1, 1),
(39800, 62136, 0.7274, 1, 0, 1, 1),
(39800, 66941, 0.03, 1, 0, 1, 1),
(39800, 66942, 0.135, 1, 0, 1, 1),
(39800, 66972, 0.0225, 1, 0, 1, 1),
(39800, 66973, 0.1125, 1, 0, 1, 1),
(39800, 66974, 0.03, 1, 0, 1, 1),
(39800, 66975, 0.0225, 1, 0, 1, 1),
(39800, 66976, 0.0075, 1, 0, 1, 1),
(39800, 66992, 0.1125, 1, 0, 1, 1),
(39800, 66993, 0.06, 1, 0, 1, 1),
(39800, 66994, 0.0825, 1, 0, 1, 1),
(39800, 67067, 0.045, 1, 0, 1, 1),
(39800, 67069, 0.09, 1, 0, 1, 1),
(39800, 67071, 0.06, 1, 0, 1, 1),
(39800, 67123, 0.045, 1, 0, 1, 1),
(39800, 67124, 0.0525, 1, 0, 1, 1),
(39800, 67125, 0.0075, 1, 0, 1, 1),
(39800, 67126, 0.0225, 1, 0, 1, 1),
(39800, 67127, 0.0375, 1, 0, 1, 1),
(39800, 67131, 0.0375, 1, 0, 1, 1),
(39800, 67133, 0.0075, 1, 0, 1, 1),
(39800, 67134, 0.015, 1, 0, 1, 1),
(39800, 67135, 0.0075, 1, 0, 1, 1),
(39800, 67137, 0.03, 1, 0, 1, 1),
(39800, 67138, 0.0075, 1, 0, 1, 1),
(39800, 67139, 0.0225, 1, 0, 1, 1),
(39800, 67141, 0.015, 1, 0, 1, 1),
(39800, 67143, 0.0075, 1, 0, 1, 1),
(39800, 67144, 0.015, 1, 0, 1, 1),
(39800, 67145, 0.015, 1, 0, 1, 1),
(39800, 67146, 0.0075, 1, 0, 1, 1),
(39800, 67147, 0.0075, 1, 0, 1, 1),
(39800, 67148, 0.0075, 1, 0, 1, 1),
(39800, 67149, 0.0075, 1, 0, 1, 1),
(39800, 67150, 0.0075, 1, 0, 1, 1),
(39800, 67539, 0.0975, 1, 0, 1, 1),
(39800, 68729, 2.2497, 1, 0, 1, 1),
(39800, 68787, 0.015, 1, 0, 1, 1),
(39800, 68788, 0.0075, 1, 0, 1, 1),
(39800, 69820, 0.015, 1, 0, 1, 1);

REPLACE INTO `creature_template` (`entry`, `difficulty_entry_1`, `difficulty_entry_2`, `difficulty_entry_3`, `KillCredit1`, `KillCredit2`, `modelid1`, `modelid2`, `modelid3`, `modelid4`, `name`, `subname`, `IconName`, `gossip_menu_id`, `minlevel`, `maxlevel`, `exp`, `faction_A`, `faction_H`, `npcflag`, `speed_walk`, `speed_run`, `scale`, `rank`, `mindmg`, `maxdmg`, `dmgschool`, `attackpower`, `dmg_multiplier`, `baseattacktime`, `rangeattacktime`, `unit_class`, `unit_flags`, `unit_flags2`, `dynamicflags`, `family`, `trainer_type`, `trainer_spell`, `trainer_class`, `trainer_race`, `minrangedmg`, `maxrangedmg`, `rangedattackpower`, `type`, `type_flags`, `lootid`, `pickpocketloot`, `skinloot`, `resistance1`, `resistance2`, `resistance3`, `resistance4`, `resistance5`, `resistance6`, `spell1`, `spell2`, `spell3`, `spell4`, `spell5`, `spell6`, `spell7`, `spell8`, `PetSpellDataId`, `VehicleId`, `mingold`, `maxgold`, `AIName`, `MovementType`, `InhabitType`, `HoverHeight`, `Health_mod`, `Mana_mod`, `Armor_mod`, `RacialLeader`, `questItem1`, `questItem2`, `questItem3`, `questItem4`, `questItem5`, `questItem6`, `movementId`, `RegenHealth`, `mechanic_immune_mask`, `flags_extra`, `ScriptName`, `WDBVerified`) VALUES (48894, 0, 0, 0, 0, 0, 36324, 0, 0, 0, 'Flame Warden (1)', '', '', 0, 87, 87, 3, 16, 16, 0, 1.55556, 1.42857, 1, 1, 532, 798, 0, 199, 35, 2000, 2000, 1, 0, 2048, 12, 0, 0, 0, 0, 0, 426, 638, 159, 4, 72, 39800, 0, 0, 0, 0, 0, 0, 0, 0, 77273, 91161, 77241, 91160, 0, 0, 0, 0, 0, 0, 12121, 12121, '', 0, 3, 1, 16, 1, 1, 0, 0, 0, 0, 0, 0, 0, 144, 1, 617299967, 0, '', 15595);

REPLACE INTO `creature_template` (`entry`, `difficulty_entry_1`, `difficulty_entry_2`, `difficulty_entry_3`, `KillCredit1`, `KillCredit2`, `modelid1`, `modelid2`, `modelid3`, `modelid4`, `name`, `subname`, `IconName`, `gossip_menu_id`, `minlevel`, `maxlevel`, `exp`, `faction_A`, `faction_H`, `npcflag`, `speed_walk`, `speed_run`, `scale`, `rank`, `mindmg`, `maxdmg`, `dmgschool`, `attackpower`, `dmg_multiplier`, `baseattacktime`, `rangeattacktime`, `unit_class`, `unit_flags`, `unit_flags2`, `dynamicflags`, `family`, `trainer_type`, `trainer_spell`, `trainer_class`, `trainer_race`, `minrangedmg`, `maxrangedmg`, `rangedattackpower`, `type`, `type_flags`, `lootid`, `pickpocketloot`, `skinloot`, `resistance1`, `resistance2`, `resistance3`, `resistance4`, `resistance5`, `resistance6`, `spell1`, `spell2`, `spell3`, `spell4`, `spell5`, `spell6`, `spell7`, `spell8`, `PetSpellDataId`, `VehicleId`, `mingold`, `maxgold`, `AIName`, `MovementType`, `InhabitType`, `HoverHeight`, `Health_mod`, `Mana_mod`, `Armor_mod`, `RacialLeader`, `questItem1`, `questItem2`, `questItem3`, `questItem4`, `questItem5`, `questItem6`, `movementId`, `RegenHealth`, `mechanic_immune_mask`, `flags_extra`, `ScriptName`, `WDBVerified`) VALUES (39803, 48896, 48896, 0, 0, 0, 36328, 0, 0, 0, 'Air Warden', '', '', 0, 87, 87, 3, 16, 16, 0, 1.55556, 1.42857, 1, 1, 399, 598, 0, 150, 46.7, 1500, 1500, 1, 0, 2048, 0, 0, 0, 0, 0, 0, 319, 478, 120, 4, 72, 39803, 0, 0, 0, 0, 0, 0, 0, 0, 77334, 91164, 0, 0, 0, 0, 0, 0, 0, 0, 12081, 12081, '', 0, 3, 1, 12, 1, 1, 0, 0, 0, 0, 0, 0, 0, 144, 1, 617299967, 0, 'npc_air_warden', 15595);

DELETE FROM `creature_loot_template` WHERE (`entry`=39803);
INSERT INTO `creature_loot_template` VALUES 
(39803, 52363, 0.0142, 1, 0, 1, 1),
(39803, 52364, 0.0213, 1, 0, 1, 1),
(39803, 52365, 0.0142, 1, 0, 1, 1),
(39803, 52366, 0.0213, 1, 0, 1, 1),
(39803, 52367, 0.0071, 1, 0, 1, 1),
(39803, 52368, 0.0071, 1, 0, 1, 1),
(39803, 52369, 0.0496, 1, 0, 1, 1),
(39803, 52370, 0.0071, 1, 0, 1, 1),
(39803, 52371, 0.0425, 1, 0, 1, 1),
(39803, 52373, 0.0142, 1, 0, 1, 1),
(39803, 52374, 0.0283, 1, 0, 1, 1),
(39803, 52375, 0.0354, 1, 0, 1, 1),
(39803, 52376, 0.0071, 1, 0, 1, 1),
(39803, 52377, 0.0071, 1, 0, 1, 1),
(39803, 52378, 0.0142, 1, 0, 1, 1),
(39803, 52379, 0.0213, 1, 0, 1, 1),
(39803, 52382, 0.0283, 1, 0, 1, 1),
(39803, 52383, 0.0142, 1, 0, 1, 1),
(39803, 52385, 0.0071, 1, 0, 1, 1),
(39803, 52386, 0.0213, 1, 0, 1, 1),
(39803, 52388, 0.0283, 1, 0, 1, 1),
(39803, 52494, 0.0283, 1, 0, 1, 1),
(39803, 52495, 0.0142, 1, 0, 1, 1),
(39803, 55288, 0.425, 1, 0, 1, 1),
(39803, 55297, 0.4888, 1, 0, 1, 1),
(39803, 55306, 0.1558, 1, 0, 1, 1),
(39803, 55315, 0.7225, 1, 0, 1, 1),
(39803, 55324, 0.1063, 1, 0, 1, 1),
(39803, 55333, 0.6446, 1, 0, 1, 1),
(39803, 55342, 0.3471, 1, 0, 1, 1),
(39803, 55351, 0.5809, 1, 0, 1, 1),
(39803, 55360, 0.2763, 1, 0, 1, 1),
(39803, 55369, 1.0413, 1, 0, 1, 1),
(39803, 55378, 0.765, 1, 0, 1, 1),
(39803, 55387, 0.51, 1, 0, 1, 1),
(39803, 55396, 0.3117, 1, 0, 1, 1),
(39803, 55405, 1.3246, 1, 0, 1, 1),
(39803, 55414, 0.4179, 1, 0, 1, 1),
(39803, 55423, 2.8689, 1, 0, 1, 1),
(39803, 55432, 0.6163, 1, 0, 1, 1),
(39803, 55441, 1.8418, 1, 0, 1, 1),
(39803, 55450, 0.3188, 1, 0, 1, 1),
(39803, 55459, 0.5879, 1, 0, 1, 1),
(39803, 55468, 0.3542, 1, 0, 1, 1),
(39803, 55477, 0.0638, 1, 0, 1, 1),
(39803, 55486, 1.3671, 1, 0, 1, 1),
(39803, 55495, 0.8784, 1, 0, 1, 1),
(39803, 55504, 1.0909, 1, 0, 1, 1),
(39803, 55513, 1.1901, 1, 0, 1, 1),
(39803, 55522, 1.4309, 1, 0, 1, 1),
(39803, 55531, 0.9705, 1, 0, 1, 1),
(39803, 55540, 1.2538, 1, 0, 1, 1),
(39803, 55549, 0.9492, 1, 0, 1, 1),
(39803, 55558, 1.1051, 1, 0, 1, 1),
(39803, 55567, 0.9138, 1, 0, 1, 1),
(39803, 55576, 0.7863, 1, 0, 1, 1),
(39803, 55585, 1.1192, 1, 0, 1, 1),
(39803, 55594, 1.2184, 1, 0, 1, 1),
(39803, 55603, 1.2467, 1, 0, 1, 1),
(39803, 55612, 0.9067, 1, 0, 1, 1),
(39803, 55621, 0.9917, 1, 0, 1, 1),
(39803, 55630, 1.1334, 1, 0, 1, 1),
(39803, 55639, 1.0555, 1, 0, 1, 1),
(39803, 55648, 0.8642, 1, 0, 1, 1),
(39803, 55657, 0.9067, 1, 0, 1, 1),
(39803, 55666, 0.7721, 1, 0, 1, 1),
(39803, 55675, 1.0484, 1, 0, 1, 1),
(39803, 55684, 1.5088, 1, 0, 1, 1),
(39803, 55693, 1.1334, 1, 0, 1, 1),
(39803, 55702, 1.0271, 1, 0, 1, 1),
(39803, 55711, 1.2538, 1, 0, 1, 1),
(39803, 55720, 1.6434, 1, 0, 1, 1),
(39803, 55729, 1.3459, 1, 0, 1, 1),
(39803, 55738, 1.4096, 1, 0, 1, 1),
(39803, 55747, 1.2396, 1, 0, 1, 1),
(39803, 55756, 1.6009, 1, 0, 1, 1),
(39803, 55765, 1.2821, 1, 0, 1, 1),
(39803, 55774, 1.4947, 1, 0, 1, 1),
(39803, 56109, 3.0531, 1, 0, 1, 1),
(39803, 56110, 3.3435, 1, 0, 1, 1),
(39803, 56111, 2.5147, 1, 0, 1, 1),
(39803, 62063, 1.2821, 1, 0, 1, 1),
(39803, 62064, 1.438, 1, 0, 1, 1),
(39803, 62065, 1.3601, 1, 0, 1, 1),
(39803, 62066, 1.3246, 1, 0, 1, 1),
(39803, 62067, 1.3955, 1, 0, 1, 1),
(39803, 62068, 1.4734, 1, 0, 1, 1),
(39803, 62069, 1.3813, 1, 0, 1, 1),
(39803, 62070, 1.778, 1, 0, 1, 1),
(39803, 62071, 1.2963, 1, 0, 1, 1),
(39803, 62072, 1.5159, 1, 0, 1, 1),
(39803, 62105, 0.6304, 1, 0, 1, 1),
(39803, 62106, 0.6871, 1, 0, 1, 1),
(39803, 62107, 0.4888, 1, 0, 1, 1),
(39803, 62108, 0.8996, 1, 0, 1, 1),
(39803, 62109, 0.6163, 1, 0, 1, 1),
(39803, 62110, 0.8217, 1, 0, 1, 1),
(39803, 62111, 0.6234, 1, 0, 1, 1),
(39803, 62112, 0.68, 1, 0, 1, 1),
(39803, 62113, 1.1192, 1, 0, 1, 1),
(39803, 62114, 0.6446, 1, 0, 1, 1),
(39803, 62115, 0.5738, 1, 0, 1, 1),
(39803, 62116, 0.6092, 1, 0, 1, 1),
(39803, 62117, 0.7296, 1, 0, 1, 1),
(39803, 62118, 0.6729, 1, 0, 1, 1),
(39803, 62119, 0.6092, 1, 0, 1, 1),
(39803, 62120, 0.4463, 1, 0, 1, 1),
(39803, 62121, 0.7013, 1, 0, 1, 1),
(39803, 62122, 0.6234, 1, 0, 1, 1),
(39803, 62123, 0.6517, 1, 0, 1, 1),
(39803, 62124, 0.7296, 1, 0, 1, 1),
(39803, 62125, 0.6375, 1, 0, 1, 1),
(39803, 62126, 0.6092, 1, 0, 1, 1),
(39803, 62127, 0.595, 1, 0, 1, 1),
(39803, 62128, 1.0271, 1, 0, 1, 1),
(39803, 62129, 0.758, 1, 0, 1, 1),
(39803, 62130, 0.765, 1, 0, 1, 1),
(39803, 62131, 0.6729, 1, 0, 1, 1),
(39803, 62132, 0.5738, 1, 0, 1, 1),
(39803, 62133, 0.5313, 1, 0, 1, 1),
(39803, 62134, 0.6517, 1, 0, 1, 1),
(39803, 62135, 0.7296, 1, 0, 1, 1),
(39803, 62136, 0.7013, 1, 0, 1, 1),
(39803, 66941, 0.0567, 1, 0, 1, 1),
(39803, 66942, 0.1629, 1, 0, 1, 1),
(39803, 66972, 0.0779, 1, 0, 1, 1),
(39803, 66973, 0.0779, 1, 0, 1, 1),
(39803, 66974, 0.0708, 1, 0, 1, 1),
(39803, 66975, 0.0638, 1, 0, 1, 1),
(39803, 66976, 0.0142, 1, 0, 1, 1),
(39803, 66992, 0.0779, 1, 0, 1, 1),
(39803, 66993, 0.0283, 1, 0, 1, 1),
(39803, 66994, 0.0283, 1, 0, 1, 1),
(39803, 67067, 0.0638, 1, 0, 1, 1),
(39803, 67069, 0.0638, 1, 0, 1, 1),
(39803, 67071, 0.1275, 1, 0, 1, 1),
(39803, 67123, 0.0496, 1, 0, 1, 1),
(39803, 67124, 0.0283, 1, 0, 1, 1),
(39803, 67125, 0.0354, 1, 0, 1, 1),
(39803, 67126, 0.0638, 1, 0, 1, 1),
(39803, 67127, 0.0354, 1, 0, 1, 1),
(39803, 67130, 0.0071, 1, 0, 1, 1),
(39803, 67132, 0.0071, 1, 0, 1, 1),
(39803, 67135, 0.0142, 1, 0, 1, 1),
(39803, 67137, 0.0142, 1, 0, 1, 1),
(39803, 67138, 0.0071, 1, 0, 1, 1),
(39803, 67140, 0.0142, 1, 0, 1, 1),
(39803, 67141, 0.0142, 1, 0, 1, 1),
(39803, 67143, 0.0071, 1, 0, 1, 1),
(39803, 67145, 0.0071, 1, 0, 1, 1),
(39803, 67146, 0.0071, 1, 0, 1, 1),
(39803, 67147, 0.0071, 1, 0, 1, 1),
(39803, 67148, 0.0071, 1, 0, 1, 1),
(39803, 67149, 0.0142, 1, 0, 1, 1),
(39803, 67150, 0.0071, 1, 0, 1, 1),
(39803, 67539, 0.2267, 1, 0, 1, 1),
(39803, 68729, 2.1322, 1, 0, 1, 1),
(39803, 68783, 0.0071, 1, 0, 1, 1),
(39803, 68788, 0.0071, 1, 0, 1, 1),
(39803, 68789, 0.0213, 1, 0, 1, 1),
(39803, 69820, 0.0071, 1, 0, 1, 1);

REPLACE INTO `creature_template` (`entry`, `difficulty_entry_1`, `difficulty_entry_2`, `difficulty_entry_3`, `KillCredit1`, `KillCredit2`, `modelid1`, `modelid2`, `modelid3`, `modelid4`, `name`, `subname`, `IconName`, `gossip_menu_id`, `minlevel`, `maxlevel`, `exp`, `faction_A`, `faction_H`, `npcflag`, `speed_walk`, `speed_run`, `scale`, `rank`, `mindmg`, `maxdmg`, `dmgschool`, `attackpower`, `dmg_multiplier`, `baseattacktime`, `rangeattacktime`, `unit_class`, `unit_flags`, `unit_flags2`, `dynamicflags`, `family`, `trainer_type`, `trainer_spell`, `trainer_class`, `trainer_race`, `minrangedmg`, `maxrangedmg`, `rangedattackpower`, `type`, `type_flags`, `lootid`, `pickpocketloot`, `skinloot`, `resistance1`, `resistance2`, `resistance3`, `resistance4`, `resistance5`, `resistance6`, `spell1`, `spell2`, `spell3`, `spell4`, `spell5`, `spell6`, `spell7`, `spell8`, `PetSpellDataId`, `VehicleId`, `mingold`, `maxgold`, `AIName`, `MovementType`, `InhabitType`, `HoverHeight`, `Health_mod`, `Mana_mod`, `Armor_mod`, `RacialLeader`, `questItem1`, `questItem2`, `questItem3`, `questItem4`, `questItem5`, `questItem6`, `movementId`, `RegenHealth`, `mechanic_immune_mask`, `flags_extra`, `ScriptName`, `WDBVerified`) VALUES (48896, 0, 0, 0, 0, 0, 36328, 0, 0, 0, 'Air Warden (1)', '', '', 0, 87, 87, 3, 16, 16, 0, 1.55556, 1.42857, 1, 1, 532, 798, 0, 199, 35, 2000, 2000, 1, 0, 2048, 0, 0, 0, 0, 0, 0, 426, 638, 159, 4, 72, 39803, 0, 0, 0, 0, 0, 0, 0, 0, 77334, 91164, 0, 0, 0, 0, 0, 0, 0, 0, 12081, 12081, '', 0, 3, 1, 16, 1, 1, 0, 0, 0, 0, 0, 0, 0, 144, 1, 617299967, 0, '', 15595);

REPLACE INTO `creature_template` (`entry`, `difficulty_entry_1`, `difficulty_entry_2`, `difficulty_entry_3`, `KillCredit1`, `KillCredit2`, `modelid1`, `modelid2`, `modelid3`, `modelid4`, `name`, `subname`, `IconName`, `gossip_menu_id`, `minlevel`, `maxlevel`, `exp`, `faction_A`, `faction_H`, `npcflag`, `speed_walk`, `speed_run`, `scale`, `rank`, `mindmg`, `maxdmg`, `dmgschool`, `attackpower`, `dmg_multiplier`, `baseattacktime`, `rangeattacktime`, `unit_class`, `unit_flags`, `unit_flags2`, `dynamicflags`, `family`, `trainer_type`, `trainer_spell`, `trainer_class`, `trainer_race`, `minrangedmg`, `maxrangedmg`, `rangedattackpower`, `type`, `type_flags`, `lootid`, `pickpocketloot`, `skinloot`, `resistance1`, `resistance2`, `resistance3`, `resistance4`, `resistance5`, `resistance6`, `spell1`, `spell2`, `spell3`, `spell4`, `spell5`, `spell6`, `spell7`, `spell8`, `PetSpellDataId`, `VehicleId`, `mingold`, `maxgold`, `AIName`, `MovementType`, `InhabitType`, `HoverHeight`, `Health_mod`, `Mana_mod`, `Armor_mod`, `RacialLeader`, `questItem1`, `questItem2`, `questItem3`, `questItem4`, `questItem5`, `questItem6`, `movementId`, `RegenHealth`, `mechanic_immune_mask`, `flags_extra`, `ScriptName`, `WDBVerified`) VALUES (39788, 48902, 48902, 0, 0, 0, 34580, 0, 0, 0, 'Anraphet', '', '', 0, 87, 87, 3, 16, 16, 0, 1.6, 1.71429, 1, 1, 399, 598, 0, 150, 121.2, 1500, 1500, 1, 0, 2048, 0, 0, 0, 0, 0, 0, 319, 478, 120, 10, 72, 39788, 0, 0, 0, 0, 0, 0, 0, 0, 76184, 75609, 91206, 77437, 0, 0, 0, 0, 0, 0, 20001, 20001, '', 0, 3, 1, 25, 1, 1, 0, 0, 0, 0, 0, 0, 0, 167, 1, 617299967, 0, 'boss_anraphet', 15595);

DELETE FROM `creature_loot_template` WHERE (`entry`=39788);
INSERT INTO `creature_loot_template` VALUES 
(39788, 57855, 0, 1, 1, 1, 1),
(39788, 57856, 0, 1, 1, 1, 1),
(39788, 57857, 0, 1, 1, 1, 1),
(39788, 57858, 0, 1, 1, 1, 1),
(39788, 57860, 0, 1, 1, 1, 1);

REPLACE INTO `creature_template` (`entry`, `difficulty_entry_1`, `difficulty_entry_2`, `difficulty_entry_3`, `KillCredit1`, `KillCredit2`, `modelid1`, `modelid2`, `modelid3`, `modelid4`, `name`, `subname`, `IconName`, `gossip_menu_id`, `minlevel`, `maxlevel`, `exp`, `faction_A`, `faction_H`, `npcflag`, `speed_walk`, `speed_run`, `scale`, `rank`, `mindmg`, `maxdmg`, `dmgschool`, `attackpower`, `dmg_multiplier`, `baseattacktime`, `rangeattacktime`, `unit_class`, `unit_flags`, `unit_flags2`, `dynamicflags`, `family`, `trainer_type`, `trainer_spell`, `trainer_class`, `trainer_race`, `minrangedmg`, `maxrangedmg`, `rangedattackpower`, `type`, `type_flags`, `lootid`, `pickpocketloot`, `skinloot`, `resistance1`, `resistance2`, `resistance3`, `resistance4`, `resistance5`, `resistance6`, `spell1`, `spell2`, `spell3`, `spell4`, `spell5`, `spell6`, `spell7`, `spell8`, `PetSpellDataId`, `VehicleId`, `mingold`, `maxgold`, `AIName`, `MovementType`, `InhabitType`, `HoverHeight`, `Health_mod`, `Mana_mod`, `Armor_mod`, `RacialLeader`, `questItem1`, `questItem2`, `questItem3`, `questItem4`, `questItem5`, `questItem6`, `movementId`, `RegenHealth`, `mechanic_immune_mask`, `flags_extra`, `ScriptName`, `WDBVerified`) VALUES (48902, 0, 0, 0, 0, 0, 34580, 0, 0, 0, 'Anraphet (1)', '', '', 0, 87, 87, 3, 16, 16, 0, 1.6, 1.71429, 1, 1, 532, 798, 0, 199, 125, 2000, 2000, 1, 0, 2048, 0, 0, 0, 0, 0, 0, 426, 638, 159, 10, 72, 48902, 0, 0, 0, 0, 0, 0, 0, 0, 76184, 75609, 91206, 77437, 0, 0, 0, 0, 0, 0, 20001, 20001, '', 0, 3, 1, 60, 1, 1, 0, 0, 0, 0, 0, 0, 0, 167, 1, 617299967, 1, '', 15595);

DELETE FROM `creature_loot_template` WHERE (`entry`=48902);
INSERT INTO `creature_loot_template` VALUES 
(48902, 57866, 0, 1, 1, 1, 1),
(48902, 57867, 0, 1, 1, 1, 1),
(48902, 57868, 0, 1, 1, 1, 1),
(48902, 57869, 0, 1, 1, 1, 1),
(48902, 57870, 0, 1, 1, 1, 1);

REPLACE INTO `creature_template` (`entry`, `difficulty_entry_1`, `difficulty_entry_2`, `difficulty_entry_3`, `KillCredit1`, `KillCredit2`, `modelid1`, `modelid2`, `modelid3`, `modelid4`, `name`, `subname`, `IconName`, `gossip_menu_id`, `minlevel`, `maxlevel`, `exp`, `faction_A`, `faction_H`, `npcflag`, `speed_walk`, `speed_run`, `scale`, `rank`, `mindmg`, `maxdmg`, `dmgschool`, `attackpower`, `dmg_multiplier`, `baseattacktime`, `rangeattacktime`, `unit_class`, `unit_flags`, `unit_flags2`, `dynamicflags`, `family`, `trainer_type`, `trainer_spell`, `trainer_class`, `trainer_race`, `minrangedmg`, `maxrangedmg`, `rangedattackpower`, `type`, `type_flags`, `lootid`, `pickpocketloot`, `skinloot`, `resistance1`, `resistance2`, `resistance3`, `resistance4`, `resistance5`, `resistance6`, `spell1`, `spell2`, `spell3`, `spell4`, `spell5`, `spell6`, `spell7`, `spell8`, `PetSpellDataId`, `VehicleId`, `mingold`, `maxgold`, `AIName`, `MovementType`, `InhabitType`, `HoverHeight`, `Health_mod`, `Mana_mod`, `Armor_mod`, `RacialLeader`, `questItem1`, `questItem2`, `questItem3`, `questItem4`, `questItem5`, `questItem6`, `movementId`, `RegenHealth`, `mechanic_immune_mask`, `flags_extra`, `ScriptName`, `WDBVerified`) VALUES (42556, 49306, 49306, 0, 0, 0, 0, 34913, 0, 0, 'Jeweled Scarab', '', '', 0, 85, 85, 3, 16, 16, 0, 1, 1.14286, 1, 0, 550, 950, 0, 36, 7, 2000, 2000, 1, 33816576, 2048, 12, 53, 0, 0, 0, 0, 400, 600, 150, 1, 9, 0, 0, 0, 0, 0, 0, 0, 0, 0, 89853, 83233, 0, 0, 0, 0, 0, 0, 0, 0, 0, 0, '', 0, 3, 1, 0.2, 7, 1, 0, 0, 0, 0, 0, 0, 0, 0, 1, 0, 0, 'generic_creature', 15595);

REPLACE INTO `creature_template` (`entry`, `difficulty_entry_1`, `difficulty_entry_2`, `difficulty_entry_3`, `KillCredit1`, `KillCredit2`, `modelid1`, `modelid2`, `modelid3`, `modelid4`, `name`, `subname`, `IconName`, `gossip_menu_id`, `minlevel`, `maxlevel`, `exp`, `faction_A`, `faction_H`, `npcflag`, `speed_walk`, `speed_run`, `scale`, `rank`, `mindmg`, `maxdmg`, `dmgschool`, `attackpower`, `dmg_multiplier`, `baseattacktime`, `rangeattacktime`, `unit_class`, `unit_flags`, `unit_flags2`, `dynamicflags`, `family`, `trainer_type`, `trainer_spell`, `trainer_class`, `trainer_race`, `minrangedmg`, `maxrangedmg`, `rangedattackpower`, `type`, `type_flags`, `lootid`, `pickpocketloot`, `skinloot`, `resistance1`, `resistance2`, `resistance3`, `resistance4`, `resistance5`, `resistance6`, `spell1`, `spell2`, `spell3`, `spell4`, `spell5`, `spell6`, `spell7`, `spell8`, `PetSpellDataId`, `VehicleId`, `mingold`, `maxgold`, `AIName`, `MovementType`, `InhabitType`, `HoverHeight`, `Health_mod`, `Mana_mod`, `Armor_mod`, `RacialLeader`, `questItem1`, `questItem2`, `questItem3`, `questItem4`, `questItem5`, `questItem6`, `movementId`, `RegenHealth`, `mechanic_immune_mask`, `flags_extra`, `ScriptName`, `WDBVerified`) VALUES (49306, 0, 0, 0, 0, 0, 0, 34913, 0, 0, 'Jeweled Scarab (1)', '', '', 0, 85, 85, 3, 16, 16, 0, 1, 1.14286, 1, 0, 550, 950, 0, 36, 7, 2000, 2000, 1, 33816576, 2048, 12, 53, 0, 0, 0, 0, 400, 600, 150, 1, 9, 0, 0, 0, 0, 0, 0, 0, 0, 0, 89853, 83233, 0, 0, 0, 0, 0, 0, 0, 0, 0, 0, '', 0, 3, 1, 0.5, 7, 1, 0, 0, 0, 0, 0, 0, 0, 0, 1, 0, 0, '', 15595);

REPLACE INTO `creature_template` (`entry`, `difficulty_entry_1`, `difficulty_entry_2`, `difficulty_entry_3`, `KillCredit1`, `KillCredit2`, `modelid1`, `modelid2`, `modelid3`, `modelid4`, `name`, `subname`, `IconName`, `gossip_menu_id`, `minlevel`, `maxlevel`, `exp`, `faction_A`, `faction_H`, `npcflag`, `speed_walk`, `speed_run`, `scale`, `rank`, `mindmg`, `maxdmg`, `dmgschool`, `attackpower`, `dmg_multiplier`, `baseattacktime`, `rangeattacktime`, `unit_class`, `unit_flags`, `unit_flags2`, `dynamicflags`, `family`, `trainer_type`, `trainer_spell`, `trainer_class`, `trainer_race`, `minrangedmg`, `maxrangedmg`, `rangedattackpower`, `type`, `type_flags`, `lootid`, `pickpocketloot`, `skinloot`, `resistance1`, `resistance2`, `resistance3`, `resistance4`, `resistance5`, `resistance6`, `spell1`, `spell2`, `spell3`, `spell4`, `spell5`, `spell6`, `spell7`, `spell8`, `PetSpellDataId`, `VehicleId`, `mingold`, `maxgold`, `AIName`, `MovementType`, `InhabitType`, `HoverHeight`, `Health_mod`, `Mana_mod`, `Armor_mod`, `RacialLeader`, `questItem1`, `questItem2`, `questItem3`, `questItem4`, `questItem5`, `questItem6`, `movementId`, `RegenHealth`, `mechanic_immune_mask`, `flags_extra`, `ScriptName`, `WDBVerified`) VALUES (39440, 49286, 49286, 0, 0, 0, 37241, 0, 0, 0, 'Venomous Skitterer', '', '', 0, 85, 85, 3, 16, 16, 0, 1, 1.14286, 1, 1, 500, 750, 0, 187, 35, 2000, 2000, 1, 33816640, 2048, 12, 53, 0, 0, 0, 0, 400, 600, 150, 1, 9, 39440, 0, 0, 0, 0, 0, 0, 0, 0, 89859, 73963, 74121, 89856, 0, 0, 0, 0, 0, 0, 12146, 12146, '', 0, 3, 1, 4, 7, 1, 0, 0, 0, 0, 0, 0, 0, 0, 1, 0, 0, 'generic_creature', 15595);

DELETE FROM `creature_loot_template` WHERE (`entry`=39440);
INSERT INTO `creature_loot_template` VALUES 
(39440, 52363, 0.0274, 1, 0, 1, 1),
(39440, 52364, 0.0091, 1, 0, 1, 1),
(39440, 52365, 0.0411, 1, 0, 1, 1),
(39440, 52366, 0.0137, 1, 0, 1, 1),
(39440, 52367, 0.0228, 1, 0, 1, 1),
(39440, 52368, 0.0091, 1, 0, 1, 1),
(39440, 52370, 0.064, 1, 0, 1, 1),
(39440, 52371, 0.0228, 1, 0, 1, 1),
(39440, 52372, 0.0091, 1, 0, 1, 1),
(39440, 52373, 0.032, 1, 0, 1, 1),
(39440, 52374, 0.0183, 1, 0, 1, 1),
(39440, 52376, 0.0365, 1, 0, 1, 1),
(39440, 52377, 0.0086, 1, 0, 1, 1),
(39440, 52378, 0.0137, 1, 0, 1, 1),
(39440, 52382, 0.0183, 1, 0, 1, 1),
(39440, 52383, 0.0183, 1, 0, 1, 1),
(39440, 52385, 0.0137, 1, 0, 1, 1),
(39440, 52386, 0.0274, 1, 0, 1, 1),
(39440, 52494, 0.0228, 1, 0, 1, 1),
(39440, 52496, 0.0046, 1, 0, 1, 1),
(39440, 52719, 0.0345, 1, 0, 1, 1),
(39440, 55286, 0.1736, 1, 0, 1, 1),
(39440, 55287, 0.1919, 1, 0, 1, 1),
(39440, 55288, 0.1599, 1, 0, 1, 1),
(39440, 55295, 0.1827, 1, 0, 1, 1),
(39440, 55296, 0.5574, 1, 0, 1, 1),
(39440, 55297, 0.2604, 1, 0, 1, 1),
(39440, 55304, 0.0731, 1, 0, 1, 1),
(39440, 55305, 0.0365, 1, 0, 1, 1),
(39440, 55306, 0.0411, 1, 0, 1, 1),
(39440, 55313, 0.201, 1, 0, 1, 1),
(39440, 55314, 0.233, 1, 0, 1, 1),
(39440, 55315, 0.2558, 1, 0, 1, 1),
(39440, 55322, 0.0868, 1, 0, 1, 1),
(39440, 55323, 0.0685, 1, 0, 1, 1),
(39440, 55324, 0.0457, 1, 0, 1, 1),
(39440, 55331, 0.1553, 1, 0, 1, 1),
(39440, 55332, 0.1553, 1, 0, 1, 1),
(39440, 55333, 0.2193, 1, 0, 1, 1),
(39440, 55340, 0.1325, 1, 0, 1, 1),
(39440, 55341, 0.1005, 1, 0, 1, 1),
(39440, 55342, 0.0868, 1, 0, 1, 1),
(39440, 55349, 0.2695, 1, 0, 1, 1),
(39440, 55350, 0.233, 1, 0, 1, 1),
(39440, 55351, 0.2741, 1, 0, 1, 1),
(39440, 55358, 0.0365, 1, 0, 1, 1),
(39440, 55359, 0.0777, 1, 0, 1, 1),
(39440, 55360, 0.032, 1, 0, 1, 1),
(39440, 55367, 0.4706, 1, 0, 1, 1),
(39440, 55368, 0.4294, 1, 0, 1, 1),
(39440, 55369, 0.3107, 1, 0, 1, 1),
(39440, 55376, 0.1782, 1, 0, 1, 1),
(39440, 55377, 0.1736, 1, 0, 1, 1),
(39440, 55378, 0.2193, 1, 0, 1, 1),
(39440, 55385, 0.1827, 1, 0, 1, 1),
(39440, 55386, 0.3426, 1, 0, 1, 1),
(39440, 55387, 0.1645, 1, 0, 1, 1),
(39440, 55394, 0.1508, 1, 0, 1, 1),
(39440, 55395, 0.1051, 1, 0, 1, 1),
(39440, 55396, 0.0777, 1, 0, 1, 1),
(39440, 55403, 0.4706, 1, 0, 1, 1),
(39440, 55404, 0.5208, 1, 0, 1, 1),
(39440, 55405, 0.4203, 1, 0, 1, 1),
(39440, 55412, 0.3107, 1, 0, 1, 1),
(39440, 55413, 0.1782, 1, 0, 1, 1),
(39440, 55414, 0.1782, 1, 0, 1, 1),
(39440, 55421, 0.9457, 1, 0, 1, 1),
(39440, 55422, 1.3066, 1, 0, 1, 1),
(39440, 55423, 1.1467, 1, 0, 1, 1),
(39440, 55430, 0.2056, 1, 0, 1, 1),
(39440, 55431, 0.1964, 1, 0, 1, 1),
(39440, 55432, 0.201, 1, 0, 1, 1),
(39440, 55439, 0.7995, 1, 0, 1, 1),
(39440, 55440, 0.7492, 1, 0, 1, 1),
(39440, 55441, 0.8086, 1, 0, 1, 1),
(39440, 55448, 0.0868, 1, 0, 1, 1),
(39440, 55449, 0.1827, 1, 0, 1, 1),
(39440, 55450, 0.1416, 1, 0, 1, 1),
(39440, 55457, 0.4066, 1, 0, 1, 1),
(39440, 55458, 0.265, 1, 0, 1, 1),
(39440, 55459, 0.1782, 1, 0, 1, 1),
(39440, 55466, 0.1462, 1, 0, 1, 1),
(39440, 55467, 0.1142, 1, 0, 1, 1),
(39440, 55468, 0.1782, 1, 0, 1, 1),
(39440, 55475, 0.0274, 1, 0, 1, 1),
(39440, 55476, 0.0365, 1, 0, 1, 1),
(39440, 55477, 0.064, 1, 0, 1, 1),
(39440, 55484, 0.498, 1, 0, 1, 1),
(39440, 55485, 0.5299, 1, 0, 1, 1),
(39440, 55486, 0.5528, 1, 0, 1, 1),
(39440, 55493, 0.4157, 1, 0, 1, 1),
(39440, 55494, 0.265, 1, 0, 1, 1),
(39440, 55495, 0.2741, 1, 0, 1, 1),
(39440, 55502, 0.3655, 1, 0, 1, 1),
(39440, 55503, 0.2513, 1, 0, 1, 1),
(39440, 55504, 0.2924, 1, 0, 1, 1),
(39440, 55511, 0.3289, 1, 0, 1, 1),
(39440, 55512, 0.3152, 1, 0, 1, 1),
(39440, 55513, 0.3289, 1, 0, 1, 1),
(39440, 55520, 0.3289, 1, 0, 1, 1),
(39440, 55521, 0.2878, 1, 0, 1, 1),
(39440, 55522, 0.3563, 1, 0, 1, 1),
(39440, 55529, 0.3746, 1, 0, 1, 1),
(39440, 55530, 0.3518, 1, 0, 1, 1),
(39440, 55531, 0.3975, 1, 0, 1, 1),
(39440, 55538, 0.3929, 1, 0, 1, 1),
(39440, 55539, 0.3883, 1, 0, 1, 1),
(39440, 55540, 0.3061, 1, 0, 1, 1),
(39440, 55547, 0.3929, 1, 0, 1, 1),
(39440, 55548, 0.4797, 1, 0, 1, 1),
(39440, 55549, 0.434, 1, 0, 1, 1),
(39440, 55556, 0.4112, 1, 0, 1, 1),
(39440, 55557, 0.3563, 1, 0, 1, 1),
(39440, 55558, 0.5117, 1, 0, 1, 1),
(39440, 55565, 0.3107, 1, 0, 1, 1),
(39440, 55566, 0.2695, 1, 0, 1, 1),
(39440, 55567, 0.4614, 1, 0, 1, 1),
(39440, 55574, 0.1827, 1, 0, 1, 1),
(39440, 55575, 0.1964, 1, 0, 1, 1),
(39440, 55576, 0.3472, 1, 0, 1, 1),
(39440, 55583, 0.4157, 1, 0, 1, 1),
(39440, 55584, 0.3838, 1, 0, 1, 1),
(39440, 55585, 0.3289, 1, 0, 1, 1),
(39440, 55592, 0.2604, 1, 0, 1, 1),
(39440, 55593, 0.3655, 1, 0, 1, 1),
(39440, 55594, 0.3518, 1, 0, 1, 1),
(39440, 55601, 0.3746, 1, 0, 1, 1),
(39440, 55602, 0.5162, 1, 0, 1, 1),
(39440, 55603, 0.3883, 1, 0, 1, 1),
(39440, 55610, 0.3015, 1, 0, 1, 1),
(39440, 55611, 0.5254, 1, 0, 1, 1),
(39440, 55612, 0.5437, 1, 0, 1, 1),
(39440, 55619, 0.2147, 1, 0, 1, 1),
(39440, 55620, 0.3746, 1, 0, 1, 1),
(39440, 55621, 0.2513, 1, 0, 1, 1),
(39440, 55628, 0.3244, 1, 0, 1, 1),
(39440, 55629, 0.2376, 1, 0, 1, 1),
(39440, 55630, 0.3107, 1, 0, 1, 1),
(39440, 55637, 0.3198, 1, 0, 1, 1),
(39440, 55638, 0.2376, 1, 0, 1, 1),
(39440, 55639, 0.2147, 1, 0, 1, 1),
(39440, 55646, 0.4066, 1, 0, 1, 1),
(39440, 55647, 0.3883, 1, 0, 1, 1),
(39440, 55648, 0.4112, 1, 0, 1, 1),
(39440, 55655, 0.3746, 1, 0, 1, 1),
(39440, 55656, 0.37, 1, 0, 1, 1),
(39440, 55657, 0.3244, 1, 0, 1, 1),
(39440, 55664, 0.4066, 1, 0, 1, 1),
(39440, 55665, 0.3244, 1, 0, 1, 1),
(39440, 55666, 0.3381, 1, 0, 1, 1),
(39440, 55673, 0.4934, 1, 0, 1, 1),
(39440, 55674, 0.2787, 1, 0, 1, 1),
(39440, 55675, 0.2787, 1, 0, 1, 1),
(39440, 55682, 0.3518, 1, 0, 1, 1),
(39440, 55683, 0.4112, 1, 0, 1, 1),
(39440, 55684, 0.4066, 1, 0, 1, 1),
(39440, 55691, 0.3107, 1, 0, 1, 1),
(39440, 55692, 0.3015, 1, 0, 1, 1),
(39440, 55693, 0.3472, 1, 0, 1, 1),
(39440, 55700, 0.4294, 1, 0, 1, 1),
(39440, 55701, 0.3381, 1, 0, 1, 1),
(39440, 55702, 0.3152, 1, 0, 1, 1),
(39440, 55709, 0.4614, 1, 0, 1, 1),
(39440, 55710, 0.4888, 1, 0, 1, 1),
(39440, 55711, 0.603, 1, 0, 1, 1),
(39440, 55718, 0.5985, 1, 0, 1, 1),
(39440, 55719, 0.4706, 1, 0, 1, 1),
(39440, 55720, 0.402, 1, 0, 1, 1),
(39440, 55727, 0.5071, 1, 0, 1, 1),
(39440, 55728, 0.4934, 1, 0, 1, 1),
(39440, 55729, 0.5254, 1, 0, 1, 1),
(39440, 55736, 0.7675, 1, 0, 1, 1),
(39440, 55737, 0.5025, 1, 0, 1, 1),
(39440, 55738, 0.5619, 1, 0, 1, 1),
(39440, 55745, 0.5528, 1, 0, 1, 1),
(39440, 55746, 0.3563, 1, 0, 1, 1),
(39440, 55747, 0.5162, 1, 0, 1, 1),
(39440, 55754, 0.4797, 1, 0, 1, 1),
(39440, 55755, 0.6898, 1, 0, 1, 1),
(39440, 55756, 0.3746, 1, 0, 1, 1),
(39440, 55763, 0.4888, 1, 0, 1, 1),
(39440, 55764, 0.434, 1, 0, 1, 1),
(39440, 55765, 0.4843, 1, 0, 1, 1),
(39440, 55772, 0.5208, 1, 0, 1, 1),
(39440, 55773, 0.5299, 1, 0, 1, 1),
(39440, 55774, 0.5071, 1, 0, 1, 1),
(39440, 56109, 3.2071, 1, 0, 1, 1),
(39440, 56110, 2.965, 1, 0, 1, 1),
(39440, 56111, 3.1568, 1, 0, 1, 1),
(39440, 62063, 0.6761, 1, 0, 1, 1),
(39440, 62064, 0.8909, 1, 0, 1, 1),
(39440, 62065, 1.2655, 1, 0, 1, 1),
(39440, 62066, 1.1787, 1, 0, 1, 1),
(39440, 62067, 0.9731, 1, 0, 1, 1),
(39440, 62068, 0.8543, 1, 0, 1, 1),
(39440, 62069, 1.2426, 1, 0, 1, 1),
(39440, 62070, 0.8817, 1, 0, 1, 1),
(39440, 62071, 1.0325, 1, 0, 1, 1),
(39440, 62072, 1.0279, 1, 0, 1, 1),
(39440, 62073, 0.4294, 1, 0, 1, 1),
(39440, 62074, 0.4934, 1, 0, 1, 1),
(39440, 62075, 0.466, 1, 0, 1, 1),
(39440, 62076, 0.3244, 1, 0, 1, 1),
(39440, 62077, 0.4431, 1, 0, 1, 1),
(39440, 62078, 0.4843, 1, 0, 1, 1),
(39440, 62079, 0.4934, 1, 0, 1, 1),
(39440, 62080, 0.5437, 1, 0, 1, 1),
(39440, 62081, 0.3975, 1, 0, 1, 1),
(39440, 62082, 0.4706, 1, 0, 1, 1),
(39440, 62083, 0.5117, 1, 0, 1, 1),
(39440, 62084, 0.3975, 1, 0, 1, 1),
(39440, 62085, 0.3061, 1, 0, 1, 1),
(39440, 62086, 0.434, 1, 0, 1, 1),
(39440, 62087, 0.3244, 1, 0, 1, 1),
(39440, 62088, 0.3289, 1, 0, 1, 1),
(39440, 62089, 0.4706, 1, 0, 1, 1),
(39440, 62090, 0.3015, 1, 0, 1, 1),
(39440, 62091, 0.5071, 1, 0, 1, 1),
(39440, 62092, 0.4523, 1, 0, 1, 1),
(39440, 62093, 0.3107, 1, 0, 1, 1),
(39440, 62094, 0.3975, 1, 0, 1, 1),
(39440, 62095, 0.4706, 1, 0, 1, 1),
(39440, 62096, 0.3381, 1, 0, 1, 1),
(39440, 62097, 0.3198, 1, 0, 1, 1),
(39440, 62098, 0.2741, 1, 0, 1, 1),
(39440, 62099, 0.3609, 1, 0, 1, 1),
(39440, 62100, 0.3746, 1, 0, 1, 1),
(39440, 62101, 0.466, 1, 0, 1, 1),
(39440, 62102, 0.4614, 1, 0, 1, 1),
(39440, 62103, 0.3152, 1, 0, 1, 1),
(39440, 62104, 0.2924, 1, 0, 1, 1),
(39440, 62105, 0.2604, 1, 0, 1, 1),
(39440, 62106, 0.2284, 1, 0, 1, 1),
(39440, 62107, 0.3472, 1, 0, 1, 1),
(39440, 62108, 0.3152, 1, 0, 1, 1),
(39440, 62109, 0.1736, 1, 0, 1, 1),
(39440, 62110, 0.3015, 1, 0, 1, 1),
(39440, 62111, 0.265, 1, 0, 1, 1),
(39440, 62112, 0.2421, 1, 0, 1, 1),
(39440, 62113, 0.2558, 1, 0, 1, 1),
(39440, 62114, 0.4477, 1, 0, 1, 1),
(39440, 62115, 0.2924, 1, 0, 1, 1),
(39440, 62116, 0.2421, 1, 0, 1, 1),
(39440, 62117, 0.4203, 1, 0, 1, 1),
(39440, 62118, 0.3929, 1, 0, 1, 1),
(39440, 62119, 0.1645, 1, 0, 1, 1),
(39440, 62120, 0.3061, 1, 0, 1, 1),
(39440, 62121, 0.3015, 1, 0, 1, 1),
(39440, 62122, 0.2558, 1, 0, 1, 1),
(39440, 62123, 0.3061, 1, 0, 1, 1),
(39440, 62124, 0.3929, 1, 0, 1, 1),
(39440, 62125, 0.4294, 1, 0, 1, 1),
(39440, 62126, 0.3746, 1, 0, 1, 1),
(39440, 62127, 0.2604, 1, 0, 1, 1),
(39440, 62128, 0.3655, 1, 0, 1, 1),
(39440, 62129, 0.2239, 1, 0, 1, 1),
(39440, 62130, 0.3472, 1, 0, 1, 1),
(39440, 62131, 0.2878, 1, 0, 1, 1),
(39440, 62132, 0.2604, 1, 0, 1, 1),
(39440, 62133, 0.37, 1, 0, 1, 1),
(39440, 62134, 0.3289, 1, 0, 1, 1),
(39440, 62135, 0.3244, 1, 0, 1, 1),
(39440, 62136, 0.2924, 1, 0, 1, 1),
(39440, 66931, 0.0183, 1, 0, 1, 1),
(39440, 66932, 0.0183, 1, 0, 1, 1),
(39440, 66940, 0.0183, 1, 0, 1, 1),
(39440, 66941, 0.0183, 1, 0, 1, 1),
(39440, 66942, 0.0228, 1, 0, 1, 1),
(39440, 66968, 0.0183, 1, 0, 1, 1),
(39440, 66969, 0.0183, 1, 0, 1, 1),
(39440, 66970, 0.0183, 1, 0, 1, 1),
(39440, 66971, 0.0731, 1, 0, 1, 1),
(39440, 66972, 0.0137, 1, 0, 1, 1),
(39440, 66973, 0.0137, 1, 0, 1, 1),
(39440, 66974, 0.0137, 1, 0, 1, 1),
(39440, 66975, 0.0411, 1, 0, 1, 1),
(39440, 66976, 0.0137, 1, 0, 1, 1),
(39440, 66989, 0.0228, 1, 0, 1, 1),
(39440, 66990, 0.032, 1, 0, 1, 1),
(39440, 66991, 0.0046, 1, 0, 1, 1),
(39440, 66992, 0.032, 1, 0, 1, 1),
(39440, 66993, 0.0137, 1, 0, 1, 1),
(39440, 66994, 0.0091, 1, 0, 1, 1),
(39440, 67057, 0.064, 1, 0, 1, 1),
(39440, 67059, 0.0228, 1, 0, 1, 1),
(39440, 67061, 0.0274, 1, 0, 1, 1),
(39440, 67067, 0.0365, 1, 0, 1, 1),
(39440, 67069, 0.0091, 1, 0, 1, 1),
(39440, 67071, 0.0137, 1, 0, 1, 1),
(39440, 67119, 0.0228, 1, 0, 1, 1),
(39440, 67120, 0.032, 1, 0, 1, 1),
(39440, 67121, 0.0274, 1, 0, 1, 1),
(39440, 67122, 0.032, 1, 0, 1, 1),
(39440, 67123, 0.0183, 1, 0, 1, 1),
(39440, 67124, 0.0274, 1, 0, 1, 1),
(39440, 67125, 0.0411, 1, 0, 1, 1),
(39440, 67126, 0.0137, 1, 0, 1, 1),
(39440, 67127, 0.0365, 1, 0, 1, 1),
(39440, 67129, 0.0046, 1, 0, 1, 1),
(39440, 67131, 0.0091, 1, 0, 1, 1),
(39440, 67134, 0.0228, 1, 0, 1, 1),
(39440, 67135, 0.0046, 1, 0, 1, 1),
(39440, 67137, 0.0183, 1, 0, 1, 1),
(39440, 67138, 0.0046, 1, 0, 1, 1),
(39440, 67139, 0.0228, 1, 0, 1, 1),
(39440, 67140, 0.0091, 1, 0, 1, 1),
(39440, 67141, 0.0046, 1, 0, 1, 1),
(39440, 67142, 0.0046, 1, 0, 1, 1),
(39440, 67143, 0.0091, 1, 0, 1, 1),
(39440, 67145, 0.0046, 1, 0, 1, 1),
(39440, 67146, 0.0137, 1, 0, 1, 1),
(39440, 67147, 0.0046, 1, 0, 1, 1),
(39440, 67148, 0.0046, 1, 0, 1, 1),
(39440, 67149, 0.0046, 1, 0, 1, 1),
(39440, 67150, 0.0091, 1, 0, 1, 1),
(39440, 67539, 0.1416, 1, 0, 1, 1),
(39440, 68729, 1.631, 1, 0, 1, 1),
(39440, 68782, 0.0046, 1, 0, 1, 1),
(39440, 68787, 0.0046, 1, 0, 1, 1);

REPLACE INTO `creature_template` (`entry`, `difficulty_entry_1`, `difficulty_entry_2`, `difficulty_entry_3`, `KillCredit1`, `KillCredit2`, `modelid1`, `modelid2`, `modelid3`, `modelid4`, `name`, `subname`, `IconName`, `gossip_menu_id`, `minlevel`, `maxlevel`, `exp`, `faction_A`, `faction_H`, `npcflag`, `speed_walk`, `speed_run`, `scale`, `rank`, `mindmg`, `maxdmg`, `dmgschool`, `attackpower`, `dmg_multiplier`, `baseattacktime`, `rangeattacktime`, `unit_class`, `unit_flags`, `unit_flags2`, `dynamicflags`, `family`, `trainer_type`, `trainer_spell`, `trainer_class`, `trainer_race`, `minrangedmg`, `maxrangedmg`, `rangedattackpower`, `type`, `type_flags`, `lootid`, `pickpocketloot`, `skinloot`, `resistance1`, `resistance2`, `resistance3`, `resistance4`, `resistance5`, `resistance6`, `spell1`, `spell2`, `spell3`, `spell4`, `spell5`, `spell6`, `spell7`, `spell8`, `PetSpellDataId`, `VehicleId`, `mingold`, `maxgold`, `AIName`, `MovementType`, `InhabitType`, `HoverHeight`, `Health_mod`, `Mana_mod`, `Armor_mod`, `RacialLeader`, `questItem1`, `questItem2`, `questItem3`, `questItem4`, `questItem5`, `questItem6`, `movementId`, `RegenHealth`, `mechanic_immune_mask`, `flags_extra`, `ScriptName`, `WDBVerified`) VALUES (49286, 0, 0, 0, 0, 0, 37241, 0, 0, 0, 'Venomous Skitterer (1)', '', '', 0, 85, 85, 3, 16, 16, 0, 1, 1.14286, 1, 1, 500, 750, 0, 187, 35, 2000, 2000, 1, 33816640, 2048, 12, 53, 0, 0, 0, 0, 400, 600, 150, 1, 9, 39440, 0, 0, 0, 0, 0, 0, 0, 0, 89859, 73963, 74121, 89856, 0, 0, 0, 0, 0, 0, 12146, 12146, '', 0, 3, 1, 5, 7, 1, 0, 0, 0, 0, 0, 0, 0, 0, 1, 0, 0, '', 15595);

REPLACE INTO `creature_template` (`entry`, `difficulty_entry_1`, `difficulty_entry_2`, `difficulty_entry_3`, `KillCredit1`, `KillCredit2`, `modelid1`, `modelid2`, `modelid3`, `modelid4`, `name`, `subname`, `IconName`, `gossip_menu_id`, `minlevel`, `maxlevel`, `exp`, `faction_A`, `faction_H`, `npcflag`, `speed_walk`, `speed_run`, `scale`, `rank`, `mindmg`, `maxdmg`, `dmgschool`, `attackpower`, `dmg_multiplier`, `baseattacktime`, `rangeattacktime`, `unit_class`, `unit_flags`, `unit_flags2`, `dynamicflags`, `family`, `trainer_type`, `trainer_spell`, `trainer_class`, `trainer_race`, `minrangedmg`, `maxrangedmg`, `rangedattackpower`, `type`, `type_flags`, `lootid`, `pickpocketloot`, `skinloot`, `resistance1`, `resistance2`, `resistance3`, `resistance4`, `resistance5`, `resistance6`, `spell1`, `spell2`, `spell3`, `spell4`, `spell5`, `spell6`, `spell7`, `spell8`, `PetSpellDataId`, `VehicleId`, `mingold`, `maxgold`, `AIName`, `MovementType`, `InhabitType`, `HoverHeight`, `Health_mod`, `Mana_mod`, `Armor_mod`, `RacialLeader`, `questItem1`, `questItem2`, `questItem3`, `questItem4`, `questItem5`, `questItem6`, `movementId`, `RegenHealth`, `mechanic_immune_mask`, `flags_extra`, `ScriptName`, `WDBVerified`) VALUES (40310, 49294, 49294, 0, 0, 0, 34900, 0, 0, 0, 'Blistering Scarab', '', '', 0, 85, 85, 3, 16, 16, 0, 1, 1.14286, 1, 1, 500, 750, 0, 187, 35, 2000, 2000, 1, 33816640, 2048, 0, 53, 0, 0, 0, 0, 400, 600, 150, 1, 9, 40310, 0, 0, 0, 0, 0, 0, 0, 0, 89857, 74122, 74542, 0, 0, 0, 0, 0, 0, 0, 12263, 12263, '', 0, 3, 1, 4, 7, 1, 0, 0, 0, 0, 0, 0, 0, 0, 1, 0, 0, 'generic_creature', 15595);

DELETE FROM `creature_loot_template` WHERE (`entry`=40310);
INSERT INTO `creature_loot_template` VALUES 
(40310, 52363, 0.0091, 1, 0, 1, 1),
(40310, 52364, 0.0091, 1, 0, 1, 1),
(40310, 52365, 0.0637, 1, 0, 1, 1),
(40310, 52366, 0.0273, 1, 0, 1, 1),
(40310, 52367, 0.0364, 1, 0, 1, 1),
(40310, 52368, 0.0091, 1, 0, 1, 1),
(40310, 52369, 0.0182, 1, 0, 1, 1),
(40310, 52370, 0.0091, 1, 0, 1, 1),
(40310, 52371, 0.0182, 1, 0, 1, 1),
(40310, 52374, 0.0273, 1, 0, 1, 1),
(40310, 52375, 0.0091, 1, 0, 1, 1),
(40310, 52376, 0.0091, 1, 0, 1, 1),
(40310, 52378, 0.0091, 1, 0, 1, 1),
(40310, 52379, 0.0091, 1, 0, 1, 1),
(40310, 52382, 0.0091, 1, 0, 1, 1),
(40310, 52383, 0.0182, 1, 0, 1, 1),
(40310, 52386, 0.0091, 1, 0, 1, 1),
(40310, 52388, 0.0364, 1, 0, 1, 1),
(40310, 52494, 0.0364, 1, 0, 1, 1),
(40310, 52496, 0.0273, 1, 0, 1, 1),
(40310, 52719, 0.1725, 1, 0, 1, 1),
(40310, 55286, 0.091, 1, 0, 1, 1),
(40310, 55287, 0.1456, 1, 0, 1, 1),
(40310, 55288, 0.1001, 1, 0, 1, 1),
(40310, 55295, 0.091, 1, 0, 1, 1),
(40310, 55296, 0.091, 1, 0, 1, 1),
(40310, 55297, 0.2185, 1, 0, 1, 1),
(40310, 55304, 0.0364, 1, 0, 1, 1),
(40310, 55305, 0.0728, 1, 0, 1, 1),
(40310, 55306, 0.0091, 1, 0, 1, 1),
(40310, 55313, 0.3277, 1, 0, 1, 1),
(40310, 55314, 0.2822, 1, 0, 1, 1),
(40310, 55315, 0.3095, 1, 0, 1, 1),
(40310, 55322, 0.0455, 1, 0, 1, 1),
(40310, 55323, 0.0455, 1, 0, 1, 1),
(40310, 55324, 0.0364, 1, 0, 1, 1),
(40310, 55331, 0.2276, 1, 0, 1, 1),
(40310, 55332, 0.2185, 1, 0, 1, 1),
(40310, 55333, 0.2731, 1, 0, 1, 1),
(40310, 55340, 0.1183, 1, 0, 1, 1),
(40310, 55341, 0.2003, 1, 0, 1, 1),
(40310, 55342, 0.1456, 1, 0, 1, 1),
(40310, 55349, 0.182, 1, 0, 1, 1),
(40310, 55350, 0.2822, 1, 0, 1, 1),
(40310, 55351, 0.1456, 1, 0, 1, 1),
(40310, 55358, 0.0455, 1, 0, 1, 1),
(40310, 55359, 0.0546, 1, 0, 1, 1),
(40310, 55360, 0.0182, 1, 0, 1, 1),
(40310, 55367, 0.4005, 1, 0, 1, 1),
(40310, 55368, 0.5006, 1, 0, 1, 1),
(40310, 55369, 0.3732, 1, 0, 1, 1),
(40310, 55376, 0.3095, 1, 0, 1, 1),
(40310, 55377, 0.355, 1, 0, 1, 1),
(40310, 55378, 0.1729, 1, 0, 1, 1),
(40310, 55385, 0.2185, 1, 0, 1, 1),
(40310, 55386, 0.182, 1, 0, 1, 1),
(40310, 55387, 0.3914, 1, 0, 1, 1),
(40310, 55394, 0.0546, 1, 0, 1, 1),
(40310, 55395, 0.0546, 1, 0, 1, 1),
(40310, 55396, 0.1001, 1, 0, 1, 1),
(40310, 55403, 0.3732, 1, 0, 1, 1),
(40310, 55404, 0.5097, 1, 0, 1, 1),
(40310, 55405, 0.7464, 1, 0, 1, 1),
(40310, 55412, 0.1092, 1, 0, 1, 1),
(40310, 55413, 0.1365, 1, 0, 1, 1),
(40310, 55414, 0.2185, 1, 0, 1, 1),
(40310, 55421, 0.8829, 1, 0, 1, 1),
(40310, 55422, 0.7919, 1, 0, 1, 1),
(40310, 55423, 1.0195, 1, 0, 1, 1),
(40310, 55430, 0.2822, 1, 0, 1, 1),
(40310, 55431, 0.2913, 1, 0, 1, 1),
(40310, 55432, 0.1365, 1, 0, 1, 1),
(40310, 55439, 0.6463, 1, 0, 1, 1),
(40310, 55440, 0.7282, 1, 0, 1, 1),
(40310, 55441, 0.6554, 1, 0, 1, 1),
(40310, 55448, 0.1183, 1, 0, 1, 1),
(40310, 55449, 0.0546, 1, 0, 1, 1),
(40310, 55450, 0.1092, 1, 0, 1, 1),
(40310, 55457, 0.2458, 1, 0, 1, 1),
(40310, 55458, 0.1912, 1, 0, 1, 1),
(40310, 55459, 0.1729, 1, 0, 1, 1),
(40310, 55466, 0.2822, 1, 0, 1, 1),
(40310, 55467, 0.1729, 1, 0, 1, 1),
(40310, 55468, 0.1638, 1, 0, 1, 1),
(40310, 55475, 0.0182, 1, 0, 1, 1),
(40310, 55476, 0.0182, 1, 0, 1, 1),
(40310, 55477, 0.0091, 1, 0, 1, 1),
(40310, 55484, 0.537, 1, 0, 1, 1),
(40310, 55485, 0.5006, 1, 0, 1, 1),
(40310, 55486, 0.4187, 1, 0, 1, 1),
(40310, 55493, 0.2731, 1, 0, 1, 1),
(40310, 55494, 0.4096, 1, 0, 1, 1),
(40310, 55495, 0.2731, 1, 0, 1, 1),
(40310, 55502, 0.3186, 1, 0, 1, 1),
(40310, 55503, 0.2731, 1, 0, 1, 1),
(40310, 55504, 0.3186, 1, 0, 1, 1),
(40310, 55511, 0.2822, 1, 0, 1, 1),
(40310, 55512, 0.264, 1, 0, 1, 1),
(40310, 55513, 0.2003, 1, 0, 1, 1),
(40310, 55520, 0.3186, 1, 0, 1, 1),
(40310, 55521, 0.3277, 1, 0, 1, 1),
(40310, 55522, 0.3641, 1, 0, 1, 1),
(40310, 55529, 0.3732, 1, 0, 1, 1),
(40310, 55530, 0.355, 1, 0, 1, 1),
(40310, 55531, 0.3641, 1, 0, 1, 1),
(40310, 55538, 0.4005, 1, 0, 1, 1),
(40310, 55539, 0.3641, 1, 0, 1, 1),
(40310, 55540, 0.264, 1, 0, 1, 1),
(40310, 55547, 0.3823, 1, 0, 1, 1),
(40310, 55548, 0.4187, 1, 0, 1, 1),
(40310, 55549, 0.3186, 1, 0, 1, 1),
(40310, 55556, 0.3914, 1, 0, 1, 1),
(40310, 55557, 0.2185, 1, 0, 1, 1),
(40310, 55558, 0.2276, 1, 0, 1, 1),
(40310, 55565, 0.2822, 1, 0, 1, 1),
(40310, 55566, 0.3004, 1, 0, 1, 1),
(40310, 55567, 0.5006, 1, 0, 1, 1),
(40310, 55574, 0.3004, 1, 0, 1, 1),
(40310, 55575, 0.2731, 1, 0, 1, 1),
(40310, 55576, 0.3459, 1, 0, 1, 1),
(40310, 55583, 0.3004, 1, 0, 1, 1),
(40310, 55584, 0.3277, 1, 0, 1, 1),
(40310, 55585, 0.3641, 1, 0, 1, 1),
(40310, 55592, 0.3459, 1, 0, 1, 1),
(40310, 55593, 0.3095, 1, 0, 1, 1),
(40310, 55594, 0.4369, 1, 0, 1, 1),
(40310, 55601, 0.3004, 1, 0, 1, 1),
(40310, 55602, 0.2276, 1, 0, 1, 1),
(40310, 55603, 0.3368, 1, 0, 1, 1),
(40310, 55610, 0.4369, 1, 0, 1, 1),
(40310, 55611, 0.4187, 1, 0, 1, 1),
(40310, 55612, 0.3459, 1, 0, 1, 1),
(40310, 55619, 0.3641, 1, 0, 1, 1),
(40310, 55620, 0.3095, 1, 0, 1, 1),
(40310, 55621, 0.4005, 1, 0, 1, 1),
(40310, 55628, 0.2731, 1, 0, 1, 1),
(40310, 55629, 0.2913, 1, 0, 1, 1),
(40310, 55630, 0.3277, 1, 0, 1, 1),
(40310, 55637, 0.2185, 1, 0, 1, 1),
(40310, 55638, 0.3186, 1, 0, 1, 1),
(40310, 55639, 0.3186, 1, 0, 1, 1),
(40310, 55646, 0.3641, 1, 0, 1, 1),
(40310, 55647, 0.3277, 1, 0, 1, 1),
(40310, 55648, 0.355, 1, 0, 1, 1),
(40310, 55655, 0.2367, 1, 0, 1, 1),
(40310, 55656, 0.4005, 1, 0, 1, 1),
(40310, 55657, 0.3186, 1, 0, 1, 1),
(40310, 55664, 0.3732, 1, 0, 1, 1),
(40310, 55665, 0.4005, 1, 0, 1, 1),
(40310, 55666, 0.1638, 1, 0, 1, 1),
(40310, 55673, 0.4369, 1, 0, 1, 1),
(40310, 55674, 0.2822, 1, 0, 1, 1),
(40310, 55675, 0.3914, 1, 0, 1, 1),
(40310, 55682, 0.4824, 1, 0, 1, 1),
(40310, 55683, 0.4005, 1, 0, 1, 1),
(40310, 55684, 0.4096, 1, 0, 1, 1),
(40310, 55691, 0.3823, 1, 0, 1, 1),
(40310, 55692, 0.3641, 1, 0, 1, 1),
(40310, 55693, 0.2276, 1, 0, 1, 1),
(40310, 55700, 0.3641, 1, 0, 1, 1),
(40310, 55701, 0.4551, 1, 0, 1, 1),
(40310, 55702, 0.355, 1, 0, 1, 1),
(40310, 55709, 0.3914, 1, 0, 1, 1),
(40310, 55710, 0.4824, 1, 0, 1, 1),
(40310, 55711, 0.3823, 1, 0, 1, 1),
(40310, 55718, 0.2913, 1, 0, 1, 1),
(40310, 55719, 0.4551, 1, 0, 1, 1),
(40310, 55720, 0.2822, 1, 0, 1, 1),
(40310, 55727, 0.5826, 1, 0, 1, 1),
(40310, 55728, 0.6281, 1, 0, 1, 1),
(40310, 55729, 0.5006, 1, 0, 1, 1),
(40310, 55736, 0.5917, 1, 0, 1, 1),
(40310, 55737, 0.5735, 1, 0, 1, 1),
(40310, 55738, 0.3732, 1, 0, 1, 1),
(40310, 55745, 0.7373, 1, 0, 1, 1),
(40310, 55746, 0.4824, 1, 0, 1, 1),
(40310, 55747, 0.446, 1, 0, 1, 1),
(40310, 55754, 0.446, 1, 0, 1, 1),
(40310, 55755, 0.619, 1, 0, 1, 1),
(40310, 55756, 0.4642, 1, 0, 1, 1),
(40310, 55763, 0.3732, 1, 0, 1, 1),
(40310, 55764, 0.7282, 1, 0, 1, 1),
(40310, 55765, 0.4096, 1, 0, 1, 1),
(40310, 55772, 0.2913, 1, 0, 1, 1),
(40310, 55773, 0.8101, 1, 0, 1, 1),
(40310, 55774, 0.4551, 1, 0, 1, 1),
(40310, 56109, 3.6501, 1, 0, 1, 1),
(40310, 56110, 3.3042, 1, 0, 1, 1),
(40310, 56111, 2.8673, 1, 0, 1, 1),
(40310, 62063, 0.9922, 1, 0, 1, 1),
(40310, 62064, 0.9376, 1, 0, 1, 1),
(40310, 62065, 1.0104, 1, 0, 1, 1),
(40310, 62066, 1.0013, 1, 0, 1, 1),
(40310, 62067, 1.1014, 1, 0, 1, 1),
(40310, 62068, 1.0468, 1, 0, 1, 1),
(40310, 62069, 0.8829, 1, 0, 1, 1),
(40310, 62070, 1.3108, 1, 0, 1, 1),
(40310, 62071, 1.1742, 1, 0, 1, 1),
(40310, 62072, 1.2197, 1, 0, 1, 1),
(40310, 62073, 0.4187, 1, 0, 1, 1),
(40310, 62074, 0.4187, 1, 0, 1, 1),
(40310, 62075, 0.4824, 1, 0, 1, 1),
(40310, 62076, 0.4824, 1, 0, 1, 1),
(40310, 62077, 0.4369, 1, 0, 1, 1),
(40310, 62078, 0.3641, 1, 0, 1, 1),
(40310, 62079, 0.4096, 1, 0, 1, 1),
(40310, 62080, 0.5188, 1, 0, 1, 1),
(40310, 62081, 0.4551, 1, 0, 1, 1),
(40310, 62082, 0.3732, 1, 0, 1, 1),
(40310, 62083, 0.4733, 1, 0, 1, 1),
(40310, 62084, 0.3277, 1, 0, 1, 1),
(40310, 62085, 0.2731, 1, 0, 1, 1),
(40310, 62086, 0.446, 1, 0, 1, 1),
(40310, 62087, 0.6554, 1, 0, 1, 1),
(40310, 62088, 0.355, 1, 0, 1, 1),
(40310, 62089, 0.4005, 1, 0, 1, 1),
(40310, 62090, 0.8192, 1, 0, 1, 1),
(40310, 62091, 0.4278, 1, 0, 1, 1),
(40310, 62092, 0.3732, 1, 0, 1, 1),
(40310, 62093, 0.537, 1, 0, 1, 1),
(40310, 62094, 0.3732, 1, 0, 1, 1),
(40310, 62095, 0.5097, 1, 0, 1, 1),
(40310, 62096, 0.4915, 1, 0, 1, 1),
(40310, 62097, 0.4187, 1, 0, 1, 1),
(40310, 62098, 0.3914, 1, 0, 1, 1),
(40310, 62099, 0.5461, 1, 0, 1, 1),
(40310, 62100, 0.4369, 1, 0, 1, 1),
(40310, 62101, 0.5006, 1, 0, 1, 1),
(40310, 62102, 0.3914, 1, 0, 1, 1),
(40310, 62103, 0.3186, 1, 0, 1, 1),
(40310, 62104, 0.7555, 1, 0, 1, 1),
(40310, 62105, 0.3368, 1, 0, 1, 1),
(40310, 62106, 0.3186, 1, 0, 1, 1),
(40310, 62107, 0.3459, 1, 0, 1, 1),
(40310, 62108, 0.2913, 1, 0, 1, 1),
(40310, 62109, 0.6918, 1, 0, 1, 1),
(40310, 62110, 0.3459, 1, 0, 1, 1),
(40310, 62111, 0.2549, 1, 0, 1, 1),
(40310, 62112, 0.4187, 1, 0, 1, 1),
(40310, 62113, 0.3823, 1, 0, 1, 1),
(40310, 62114, 0.4369, 1, 0, 1, 1),
(40310, 62115, 0.355, 1, 0, 1, 1),
(40310, 62116, 0.2913, 1, 0, 1, 1),
(40310, 62117, 0.2549, 1, 0, 1, 1),
(40310, 62118, 0.3004, 1, 0, 1, 1),
(40310, 62119, 0.1912, 1, 0, 1, 1),
(40310, 62120, 0.3186, 1, 0, 1, 1),
(40310, 62121, 0.1912, 1, 0, 1, 1),
(40310, 62122, 0.3368, 1, 0, 1, 1),
(40310, 62123, 0.3641, 1, 0, 1, 1),
(40310, 62124, 0.2003, 1, 0, 1, 1),
(40310, 62125, 0.2549, 1, 0, 1, 1),
(40310, 62126, 0.3277, 1, 0, 1, 1),
(40310, 62127, 0.3368, 1, 0, 1, 1),
(40310, 62128, 0.2822, 1, 0, 1, 1),
(40310, 62129, 0.6281, 1, 0, 1, 1),
(40310, 62130, 0.2913, 1, 0, 1, 1),
(40310, 62131, 0.4096, 1, 0, 1, 1),
(40310, 62132, 0.264, 1, 0, 1, 1),
(40310, 62133, 0.3004, 1, 0, 1, 1),
(40310, 62134, 0.2822, 1, 0, 1, 1),
(40310, 62135, 0.3459, 1, 0, 1, 1),
(40310, 62136, 0.3004, 1, 0, 1, 1),
(40310, 66931, 0.0091, 1, 0, 1, 1),
(40310, 66932, 0.0091, 1, 0, 1, 1),
(40310, 66940, 0.0182, 1, 0, 1, 1),
(40310, 66941, 0.0273, 1, 0, 1, 1),
(40310, 66942, 0.0182, 1, 0, 1, 1),
(40310, 66968, 0.0182, 1, 0, 1, 1),
(40310, 66969, 0.0091, 1, 0, 1, 1),
(40310, 66970, 0.0182, 1, 0, 1, 1),
(40310, 66971, 0.0091, 1, 0, 1, 1),
(40310, 66972, 0.0364, 1, 0, 1, 1),
(40310, 66973, 0.0091, 1, 0, 1, 1),
(40310, 66974, 0.0455, 1, 0, 1, 1),
(40310, 66975, 0.0364, 1, 0, 1, 1),
(40310, 66976, 0.0637, 1, 0, 1, 1),
(40310, 66989, 0.0182, 1, 0, 1, 1),
(40310, 66991, 0.0091, 1, 0, 1, 1),
(40310, 66993, 0.0091, 1, 0, 1, 1),
(40310, 66994, 0.0546, 1, 0, 1, 1),
(40310, 67057, 0.0182, 1, 0, 1, 1),
(40310, 67059, 0.0182, 1, 0, 1, 1),
(40310, 67061, 0.0182, 1, 0, 1, 1),
(40310, 67067, 0.0182, 1, 0, 1, 1),
(40310, 67069, 0.0364, 1, 0, 1, 1),
(40310, 67071, 0.0091, 1, 0, 1, 1),
(40310, 67119, 0.0182, 1, 0, 1, 1),
(40310, 67120, 0.0637, 1, 0, 1, 1),
(40310, 67125, 0.0273, 1, 0, 1, 1),
(40310, 67127, 0.0364, 1, 0, 1, 1),
(40310, 67129, 0.0273, 1, 0, 1, 1),
(40310, 67132, 0.0182, 1, 0, 1, 1),
(40310, 67133, 0.0182, 1, 0, 1, 1),
(40310, 67134, 0.0364, 1, 0, 1, 1),
(40310, 67135, 0.0091, 1, 0, 1, 1),
(40310, 67136, 0.0182, 1, 0, 1, 1),
(40310, 67137, 0.0091, 1, 0, 1, 1),
(40310, 67140, 0.0091, 1, 0, 1, 1),
(40310, 67142, 0.0091, 1, 0, 1, 1),
(40310, 67143, 0.0273, 1, 0, 1, 1),
(40310, 67144, 0.0273, 1, 0, 1, 1),
(40310, 67146, 0.0091, 1, 0, 1, 1),
(40310, 67148, 0.0182, 1, 0, 1, 1),
(40310, 67539, 0.0518, 1, 0, 1, 1),
(40310, 68729, 1.5656, 1, 0, 1, 1),
(40310, 68783, 0.0273, 1, 0, 1, 1);

REPLACE INTO `creature_template` (`entry`, `difficulty_entry_1`, `difficulty_entry_2`, `difficulty_entry_3`, `KillCredit1`, `KillCredit2`, `modelid1`, `modelid2`, `modelid3`, `modelid4`, `name`, `subname`, `IconName`, `gossip_menu_id`, `minlevel`, `maxlevel`, `exp`, `faction_A`, `faction_H`, `npcflag`, `speed_walk`, `speed_run`, `scale`, `rank`, `mindmg`, `maxdmg`, `dmgschool`, `attackpower`, `dmg_multiplier`, `baseattacktime`, `rangeattacktime`, `unit_class`, `unit_flags`, `unit_flags2`, `dynamicflags`, `family`, `trainer_type`, `trainer_spell`, `trainer_class`, `trainer_race`, `minrangedmg`, `maxrangedmg`, `rangedattackpower`, `type`, `type_flags`, `lootid`, `pickpocketloot`, `skinloot`, `resistance1`, `resistance2`, `resistance3`, `resistance4`, `resistance5`, `resistance6`, `spell1`, `spell2`, `spell3`, `spell4`, `spell5`, `spell6`, `spell7`, `spell8`, `PetSpellDataId`, `VehicleId`, `mingold`, `maxgold`, `AIName`, `MovementType`, `InhabitType`, `HoverHeight`, `Health_mod`, `Mana_mod`, `Armor_mod`, `RacialLeader`, `questItem1`, `questItem2`, `questItem3`, `questItem4`, `questItem5`, `questItem6`, `movementId`, `RegenHealth`, `mechanic_immune_mask`, `flags_extra`, `ScriptName`, `WDBVerified`) VALUES (49294, 0, 0, 0, 0, 0, 34900, 0, 0, 0, 'Blistering Scarab (1)', '', '', 0, 85, 85, 3, 16, 16, 0, 1, 1.14286, 1, 1, 500, 750, 0, 187, 35, 2000, 2000, 1, 33816640, 2048, 0, 53, 0, 0, 0, 0, 400, 600, 150, 1, 9, 40310, 0, 0, 0, 0, 0, 0, 0, 0, 89857, 74122, 74542, 0, 0, 0, 0, 0, 0, 0, 12263, 12263, '', 0, 3, 1, 5, 7, 1, 0, 0, 0, 0, 0, 0, 0, 0, 1, 0, 0, '', 15595);

REPLACE INTO `creature_template` (`entry`, `difficulty_entry_1`, `difficulty_entry_2`, `difficulty_entry_3`, `KillCredit1`, `KillCredit2`, `modelid1`, `modelid2`, `modelid3`, `modelid4`, `name`, `subname`, `IconName`, `gossip_menu_id`, `minlevel`, `maxlevel`, `exp`, `faction_A`, `faction_H`, `npcflag`, `speed_walk`, `speed_run`, `scale`, `rank`, `mindmg`, `maxdmg`, `dmgschool`, `attackpower`, `dmg_multiplier`, `baseattacktime`, `rangeattacktime`, `unit_class`, `unit_flags`, `unit_flags2`, `dynamicflags`, `family`, `trainer_type`, `trainer_spell`, `trainer_class`, `trainer_race`, `minrangedmg`, `maxrangedmg`, `rangedattackpower`, `type`, `type_flags`, `lootid`, `pickpocketloot`, `skinloot`, `resistance1`, `resistance2`, `resistance3`, `resistance4`, `resistance5`, `resistance6`, `spell1`, `spell2`, `spell3`, `spell4`, `spell5`, `spell6`, `spell7`, `spell8`, `PetSpellDataId`, `VehicleId`, `mingold`, `maxgold`, `AIName`, `MovementType`, `InhabitType`, `HoverHeight`, `Health_mod`, `Mana_mod`, `Armor_mod`, `RacialLeader`, `questItem1`, `questItem2`, `questItem3`, `questItem4`, `questItem5`, `questItem6`, `movementId`, `RegenHealth`, `mechanic_immune_mask`, `flags_extra`, `ScriptName`, `WDBVerified`) VALUES (40787, 49301, 49301, 0, 0, 0, 32951, 0, 0, 0, 'Dustbone Horror', '', '', 0, 85, 85, 3, 16, 16, 0, 1, 1.14286, 1, 1, 500, 750, 0, 187, 35, 2000, 2000, 1, 0, 2048, 12, 0, 0, 0, 0, 0, 400, 600, 150, 6, 8, 40787, 0, 0, 0, 0, 0, 0, 0, 0, 75453, 0, 0, 0, 0, 0, 0, 0, 0, 0, 12149, 12149, '', 0, 3, 1, 4, 7, 1, 0, 0, 0, 0, 0, 0, 0, 0, 1, 8388624, 0, 'generic_creature', 15595);

DELETE FROM `creature_loot_template` WHERE (`entry`=40787);
INSERT INTO `creature_loot_template` VALUES 
(40787, 33452, 0.0019, 1, 0, 1, 1),
(40787, 52364, 0.0057, 1, 0, 1, 1),
(40787, 52365, 0.0075, 1, 0, 1, 1),
(40787, 52366, 0.0076, 1, 0, 1, 1),
(40787, 52368, 0.0075, 1, 0, 1, 1),
(40787, 52369, 0.0075, 1, 0, 1, 1),
(40787, 52370, 0.0076, 1, 0, 1, 1),
(40787, 52371, 0.0076, 1, 0, 1, 1),
(40787, 52372, 0.0057, 1, 0, 1, 1),
(40787, 52373, 0.0038, 1, 0, 1, 1),
(40787, 52374, 0.0076, 1, 0, 1, 1),
(40787, 52375, 0.0076, 1, 0, 1, 1),
(40787, 52376, 0.0153, 1, 0, 1, 1),
(40787, 52377, 0.0076, 1, 0, 1, 1),
(40787, 52378, 0.0113, 1, 0, 1, 1),
(40787, 52382, 0.0113, 1, 0, 1, 1),
(40787, 52383, 0.0114, 1, 0, 1, 1),
(40787, 52385, 0.0153, 1, 0, 1, 1),
(40787, 52494, 0.0038, 1, 0, 1, 1),
(40787, 52495, 0.0038, 1, 0, 1, 1),
(40787, 52496, 0.0076, 1, 0, 1, 1),
(40787, 52719, 0.0075, 1, 0, 1, 1),
(40787, 53010, 34.9, 1, 0, 1, 6),
(40787, 55286, 0.0744, 1, 0, 1, 1),
(40787, 55287, 0.0763, 1, 0, 1, 1),
(40787, 55288, 0.0725, 1, 0, 1, 1),
(40787, 55295, 0.0401, 1, 0, 1, 1),
(40787, 55296, 0.0801, 1, 0, 1, 1),
(40787, 55297, 0.0706, 1, 0, 1, 1),
(40787, 55304, 0.0191, 1, 0, 1, 1),
(40787, 55305, 0.0172, 1, 0, 1, 1),
(40787, 55306, 0.0286, 1, 0, 1, 1),
(40787, 55313, 0.1126, 1, 0, 1, 1),
(40787, 55314, 0.1088, 1, 0, 1, 1),
(40787, 55315, 0.0801, 1, 0, 1, 1),
(40787, 55322, 0.0114, 1, 0, 1, 1),
(40787, 55323, 0.0229, 1, 0, 1, 1),
(40787, 55324, 0.021, 1, 0, 1, 1),
(40787, 55331, 0.1011, 1, 0, 1, 1),
(40787, 55332, 0.084, 1, 0, 1, 1),
(40787, 55333, 0.1488, 1, 0, 1, 1),
(40787, 55340, 0.0477, 1, 0, 1, 1),
(40787, 55341, 0.0458, 1, 0, 1, 1),
(40787, 55342, 0.0439, 1, 0, 1, 1),
(40787, 55349, 0.0878, 1, 0, 1, 1),
(40787, 55350, 0.0591, 1, 0, 1, 1),
(40787, 55351, 0.0668, 1, 0, 1, 1),
(40787, 55358, 0.0114, 1, 0, 1, 1),
(40787, 55359, 0.021, 1, 0, 1, 1),
(40787, 55360, 0.0267, 1, 0, 1, 1),
(40787, 55367, 0.1278, 1, 0, 1, 1),
(40787, 55368, 0.1698, 1, 0, 1, 1),
(40787, 55369, 0.187, 1, 0, 1, 1),
(40787, 55376, 0.0992, 1, 0, 1, 1),
(40787, 55377, 0.0935, 1, 0, 1, 1),
(40787, 55378, 0.0744, 1, 0, 1, 1),
(40787, 55385, 0.1049, 1, 0, 1, 1),
(40787, 55386, 0.0859, 1, 0, 1, 1),
(40787, 55387, 0.0782, 1, 0, 1, 1),
(40787, 55394, 0.0343, 1, 0, 1, 1),
(40787, 55395, 0.0916, 1, 0, 1, 1),
(40787, 55396, 0.0553, 1, 0, 1, 1),
(40787, 55403, 0.1488, 1, 0, 1, 1),
(40787, 55404, 0.2747, 1, 0, 1, 1),
(40787, 55405, 0.1755, 1, 0, 1, 1),
(40787, 55412, 0.0496, 1, 0, 1, 1),
(40787, 55413, 0.0591, 1, 0, 1, 1),
(40787, 55414, 0.0744, 1, 0, 1, 1),
(40787, 55421, 0.3988, 1, 0, 1, 1),
(40787, 55422, 0.3835, 1, 0, 1, 1),
(40787, 55423, 0.4159, 1, 0, 1, 1),
(40787, 55430, 0.1736, 1, 0, 1, 1),
(40787, 55431, 0.1164, 1, 0, 1, 1),
(40787, 55432, 0.1145, 1, 0, 1, 1),
(40787, 55439, 0.3377, 1, 0, 1, 1),
(40787, 55440, 0.2557, 1, 0, 1, 1),
(40787, 55441, 0.2862, 1, 0, 1, 1),
(40787, 55448, 0.0343, 1, 0, 1, 1),
(40787, 55449, 0.0916, 1, 0, 1, 1),
(40787, 55450, 0.0458, 1, 0, 1, 1),
(40787, 55457, 0.082, 1, 0, 1, 1),
(40787, 55458, 0.0706, 1, 0, 1, 1),
(40787, 55459, 0.103, 1, 0, 1, 1),
(40787, 55466, 0.0515, 1, 0, 1, 1),
(40787, 55467, 0.0496, 1, 0, 1, 1),
(40787, 55468, 0.082, 1, 0, 1, 1),
(40787, 55475, 0.0343, 1, 0, 1, 1),
(40787, 55476, 0.0134, 1, 0, 1, 1),
(40787, 55477, 0.0076, 1, 0, 1, 1),
(40787, 55484, 0.1832, 1, 0, 1, 1),
(40787, 55485, 0.229, 1, 0, 1, 1),
(40787, 55486, 0.1793, 1, 0, 1, 1),
(40787, 55493, 0.1164, 1, 0, 1, 1),
(40787, 55494, 0.1545, 1, 0, 1, 1),
(40787, 55495, 0.1584, 1, 0, 1, 1),
(40787, 55502, 0.1469, 1, 0, 1, 1),
(40787, 55503, 0.1965, 1, 0, 1, 1),
(40787, 55504, 0.0859, 1, 0, 1, 1),
(40787, 55511, 0.1126, 1, 0, 1, 1),
(40787, 55512, 0.1679, 1, 0, 1, 1),
(40787, 55513, 0.1603, 1, 0, 1, 1),
(40787, 55520, 0.1813, 1, 0, 1, 1),
(40787, 55521, 0.1565, 1, 0, 1, 1),
(40787, 55522, 0.1603, 1, 0, 1, 1),
(40787, 55529, 0.1984, 1, 0, 1, 1),
(40787, 55530, 0.1736, 1, 0, 1, 1),
(40787, 55531, 0.1469, 1, 0, 1, 1),
(40787, 55538, 0.1641, 1, 0, 1, 1),
(40787, 55539, 0.1641, 1, 0, 1, 1),
(40787, 55540, 0.1565, 1, 0, 1, 1),
(40787, 55547, 0.1431, 1, 0, 1, 1),
(40787, 55548, 0.1641, 1, 0, 1, 1),
(40787, 55549, 0.1107, 1, 0, 1, 1),
(40787, 55556, 0.1565, 1, 0, 1, 1),
(40787, 55557, 0.2042, 1, 0, 1, 1),
(40787, 55558, 0.1908, 1, 0, 1, 1),
(40787, 55565, 0.1164, 1, 0, 1, 1),
(40787, 55566, 0.1717, 1, 0, 1, 1),
(40787, 55567, 0.1221, 1, 0, 1, 1),
(40787, 55574, 0.187, 1, 0, 1, 1),
(40787, 55575, 0.1374, 1, 0, 1, 1),
(40787, 55576, 0.1965, 1, 0, 1, 1),
(40787, 55583, 0.124, 1, 0, 1, 1),
(40787, 55584, 0.1336, 1, 0, 1, 1),
(40787, 55585, 0.1584, 1, 0, 1, 1),
(40787, 55592, 0.1946, 1, 0, 1, 1),
(40787, 55593, 0.166, 1, 0, 1, 1),
(40787, 55594, 0.124, 1, 0, 1, 1),
(40787, 55601, 0.1545, 1, 0, 1, 1),
(40787, 55602, 0.1851, 1, 0, 1, 1),
(40787, 55603, 0.1431, 1, 0, 1, 1),
(40787, 55610, 0.1641, 1, 0, 1, 1),
(40787, 55611, 0.1832, 1, 0, 1, 1),
(40787, 55612, 0.1183, 1, 0, 1, 1),
(40787, 55619, 0.145, 1, 0, 1, 1),
(40787, 55620, 0.1526, 1, 0, 1, 1),
(40787, 55621, 0.1431, 1, 0, 1, 1),
(40787, 55628, 0.1507, 1, 0, 1, 1),
(40787, 55629, 0.1507, 1, 0, 1, 1),
(40787, 55630, 0.1774, 1, 0, 1, 1),
(40787, 55637, 0.1431, 1, 0, 1, 1),
(40787, 55638, 0.1011, 1, 0, 1, 1),
(40787, 55639, 0.1374, 1, 0, 1, 1),
(40787, 55646, 0.1469, 1, 0, 1, 1),
(40787, 55647, 0.1565, 1, 0, 1, 1),
(40787, 55648, 0.1068, 1, 0, 1, 1),
(40787, 55655, 0.1603, 1, 0, 1, 1),
(40787, 55656, 0.1813, 1, 0, 1, 1),
(40787, 55657, 0.1603, 1, 0, 1, 1),
(40787, 55664, 0.1946, 1, 0, 1, 1),
(40787, 55665, 0.1946, 1, 0, 1, 1),
(40787, 55666, 0.145, 1, 0, 1, 1),
(40787, 55673, 0.1278, 1, 0, 1, 1),
(40787, 55674, 0.1526, 1, 0, 1, 1),
(40787, 55675, 0.1126, 1, 0, 1, 1),
(40787, 55682, 0.1145, 1, 0, 1, 1),
(40787, 55683, 0.1603, 1, 0, 1, 1),
(40787, 55684, 0.1565, 1, 0, 1, 1),
(40787, 55691, 0.1145, 1, 0, 1, 1),
(40787, 55692, 0.2919, 1, 0, 1, 1),
(40787, 55693, 0.1049, 1, 0, 1, 1),
(40787, 55700, 0.1488, 1, 0, 1, 1),
(40787, 55701, 0.1374, 1, 0, 1, 1),
(40787, 55702, 0.1202, 1, 0, 1, 1),
(40787, 55709, 0.1813, 1, 0, 1, 1),
(40787, 55710, 0.3606, 1, 0, 1, 1),
(40787, 55711, 0.2156, 1, 0, 1, 1),
(40787, 55718, 0.1851, 1, 0, 1, 1),
(40787, 55719, 0.2499, 1, 0, 1, 1),
(40787, 55720, 0.1927, 1, 0, 1, 1),
(40787, 55727, 0.1755, 1, 0, 1, 1),
(40787, 55728, 0.2309, 1, 0, 1, 1),
(40787, 55729, 0.1984, 1, 0, 1, 1),
(40787, 55736, 0.1679, 1, 0, 1, 1),
(40787, 55737, 0.248, 1, 0, 1, 1),
(40787, 55738, 0.1526, 1, 0, 1, 1),
(40787, 55745, 0.1965, 1, 0, 1, 1),
(40787, 55746, 0.2423, 1, 0, 1, 1),
(40787, 55747, 0.2118, 1, 0, 1, 1),
(40787, 55754, 0.2251, 1, 0, 1, 1),
(40787, 55755, 0.1889, 1, 0, 1, 1),
(40787, 55756, 0.1755, 1, 0, 1, 1),
(40787, 55763, 0.1622, 1, 0, 1, 1),
(40787, 55764, 0.2309, 1, 0, 1, 1),
(40787, 55765, 0.208, 1, 0, 1, 1),
(40787, 55772, 0.2175, 1, 0, 1, 1),
(40787, 55773, 0.2251, 1, 0, 1, 1),
(40787, 55774, 0.2118, 1, 0, 1, 1),
(40787, 56109, 1.3833, 1, 0, 1, 1),
(40787, 56110, 1.3718, 1, 0, 1, 1),
(40787, 56111, 1.3756, 1, 0, 1, 1),
(40787, 58266, 7.6051, 1, 0, 1, 1),
(40787, 59230, 3.4244, 1, 0, 1, 1),
(40787, 62063, 0.374, 1, 0, 1, 1),
(40787, 62064, 0.456, 1, 0, 1, 1),
(40787, 62065, 0.3759, 1, 0, 1, 1),
(40787, 62066, 0.4102, 1, 0, 1, 1),
(40787, 62067, 0.5419, 1, 0, 1, 1),
(40787, 62068, 0.4102, 1, 0, 1, 1),
(40787, 62069, 0.4369, 1, 0, 1, 1),
(40787, 62070, 0.3759, 1, 0, 1, 1),
(40787, 62071, 0.4083, 1, 0, 1, 1),
(40787, 62072, 0.3682, 1, 0, 1, 1),
(40787, 62074, 0.1539, 1, 0, 1, 1),
(40787, 62075, 0.1736, 1, 0, 1, 1),
(40787, 62076, 0.1427, 1, 0, 1, 1),
(40787, 62077, 0.2175, 1, 0, 1, 1),
(40787, 62078, 0.1832, 1, 0, 1, 1),
(40787, 62079, 0.1851, 1, 0, 1, 1),
(40787, 62080, 0.1908, 1, 0, 1, 1),
(40787, 62081, 0.1652, 1, 0, 1, 1),
(40787, 62082, 0.184, 1, 0, 1, 1),
(40787, 62083, 0.1774, 1, 0, 1, 1),
(40787, 62084, 0.1698, 1, 0, 1, 1),
(40787, 62085, 0.1717, 1, 0, 1, 1),
(40787, 62086, 0.1889, 1, 0, 1, 1),
(40787, 62087, 0.229, 1, 0, 1, 1),
(40787, 62088, 0.1539, 1, 0, 1, 1),
(40787, 62091, 0.1765, 1, 0, 1, 1),
(40787, 62093, 0.1851, 1, 0, 1, 1),
(40787, 62094, 0.1813, 1, 0, 1, 1),
(40787, 62095, 0.1584, 1, 0, 1, 1),
(40787, 62096, 0.269, 1, 0, 1, 1),
(40787, 62097, 0.187, 1, 0, 1, 1),
(40787, 62098, 0.1539, 1, 0, 1, 1),
(40787, 62099, 0.2251, 1, 0, 1, 1),
(40787, 62100, 0.1641, 1, 0, 1, 1),
(40787, 62101, 0.1946, 1, 0, 1, 1),
(40787, 62104, 0.1793, 1, 0, 1, 1),
(40787, 62105, 0.1793, 1, 0, 1, 1),
(40787, 62106, 0.1717, 1, 0, 1, 1),
(40787, 62107, 0.1641, 1, 0, 1, 1),
(40787, 62108, 0.1088, 1, 0, 1, 1),
(40787, 62109, 0.1565, 1, 0, 1, 1),
(40787, 62110, 0.1316, 1, 0, 1, 1),
(40787, 62111, 0.2251, 1, 0, 1, 1),
(40787, 62112, 0.1336, 1, 0, 1, 1),
(40787, 62113, 0.1488, 1, 0, 1, 1),
(40787, 62114, 0.1336, 1, 0, 1, 1),
(40787, 62115, 0.1622, 1, 0, 1, 1),
(40787, 62116, 0.1145, 1, 0, 1, 1),
(40787, 62117, 0.1412, 1, 0, 1, 1),
(40787, 62118, 0.1221, 1, 0, 1, 1),
(40787, 62119, 0.1488, 1, 0, 1, 1),
(40787, 62120, 0.1011, 1, 0, 1, 1),
(40787, 62121, 0.1355, 1, 0, 1, 1),
(40787, 62122, 0.1202, 1, 0, 1, 1),
(40787, 62123, 0.124, 1, 0, 1, 1),
(40787, 62124, 0.2118, 1, 0, 1, 1),
(40787, 62125, 0.2385, 1, 0, 1, 1),
(40787, 62126, 0.2003, 1, 0, 1, 1),
(40787, 62127, 0.124, 1, 0, 1, 1),
(40787, 62128, 0.1507, 1, 0, 1, 1),
(40787, 62129, 0.1946, 1, 0, 1, 1),
(40787, 62130, 0.1202, 1, 0, 1, 1),
(40787, 62131, 0.1202, 1, 0, 1, 1),
(40787, 62132, 0.0864, 1, 0, 1, 1),
(40787, 62133, 0.1107, 1, 0, 1, 1),
(40787, 62134, 0.0973, 1, 0, 1, 1),
(40787, 62135, 0.1374, 1, 0, 1, 1),
(40787, 62136, 0.1393, 1, 0, 1, 1),
(40787, 66931, 0.0095, 1, 0, 1, 1),
(40787, 66932, 0.0114, 1, 0, 1, 1),
(40787, 66940, 0.0095, 1, 0, 1, 1),
(40787, 66941, 0.0114, 1, 0, 1, 1),
(40787, 66942, 0.0095, 1, 0, 1, 1),
(40787, 66968, 0.0075, 1, 0, 1, 1),
(40787, 66969, 0.0095, 1, 0, 1, 1),
(40787, 66970, 0.0057, 1, 0, 1, 1),
(40787, 66971, 0.0134, 1, 0, 1, 1),
(40787, 66972, 0.0134, 1, 0, 1, 1),
(40787, 66973, 0.0076, 1, 0, 1, 1),
(40787, 66974, 0.0095, 1, 0, 1, 1),
(40787, 66975, 0.0095, 1, 0, 1, 1),
(40787, 66976, 0.0114, 1, 0, 1, 1),
(40787, 66989, 0.0114, 1, 0, 1, 1),
(40787, 66990, 0.0038, 1, 0, 1, 1),
(40787, 66991, 0.0057, 1, 0, 1, 1),
(40787, 66992, 0.0095, 1, 0, 1, 1),
(40787, 66993, 0.0134, 1, 0, 1, 1),
(40787, 66994, 0.0095, 1, 0, 1, 1),
(40787, 67057, 0.0076, 1, 0, 1, 1),
(40787, 67059, 0.0172, 1, 0, 1, 1),
(40787, 67061, 0.0114, 1, 0, 1, 1),
(40787, 67067, 0.0095, 1, 0, 1, 1),
(40787, 67069, 0.0095, 1, 0, 1, 1),
(40787, 67071, 0.0038, 1, 0, 1, 1),
(40787, 67119, 0.1088, 1, 0, 1, 1),
(40787, 67121, 0.0038, 1, 0, 1, 1),
(40787, 67122, 0.0076, 1, 0, 1, 1),
(40787, 67123, 0.0248, 1, 0, 1, 1),
(40787, 67124, 0.0114, 1, 0, 1, 1),
(40787, 67125, 0.0153, 1, 0, 1, 1),
(40787, 67126, 0.0172, 1, 0, 1, 1),
(40787, 67127, 0.0076, 1, 0, 1, 1),
(40787, 67129, 0.0019, 1, 0, 1, 1),
(40787, 67130, 0.0038, 1, 0, 1, 1),
(40787, 67131, 0.0019, 1, 0, 1, 1),
(40787, 67132, 0.0057, 1, 0, 1, 1),
(40787, 67133, 0.0038, 1, 0, 1, 1),
(40787, 67136, 0.0057, 1, 0, 1, 1),
(40787, 67138, 0.0019, 1, 0, 1, 1),
(40787, 67140, 0.0095, 1, 0, 1, 1),
(40787, 67141, 0.0038, 1, 0, 1, 1),
(40787, 67142, 0.0095, 1, 0, 1, 1),
(40787, 67143, 0.0038, 1, 0, 1, 1),
(40787, 67144, 0.0019, 1, 0, 1, 1),
(40787, 67145, 0.0057, 1, 0, 1, 1),
(40787, 67146, 0.0076, 1, 0, 1, 1),
(40787, 67147, 0.0019, 1, 0, 1, 1),
(40787, 67149, 0.0019, 1, 0, 1, 1),
(40787, 67150, 0.0019, 1, 0, 1, 1),
(40787, 68197, 5.7, 1, 0, 1, 2),
(40787, 68198, 14.6, 1, 0, 1, 2),
(40787, 68729, 0.4113, 1, 0, 1, 1),
(40787, 68781, 0.0023, 1, 0, 1, 1),
(40787, 68783, 0.0023, 1, 0, 1, 1),
(40787, 68787, 0.0038, 1, 0, 1, 1),
(40787, 68789, 0.0038, 1, 0, 1, 1);

REPLACE INTO `creature_template` (`entry`, `difficulty_entry_1`, `difficulty_entry_2`, `difficulty_entry_3`, `KillCredit1`, `KillCredit2`, `modelid1`, `modelid2`, `modelid3`, `modelid4`, `name`, `subname`, `IconName`, `gossip_menu_id`, `minlevel`, `maxlevel`, `exp`, `faction_A`, `faction_H`, `npcflag`, `speed_walk`, `speed_run`, `scale`, `rank`, `mindmg`, `maxdmg`, `dmgschool`, `attackpower`, `dmg_multiplier`, `baseattacktime`, `rangeattacktime`, `unit_class`, `unit_flags`, `unit_flags2`, `dynamicflags`, `family`, `trainer_type`, `trainer_spell`, `trainer_class`, `trainer_race`, `minrangedmg`, `maxrangedmg`, `rangedattackpower`, `type`, `type_flags`, `lootid`, `pickpocketloot`, `skinloot`, `resistance1`, `resistance2`, `resistance3`, `resistance4`, `resistance5`, `resistance6`, `spell1`, `spell2`, `spell3`, `spell4`, `spell5`, `spell6`, `spell7`, `spell8`, `PetSpellDataId`, `VehicleId`, `mingold`, `maxgold`, `AIName`, `MovementType`, `InhabitType`, `HoverHeight`, `Health_mod`, `Mana_mod`, `Armor_mod`, `RacialLeader`, `questItem1`, `questItem2`, `questItem3`, `questItem4`, `questItem5`, `questItem6`, `movementId`, `RegenHealth`, `mechanic_immune_mask`, `flags_extra`, `ScriptName`, `WDBVerified`) VALUES (49301, 0, 0, 0, 0, 0, 32951, 0, 0, 0, 'Dustbone Horror (1)', '', '', 0, 85, 85, 3, 16, 16, 0, 1, 1.14286, 1, 1, 500, 750, 0, 187, 35, 2000, 2000, 1, 0, 2048, 12, 0, 0, 0, 0, 0, 400, 600, 150, 6, 8, 40787, 0, 0, 0, 0, 0, 0, 0, 0, 75453, 0, 0, 0, 0, 0, 0, 0, 0, 0, 12149, 12149, '', 0, 3, 1, 5, 7, 1, 0, 0, 0, 0, 0, 0, 0, 0, 1, 8388624, 0, '', 15595);

REPLACE INTO `creature_template` (`entry`, `difficulty_entry_1`, `difficulty_entry_2`, `difficulty_entry_3`, `KillCredit1`, `KillCredit2`, `modelid1`, `modelid2`, `modelid3`, `modelid4`, `name`, `subname`, `IconName`, `gossip_menu_id`, `minlevel`, `maxlevel`, `exp`, `faction_A`, `faction_H`, `npcflag`, `speed_walk`, `speed_run`, `scale`, `rank`, `mindmg`, `maxdmg`, `dmgschool`, `attackpower`, `dmg_multiplier`, `baseattacktime`, `rangeattacktime`, `unit_class`, `unit_flags`, `unit_flags2`, `dynamicflags`, `family`, `trainer_type`, `trainer_spell`, `trainer_class`, `trainer_race`, `minrangedmg`, `maxrangedmg`, `rangedattackpower`, `type`, `type_flags`, `lootid`, `pickpocketloot`, `skinloot`, `resistance1`, `resistance2`, `resistance3`, `resistance4`, `resistance5`, `resistance6`, `spell1`, `spell2`, `spell3`, `spell4`, `spell5`, `spell6`, `spell7`, `spell8`, `PetSpellDataId`, `VehicleId`, `mingold`, `maxgold`, `AIName`, `MovementType`, `InhabitType`, `HoverHeight`, `Health_mod`, `Mana_mod`, `Armor_mod`, `RacialLeader`, `questItem1`, `questItem2`, `questItem3`, `questItem4`, `questItem5`, `questItem6`, `movementId`, `RegenHealth`, `mechanic_immune_mask`, `flags_extra`, `ScriptName`, `WDBVerified`) VALUES (40311, 49295, 49295, 0, 0, 0, 32053, 0, 0, 0, 'Dustbone Tormentor', '', '', 0, 85, 85, 3, 16, 16, 0, 1, 1.14286, 1, 1, 465, 697, 0, 174, 37.7, 2000, 2000, 2, 262208, 2048, 12, 0, 0, 0, 0, 0, 372, 558, 139, 6, 8, 40311, 0, 0, 0, 0, 0, 0, 0, 0, 90006, 77357, 89855, 77570, 0, 0, 0, 0, 0, 0, 12105, 12105, '', 0, 3, 1, 4, 7, 1, 0, 0, 0, 0, 0, 0, 0, 0, 1, 8388624, 0, 'generic_creature', 15595);

DELETE FROM `creature_loot_template` WHERE (`entry`=40311);
INSERT INTO `creature_loot_template` VALUES 
(40311, 33452, 0.0019, 1, 0, 1, 1),
(40311, 52363, 0.0115, 1, 0, 1, 1),
(40311, 52364, 0.0134, 1, 0, 1, 1),
(40311, 52365, 0.0057, 1, 0, 1, 1),
(40311, 52366, 0.0134, 1, 0, 1, 1),
(40311, 52369, 0.0076, 1, 0, 1, 1),
(40311, 52370, 0.0057, 1, 0, 1, 1),
(40311, 52372, 0.0075, 1, 0, 1, 1),
(40311, 52373, 0.0038, 1, 0, 1, 1),
(40311, 52374, 0.0096, 1, 0, 1, 1),
(40311, 52375, 0.0075, 1, 0, 1, 1),
(40311, 52378, 0.0096, 1, 0, 1, 1),
(40311, 52379, 0.0096, 1, 0, 1, 1),
(40311, 52383, 0.0076, 1, 0, 1, 1),
(40311, 52385, 0.0134, 1, 0, 1, 1),
(40311, 52386, 0.0153, 1, 0, 1, 1),
(40311, 52388, 0.0075, 1, 0, 1, 1),
(40311, 52494, 0.0038, 1, 0, 1, 1),
(40311, 52719, 0.0263, 1, 0, 1, 1),
(40311, 53010, 33.2, 1, 0, 1, 6),
(40311, 55286, 0.0802, 1, 0, 1, 1),
(40311, 55287, 0.1013, 1, 0, 1, 1),
(40311, 55288, 0.0688, 1, 0, 1, 1),
(40311, 55295, 0.0497, 1, 0, 1, 1),
(40311, 55296, 0.086, 1, 0, 1, 1),
(40311, 55297, 0.0745, 1, 0, 1, 1),
(40311, 55305, 0.0038, 1, 0, 1, 1),
(40311, 55306, 0.0153, 1, 0, 1, 1),
(40311, 55313, 0.1318, 1, 0, 1, 1),
(40311, 55314, 0.1032, 1, 0, 1, 1),
(40311, 55315, 0.0822, 1, 0, 1, 1),
(40311, 55322, 0.0248, 1, 0, 1, 1),
(40311, 55323, 0.0172, 1, 0, 1, 1),
(40311, 55324, 0.021, 1, 0, 1, 1),
(40311, 55331, 0.0516, 1, 0, 1, 1),
(40311, 55332, 0.1108, 1, 0, 1, 1),
(40311, 55333, 0.0573, 1, 0, 1, 1),
(40311, 55340, 0.0459, 1, 0, 1, 1),
(40311, 55341, 0.086, 1, 0, 1, 1),
(40311, 55342, 0.0287, 1, 0, 1, 1),
(40311, 55349, 0.0669, 1, 0, 1, 1),
(40311, 55350, 0.0955, 1, 0, 1, 1),
(40311, 55351, 0.0879, 1, 0, 1, 1),
(40311, 55358, 0.0306, 1, 0, 1, 1),
(40311, 55359, 0.021, 1, 0, 1, 1),
(40311, 55360, 0.0134, 1, 0, 1, 1),
(40311, 55367, 0.1509, 1, 0, 1, 1),
(40311, 55368, 0.2083, 1, 0, 1, 1),
(40311, 55369, 0.1318, 1, 0, 1, 1),
(40311, 55376, 0.0936, 1, 0, 1, 1),
(40311, 55377, 0.1624, 1, 0, 1, 1),
(40311, 55378, 0.0669, 1, 0, 1, 1),
(40311, 55385, 0.1605, 1, 0, 1, 1),
(40311, 55386, 0.0764, 1, 0, 1, 1),
(40311, 55387, 0.0802, 1, 0, 1, 1),
(40311, 55394, 0.0497, 1, 0, 1, 1),
(40311, 55395, 0.0478, 1, 0, 1, 1),
(40311, 55396, 0.0726, 1, 0, 1, 1),
(40311, 55403, 0.1395, 1, 0, 1, 1),
(40311, 55404, 0.2159, 1, 0, 1, 1),
(40311, 55405, 0.1872, 1, 0, 1, 1),
(40311, 55412, 0.0459, 1, 0, 1, 1),
(40311, 55413, 0.0459, 1, 0, 1, 1),
(40311, 55414, 0.1032, 1, 0, 1, 1),
(40311, 55421, 0.4203, 1, 0, 1, 1),
(40311, 55422, 0.4394, 1, 0, 1, 1),
(40311, 55423, 0.6553, 1, 0, 1, 1),
(40311, 55430, 0.1185, 1, 0, 1, 1),
(40311, 55431, 0.1032, 1, 0, 1, 1),
(40311, 55432, 0.1146, 1, 0, 1, 1),
(40311, 55439, 0.321, 1, 0, 1, 1),
(40311, 55440, 0.3172, 1, 0, 1, 1),
(40311, 55441, 0.3477, 1, 0, 1, 1),
(40311, 55448, 0.0478, 1, 0, 1, 1),
(40311, 55449, 0.0306, 1, 0, 1, 1),
(40311, 55450, 0.0459, 1, 0, 1, 1),
(40311, 55457, 0.0669, 1, 0, 1, 1),
(40311, 55458, 0.1376, 1, 0, 1, 1),
(40311, 55459, 0.0631, 1, 0, 1, 1),
(40311, 55466, 0.0611, 1, 0, 1, 1),
(40311, 55467, 0.0344, 1, 0, 1, 1),
(40311, 55468, 0.0401, 1, 0, 1, 1),
(40311, 55475, 0.0134, 1, 0, 1, 1),
(40311, 55476, 0.0191, 1, 0, 1, 1),
(40311, 55477, 0.0153, 1, 0, 1, 1),
(40311, 55484, 0.17, 1, 0, 1, 1),
(40311, 55485, 0.193, 1, 0, 1, 1),
(40311, 55486, 0.2121, 1, 0, 1, 1),
(40311, 55493, 0.2063, 1, 0, 1, 1),
(40311, 55494, 0.2025, 1, 0, 1, 1),
(40311, 55495, 0.2121, 1, 0, 1, 1),
(40311, 55502, 0.1433, 1, 0, 1, 1),
(40311, 55503, 0.1509, 1, 0, 1, 1),
(40311, 55504, 0.1624, 1, 0, 1, 1),
(40311, 55511, 0.1528, 1, 0, 1, 1),
(40311, 55512, 0.128, 1, 0, 1, 1),
(40311, 55513, 0.1242, 1, 0, 1, 1),
(40311, 55520, 0.1223, 1, 0, 1, 1),
(40311, 55521, 0.149, 1, 0, 1, 1),
(40311, 55522, 0.1204, 1, 0, 1, 1),
(40311, 55529, 0.0955, 1, 0, 1, 1),
(40311, 55530, 0.1777, 1, 0, 1, 1),
(40311, 55531, 0.2025, 1, 0, 1, 1),
(40311, 55538, 0.1949, 1, 0, 1, 1),
(40311, 55539, 0.1548, 1, 0, 1, 1),
(40311, 55540, 0.172, 1, 0, 1, 1),
(40311, 55547, 0.1376, 1, 0, 1, 1),
(40311, 55548, 0.1509, 1, 0, 1, 1),
(40311, 55549, 0.1567, 1, 0, 1, 1),
(40311, 55556, 0.1662, 1, 0, 1, 1),
(40311, 55557, 0.1471, 1, 0, 1, 1),
(40311, 55558, 0.1357, 1, 0, 1, 1),
(40311, 55565, 0.1223, 1, 0, 1, 1),
(40311, 55566, 0.1165, 1, 0, 1, 1),
(40311, 55567, 0.1376, 1, 0, 1, 1),
(40311, 55574, 0.1318, 1, 0, 1, 1),
(40311, 55575, 0.1089, 1, 0, 1, 1),
(40311, 55576, 0.1318, 1, 0, 1, 1),
(40311, 55583, 0.1357, 1, 0, 1, 1),
(40311, 55584, 0.1796, 1, 0, 1, 1),
(40311, 55585, 0.1261, 1, 0, 1, 1),
(40311, 55592, 0.1471, 1, 0, 1, 1),
(40311, 55593, 0.1567, 1, 0, 1, 1),
(40311, 55594, 0.1548, 1, 0, 1, 1),
(40311, 55601, 0.2216, 1, 0, 1, 1),
(40311, 55602, 0.1662, 1, 0, 1, 1),
(40311, 55603, 0.1605, 1, 0, 1, 1),
(40311, 55610, 0.1452, 1, 0, 1, 1),
(40311, 55611, 0.1089, 1, 0, 1, 1),
(40311, 55612, 0.1299, 1, 0, 1, 1),
(40311, 55619, 0.1146, 1, 0, 1, 1),
(40311, 55620, 0.1892, 1, 0, 1, 1),
(40311, 55621, 0.1586, 1, 0, 1, 1),
(40311, 55628, 0.1509, 1, 0, 1, 1),
(40311, 55629, 0.1433, 1, 0, 1, 1),
(40311, 55630, 0.1433, 1, 0, 1, 1),
(40311, 55637, 0.1261, 1, 0, 1, 1),
(40311, 55638, 0.1586, 1, 0, 1, 1),
(40311, 55639, 0.1261, 1, 0, 1, 1),
(40311, 55646, 0.1681, 1, 0, 1, 1),
(40311, 55647, 0.1509, 1, 0, 1, 1),
(40311, 55648, 0.086, 1, 0, 1, 1),
(40311, 55655, 0.193, 1, 0, 1, 1),
(40311, 55656, 0.1261, 1, 0, 1, 1),
(40311, 55657, 0.1509, 1, 0, 1, 1),
(40311, 55664, 0.2732, 1, 0, 1, 1),
(40311, 55665, 0.128, 1, 0, 1, 1),
(40311, 55666, 0.17, 1, 0, 1, 1),
(40311, 55673, 0.1452, 1, 0, 1, 1),
(40311, 55674, 0.1528, 1, 0, 1, 1),
(40311, 55675, 0.2579, 1, 0, 1, 1),
(40311, 55682, 0.1204, 1, 0, 1, 1),
(40311, 55683, 0.1567, 1, 0, 1, 1),
(40311, 55684, 0.1452, 1, 0, 1, 1),
(40311, 55691, 0.2006, 1, 0, 1, 1),
(40311, 55692, 0.1013, 1, 0, 1, 1),
(40311, 55693, 0.1242, 1, 0, 1, 1),
(40311, 55700, 0.1242, 1, 0, 1, 1),
(40311, 55701, 0.1758, 1, 0, 1, 1),
(40311, 55702, 0.1509, 1, 0, 1, 1),
(40311, 55709, 0.2235, 1, 0, 1, 1),
(40311, 55710, 0.2178, 1, 0, 1, 1),
(40311, 55711, 0.17, 1, 0, 1, 1),
(40311, 55718, 0.1968, 1, 0, 1, 1),
(40311, 55719, 0.2388, 1, 0, 1, 1),
(40311, 55720, 0.2044, 1, 0, 1, 1),
(40311, 55727, 0.1892, 1, 0, 1, 1),
(40311, 55728, 0.3324, 1, 0, 1, 1),
(40311, 55729, 0.1739, 1, 0, 1, 1),
(40311, 55736, 0.1567, 1, 0, 1, 1),
(40311, 55737, 0.1892, 1, 0, 1, 1),
(40311, 55738, 0.172, 1, 0, 1, 1),
(40311, 55745, 0.2178, 1, 0, 1, 1),
(40311, 55746, 0.1758, 1, 0, 1, 1),
(40311, 55747, 0.2025, 1, 0, 1, 1),
(40311, 55754, 0.2044, 1, 0, 1, 1),
(40311, 55755, 0.2274, 1, 0, 1, 1),
(40311, 55756, 0.2255, 1, 0, 1, 1),
(40311, 55763, 0.1892, 1, 0, 1, 1),
(40311, 55764, 0.2216, 1, 0, 1, 1),
(40311, 55765, 0.1815, 1, 0, 1, 1),
(40311, 55772, 0.2598, 1, 0, 1, 1),
(40311, 55773, 0.193, 1, 0, 1, 1),
(40311, 55774, 0.1911, 1, 0, 1, 1),
(40311, 56109, 1.3776, 1, 0, 1, 1),
(40311, 56110, 1.4406, 1, 0, 1, 1),
(40311, 56111, 1.2897, 1, 0, 1, 1),
(40311, 58266, 7.4686, 1, 0, 1, 1),
(40311, 59230, 3.6677, 1, 0, 1, 1),
(40311, 62063, 0.5598, 1, 0, 1, 1),
(40311, 62064, 0.4184, 1, 0, 1, 1),
(40311, 62065, 0.4375, 1, 0, 1, 1),
(40311, 62066, 0.4585, 1, 0, 1, 1),
(40311, 62067, 0.3993, 1, 0, 1, 1),
(40311, 62068, 0.407, 1, 0, 1, 1),
(40311, 62069, 0.4146, 1, 0, 1, 1),
(40311, 62070, 0.4031, 1, 0, 1, 1),
(40311, 62071, 0.4643, 1, 0, 1, 1),
(40311, 62072, 0.4184, 1, 0, 1, 1),
(40311, 62073, 0.1834, 1, 0, 1, 1),
(40311, 62074, 0.2083, 1, 0, 1, 1),
(40311, 62075, 0.1528, 1, 0, 1, 1),
(40311, 62076, 0.2025, 1, 0, 1, 1),
(40311, 62077, 0.2006, 1, 0, 1, 1),
(40311, 62078, 0.1987, 1, 0, 1, 1),
(40311, 62080, 0.1739, 1, 0, 1, 1),
(40311, 62081, 0.1949, 1, 0, 1, 1),
(40311, 62082, 0.1765, 1, 0, 1, 1),
(40311, 62084, 0.1892, 1, 0, 1, 1),
(40311, 62085, 0.1815, 1, 0, 1, 1),
(40311, 62087, 0.1968, 1, 0, 1, 1),
(40311, 62088, 0.1892, 1, 0, 1, 1),
(40311, 62089, 0.1662, 1, 0, 1, 1),
(40311, 62090, 0.154, 1, 0, 1, 1),
(40311, 62091, 0.2083, 1, 0, 1, 1),
(40311, 62092, 0.1853, 1, 0, 1, 1),
(40311, 62093, 0.1987, 1, 0, 1, 1),
(40311, 62094, 0.235, 1, 0, 1, 1),
(40311, 62096, 0.1853, 1, 0, 1, 1),
(40311, 62097, 0.1815, 1, 0, 1, 1),
(40311, 62098, 0.172, 1, 0, 1, 1),
(40311, 62099, 0.1548, 1, 0, 1, 1),
(40311, 62100, 0.2369, 1, 0, 1, 1),
(40311, 62101, 0.1777, 1, 0, 1, 1),
(40311, 62102, 0.1586, 1, 0, 1, 1),
(40311, 62103, 0.1834, 1, 0, 1, 1),
(40311, 62104, 0.193, 1, 0, 1, 1),
(40311, 62105, 0.1223, 1, 0, 1, 1),
(40311, 62106, 0.1337, 1, 0, 1, 1),
(40311, 62107, 0.1395, 1, 0, 1, 1),
(40311, 62108, 0.1395, 1, 0, 1, 1),
(40311, 62109, 0.1777, 1, 0, 1, 1),
(40311, 62110, 0.1261, 1, 0, 1, 1),
(40311, 62111, 0.1643, 1, 0, 1, 1),
(40311, 62112, 0.2063, 1, 0, 1, 1),
(40311, 62113, 0.1204, 1, 0, 1, 1),
(40311, 62114, 0.0974, 1, 0, 1, 1),
(40311, 62115, 0.1681, 1, 0, 1, 1),
(40311, 62116, 0.128, 1, 0, 1, 1),
(40311, 62117, 0.1624, 1, 0, 1, 1),
(40311, 62118, 0.1433, 1, 0, 1, 1),
(40311, 62119, 0.1185, 1, 0, 1, 1),
(40311, 62120, 0.1299, 1, 0, 1, 1),
(40311, 62121, 0.1548, 1, 0, 1, 1),
(40311, 62122, 0.193, 1, 0, 1, 1),
(40311, 62123, 0.107, 1, 0, 1, 1),
(40311, 62124, 0.1242, 1, 0, 1, 1),
(40311, 62125, 0.172, 1, 0, 1, 1),
(40311, 62126, 0.1528, 1, 0, 1, 1),
(40311, 62127, 0.17, 1, 0, 1, 1),
(40311, 62128, 0.1739, 1, 0, 1, 1),
(40311, 62129, 0.1146, 1, 0, 1, 1),
(40311, 62130, 0.128, 1, 0, 1, 1),
(40311, 62131, 0.1223, 1, 0, 1, 1),
(40311, 62132, 0.0955, 1, 0, 1, 1),
(40311, 62133, 0.0917, 1, 0, 1, 1),
(40311, 62134, 0.1204, 1, 0, 1, 1),
(40311, 62135, 0.128, 1, 0, 1, 1),
(40311, 62136, 0.107, 1, 0, 1, 1),
(40311, 66931, 0.0096, 1, 0, 1, 1),
(40311, 66932, 0.0153, 1, 0, 1, 1),
(40311, 66940, 0.0153, 1, 0, 1, 1),
(40311, 66941, 0.0115, 1, 0, 1, 1),
(40311, 66942, 0.0076, 1, 0, 1, 1),
(40311, 66968, 0.0134, 1, 0, 1, 1),
(40311, 66969, 0.0153, 1, 0, 1, 1),
(40311, 66970, 0.0038, 1, 0, 1, 1),
(40311, 66971, 0.0096, 1, 0, 1, 1),
(40311, 66973, 0.0115, 1, 0, 1, 1),
(40311, 66974, 0.0153, 1, 0, 1, 1),
(40311, 66975, 0.0153, 1, 0, 1, 1),
(40311, 66976, 0.0115, 1, 0, 1, 1),
(40311, 66989, 0.0038, 1, 0, 1, 1),
(40311, 66990, 0.0076, 1, 0, 1, 1),
(40311, 66991, 0.0057, 1, 0, 1, 1),
(40311, 66992, 0.0287, 1, 0, 1, 1),
(40311, 66993, 0.0038, 1, 0, 1, 1),
(40311, 66994, 0.0134, 1, 0, 1, 1),
(40311, 67057, 0.0038, 1, 0, 1, 1),
(40311, 67059, 0.0076, 1, 0, 1, 1),
(40311, 67061, 0.0038, 1, 0, 1, 1),
(40311, 67067, 0.0075, 1, 0, 1, 1),
(40311, 67069, 0.0153, 1, 0, 1, 1),
(40311, 67071, 0.0057, 1, 0, 1, 1),
(40311, 67119, 0.0076, 1, 0, 1, 1),
(40311, 67120, 0.0096, 1, 0, 1, 1),
(40311, 67121, 0.0229, 1, 0, 1, 1),
(40311, 67122, 0.0134, 1, 0, 1, 1),
(40311, 67123, 0.0057, 1, 0, 1, 1),
(40311, 67124, 0.0076, 1, 0, 1, 1),
(40311, 67125, 0.0134, 1, 0, 1, 1),
(40311, 67126, 0.0267, 1, 0, 1, 1),
(40311, 67127, 0.0096, 1, 0, 1, 1),
(40311, 67130, 0.0076, 1, 0, 1, 1),
(40311, 67131, 0.0076, 1, 0, 1, 1),
(40311, 67133, 0.0153, 1, 0, 1, 1),
(40311, 67135, 0.0057, 1, 0, 1, 1),
(40311, 67137, 0.0019, 1, 0, 1, 1),
(40311, 67138, 0.0057, 1, 0, 1, 1),
(40311, 67139, 0.0076, 1, 0, 1, 1),
(40311, 67140, 0.0096, 1, 0, 1, 1),
(40311, 67141, 0.0038, 1, 0, 1, 1),
(40311, 67142, 0.0076, 1, 0, 1, 1),
(40311, 67143, 0.0459, 1, 0, 1, 1),
(40311, 67144, 0.0019, 1, 0, 1, 1),
(40311, 67145, 0.0076, 1, 0, 1, 1),
(40311, 67146, 0.0076, 1, 0, 1, 1),
(40311, 67147, 0.0038, 1, 0, 1, 1),
(40311, 67148, 0.0019, 1, 0, 1, 1),
(40311, 67149, 0.0057, 1, 0, 1, 1),
(40311, 67150, 0.0019, 1, 0, 1, 1),
(40311, 68197, 5.4, 1, 0, 1, 2),
(40311, 68198, 14.4, 1, 0, 1, 2),
(40311, 68729, 0.4359, 1, 0, 1, 1),
(40311, 68783, 0.0023, 1, 0, 1, 1);

REPLACE INTO `creature_template` (`entry`, `difficulty_entry_1`, `difficulty_entry_2`, `difficulty_entry_3`, `KillCredit1`, `KillCredit2`, `modelid1`, `modelid2`, `modelid3`, `modelid4`, `name`, `subname`, `IconName`, `gossip_menu_id`, `minlevel`, `maxlevel`, `exp`, `faction_A`, `faction_H`, `npcflag`, `speed_walk`, `speed_run`, `scale`, `rank`, `mindmg`, `maxdmg`, `dmgschool`, `attackpower`, `dmg_multiplier`, `baseattacktime`, `rangeattacktime`, `unit_class`, `unit_flags`, `unit_flags2`, `dynamicflags`, `family`, `trainer_type`, `trainer_spell`, `trainer_class`, `trainer_race`, `minrangedmg`, `maxrangedmg`, `rangedattackpower`, `type`, `type_flags`, `lootid`, `pickpocketloot`, `skinloot`, `resistance1`, `resistance2`, `resistance3`, `resistance4`, `resistance5`, `resistance6`, `spell1`, `spell2`, `spell3`, `spell4`, `spell5`, `spell6`, `spell7`, `spell8`, `PetSpellDataId`, `VehicleId`, `mingold`, `maxgold`, `AIName`, `MovementType`, `InhabitType`, `HoverHeight`, `Health_mod`, `Mana_mod`, `Armor_mod`, `RacialLeader`, `questItem1`, `questItem2`, `questItem3`, `questItem4`, `questItem5`, `questItem6`, `movementId`, `RegenHealth`, `mechanic_immune_mask`, `flags_extra`, `ScriptName`, `WDBVerified`) VALUES (49295, 0, 0, 0, 0, 0, 32053, 0, 0, 0, 'Dustbone Tormentor (1)', '', '', 0, 85, 85, 3, 16, 16, 0, 1, 1.14286, 1, 1, 465, 697, 0, 174, 37.7, 2000, 2000, 2, 262208, 2048, 12, 0, 0, 0, 0, 0, 372, 558, 139, 6, 8, 40311, 0, 0, 0, 0, 0, 0, 0, 0, 90006, 77357, 89855, 77570, 0, 0, 0, 0, 0, 0, 12105, 12105, '', 0, 3, 1, 5, 7, 1, 0, 0, 0, 0, 0, 0, 0, 0, 1, 8388624, 0, '', 15595);

REPLACE INTO `creature_template` (`entry`, `difficulty_entry_1`, `difficulty_entry_2`, `difficulty_entry_3`, `KillCredit1`, `KillCredit2`, `modelid1`, `modelid2`, `modelid3`, `modelid4`, `name`, `subname`, `IconName`, `gossip_menu_id`, `minlevel`, `maxlevel`, `exp`, `faction_A`, `faction_H`, `npcflag`, `speed_walk`, `speed_run`, `scale`, `rank`, `mindmg`, `maxdmg`, `dmgschool`, `attackpower`, `dmg_multiplier`, `baseattacktime`, `rangeattacktime`, `unit_class`, `unit_flags`, `unit_flags2`, `dynamicflags`, `family`, `trainer_type`, `trainer_spell`, `trainer_class`, `trainer_race`, `minrangedmg`, `maxrangedmg`, `rangedattackpower`, `type`, `type_flags`, `lootid`, `pickpocketloot`, `skinloot`, `resistance1`, `resistance2`, `resistance3`, `resistance4`, `resistance5`, `resistance6`, `spell1`, `spell2`, `spell3`, `spell4`, `spell5`, `spell6`, `spell7`, `spell8`, `PetSpellDataId`, `VehicleId`, `mingold`, `maxgold`, `AIName`, `MovementType`, `InhabitType`, `HoverHeight`, `Health_mod`, `Mana_mod`, `Armor_mod`, `RacialLeader`, `questItem1`, `questItem2`, `questItem3`, `questItem4`, `questItem5`, `questItem6`, `movementId`, `RegenHealth`, `mechanic_immune_mask`, `flags_extra`, `ScriptName`, `WDBVerified`) VALUES (39443, 0, 0, 0, 0, 0, 32954, 0, 0, 0, 'Camel', '', 'vehichleCursor', 0, 85, 85, 3, 2244, 2244, 16777216, 1, 1.28571, 1, 0, 550, 950, 0, 36, 7, 2000, 2000, 1, 16777288, 2048, 0, 0, 0, 0, 0, 0, 400, 600, 150, 1, 1074790408, 0, 0, 0, 0, 0, 0, 0, 0, 0, 0, 0, 0, 0, 0, 0, 0, 0, 0, 1291, 0, 0, '', 0, 3, 1, 9, 7, 1, 0, 0, 0, 0, 0, 0, 0, 0, 1, 0, 0, '', 15595);

REPLACE INTO `creature_template` (`entry`, `difficulty_entry_1`, `difficulty_entry_2`, `difficulty_entry_3`, `KillCredit1`, `KillCredit2`, `modelid1`, `modelid2`, `modelid3`, `modelid4`, `name`, `subname`, `IconName`, `gossip_menu_id`, `minlevel`, `maxlevel`, `exp`, `faction_A`, `faction_H`, `npcflag`, `speed_walk`, `speed_run`, `scale`, `rank`, `mindmg`, `maxdmg`, `dmgschool`, `attackpower`, `dmg_multiplier`, `baseattacktime`, `rangeattacktime`, `unit_class`, `unit_flags`, `unit_flags2`, `dynamicflags`, `family`, `trainer_type`, `trainer_spell`, `trainer_class`, `trainer_race`, `minrangedmg`, `maxrangedmg`, `rangedattackpower`, `type`, `type_flags`, `lootid`, `pickpocketloot`, `skinloot`, `resistance1`, `resistance2`, `resistance3`, `resistance4`, `resistance5`, `resistance6`, `spell1`, `spell2`, `spell3`, `spell4`, `spell5`, `spell6`, `spell7`, `spell8`, `PetSpellDataId`, `VehicleId`, `mingold`, `maxgold`, `AIName`, `MovementType`, `InhabitType`, `HoverHeight`, `Health_mod`, `Mana_mod`, `Armor_mod`, `RacialLeader`, `questItem1`, `questItem2`, `questItem3`, `questItem4`, `questItem5`, `questItem6`, `movementId`, `RegenHealth`, `mechanic_immune_mask`, `flags_extra`, `ScriptName`, `WDBVerified`) VALUES (39428, 48714, 48714, 0, 0, 0, 31450, 0, 0, 0, 'Earthrager Ptah', '', '', 0, 87, 87, 3, 16, 16, 0, 2, 1.42857, 1, 1, 532, 798, 0, 199, 95, 2000, 2000, 1, 0, 2048, 12, 0, 0, 0, 0, 0, 426, 638, 159, 6, 104, 39428, 0, 0, 0, 0, 0, 0, 0, 0, 77370, 83650, 0, 0, 0, 0, 0, 0, 0, 0, 20009, 20009, '', 0, 3, 1, 20, 7, 1, 0, 0, 0, 0, 0, 0, 0, 151, 1, 617299967, 0, 'boss_earthrager_ptah', 15595);

DELETE FROM `creature_loot_template` WHERE (`entry`=39428);
INSERT INTO `creature_loot_template` VALUES 
(39428, 56093, 0, 1, 1, 1, 1),
(39428, 56094, 0, 1, 1, 1, 1),
(39428, 56095, 0, 1, 1, 1, 1),
(39428, 56096, 0, 1, 1, 1, 1),
(39428, 56097, 0, 1, 1, 1, 1);

REPLACE INTO `creature_template` (`entry`, `difficulty_entry_1`, `difficulty_entry_2`, `difficulty_entry_3`, `KillCredit1`, `KillCredit2`, `modelid1`, `modelid2`, `modelid3`, `modelid4`, `name`, `subname`, `IconName`, `gossip_menu_id`, `minlevel`, `maxlevel`, `exp`, `faction_A`, `faction_H`, `npcflag`, `speed_walk`, `speed_run`, `scale`, `rank`, `mindmg`, `maxdmg`, `dmgschool`, `attackpower`, `dmg_multiplier`, `baseattacktime`, `rangeattacktime`, `unit_class`, `unit_flags`, `unit_flags2`, `dynamicflags`, `family`, `trainer_type`, `trainer_spell`, `trainer_class`, `trainer_race`, `minrangedmg`, `maxrangedmg`, `rangedattackpower`, `type`, `type_flags`, `lootid`, `pickpocketloot`, `skinloot`, `resistance1`, `resistance2`, `resistance3`, `resistance4`, `resistance5`, `resistance6`, `spell1`, `spell2`, `spell3`, `spell4`, `spell5`, `spell6`, `spell7`, `spell8`, `PetSpellDataId`, `VehicleId`, `mingold`, `maxgold`, `AIName`, `MovementType`, `InhabitType`, `HoverHeight`, `Health_mod`, `Mana_mod`, `Armor_mod`, `RacialLeader`, `questItem1`, `questItem2`, `questItem3`, `questItem4`, `questItem5`, `questItem6`, `movementId`, `RegenHealth`, `mechanic_immune_mask`, `flags_extra`, `ScriptName`, `WDBVerified`) VALUES (48714, 0, 0, 0, 0, 0, 31450, 0, 0, 0, 'Earthrager Ptah (1)', '', '', 0, 87, 87, 3, 16, 16, 0, 2, 1.42857, 1, 1, 532, 798, 0, 199, 125, 2000, 2000, 1, 0, 2048, 12, 0, 0, 0, 0, 0, 426, 638, 159, 6, 104, 48714, 0, 0, 0, 0, 0, 0, 0, 0, 77370, 83650, 0, 0, 0, 0, 0, 0, 0, 0, 20009, 20009, '', 0, 3, 1, 55, 7, 1, 0, 0, 0, 0, 0, 0, 0, 151, 1, 617299967, 1, '', 15595);

DELETE FROM `creature_loot_template` WHERE (`entry`=48714);
INSERT INTO `creature_loot_template` VALUES 
(48714, 56422, 0, 1, 1, 1, 1),
(48714, 56423, 0, 1, 1, 1, 1),
(48714, 56424, 0, 1, 1, 1, 1),
(48714, 56425, 0, 1, 1, 1, 1),
(48714, 56426, 0, 1, 1, 1, 1);

REPLACE INTO `creature_template` (`entry`, `difficulty_entry_1`, `difficulty_entry_2`, `difficulty_entry_3`, `KillCredit1`, `KillCredit2`, `modelid1`, `modelid2`, `modelid3`, `modelid4`, `name`, `subname`, `IconName`, `gossip_menu_id`, `minlevel`, `maxlevel`, `exp`, `faction_A`, `faction_H`, `npcflag`, `speed_walk`, `speed_run`, `scale`, `rank`, `mindmg`, `maxdmg`, `dmgschool`, `attackpower`, `dmg_multiplier`, `baseattacktime`, `rangeattacktime`, `unit_class`, `unit_flags`, `unit_flags2`, `dynamicflags`, `family`, `trainer_type`, `trainer_spell`, `trainer_class`, `trainer_race`, `minrangedmg`, `maxrangedmg`, `rangedattackpower`, `type`, `type_flags`, `lootid`, `pickpocketloot`, `skinloot`, `resistance1`, `resistance2`, `resistance3`, `resistance4`, `resistance5`, `resistance6`, `spell1`, `spell2`, `spell3`, `spell4`, `spell5`, `spell6`, `spell7`, `spell8`, `PetSpellDataId`, `VehicleId`, `mingold`, `maxgold`, `AIName`, `MovementType`, `InhabitType`, `HoverHeight`, `Health_mod`, `Mana_mod`, `Armor_mod`, `RacialLeader`, `questItem1`, `questItem2`, `questItem3`, `questItem4`, `questItem5`, `questItem6`, `movementId`, `RegenHealth`, `mechanic_immune_mask`, `flags_extra`, `ScriptName`, `WDBVerified`) VALUES (39373, 49285, 49285, 0, 0, 0, 5965, 0, 0, 0, 'Sun-Touched Speaker', '', '', 0, 85, 85, 3, 91, 91, 0, 1, 1.14286, 1, 1, 500, 750, 0, 187, 35, 2000, 2000, 1, 64, 2048, 0, 0, 0, 0, 0, 0, 400, 600, 150, 4, 72, 39373, 0, 0, 0, 0, 0, 0, 0, 0, 73861, 0, 0, 0, 0, 0, 0, 0, 0, 0, 12184, 12184, '', 0, 3, 1, 5, 7, 1, 0, 52506, 0, 0, 0, 0, 0, 0, 1, 0, 0, 'generic_creature', 15595);


DELETE FROM `creature_loot_template` WHERE (`entry`=39373);
INSERT INTO `creature_loot_template` VALUES 
(39373, 52325, 38.9162, 1, 0, 1, 1),
(39373, 52363, 0.0099, 1, 0, 1, 1),
(39373, 52365, 0.0099, 1, 0, 1, 1),
(39373, 52369, 0.0081, 1, 0, 1, 1),
(39373, 52370, 0.0202, 1, 0, 1, 1),
(39373, 52372, 0.0099, 1, 0, 1, 1),
(39373, 52373, 0.0099, 1, 0, 1, 1),
(39373, 52375, 0.0099, 1, 0, 1, 1),
(39373, 52377, 0.0121, 1, 0, 1, 1),
(39373, 52378, 0.0099, 1, 0, 1, 1),
(39373, 52379, 0.0081, 1, 0, 1, 1),
(39373, 52382, 0.0161, 1, 0, 1, 1),
(39373, 52386, 0.0081, 1, 0, 1, 1),
(39373, 52388, 0.0081, 1, 0, 1, 1),
(39373, 52495, 0.004, 1, 0, 1, 1),
(39373, 52496, 0.0081, 1, 0, 1, 1),
(39373, 52506, -9.088, 1, 0, 1, 1),
(39373, 52719, 0.0099, 1, 0, 1, 1),
(39373, 55286, 0.1008, 1, 0, 1, 1),
(39373, 55287, 0.0564, 1, 0, 1, 1),
(39373, 55288, 0.0685, 1, 0, 1, 1),
(39373, 55295, 0.0766, 1, 0, 1, 1),
(39373, 55296, 0.0444, 1, 0, 1, 1),
(39373, 55297, 0.1653, 1, 0, 1, 1),
(39373, 55304, 0.0202, 1, 0, 1, 1),
(39373, 55306, 0.0081, 1, 0, 1, 1),
(39373, 55313, 0.121, 1, 0, 1, 1),
(39373, 55314, 0.0887, 1, 0, 1, 1),
(39373, 55315, 0.1169, 1, 0, 1, 1),
(39373, 55322, 0.0081, 1, 0, 1, 1),
(39373, 55331, 0.0847, 1, 0, 1, 1),
(39373, 55332, 0.0766, 1, 0, 1, 1),
(39373, 55333, 0.1048, 1, 0, 1, 1),
(39373, 55340, 0.0403, 1, 0, 1, 1),
(39373, 55341, 0.0323, 1, 0, 1, 1),
(39373, 55342, 0.0847, 1, 0, 1, 1),
(39373, 55349, 0.0524, 1, 0, 1, 1),
(39373, 55350, 0.0766, 1, 0, 1, 1),
(39373, 55351, 0.1048, 1, 0, 1, 1),
(39373, 55358, 0.0161, 1, 0, 1, 1),
(39373, 55359, 0.0202, 1, 0, 1, 1),
(39373, 55367, 0.125, 1, 0, 1, 1),
(39373, 55368, 0.1734, 1, 0, 1, 1),
(39373, 55369, 0.1572, 1, 0, 1, 1),
(39373, 55376, 0.0968, 1, 0, 1, 1),
(39373, 55377, 0.125, 1, 0, 1, 1),
(39373, 55378, 0.1169, 1, 0, 1, 1),
(39373, 55385, 0.0806, 1, 0, 1, 1),
(39373, 55386, 0.1008, 1, 0, 1, 1),
(39373, 55387, 0.121, 1, 0, 1, 1),
(39373, 55394, 0.0645, 1, 0, 1, 1),
(39373, 55395, 0.0927, 1, 0, 1, 1),
(39373, 55396, 0.0806, 1, 0, 1, 1),
(39373, 55403, 0.2419, 1, 0, 1, 1),
(39373, 55404, 0.1653, 1, 0, 1, 1),
(39373, 55405, 0.2298, 1, 0, 1, 1),
(39373, 55412, 0.0524, 1, 0, 1, 1),
(39373, 55413, 0.0484, 1, 0, 1, 1),
(39373, 55414, 0.0524, 1, 0, 1, 1),
(39373, 55421, 0.4637, 1, 0, 1, 1),
(39373, 55422, 0.4798, 1, 0, 1, 1),
(39373, 55423, 0.3226, 1, 0, 1, 1),
(39373, 55430, 0.0806, 1, 0, 1, 1),
(39373, 55431, 0.1331, 1, 0, 1, 1),
(39373, 55432, 0.129, 1, 0, 1, 1),
(39373, 55439, 0.375, 1, 0, 1, 1),
(39373, 55440, 0.4234, 1, 0, 1, 1),
(39373, 55441, 0.3629, 1, 0, 1, 1),
(39373, 55448, 0.0484, 1, 0, 1, 1),
(39373, 55449, 0.1008, 1, 0, 1, 1),
(39373, 55450, 0.0605, 1, 0, 1, 1),
(39373, 55457, 0.0685, 1, 0, 1, 1),
(39373, 55458, 0.0887, 1, 0, 1, 1),
(39373, 55459, 0.0895, 1, 0, 1, 1),
(39373, 55466, 0.0645, 1, 0, 1, 1),
(39373, 55467, 0.0806, 1, 0, 1, 1),
(39373, 55468, 0.1331, 1, 0, 1, 1),
(39373, 55475, 0.0444, 1, 0, 1, 1),
(39373, 55476, 0.0282, 1, 0, 1, 1),
(39373, 55477, 0.0161, 1, 0, 1, 1),
(39373, 55484, 0.2419, 1, 0, 1, 1),
(39373, 55485, 0.258, 1, 0, 1, 1),
(39373, 55486, 0.3064, 1, 0, 1, 1),
(39373, 55493, 0.1855, 1, 0, 1, 1),
(39373, 55494, 0.1129, 1, 0, 1, 1),
(39373, 55495, 0.1814, 1, 0, 1, 1),
(39373, 55502, 0.1814, 1, 0, 1, 1),
(39373, 55503, 0.1492, 1, 0, 1, 1),
(39373, 55504, 0.1331, 1, 0, 1, 1),
(39373, 55511, 0.1814, 1, 0, 1, 1),
(39373, 55512, 0.1371, 1, 0, 1, 1),
(39373, 55513, 0.1169, 1, 0, 1, 1),
(39373, 55520, 0.1895, 1, 0, 1, 1),
(39373, 55521, 0.129, 1, 0, 1, 1),
(39373, 55522, 0.1572, 1, 0, 1, 1),
(39373, 55529, 0.1492, 1, 0, 1, 1),
(39373, 55530, 0.3226, 1, 0, 1, 1),
(39373, 55531, 0.1532, 1, 0, 1, 1),
(39373, 55538, 0.1976, 1, 0, 1, 1),
(39373, 55539, 0.1331, 1, 0, 1, 1),
(39373, 55540, 0.1895, 1, 0, 1, 1),
(39373, 55547, 0.1774, 1, 0, 1, 1),
(39373, 55548, 0.1895, 1, 0, 1, 1),
(39373, 55549, 0.125, 1, 0, 1, 1),
(39373, 55556, 0.1653, 1, 0, 1, 1),
(39373, 55557, 0.2621, 1, 0, 1, 1),
(39373, 55558, 0.1935, 1, 0, 1, 1),
(39373, 55565, 0.1572, 1, 0, 1, 1),
(39373, 55566, 0.1855, 1, 0, 1, 1),
(39373, 55567, 0.1008, 1, 0, 1, 1),
(39373, 55574, 0.1693, 1, 0, 1, 1),
(39373, 55575, 0.1129, 1, 0, 1, 1),
(39373, 55576, 0.1814, 1, 0, 1, 1),
(39373, 55583, 0.1492, 1, 0, 1, 1),
(39373, 55584, 0.1008, 1, 0, 1, 1),
(39373, 55585, 0.2097, 1, 0, 1, 1),
(39373, 55592, 0.1492, 1, 0, 1, 1),
(39373, 55593, 0.2419, 1, 0, 1, 1),
(39373, 55594, 0.1492, 1, 0, 1, 1),
(39373, 55601, 0.1371, 1, 0, 1, 1),
(39373, 55602, 0.1451, 1, 0, 1, 1),
(39373, 55603, 0.1411, 1, 0, 1, 1),
(39373, 55610, 0.2056, 1, 0, 1, 1),
(39373, 55611, 0.1532, 1, 0, 1, 1),
(39373, 55612, 0.1895, 1, 0, 1, 1),
(39373, 55619, 0.1653, 1, 0, 1, 1),
(39373, 55620, 0.2097, 1, 0, 1, 1),
(39373, 55621, 0.1572, 1, 0, 1, 1),
(39373, 55628, 0.1572, 1, 0, 1, 1),
(39373, 55629, 0.1129, 1, 0, 1, 1),
(39373, 55630, 0.2339, 1, 0, 1, 1),
(39373, 55637, 0.1169, 1, 0, 1, 1),
(39373, 55638, 0.1734, 1, 0, 1, 1),
(39373, 55639, 0.1532, 1, 0, 1, 1),
(39373, 55646, 0.1371, 1, 0, 1, 1),
(39373, 55647, 0.1572, 1, 0, 1, 1),
(39373, 55648, 0.1451, 1, 0, 1, 1),
(39373, 55655, 0.2701, 1, 0, 1, 1),
(39373, 55656, 0.1492, 1, 0, 1, 1),
(39373, 55657, 0.1411, 1, 0, 1, 1),
(39373, 55664, 0.1331, 1, 0, 1, 1),
(39373, 55665, 0.121, 1, 0, 1, 1),
(39373, 55666, 0.1855, 1, 0, 1, 1),
(39373, 55673, 0.1331, 1, 0, 1, 1),
(39373, 55674, 0.1572, 1, 0, 1, 1),
(39373, 55675, 0.25, 1, 0, 1, 1),
(39373, 55682, 0.1935, 1, 0, 1, 1),
(39373, 55683, 0.1492, 1, 0, 1, 1),
(39373, 55684, 0.1613, 1, 0, 1, 1),
(39373, 55691, 0.1532, 1, 0, 1, 1),
(39373, 55692, 0.1693, 1, 0, 1, 1),
(39373, 55693, 0.1572, 1, 0, 1, 1),
(39373, 55700, 0.1371, 1, 0, 1, 1),
(39373, 55701, 0.129, 1, 0, 1, 1),
(39373, 55702, 0.2459, 1, 0, 1, 1),
(39373, 55709, 0.2218, 1, 0, 1, 1),
(39373, 55710, 0.1653, 1, 0, 1, 1),
(39373, 55711, 0.1734, 1, 0, 1, 1),
(39373, 55718, 0.2218, 1, 0, 1, 1),
(39373, 55719, 0.254, 1, 0, 1, 1),
(39373, 55720, 0.1976, 1, 0, 1, 1),
(39373, 55727, 0.1855, 1, 0, 1, 1),
(39373, 55728, 0.1653, 1, 0, 1, 1),
(39373, 55729, 0.1653, 1, 0, 1, 1),
(39373, 55736, 0.1814, 1, 0, 1, 1),
(39373, 55737, 0.2258, 1, 0, 1, 1),
(39373, 55738, 0.2339, 1, 0, 1, 1),
(39373, 55745, 0.2137, 1, 0, 1, 1),
(39373, 55746, 0.2943, 1, 0, 1, 1),
(39373, 55747, 0.2419, 1, 0, 1, 1),
(39373, 55754, 0.2419, 1, 0, 1, 1),
(39373, 55755, 0.25, 1, 0, 1, 1),
(39373, 55756, 0.2298, 1, 0, 1, 1),
(39373, 55763, 0.1814, 1, 0, 1, 1),
(39373, 55764, 0.1935, 1, 0, 1, 1),
(39373, 55765, 0.1935, 1, 0, 1, 1),
(39373, 55772, 0.2056, 1, 0, 1, 1),
(39373, 55773, 0.2621, 1, 0, 1, 1),
(39373, 55774, 0.1814, 1, 0, 1, 1),
(39373, 56109, 1.4071, 1, 0, 1, 1),
(39373, 56110, 1.395, 1, 0, 1, 1),
(39373, 56111, 1.4797, 1, 0, 1, 1),
(39373, 62063, 0.8669, 1, 0, 1, 1),
(39373, 62064, 0.7378, 1, 0, 1, 1),
(39373, 62065, 0.8467, 1, 0, 1, 1),
(39373, 62066, 0.6814, 1, 0, 1, 1),
(39373, 62067, 0.9838, 1, 0, 1, 1),
(39373, 62068, 0.7177, 1, 0, 1, 1),
(39373, 62069, 0.762, 1, 0, 1, 1),
(39373, 62070, 0.883, 1, 0, 1, 1),
(39373, 62071, 0.7499, 1, 0, 1, 1),
(39373, 62072, 0.629, 1, 0, 1, 1),
(39373, 62073, 0.379, 1, 0, 1, 1),
(39373, 62074, 0.4637, 1, 0, 1, 1),
(39373, 62075, 0.2742, 1, 0, 1, 1),
(39373, 62076, 0.4234, 1, 0, 1, 1),
(39373, 62077, 0.3105, 1, 0, 1, 1),
(39373, 62078, 0.4354, 1, 0, 1, 1),
(39373, 62079, 0.375, 1, 0, 1, 1),
(39373, 62080, 0.3508, 1, 0, 1, 1),
(39373, 62081, 0.3709, 1, 0, 1, 1),
(39373, 62082, 0.3992, 1, 0, 1, 1),
(39373, 62083, 0.2984, 1, 0, 1, 1),
(39373, 62084, 0.3588, 1, 0, 1, 1),
(39373, 62085, 0.4032, 1, 0, 1, 1),
(39373, 62086, 0.3064, 1, 0, 1, 1),
(39373, 62087, 0.3347, 1, 0, 1, 1),
(39373, 62088, 0.4032, 1, 0, 1, 1),
(39373, 62089, 0.2621, 1, 0, 1, 1),
(39373, 62090, 0.2984, 1, 0, 1, 1),
(39373, 62091, 0.3911, 1, 0, 1, 1),
(39373, 62092, 0.4274, 1, 0, 1, 1),
(39373, 62093, 0.2822, 1, 0, 1, 1),
(39373, 62094, 0.3185, 1, 0, 1, 1),
(39373, 62095, 0.3548, 1, 0, 1, 1),
(39373, 62096, 0.3951, 1, 0, 1, 1),
(39373, 62097, 0.375, 1, 0, 1, 1),
(39373, 62098, 0.2661, 1, 0, 1, 1),
(39373, 62099, 0.3992, 1, 0, 1, 1),
(39373, 62100, 0.3226, 1, 0, 1, 1),
(39373, 62101, 0.2863, 1, 0, 1, 1),
(39373, 62102, 0.3064, 1, 0, 1, 1),
(39373, 62103, 0.4798, 1, 0, 1, 1),
(39373, 62104, 0.3306, 1, 0, 1, 1),
(39373, 62105, 0.2339, 1, 0, 1, 1),
(39373, 62106, 0.1693, 1, 0, 1, 1),
(39373, 62107, 0.2298, 1, 0, 1, 1),
(39373, 62108, 0.2016, 1, 0, 1, 1),
(39373, 62109, 0.2621, 1, 0, 1, 1),
(39373, 62110, 0.1814, 1, 0, 1, 1),
(39373, 62111, 0.254, 1, 0, 1, 1),
(39373, 62112, 0.2379, 1, 0, 1, 1),
(39373, 62113, 0.25, 1, 0, 1, 1),
(39373, 62114, 0.2782, 1, 0, 1, 1),
(39373, 62115, 0.1935, 1, 0, 1, 1),
(39373, 62116, 0.2218, 1, 0, 1, 1),
(39373, 62117, 0.2822, 1, 0, 1, 1),
(39373, 62118, 0.2459, 1, 0, 1, 1),
(39373, 62119, 0.2339, 1, 0, 1, 1),
(39373, 62120, 0.2339, 1, 0, 1, 1),
(39373, 62121, 0.2419, 1, 0, 1, 1),
(39373, 62122, 0.254, 1, 0, 1, 1),
(39373, 62123, 0.3266, 1, 0, 1, 1),
(39373, 62124, 0.3145, 1, 0, 1, 1),
(39373, 62125, 0.2903, 1, 0, 1, 1),
(39373, 62126, 0.2339, 1, 0, 1, 1),
(39373, 62127, 0.2782, 1, 0, 1, 1),
(39373, 62128, 0.258, 1, 0, 1, 1),
(39373, 62129, 0.2822, 1, 0, 1, 1),
(39373, 62130, 0.2379, 1, 0, 1, 1),
(39373, 62131, 0.3024, 1, 0, 1, 1),
(39373, 62132, 0.3669, 1, 0, 1, 1),
(39373, 62133, 0.1734, 1, 0, 1, 1),
(39373, 62134, 0.258, 1, 0, 1, 1),
(39373, 62135, 0.2742, 1, 0, 1, 1),
(39373, 62136, 0.3226, 1, 0, 1, 1),
(39373, 66931, 0.0363, 1, 0, 1, 1),
(39373, 66932, 0.0524, 1, 0, 1, 1),
(39373, 66941, 0.0121, 1, 0, 1, 1),
(39373, 66942, 0.0202, 1, 0, 1, 1),
(39373, 66968, 0.0202, 1, 0, 1, 1),
(39373, 66969, 0.0121, 1, 0, 1, 1),
(39373, 66970, 0.0121, 1, 0, 1, 1),
(39373, 66971, 0.0363, 1, 0, 1, 1),
(39373, 66973, 0.0099, 1, 0, 1, 1),
(39373, 66974, 0.0161, 1, 0, 1, 1),
(39373, 66975, 0.0081, 1, 0, 1, 1),
(39373, 66976, 0.0121, 1, 0, 1, 1),
(39373, 66989, 0.004, 1, 0, 1, 1),
(39373, 66990, 0.0242, 1, 0, 1, 1),
(39373, 66991, 0.0081, 1, 0, 1, 1),
(39373, 66992, 0.0161, 1, 0, 1, 1),
(39373, 66993, 0.0081, 1, 0, 1, 1),
(39373, 67057, 0.0081, 1, 0, 1, 1),
(39373, 67059, 0.0282, 1, 0, 1, 1),
(39373, 67061, 0.0081, 1, 0, 1, 1),
(39373, 67067, 0.0121, 1, 0, 1, 1),
(39373, 67069, 0.0363, 1, 0, 1, 1),
(39373, 67071, 0.0121, 1, 0, 1, 1),
(39373, 67119, 0.0121, 1, 0, 1, 1),
(39373, 67121, 0.0242, 1, 0, 1, 1),
(39373, 67122, 0.0282, 1, 0, 1, 1),
(39373, 67123, 0.0081, 1, 0, 1, 1),
(39373, 67124, 0.0121, 1, 0, 1, 1),
(39373, 67125, 0.0202, 1, 0, 1, 1),
(39373, 67126, 0.0121, 1, 0, 1, 1),
(39373, 67127, 0.0081, 1, 0, 1, 1),
(39373, 67129, 0.0081, 1, 0, 1, 1),
(39373, 67130, 0.0726, 1, 0, 1, 1),
(39373, 67132, 0.0081, 1, 0, 1, 1),
(39373, 67133, 0.0121, 1, 0, 1, 1),
(39373, 67134, 0.004, 1, 0, 1, 1),
(39373, 67136, 0.0081, 1, 0, 1, 1),
(39373, 67138, 0.0121, 1, 0, 1, 1),
(39373, 67139, 0.004, 1, 0, 1, 1),
(39373, 67140, 0.0081, 1, 0, 1, 1),
(39373, 67141, 0.0081, 1, 0, 1, 1),
(39373, 67142, 0.0081, 1, 0, 1, 1),
(39373, 67143, 0.004, 1, 0, 1, 1),
(39373, 67145, 0.0161, 1, 0, 1, 1),
(39373, 67146, 0.0121, 1, 0, 1, 1),
(39373, 67148, 0.0121, 1, 0, 1, 1),
(39373, 67150, 0.0081, 1, 0, 1, 1),
(39373, 68729, 0.9314, 1, 0, 1, 1),
(39373, 68781, 0.004, 1, 0, 1, 1);

REPLACE INTO `creature_template` (`entry`, `difficulty_entry_1`, `difficulty_entry_2`, `difficulty_entry_3`, `KillCredit1`, `KillCredit2`, `modelid1`, `modelid2`, `modelid3`, `modelid4`, `name`, `subname`, `IconName`, `gossip_menu_id`, `minlevel`, `maxlevel`, `exp`, `faction_A`, `faction_H`, `npcflag`, `speed_walk`, `speed_run`, `scale`, `rank`, `mindmg`, `maxdmg`, `dmgschool`, `attackpower`, `dmg_multiplier`, `baseattacktime`, `rangeattacktime`, `unit_class`, `unit_flags`, `unit_flags2`, `dynamicflags`, `family`, `trainer_type`, `trainer_spell`, `trainer_class`, `trainer_race`, `minrangedmg`, `maxrangedmg`, `rangedattackpower`, `type`, `type_flags`, `lootid`, `pickpocketloot`, `skinloot`, `resistance1`, `resistance2`, `resistance3`, `resistance4`, `resistance5`, `resistance6`, `spell1`, `spell2`, `spell3`, `spell4`, `spell5`, `spell6`, `spell7`, `spell8`, `PetSpellDataId`, `VehicleId`, `mingold`, `maxgold`, `AIName`, `MovementType`, `InhabitType`, `HoverHeight`, `Health_mod`, `Mana_mod`, `Armor_mod`, `RacialLeader`, `questItem1`, `questItem2`, `questItem3`, `questItem4`, `questItem5`, `questItem6`, `movementId`, `RegenHealth`, `mechanic_immune_mask`, `flags_extra`, `ScriptName`, `WDBVerified`) VALUES (49285, 0, 0, 0, 0, 0, 5965, 0, 0, 0, 'Sun-Touched Speaker (1)', '', '', 0, 85, 85, 3, 91, 91, 0, 1, 1.14286, 1, 1, 500, 750, 0, 187, 35, 2000, 2000, 1, 64, 2048, 0, 0, 0, 0, 0, 0, 400, 600, 150, 4, 72, 39373, 0, 0, 0, 0, 0, 0, 0, 0, 73861, 0, 0, 0, 0, 0, 0, 0, 0, 0, 12184, 12184, '', 0, 3, 1, 5, 7, 1, 0, 52506, 0, 0, 0, 0, 0, 0, 1, 0, 0, '', 15595);

REPLACE INTO `creature_template` (`entry`, `difficulty_entry_1`, `difficulty_entry_2`, `difficulty_entry_3`, `KillCredit1`, `KillCredit2`, `modelid1`, `modelid2`, `modelid3`, `modelid4`, `name`, `subname`, `IconName`, `gossip_menu_id`, `minlevel`, `maxlevel`, `exp`, `faction_A`, `faction_H`, `npcflag`, `speed_walk`, `speed_run`, `scale`, `rank`, `mindmg`, `maxdmg`, `dmgschool`, `attackpower`, `dmg_multiplier`, `baseattacktime`, `rangeattacktime`, `unit_class`, `unit_flags`, `unit_flags2`, `dynamicflags`, `family`, `trainer_type`, `trainer_spell`, `trainer_class`, `trainer_race`, `minrangedmg`, `maxrangedmg`, `rangedattackpower`, `type`, `type_flags`, `lootid`, `pickpocketloot`, `skinloot`, `resistance1`, `resistance2`, `resistance3`, `resistance4`, `resistance5`, `resistance6`, `spell1`, `spell2`, `spell3`, `spell4`, `spell5`, `spell6`, `spell7`, `spell8`, `PetSpellDataId`, `VehicleId`, `mingold`, `maxgold`, `AIName`, `MovementType`, `InhabitType`, `HoverHeight`, `Health_mod`, `Mana_mod`, `Armor_mod`, `RacialLeader`, `questItem1`, `questItem2`, `questItem3`, `questItem4`, `questItem5`, `questItem6`, `movementId`, `RegenHealth`, `mechanic_immune_mask`, `flags_extra`, `ScriptName`, `WDBVerified`) VALUES (39366, 49282, 49282, 0, 0, 0, 35165, 0, 0, 0, 'Sun-Touched Servant', '', '', 0, 85, 85, 3, 91, 91, 0, 1.55556, 1.14286, 1, 1, 500, 750, 0, 187, 35, 2000, 2000, 1, 64, 2048, 0, 0, 0, 0, 0, 0, 400, 600, 150, 4, 72, 0, 0, 0, 0, 0, 0, 0, 0, 0, 88097, 76160, 89852, 74101, 0, 0, 0, 0, 0, 0, 0, 0, '', 0, 3, 1, 4, 7, 1, 0, 52506, 0, 0, 0, 0, 0, 0, 1, 0, 0, 'generic_creature', 15595);

REPLACE INTO `creature_template` (`entry`, `difficulty_entry_1`, `difficulty_entry_2`, `difficulty_entry_3`, `KillCredit1`, `KillCredit2`, `modelid1`, `modelid2`, `modelid3`, `modelid4`, `name`, `subname`, `IconName`, `gossip_menu_id`, `minlevel`, `maxlevel`, `exp`, `faction_A`, `faction_H`, `npcflag`, `speed_walk`, `speed_run`, `scale`, `rank`, `mindmg`, `maxdmg`, `dmgschool`, `attackpower`, `dmg_multiplier`, `baseattacktime`, `rangeattacktime`, `unit_class`, `unit_flags`, `unit_flags2`, `dynamicflags`, `family`, `trainer_type`, `trainer_spell`, `trainer_class`, `trainer_race`, `minrangedmg`, `maxrangedmg`, `rangedattackpower`, `type`, `type_flags`, `lootid`, `pickpocketloot`, `skinloot`, `resistance1`, `resistance2`, `resistance3`, `resistance4`, `resistance5`, `resistance6`, `spell1`, `spell2`, `spell3`, `spell4`, `spell5`, `spell6`, `spell7`, `spell8`, `PetSpellDataId`, `VehicleId`, `mingold`, `maxgold`, `AIName`, `MovementType`, `InhabitType`, `HoverHeight`, `Health_mod`, `Mana_mod`, `Armor_mod`, `RacialLeader`, `questItem1`, `questItem2`, `questItem3`, `questItem4`, `questItem5`, `questItem6`, `movementId`, `RegenHealth`, `mechanic_immune_mask`, `flags_extra`, `ScriptName`, `WDBVerified`) VALUES (49282, 0, 0, 0, 0, 0, 35165, 0, 0, 0, 'Sun-Touched Servant (1)', '', '', 0, 85, 85, 3, 91, 91, 0, 1.55556, 1.14286, 1, 1, 500, 750, 0, 187, 35, 2000, 2000, 1, 64, 2048, 0, 0, 0, 0, 0, 0, 400, 600, 150, 4, 72, 0, 0, 0, 0, 0, 0, 0, 0, 0, 88097, 76160, 89852, 74101, 0, 0, 0, 0, 0, 0, 0, 0, '', 0, 3, 1, 6, 7, 1, 0, 52506, 0, 0, 0, 0, 0, 0, 1, 0, 0, '', 15595);

REPLACE INTO `creature_template` (`entry`, `difficulty_entry_1`, `difficulty_entry_2`, `difficulty_entry_3`, `KillCredit1`, `KillCredit2`, `modelid1`, `modelid2`, `modelid3`, `modelid4`, `name`, `subname`, `IconName`, `gossip_menu_id`, `minlevel`, `maxlevel`, `exp`, `faction_A`, `faction_H`, `npcflag`, `speed_walk`, `speed_run`, `scale`, `rank`, `mindmg`, `maxdmg`, `dmgschool`, `attackpower`, `dmg_multiplier`, `baseattacktime`, `rangeattacktime`, `unit_class`, `unit_flags`, `unit_flags2`, `dynamicflags`, `family`, `trainer_type`, `trainer_spell`, `trainer_class`, `trainer_race`, `minrangedmg`, `maxrangedmg`, `rangedattackpower`, `type`, `type_flags`, `lootid`, `pickpocketloot`, `skinloot`, `resistance1`, `resistance2`, `resistance3`, `resistance4`, `resistance5`, `resistance6`, `spell1`, `spell2`, `spell3`, `spell4`, `spell5`, `spell6`, `spell7`, `spell8`, `PetSpellDataId`, `VehicleId`, `mingold`, `maxgold`, `AIName`, `MovementType`, `InhabitType`, `HoverHeight`, `Health_mod`, `Mana_mod`, `Armor_mod`, `RacialLeader`, `questItem1`, `questItem2`, `questItem3`, `questItem4`, `questItem5`, `questItem6`, `movementId`, `RegenHealth`, `mechanic_immune_mask`, `flags_extra`, `ScriptName`, `WDBVerified`) VALUES (39378, 48815, 48815, 0, 0, 0, 33177, 0, 0, 0, 'Rajh', 'Construct of the Sun', '', 0, 87, 87, 3, 16, 16, 0, 2, 1.42857, 1, 1, 442, 662, 0, 166, 121.3, 2000, 2000, 4, 0, 2048, 12, 0, 0, 0, 0, 0, 354, 530, 133, 7, 104, 39378, 0, 0, 0, 0, 0, 0, 0, 0, 87653, 80352, 89887, 73872, 0, 0, 0, 0, 0, 790, 20003, 20003, '', 0, 3, 1, 25, 1, 1, 0, 0, 0, 0, 0, 0, 0, 151, 1, 617299967, 0, 'boss_rajh', 15595);

DELETE FROM `creature_loot_template` WHERE (`entry`=39378);
INSERT INTO `creature_loot_template` VALUES 
(39378, 56098, 0, 1, 2, 1, 1),
(39378, 56099, 0, 1, 2, 1, 1),
(39378, 56100, 0, 1, 1, 1, 1),
(39378, 56101, 0, 1, 1, 1, 1),
(39378, 56102, 0, 1, 1, 1, 1),
(39378, 56104, 0, 1, 2, 1, 1),
(39378, 56105, 0, 1, 2, 1, 1),
(39378, 56106, 0, 1, 1, 1, 1),
(39378, 56107, 0, 1, 2, 1, 1),
(39378, 56108, 0, 1, 1, 1, 1);

REPLACE INTO `creature_template` (`entry`, `difficulty_entry_1`, `difficulty_entry_2`, `difficulty_entry_3`, `KillCredit1`, `KillCredit2`, `modelid1`, `modelid2`, `modelid3`, `modelid4`, `name`, `subname`, `IconName`, `gossip_menu_id`, `minlevel`, `maxlevel`, `exp`, `faction_A`, `faction_H`, `npcflag`, `speed_walk`, `speed_run`, `scale`, `rank`, `mindmg`, `maxdmg`, `dmgschool`, `attackpower`, `dmg_multiplier`, `baseattacktime`, `rangeattacktime`, `unit_class`, `unit_flags`, `unit_flags2`, `dynamicflags`, `family`, `trainer_type`, `trainer_spell`, `trainer_class`, `trainer_race`, `minrangedmg`, `maxrangedmg`, `rangedattackpower`, `type`, `type_flags`, `lootid`, `pickpocketloot`, `skinloot`, `resistance1`, `resistance2`, `resistance3`, `resistance4`, `resistance5`, `resistance6`, `spell1`, `spell2`, `spell3`, `spell4`, `spell5`, `spell6`, `spell7`, `spell8`, `PetSpellDataId`, `VehicleId`, `mingold`, `maxgold`, `AIName`, `MovementType`, `InhabitType`, `HoverHeight`, `Health_mod`, `Mana_mod`, `Armor_mod`, `RacialLeader`, `questItem1`, `questItem2`, `questItem3`, `questItem4`, `questItem5`, `questItem6`, `movementId`, `RegenHealth`, `mechanic_immune_mask`, `flags_extra`, `ScriptName`, `WDBVerified`) VALUES (48815, 0, 0, 0, 0, 0, 33177, 0, 0, 0, 'Rajh (1)', 'Construct of the Sun', '', 0, 87, 87, 3, 16, 16, 0, 2, 1.42857, 1, 1, 442, 662, 0, 166, 125, 2000, 2000, 4, 0, 2048, 12, 0, 0, 0, 0, 0, 354, 530, 133, 7, 104, 48815, 0, 0, 0, 0, 0, 0, 0, 0, 87653, 80352, 89887, 73872, 0, 0, 0, 0, 0, 790, 20003, 20003, '', 0, 3, 1, 60, 1, 1, 0, 0, 0, 0, 0, 0, 0, 151, 1, 617299967, 1, '', 15595);

DELETE FROM `creature_loot_template` WHERE (`entry`=48815);
INSERT INTO `creature_loot_template` VALUES 
(48815, 52078, 100, 1, 0, 1, 1),
(48815, 56427, 0, 1, 1, 1, 1),
(48815, 56428, 0, 1, 2, 1, 1),
(48815, 56429, 0, 1, 2, 1, 1),
(48815, 56430, 0, 1, 1, 1, 1),
(48815, 56431, 0, 1, 1, 1, 1),
(48815, 56432, 0, 1, 1, 1, 1),
(48815, 56433, 0, 1, 1, 1, 1),
(48815, 56434, 0, 1, 2, 1, 1),
(48815, 56435, 0, 1, 2, 1, 1),
(48815, 56436, 0, 1, 2, 1, 1);

REPLACE INTO `creature_template` (`entry`, `difficulty_entry_1`, `difficulty_entry_2`, `difficulty_entry_3`, `KillCredit1`, `KillCredit2`, `modelid1`, `modelid2`, `modelid3`, `modelid4`, `name`, `subname`, `IconName`, `gossip_menu_id`, `minlevel`, `maxlevel`, `exp`, `faction_A`, `faction_H`, `npcflag`, `speed_walk`, `speed_run`, `scale`, `rank`, `mindmg`, `maxdmg`, `dmgschool`, `attackpower`, `dmg_multiplier`, `baseattacktime`, `rangeattacktime`, `unit_class`, `unit_flags`, `unit_flags2`, `dynamicflags`, `family`, `trainer_type`, `trainer_spell`, `trainer_class`, `trainer_race`, `minrangedmg`, `maxrangedmg`, `rangedattackpower`, `type`, `type_flags`, `lootid`, `pickpocketloot`, `skinloot`, `resistance1`, `resistance2`, `resistance3`, `resistance4`, `resistance5`, `resistance6`, `spell1`, `spell2`, `spell3`, `spell4`, `spell5`, `spell6`, `spell7`, `spell8`, `PetSpellDataId`, `VehicleId`, `mingold`, `maxgold`, `AIName`, `MovementType`, `InhabitType`, `HoverHeight`, `Health_mod`, `Mana_mod`, `Armor_mod`, `RacialLeader`, `questItem1`, `questItem2`, `questItem3`, `questItem4`, `questItem5`, `questItem6`, `movementId`, `RegenHealth`, `mechanic_immune_mask`, `flags_extra`, `ScriptName`, `WDBVerified`) VALUES (40170, 49293, 49293, 0, 0, 0, 32961, 0, 0, 0, 'Spatial Anomaly', '', '', 0, 85, 85, 3, 16, 16, 0, 1, 1.14286, 1, 1, 415, 622, 0, 156, 42.2, 2000, 2000, 4, 64, 2048, 0, 0, 0, 0, 0, 0, 332, 498, 125, 4, 72, 40170, 0, 0, 0, 0, 0, 0, 0, 0, 89862, 74888, 0, 0, 0, 0, 0, 0, 0, 727, 12185, 12185, '', 0, 3, 1, 8, 1, 1, 0, 52506, 0, 0, 0, 0, 0, 0, 1, 0, 0, 'generic_creature', 15595);

DELETE FROM `creature_loot_template` WHERE (`entry`=40170);
INSERT INTO `creature_loot_template` VALUES 
(40170, 52328, 38.3764, 1, 0, 1, 1),
(40170, 52364, 0.0191, 1, 0, 1, 1),
(40170, 52365, 0.0064, 1, 0, 1, 1),
(40170, 52367, 0.0287, 1, 0, 1, 1),
(40170, 52370, 0.0159, 1, 0, 1, 1),
(40170, 52371, 0.0062, 1, 0, 1, 1),
(40170, 52372, 0.0319, 1, 0, 1, 1),
(40170, 52374, 0.0062, 1, 0, 1, 1),
(40170, 52375, 0.0096, 1, 0, 1, 1),
(40170, 52377, 0.0096, 1, 0, 1, 1),
(40170, 52378, 0.0062, 1, 0, 1, 1),
(40170, 52379, 0.0159, 1, 0, 1, 1),
(40170, 52383, 0.0064, 1, 0, 1, 1),
(40170, 52385, 0.0159, 1, 0, 1, 1),
(40170, 52386, 0.0128, 1, 0, 1, 1),
(40170, 52388, 0.0223, 1, 0, 1, 1),
(40170, 52494, 0.0032, 1, 0, 1, 1),
(40170, 52495, 0.0191, 1, 0, 1, 1),
(40170, 52496, 0.0032, 1, 0, 1, 1),
(40170, 52506, -3.4864, 1, 0, 1, 1),
(40170, 55286, 0.0606, 1, 0, 1, 1),
(40170, 55287, 0.1595, 1, 0, 1, 1),
(40170, 55288, 0.0797, 1, 0, 1, 1),
(40170, 55295, 0.0702, 1, 0, 1, 1),
(40170, 55296, 0.134, 1, 0, 1, 1),
(40170, 55297, 0.1021, 1, 0, 1, 1),
(40170, 55304, 0.0159, 1, 0, 1, 1),
(40170, 55305, 0.0096, 1, 0, 1, 1),
(40170, 55306, 0.0128, 1, 0, 1, 1),
(40170, 55313, 0.1372, 1, 0, 1, 1),
(40170, 55314, 0.1754, 1, 0, 1, 1),
(40170, 55315, 0.1531, 1, 0, 1, 1),
(40170, 55322, 0.0062, 1, 0, 1, 1),
(40170, 55323, 0.0191, 1, 0, 1, 1),
(40170, 55324, 0.0383, 1, 0, 1, 1),
(40170, 55331, 0.1212, 1, 0, 1, 1),
(40170, 55332, 0.1085, 1, 0, 1, 1),
(40170, 55333, 0.1053, 1, 0, 1, 1),
(40170, 55340, 0.0415, 1, 0, 1, 1),
(40170, 55341, 0.0893, 1, 0, 1, 1),
(40170, 55342, 0.0638, 1, 0, 1, 1),
(40170, 55349, 0.0797, 1, 0, 1, 1),
(40170, 55350, 0.1085, 1, 0, 1, 1),
(40170, 55351, 0.1053, 1, 0, 1, 1),
(40170, 55358, 0.0319, 1, 0, 1, 1),
(40170, 55360, 0.0062, 1, 0, 1, 1),
(40170, 55367, 0.1786, 1, 0, 1, 1),
(40170, 55368, 0.252, 1, 0, 1, 1),
(40170, 55369, 0.2297, 1, 0, 1, 1),
(40170, 55376, 0.2616, 1, 0, 1, 1),
(40170, 55377, 0.1021, 1, 0, 1, 1),
(40170, 55378, 0.1499, 1, 0, 1, 1),
(40170, 55385, 0.1531, 1, 0, 1, 1),
(40170, 55386, 0.0925, 1, 0, 1, 1),
(40170, 55387, 0.1467, 1, 0, 1, 1),
(40170, 55394, 0.0542, 1, 0, 1, 1),
(40170, 55395, 0.0797, 1, 0, 1, 1),
(40170, 55396, 0.1085, 1, 0, 1, 1),
(40170, 55403, 0.2967, 1, 0, 1, 1),
(40170, 55404, 0.3573, 1, 0, 1, 1),
(40170, 55405, 0.2073, 1, 0, 1, 1),
(40170, 55412, 0.0766, 1, 0, 1, 1),
(40170, 55413, 0.1148, 1, 0, 1, 1),
(40170, 55414, 0.0957, 1, 0, 1, 1),
(40170, 55421, 0.6348, 1, 0, 1, 1),
(40170, 55422, 0.6252, 1, 0, 1, 1),
(40170, 55423, 0.5837, 1, 0, 1, 1),
(40170, 55430, 0.0861, 1, 0, 1, 1),
(40170, 55431, 0.2488, 1, 0, 1, 1),
(40170, 55432, 0.1659, 1, 0, 1, 1),
(40170, 55439, 0.5423, 1, 0, 1, 1),
(40170, 55440, 0.3764, 1, 0, 1, 1),
(40170, 55441, 0.437, 1, 0, 1, 1),
(40170, 55448, 0.0989, 1, 0, 1, 1),
(40170, 55449, 0.0893, 1, 0, 1, 1),
(40170, 55450, 0.067, 1, 0, 1, 1),
(40170, 55457, 0.1404, 1, 0, 1, 1),
(40170, 55458, 0.0989, 1, 0, 1, 1),
(40170, 55459, 0.118, 1, 0, 1, 1),
(40170, 55466, 0.0829, 1, 0, 1, 1),
(40170, 55467, 0.067, 1, 0, 1, 1),
(40170, 55468, 0.0638, 1, 0, 1, 1),
(40170, 55475, 0.0159, 1, 0, 1, 1),
(40170, 55476, 0.0128, 1, 0, 1, 1),
(40170, 55477, 0.0159, 1, 0, 1, 1),
(40170, 55484, 0.2998, 1, 0, 1, 1),
(40170, 55485, 0.3349, 1, 0, 1, 1),
(40170, 55486, 0.3445, 1, 0, 1, 1),
(40170, 55493, 0.1691, 1, 0, 1, 1),
(40170, 55494, 0.1914, 1, 0, 1, 1),
(40170, 55495, 0.1435, 1, 0, 1, 1),
(40170, 55502, 0.1946, 1, 0, 1, 1),
(40170, 55503, 0.1531, 1, 0, 1, 1),
(40170, 55504, 0.2233, 1, 0, 1, 1),
(40170, 55511, 0.2041, 1, 0, 1, 1),
(40170, 55512, 0.1372, 1, 0, 1, 1),
(40170, 55513, 0.2233, 1, 0, 1, 1),
(40170, 55520, 0.1659, 1, 0, 1, 1),
(40170, 55521, 0.2329, 1, 0, 1, 1),
(40170, 55522, 0.2552, 1, 0, 1, 1),
(40170, 55529, 0.2297, 1, 0, 1, 1),
(40170, 55530, 0.2998, 1, 0, 1, 1),
(40170, 55531, 0.201, 1, 0, 1, 1),
(40170, 55538, 0.1946, 1, 0, 1, 1),
(40170, 55539, 0.1978, 1, 0, 1, 1),
(40170, 55540, 0.2839, 1, 0, 1, 1),
(40170, 55547, 0.2041, 1, 0, 1, 1),
(40170, 55548, 0.1914, 1, 0, 1, 1),
(40170, 55549, 0.2297, 1, 0, 1, 1),
(40170, 55556, 0.1467, 1, 0, 1, 1),
(40170, 55557, 0.1435, 1, 0, 1, 1),
(40170, 55558, 0.2041, 1, 0, 1, 1),
(40170, 55565, 0.1659, 1, 0, 1, 1),
(40170, 55566, 0.1722, 1, 0, 1, 1),
(40170, 55567, 0.185, 1, 0, 1, 1),
(40170, 55574, 0.134, 1, 0, 1, 1),
(40170, 55575, 0.2201, 1, 0, 1, 1),
(40170, 55576, 0.1659, 1, 0, 1, 1),
(40170, 55583, 0.1372, 1, 0, 1, 1),
(40170, 55584, 0.1786, 1, 0, 1, 1),
(40170, 55585, 0.1786, 1, 0, 1, 1),
(40170, 55592, 0.1691, 1, 0, 1, 1),
(40170, 55593, 0.1978, 1, 0, 1, 1),
(40170, 55594, 0.1978, 1, 0, 1, 1),
(40170, 55601, 0.2233, 1, 0, 1, 1),
(40170, 55602, 0.1531, 1, 0, 1, 1),
(40170, 55603, 0.2329, 1, 0, 1, 1),
(40170, 55610, 0.1754, 1, 0, 1, 1),
(40170, 55611, 0.2201, 1, 0, 1, 1),
(40170, 55612, 0.1467, 1, 0, 1, 1),
(40170, 55619, 0.1754, 1, 0, 1, 1),
(40170, 55620, 0.2392, 1, 0, 1, 1),
(40170, 55621, 0.1754, 1, 0, 1, 1),
(40170, 55628, 0.1786, 1, 0, 1, 1),
(40170, 55629, 0.1978, 1, 0, 1, 1),
(40170, 55630, 0.201, 1, 0, 1, 1),
(40170, 55637, 0.2424, 1, 0, 1, 1),
(40170, 55638, 0.1946, 1, 0, 1, 1),
(40170, 55639, 0.201, 1, 0, 1, 1),
(40170, 55646, 0.1722, 1, 0, 1, 1),
(40170, 55647, 0.1563, 1, 0, 1, 1),
(40170, 55648, 0.185, 1, 0, 1, 1),
(40170, 55655, 0.1978, 1, 0, 1, 1),
(40170, 55656, 0.1786, 1, 0, 1, 1),
(40170, 55657, 0.1978, 1, 0, 1, 1),
(40170, 55664, 0.2265, 1, 0, 1, 1),
(40170, 55665, 0.1978, 1, 0, 1, 1),
(40170, 55666, 0.1914, 1, 0, 1, 1),
(40170, 55673, 0.1978, 1, 0, 1, 1),
(40170, 55674, 0.3413, 1, 0, 1, 1),
(40170, 55675, 0.201, 1, 0, 1, 1),
(40170, 55682, 0.2297, 1, 0, 1, 1),
(40170, 55683, 0.1722, 1, 0, 1, 1),
(40170, 55684, 0.2488, 1, 0, 1, 1),
(40170, 55691, 0.1435, 1, 0, 1, 1),
(40170, 55692, 0.1531, 1, 0, 1, 1),
(40170, 55693, 0.1882, 1, 0, 1, 1),
(40170, 55700, 0.1914, 1, 0, 1, 1),
(40170, 55701, 0.1531, 1, 0, 1, 1),
(40170, 55702, 0.1818, 1, 0, 1, 1),
(40170, 55709, 0.252, 1, 0, 1, 1),
(40170, 55710, 0.2743, 1, 0, 1, 1),
(40170, 55711, 0.3285, 1, 0, 1, 1),
(40170, 55718, 0.2392, 1, 0, 1, 1),
(40170, 55719, 0.2584, 1, 0, 1, 1),
(40170, 55720, 0.3541, 1, 0, 1, 1),
(40170, 55727, 0.2743, 1, 0, 1, 1),
(40170, 55728, 0.1882, 1, 0, 1, 1),
(40170, 55729, 0.2297, 1, 0, 1, 1),
(40170, 55736, 0.2297, 1, 0, 1, 1),
(40170, 55737, 0.3126, 1, 0, 1, 1),
(40170, 55738, 0.2648, 1, 0, 1, 1),
(40170, 55745, 0.2041, 1, 0, 1, 1),
(40170, 55746, 0.4019, 1, 0, 1, 1),
(40170, 55747, 0.3955, 1, 0, 1, 1),
(40170, 55754, 0.5167, 1, 0, 1, 1),
(40170, 55755, 0.3126, 1, 0, 1, 1),
(40170, 55756, 0.2233, 1, 0, 1, 1),
(40170, 55763, 0.2711, 1, 0, 1, 1),
(40170, 55764, 0.3796, 1, 0, 1, 1),
(40170, 55765, 0.2871, 1, 0, 1, 1),
(40170, 55772, 0.2073, 1, 0, 1, 1),
(40170, 55773, 0.2807, 1, 0, 1, 1),
(40170, 55774, 0.2807, 1, 0, 1, 1),
(40170, 56109, 1.8852, 1, 0, 1, 1),
(40170, 56110, 1.7033, 1, 0, 1, 1),
(40170, 56111, 1.6619, 1, 0, 1, 1),
(40170, 62063, 0.8198, 1, 0, 1, 1),
(40170, 62064, 0.6475, 1, 0, 1, 1),
(40170, 62065, 0.8485, 1, 0, 1, 1),
(40170, 62066, 0.7464, 1, 0, 1, 1),
(40170, 62067, 0.7241, 1, 0, 1, 1),
(40170, 62068, 0.8293, 1, 0, 1, 1),
(40170, 62069, 0.8102, 1, 0, 1, 1),
(40170, 62070, 0.6826, 1, 0, 1, 1),
(40170, 62071, 0.6794, 1, 0, 1, 1),
(40170, 62072, 0.7145, 1, 0, 1, 1),
(40170, 62073, 0.319, 1, 0, 1, 1),
(40170, 62074, 0.2807, 1, 0, 1, 1),
(40170, 62075, 0.2839, 1, 0, 1, 1),
(40170, 62076, 0.386, 1, 0, 1, 1),
(40170, 62077, 0.2839, 1, 0, 1, 1),
(40170, 62078, 0.2935, 1, 0, 1, 1),
(40170, 62079, 0.3413, 1, 0, 1, 1),
(40170, 62080, 0.3445, 1, 0, 1, 1),
(40170, 62081, 0.3923, 1, 0, 1, 1),
(40170, 62082, 0.3317, 1, 0, 1, 1),
(40170, 62083, 0.2839, 1, 0, 1, 1),
(40170, 62084, 0.3349, 1, 0, 1, 1),
(40170, 62085, 0.3349, 1, 0, 1, 1),
(40170, 62086, 0.2743, 1, 0, 1, 1),
(40170, 62087, 0.2265, 1, 0, 1, 1),
(40170, 62088, 0.319, 1, 0, 1, 1),
(40170, 62089, 0.3987, 1, 0, 1, 1),
(40170, 62090, 0.3541, 1, 0, 1, 1),
(40170, 62091, 0.3573, 1, 0, 1, 1),
(40170, 62092, 0.3636, 1, 0, 1, 1),
(40170, 62093, 0.303, 1, 0, 1, 1),
(40170, 62094, 0.3222, 1, 0, 1, 1),
(40170, 62095, 0.3158, 1, 0, 1, 1),
(40170, 62096, 0.3732, 1, 0, 1, 1),
(40170, 62097, 0.3062, 1, 0, 1, 1),
(40170, 62098, 0.2998, 1, 0, 1, 1),
(40170, 62099, 0.3349, 1, 0, 1, 1),
(40170, 62100, 0.3764, 1, 0, 1, 1),
(40170, 62101, 0.2456, 1, 0, 1, 1),
(40170, 62102, 0.2456, 1, 0, 1, 1),
(40170, 62103, 0.2552, 1, 0, 1, 1),
(40170, 62104, 0.2903, 1, 0, 1, 1),
(40170, 62105, 0.2169, 1, 0, 1, 1),
(40170, 62106, 0.2105, 1, 0, 1, 1),
(40170, 62107, 0.1946, 1, 0, 1, 1),
(40170, 62108, 0.3254, 1, 0, 1, 1),
(40170, 62109, 0.1978, 1, 0, 1, 1),
(40170, 62110, 0.201, 1, 0, 1, 1),
(40170, 62111, 0.2935, 1, 0, 1, 1),
(40170, 62112, 0.1978, 1, 0, 1, 1),
(40170, 62113, 0.2105, 1, 0, 1, 1),
(40170, 62114, 0.2169, 1, 0, 1, 1),
(40170, 62115, 0.2648, 1, 0, 1, 1),
(40170, 62116, 0.2233, 1, 0, 1, 1),
(40170, 62117, 0.2584, 1, 0, 1, 1),
(40170, 62118, 0.3381, 1, 0, 1, 1),
(40170, 62119, 0.2297, 1, 0, 1, 1),
(40170, 62120, 0.2424, 1, 0, 1, 1),
(40170, 62121, 0.3062, 1, 0, 1, 1),
(40170, 62122, 0.2073, 1, 0, 1, 1),
(40170, 62123, 0.2265, 1, 0, 1, 1),
(40170, 62124, 0.2233, 1, 0, 1, 1),
(40170, 62125, 0.2456, 1, 0, 1, 1),
(40170, 62126, 0.2137, 1, 0, 1, 1),
(40170, 62127, 0.303, 1, 0, 1, 1),
(40170, 62128, 0.3126, 1, 0, 1, 1),
(40170, 62129, 0.1467, 1, 0, 1, 1),
(40170, 62130, 0.2041, 1, 0, 1, 1),
(40170, 62131, 0.2169, 1, 0, 1, 1),
(40170, 62132, 0.2424, 1, 0, 1, 1),
(40170, 62133, 0.2424, 1, 0, 1, 1),
(40170, 62134, 0.2073, 1, 0, 1, 1),
(40170, 62135, 0.252, 1, 0, 1, 1),
(40170, 62136, 0.2297, 1, 0, 1, 1),
(40170, 66932, 0.0128, 1, 0, 1, 1),
(40170, 66940, 0.0096, 1, 0, 1, 1),
(40170, 66941, 0.0351, 1, 0, 1, 1),
(40170, 66942, 0.0096, 1, 0, 1, 1),
(40170, 66968, 0.0128, 1, 0, 1, 1),
(40170, 66969, 0.0062, 1, 0, 1, 1),
(40170, 66970, 0.0128, 1, 0, 1, 1),
(40170, 66971, 0.0128, 1, 0, 1, 1),
(40170, 66972, 0.0574, 1, 0, 1, 1),
(40170, 66974, 0.0062, 1, 0, 1, 1),
(40170, 66976, 0.0223, 1, 0, 1, 1),
(40170, 66990, 0.0064, 1, 0, 1, 1),
(40170, 66991, 0.0128, 1, 0, 1, 1),
(40170, 66992, 0.0096, 1, 0, 1, 1),
(40170, 66993, 0.0064, 1, 0, 1, 1),
(40170, 66994, 0.0064, 1, 0, 1, 1),
(40170, 67057, 0.0128, 1, 0, 1, 1),
(40170, 67059, 0.0128, 1, 0, 1, 1),
(40170, 67061, 0.0159, 1, 0, 1, 1),
(40170, 67067, 0.0064, 1, 0, 1, 1),
(40170, 67069, 0.0128, 1, 0, 1, 1),
(40170, 67071, 0.0255, 1, 0, 1, 1),
(40170, 67119, 0.0128, 1, 0, 1, 1),
(40170, 67120, 0.0255, 1, 0, 1, 1),
(40170, 67121, 0.0062, 1, 0, 1, 1),
(40170, 67122, 0.0128, 1, 0, 1, 1),
(40170, 67123, 0.0191, 1, 0, 1, 1),
(40170, 67124, 0.0062, 1, 0, 1, 1),
(40170, 67125, 0.0191, 1, 0, 1, 1),
(40170, 67126, 0.0128, 1, 0, 1, 1),
(40170, 67127, 0.0064, 1, 0, 1, 1),
(40170, 67129, 0.0032, 1, 0, 1, 1),
(40170, 67132, 0.0032, 1, 0, 1, 1),
(40170, 67133, 0.0032, 1, 0, 1, 1),
(40170, 67134, 0.0128, 1, 0, 1, 1),
(40170, 67137, 0.0096, 1, 0, 1, 1),
(40170, 67138, 0.0064, 1, 0, 1, 1),
(40170, 67139, 0.0096, 1, 0, 1, 1),
(40170, 67140, 0.0128, 1, 0, 1, 1),
(40170, 67141, 0.0096, 1, 0, 1, 1),
(40170, 67142, 0.0032, 1, 0, 1, 1),
(40170, 67144, 0.0064, 1, 0, 1, 1),
(40170, 67145, 0.0064, 1, 0, 1, 1),
(40170, 67146, 0.0064, 1, 0, 1, 1),
(40170, 67149, 0.0159, 1, 0, 1, 1),
(40170, 67150, 0.0032, 1, 0, 1, 1),
(40170, 67539, 0.0989, 1, 0, 1, 1),
(40170, 68729, 0.8644, 1, 0, 1, 1),
(40170, 68783, 0.0096, 1, 0, 1, 1),
(40170, 68787, 0.0064, 1, 0, 1, 1),
(40170, 68788, 0.0032, 1, 0, 1, 1);

REPLACE INTO `creature_template` (`entry`, `difficulty_entry_1`, `difficulty_entry_2`, `difficulty_entry_3`, `KillCredit1`, `KillCredit2`, `modelid1`, `modelid2`, `modelid3`, `modelid4`, `name`, `subname`, `IconName`, `gossip_menu_id`, `minlevel`, `maxlevel`, `exp`, `faction_A`, `faction_H`, `npcflag`, `speed_walk`, `speed_run`, `scale`, `rank`, `mindmg`, `maxdmg`, `dmgschool`, `attackpower`, `dmg_multiplier`, `baseattacktime`, `rangeattacktime`, `unit_class`, `unit_flags`, `unit_flags2`, `dynamicflags`, `family`, `trainer_type`, `trainer_spell`, `trainer_class`, `trainer_race`, `minrangedmg`, `maxrangedmg`, `rangedattackpower`, `type`, `type_flags`, `lootid`, `pickpocketloot`, `skinloot`, `resistance1`, `resistance2`, `resistance3`, `resistance4`, `resistance5`, `resistance6`, `spell1`, `spell2`, `spell3`, `spell4`, `spell5`, `spell6`, `spell7`, `spell8`, `PetSpellDataId`, `VehicleId`, `mingold`, `maxgold`, `AIName`, `MovementType`, `InhabitType`, `HoverHeight`, `Health_mod`, `Mana_mod`, `Armor_mod`, `RacialLeader`, `questItem1`, `questItem2`, `questItem3`, `questItem4`, `questItem5`, `questItem6`, `movementId`, `RegenHealth`, `mechanic_immune_mask`, `flags_extra`, `ScriptName`, `WDBVerified`) VALUES (49293, 0, 0, 0, 0, 0, 32961, 0, 0, 0, 'Spatial Anomaly (1)', '', '', 0, 85, 85, 3, 16, 16, 0, 1, 1.14286, 1, 1, 415, 622, 0, 156, 42.2, 2000, 2000, 4, 64, 2048, 0, 0, 0, 0, 0, 0, 332, 498, 125, 4, 72, 40170, 0, 0, 0, 0, 0, 0, 0, 0, 89862, 74888, 0, 0, 0, 0, 0, 0, 0, 727, 12185, 12185, '', 0, 3, 1, 15, 1, 1, 0, 0, 0, 0, 0, 0, 0, 0, 1, 0, 0, '', 15595);

REPLACE INTO `creature_template` (`entry`, `difficulty_entry_1`, `difficulty_entry_2`, `difficulty_entry_3`, `KillCredit1`, `KillCredit2`, `modelid1`, `modelid2`, `modelid3`, `modelid4`, `name`, `subname`, `IconName`, `gossip_menu_id`, `minlevel`, `maxlevel`, `exp`, `faction_A`, `faction_H`, `npcflag`, `speed_walk`, `speed_run`, `scale`, `rank`, `mindmg`, `maxdmg`, `dmgschool`, `attackpower`, `dmg_multiplier`, `baseattacktime`, `rangeattacktime`, `unit_class`, `unit_flags`, `unit_flags2`, `dynamicflags`, `family`, `trainer_type`, `trainer_spell`, `trainer_class`, `trainer_race`, `minrangedmg`, `maxrangedmg`, `rangedattackpower`, `type`, `type_flags`, `lootid`, `pickpocketloot`, `skinloot`, `resistance1`, `resistance2`, `resistance3`, `resistance4`, `resistance5`, `resistance6`, `spell1`, `spell2`, `spell3`, `spell4`, `spell5`, `spell6`, `spell7`, `spell8`, `PetSpellDataId`, `VehicleId`, `mingold`, `maxgold`, `AIName`, `MovementType`, `InhabitType`, `HoverHeight`, `Health_mod`, `Mana_mod`, `Armor_mod`, `RacialLeader`, `questItem1`, `questItem2`, `questItem3`, `questItem4`, `questItem5`, `questItem6`, `movementId`, `RegenHealth`, `mechanic_immune_mask`, `flags_extra`, `ScriptName`, `WDBVerified`) VALUES (39587, 48710, 48710, 0, 0, 0, 33465, 0, 0, 0, 'Isiset', 'Construct of Magic', '', 0, 87, 87, 3, 16, 16, 0, 2, 1.42857, 1, 1, 495, 742, 0, 186, 102.1, 2000, 2000, 2, 0, 2048, 12, 0, 0, 0, 0, 0, 396, 594, 149, 7, 104, 39587, 0, 0, 0, 0, 0, 0, 0, 0, 74136, 0, 0, 0, 0, 0, 0, 0, 0, 0, 19993, 19993, '', 0, 3, 1, 20, 64.4468, 1, 0, 0, 0, 0, 0, 0, 0, 151, 1, 617299967, 0, 'boss_isiset', 15595);

DELETE FROM `creature_loot_template` WHERE (`entry`=39587);
INSERT INTO `creature_loot_template` VALUES 
(39587, 55992, 0, 1, 1, 1, 1),
(39587, 55993, 0, 1, 1, 1, 1),
(39587, 55994, 0, 1, 1, 1, 1),
(39587, 55995, 0, 1, 1, 1, 1),
(39587, 55996, 0, 1, 1, 1, 1);

REPLACE INTO `creature_template` (`entry`, `difficulty_entry_1`, `difficulty_entry_2`, `difficulty_entry_3`, `KillCredit1`, `KillCredit2`, `modelid1`, `modelid2`, `modelid3`, `modelid4`, `name`, `subname`, `IconName`, `gossip_menu_id`, `minlevel`, `maxlevel`, `exp`, `faction_A`, `faction_H`, `npcflag`, `speed_walk`, `speed_run`, `scale`, `rank`, `mindmg`, `maxdmg`, `dmgschool`, `attackpower`, `dmg_multiplier`, `baseattacktime`, `rangeattacktime`, `unit_class`, `unit_flags`, `unit_flags2`, `dynamicflags`, `family`, `trainer_type`, `trainer_spell`, `trainer_class`, `trainer_race`, `minrangedmg`, `maxrangedmg`, `rangedattackpower`, `type`, `type_flags`, `lootid`, `pickpocketloot`, `skinloot`, `resistance1`, `resistance2`, `resistance3`, `resistance4`, `resistance5`, `resistance6`, `spell1`, `spell2`, `spell3`, `spell4`, `spell5`, `spell6`, `spell7`, `spell8`, `PetSpellDataId`, `VehicleId`, `mingold`, `maxgold`, `AIName`, `MovementType`, `InhabitType`, `HoverHeight`, `Health_mod`, `Mana_mod`, `Armor_mod`, `RacialLeader`, `questItem1`, `questItem2`, `questItem3`, `questItem4`, `questItem5`, `questItem6`, `movementId`, `RegenHealth`, `mechanic_immune_mask`, `flags_extra`, `ScriptName`, `WDBVerified`) VALUES (48710, 0, 0, 0, 0, 0, 33465, 0, 0, 0, 'Isiset (1)', 'Construct of Magic', '', 0, 87, 87, 3, 16, 16, 0, 2, 1.42857, 1, 1, 495, 742, 0, 186, 125, 2000, 2000, 2, 0, 2048, 12, 0, 0, 0, 0, 0, 396, 594, 149, 7, 104, 48710, 0, 0, 0, 0, 0, 0, 0, 0, 74136, 0, 0, 0, 0, 0, 0, 0, 0, 0, 19993, 19993, '', 0, 3, 1, 45, 90.4114, 1, 0, 0, 0, 0, 0, 0, 0, 151, 1, 617299967, 1, '', 15595);

DELETE FROM `creature_loot_template` WHERE (`entry`=48710);
INSERT INTO `creature_loot_template` VALUES 
(48710, 56412, 0, 1, 1, 1, 1),
(48710, 56413, 0, 1, 1, 1, 1),
(48710, 56414, 0, 1, 1, 1, 1),
(48710, 56415, 0, 1, 1, 1, 1),
(48710, 56416, 0, 1, 1, 1, 1);

REPLACE INTO `creature_template` (`entry`, `difficulty_entry_1`, `difficulty_entry_2`, `difficulty_entry_3`, `KillCredit1`, `KillCredit2`, `modelid1`, `modelid2`, `modelid3`, `modelid4`, `name`, `subname`, `IconName`, `gossip_menu_id`, `minlevel`, `maxlevel`, `exp`, `faction_A`, `faction_H`, `npcflag`, `speed_walk`, `speed_run`, `scale`, `rank`, `mindmg`, `maxdmg`, `dmgschool`, `attackpower`, `dmg_multiplier`, `baseattacktime`, `rangeattacktime`, `unit_class`, `unit_flags`, `unit_flags2`, `dynamicflags`, `family`, `trainer_type`, `trainer_spell`, `trainer_class`, `trainer_race`, `minrangedmg`, `maxrangedmg`, `rangedattackpower`, `type`, `type_flags`, `lootid`, `pickpocketloot`, `skinloot`, `resistance1`, `resistance2`, `resistance3`, `resistance4`, `resistance5`, `resistance6`, `spell1`, `spell2`, `spell3`, `spell4`, `spell5`, `spell6`, `spell7`, `spell8`, `PetSpellDataId`, `VehicleId`, `mingold`, `maxgold`, `AIName`, `MovementType`, `InhabitType`, `HoverHeight`, `Health_mod`, `Mana_mod`, `Armor_mod`, `RacialLeader`, `questItem1`, `questItem2`, `questItem3`, `questItem4`, `questItem5`, `questItem6`, `movementId`, `RegenHealth`, `mechanic_immune_mask`, `flags_extra`, `ScriptName`, `WDBVerified`) VALUES (40106, 49292, 49292, 0, 0, 0, 33168, 0, 0, 0, 'Star Shard', '', '', 0, 85, 85, 3, 16, 16, 0, 1, 1, 1, 1, 465, 697, 0, 174, 37.7, 2000, 2000, 2, 64, 2048, 0, 0, 0, 0, 0, 0, 372, 558, 139, 10, 8, 0, 0, 0, 0, 0, 0, 0, 0, 0, 0, 0, 0, 0, 0, 0, 0, 0, 0, 0, 0, 0, '', 0, 3, 1, 2, 7, 1, 0, 0, 0, 0, 0, 0, 0, 0, 1, 0, 0, '', 15595);

REPLACE INTO `creature_template` (`entry`, `difficulty_entry_1`, `difficulty_entry_2`, `difficulty_entry_3`, `KillCredit1`, `KillCredit2`, `modelid1`, `modelid2`, `modelid3`, `modelid4`, `name`, `subname`, `IconName`, `gossip_menu_id`, `minlevel`, `maxlevel`, `exp`, `faction_A`, `faction_H`, `npcflag`, `speed_walk`, `speed_run`, `scale`, `rank`, `mindmg`, `maxdmg`, `dmgschool`, `attackpower`, `dmg_multiplier`, `baseattacktime`, `rangeattacktime`, `unit_class`, `unit_flags`, `unit_flags2`, `dynamicflags`, `family`, `trainer_type`, `trainer_spell`, `trainer_class`, `trainer_race`, `minrangedmg`, `maxrangedmg`, `rangedattackpower`, `type`, `type_flags`, `lootid`, `pickpocketloot`, `skinloot`, `resistance1`, `resistance2`, `resistance3`, `resistance4`, `resistance5`, `resistance6`, `spell1`, `spell2`, `spell3`, `spell4`, `spell5`, `spell6`, `spell7`, `spell8`, `PetSpellDataId`, `VehicleId`, `mingold`, `maxgold`, `AIName`, `MovementType`, `InhabitType`, `HoverHeight`, `Health_mod`, `Mana_mod`, `Armor_mod`, `RacialLeader`, `questItem1`, `questItem2`, `questItem3`, `questItem4`, `questItem5`, `questItem6`, `movementId`, `RegenHealth`, `mechanic_immune_mask`, `flags_extra`, `ScriptName`, `WDBVerified`) VALUES (49292, 0, 0, 0, 0, 0, 33168, 0, 0, 0, 'Star Shard (1)', '', '', 0, 85, 85, 3, 16, 16, 0, 1, 1, 1, 1, 465, 697, 0, 174, 37.7, 2000, 2000, 2, 64, 2048, 0, 0, 0, 0, 0, 0, 372, 558, 139, 10, 8, 0, 0, 0, 0, 0, 0, 0, 0, 0, 0, 0, 0, 0, 0, 0, 0, 0, 0, 0, 0, 0, '', 0, 3, 1, 4, 7, 1, 0, 0, 0, 0, 0, 0, 0, 0, 1, 0, 0, '', 15595);

REPLACE INTO `creature_template` (`entry`, `difficulty_entry_1`, `difficulty_entry_2`, `difficulty_entry_3`, `KillCredit1`, `KillCredit2`, `modelid1`, `modelid2`, `modelid3`, `modelid4`, `name`, `subname`, `IconName`, `gossip_menu_id`, `minlevel`, `maxlevel`, `exp`, `faction_A`, `faction_H`, `npcflag`, `speed_walk`, `speed_run`, `scale`, `rank`, `mindmg`, `maxdmg`, `dmgschool`, `attackpower`, `dmg_multiplier`, `baseattacktime`, `rangeattacktime`, `unit_class`, `unit_flags`, `unit_flags2`, `dynamicflags`, `family`, `trainer_type`, `trainer_spell`, `trainer_class`, `trainer_race`, `minrangedmg`, `maxrangedmg`, `rangedattackpower`, `type`, `type_flags`, `lootid`, `pickpocketloot`, `skinloot`, `resistance1`, `resistance2`, `resistance3`, `resistance4`, `resistance5`, `resistance6`, `spell1`, `spell2`, `spell3`, `spell4`, `spell5`, `spell6`, `spell7`, `spell8`, `PetSpellDataId`, `VehicleId`, `mingold`, `maxgold`, `AIName`, `MovementType`, `InhabitType`, `HoverHeight`, `Health_mod`, `Mana_mod`, `Armor_mod`, `RacialLeader`, `questItem1`, `questItem2`, `questItem3`, `questItem4`, `questItem5`, `questItem6`, `movementId`, `RegenHealth`, `mechanic_immune_mask`, `flags_extra`, `ScriptName`, `WDBVerified`) VALUES (40715, 49300, 49300, 0, 0, 0, 37304, 0, 0, 0, 'Lifewarden Nymph', '', '', 0, 85, 85, 3, 16, 16, 0, 1, 0.992063, 1, 1, 465, 697, 0, 174, 37.7, 2000, 2000, 2, 64, 33556480, 0, 0, 0, 0, 0, 0, 372, 558, 139, 7, 8, 40715, 0, 0, 0, 0, 0, 0, 0, 0, 89865, 75961, 75958, 75940, 0, 0, 0, 0, 0, 0, 12290, 12290, '', 0, 3, 1, 8, 7, 1, 0, 0, 0, 0, 0, 0, 0, 0, 1, 0, 0, 'generic_creature', 15595);

DELETE FROM `creature_loot_template` WHERE (`entry`=40715);
INSERT INTO `creature_loot_template` VALUES 
(40715, 43463, 0.3513, 1, 0, 1, 1),
(40715, 52363, 0.0077, 1, 0, 1, 1),
(40715, 52365, 0.0038, 1, 0, 1, 1),
(40715, 52366, 0.0058, 1, 0, 1, 1),
(40715, 52369, 0.0116, 1, 0, 1, 1),
(40715, 52370, 0.0077, 1, 0, 1, 1),
(40715, 52372, 0.0038, 1, 0, 1, 1),
(40715, 52373, 0.0038, 1, 0, 1, 1),
(40715, 52374, 0.0174, 1, 0, 1, 1),
(40715, 52376, 0.0058, 1, 0, 1, 1),
(40715, 52385, 0.0077, 1, 0, 1, 1),
(40715, 52388, 0.0136, 1, 0, 1, 1),
(40715, 52494, 0.0038, 1, 0, 1, 1),
(40715, 52495, 0.0039, 1, 0, 1, 1),
(40715, 52719, 0.0151, 1, 0, 1, 1),
(40715, 53010, 38.3, 1, 0, 1, 6),
(40715, 55286, 0.0601, 1, 0, 1, 1),
(40715, 55287, 0.0542, 1, 0, 1, 1),
(40715, 55288, 0.0484, 1, 0, 1, 1),
(40715, 55295, 0.0581, 1, 0, 1, 1),
(40715, 55296, 0.062, 1, 0, 1, 1),
(40715, 55297, 0.0523, 1, 0, 1, 1),
(40715, 55304, 0.0174, 1, 0, 1, 1),
(40715, 55305, 0.0174, 1, 0, 1, 1),
(40715, 55306, 0.0136, 1, 0, 1, 1),
(40715, 55313, 0.1162, 1, 0, 1, 1),
(40715, 55314, 0.1124, 1, 0, 1, 1),
(40715, 55315, 0.0775, 1, 0, 1, 1),
(40715, 55322, 0.0116, 1, 0, 1, 1),
(40715, 55323, 0.0077, 1, 0, 1, 1),
(40715, 55324, 0.0271, 1, 0, 1, 1),
(40715, 55331, 0.0581, 1, 0, 1, 1),
(40715, 55332, 0.0678, 1, 0, 1, 1),
(40715, 55333, 0.0562, 1, 0, 1, 1),
(40715, 55340, 0.0252, 1, 0, 1, 1),
(40715, 55341, 0.0504, 1, 0, 1, 1),
(40715, 55342, 0.0252, 1, 0, 1, 1),
(40715, 55349, 0.0465, 1, 0, 1, 1),
(40715, 55350, 0.0562, 1, 0, 1, 1),
(40715, 55351, 0.0639, 1, 0, 1, 1),
(40715, 55358, 0.0232, 1, 0, 1, 1),
(40715, 55359, 0.0077, 1, 0, 1, 1),
(40715, 55360, 0.0136, 1, 0, 1, 1),
(40715, 55367, 0.1007, 1, 0, 1, 1),
(40715, 55368, 0.1317, 1, 0, 1, 1),
(40715, 55369, 0.124, 1, 0, 1, 1),
(40715, 55376, 0.0639, 1, 0, 1, 1),
(40715, 55377, 0.0717, 1, 0, 1, 1),
(40715, 55378, 0.0872, 1, 0, 1, 1),
(40715, 55385, 0.0484, 1, 0, 1, 1),
(40715, 55386, 0.0581, 1, 0, 1, 1),
(40715, 55387, 0.0446, 1, 0, 1, 1),
(40715, 55394, 0.0232, 1, 0, 1, 1),
(40715, 55395, 0.0523, 1, 0, 1, 1),
(40715, 55396, 0.0264, 1, 0, 1, 1),
(40715, 55403, 0.1414, 1, 0, 1, 1),
(40715, 55404, 0.1492, 1, 0, 1, 1),
(40715, 55405, 0.1724, 1, 0, 1, 1),
(40715, 55412, 0.0426, 1, 0, 1, 1),
(40715, 55413, 0.0368, 1, 0, 1, 1),
(40715, 55414, 0.0465, 1, 0, 1, 1),
(40715, 55421, 0.2848, 1, 0, 1, 1),
(40715, 55422, 0.341, 1, 0, 1, 1),
(40715, 55423, 0.3449, 1, 0, 1, 1),
(40715, 55430, 0.0736, 1, 0, 1, 1),
(40715, 55431, 0.062, 1, 0, 1, 1),
(40715, 55432, 0.0542, 1, 0, 1, 1),
(40715, 55439, 0.2848, 1, 0, 1, 1),
(40715, 55440, 0.2499, 1, 0, 1, 1),
(40715, 55441, 0.2267, 1, 0, 1, 1),
(40715, 55448, 0.0329, 1, 0, 1, 1),
(40715, 55449, 0.0446, 1, 0, 1, 1),
(40715, 55450, 0.0252, 1, 0, 1, 1),
(40715, 55457, 0.0581, 1, 0, 1, 1),
(40715, 55458, 0.1027, 1, 0, 1, 1),
(40715, 55459, 0.0717, 1, 0, 1, 1),
(40715, 55466, 0.0484, 1, 0, 1, 1),
(40715, 55467, 0.0271, 1, 0, 1, 1),
(40715, 55468, 0.031, 1, 0, 1, 1),
(40715, 55476, 0.0155, 1, 0, 1, 1),
(40715, 55484, 0.1298, 1, 0, 1, 1),
(40715, 55485, 0.1782, 1, 0, 1, 1),
(40715, 55486, 0.0944, 1, 0, 1, 1),
(40715, 55493, 0.1356, 1, 0, 1, 1),
(40715, 55494, 0.1085, 1, 0, 1, 1),
(40715, 55495, 0.0794, 1, 0, 1, 1),
(40715, 55502, 0.0794, 1, 0, 1, 1),
(40715, 55503, 0.1511, 1, 0, 1, 1),
(40715, 55504, 0.1337, 1, 0, 1, 1),
(40715, 55511, 0.0736, 1, 0, 1, 1),
(40715, 55512, 0.0949, 1, 0, 1, 1),
(40715, 55513, 0.1705, 1, 0, 1, 1),
(40715, 55520, 0.1027, 1, 0, 1, 1),
(40715, 55521, 0.1298, 1, 0, 1, 1),
(40715, 55522, 0.1317, 1, 0, 1, 1),
(40715, 55529, 0.1027, 1, 0, 1, 1),
(40715, 55530, 0.1279, 1, 0, 1, 1),
(40715, 55531, 0.1162, 1, 0, 1, 1),
(40715, 55538, 0.1201, 1, 0, 1, 1),
(40715, 55539, 0.1201, 1, 0, 1, 1),
(40715, 55540, 0.1511, 1, 0, 1, 1),
(40715, 55547, 0.1162, 1, 0, 1, 1),
(40715, 55548, 0.1046, 1, 0, 1, 1),
(40715, 55549, 0.1221, 1, 0, 1, 1),
(40715, 55556, 0.1046, 1, 0, 1, 1),
(40715, 55557, 0.0891, 1, 0, 1, 1),
(40715, 55558, 0.0891, 1, 0, 1, 1),
(40715, 55565, 0.1085, 1, 0, 1, 1),
(40715, 55566, 0.0756, 1, 0, 1, 1),
(40715, 55567, 0.1395, 1, 0, 1, 1),
(40715, 55574, 0.0833, 1, 0, 1, 1),
(40715, 55575, 0.0969, 1, 0, 1, 1),
(40715, 55576, 0.0872, 1, 0, 1, 1),
(40715, 55583, 0.1608, 1, 0, 1, 1),
(40715, 55584, 0.124, 1, 0, 1, 1),
(40715, 55585, 0.155, 1, 0, 1, 1),
(40715, 55592, 0.1337, 1, 0, 1, 1),
(40715, 55593, 0.1356, 1, 0, 1, 1),
(40715, 55594, 0.0794, 1, 0, 1, 1),
(40715, 55601, 0.1027, 1, 0, 1, 1),
(40715, 55602, 0.1143, 1, 0, 1, 1),
(40715, 55603, 0.1066, 1, 0, 1, 1),
(40715, 55610, 0.1124, 1, 0, 1, 1),
(40715, 55611, 0.1298, 1, 0, 1, 1),
(40715, 55612, 0.1298, 1, 0, 1, 1),
(40715, 55619, 0.1608, 1, 0, 1, 1),
(40715, 55620, 0.0718, 1, 0, 1, 1),
(40715, 55621, 0.0852, 1, 0, 1, 1),
(40715, 55628, 0.1569, 1, 0, 1, 1),
(40715, 55629, 0.1317, 1, 0, 1, 1),
(40715, 55630, 0.1376, 1, 0, 1, 1),
(40715, 55637, 0.0775, 1, 0, 1, 1),
(40715, 55638, 0.0988, 1, 0, 1, 1),
(40715, 55639, 0.0911, 1, 0, 1, 1),
(40715, 55646, 0.0814, 1, 0, 1, 1),
(40715, 55647, 0.0969, 1, 0, 1, 1),
(40715, 55648, 0.0491, 1, 0, 1, 1),
(40715, 55655, 0.1027, 1, 0, 1, 1),
(40715, 55656, 0.1414, 1, 0, 1, 1),
(40715, 55657, 0.1182, 1, 0, 1, 1),
(40715, 55664, 0.1124, 1, 0, 1, 1),
(40715, 55665, 0.0794, 1, 0, 1, 1),
(40715, 55666, 0.1356, 1, 0, 1, 1),
(40715, 55673, 0.1453, 1, 0, 1, 1),
(40715, 55674, 0.1492, 1, 0, 1, 1),
(40715, 55675, 0.1782, 1, 0, 1, 1),
(40715, 55682, 0.1279, 1, 0, 1, 1),
(40715, 55683, 0.1066, 1, 0, 1, 1),
(40715, 55684, 0.0949, 1, 0, 1, 1),
(40715, 55691, 0.0659, 1, 0, 1, 1),
(40715, 55692, 0.1201, 1, 0, 1, 1),
(40715, 55693, 0.0911, 1, 0, 1, 1),
(40715, 55700, 0.0756, 1, 0, 1, 1),
(40715, 55701, 0.0949, 1, 0, 1, 1),
(40715, 55702, 0.0872, 1, 0, 1, 1),
(40715, 55709, 0.1647, 1, 0, 1, 1),
(40715, 55710, 0.1356, 1, 0, 1, 1),
(40715, 55711, 0.1472, 1, 0, 1, 1),
(40715, 55718, 0.1957, 1, 0, 1, 1),
(40715, 55719, 0.1627, 1, 0, 1, 1),
(40715, 55720, 0.1317, 1, 0, 1, 1),
(40715, 55727, 0.1376, 1, 0, 1, 1),
(40715, 55728, 0.1492, 1, 0, 1, 1),
(40715, 55729, 0.1918, 1, 0, 1, 1),
(40715, 55736, 0.1259, 1, 0, 1, 1),
(40715, 55737, 0.1569, 1, 0, 1, 1),
(40715, 55738, 0.1782, 1, 0, 1, 1),
(40715, 55745, 0.1821, 1, 0, 1, 1),
(40715, 55746, 0.1763, 1, 0, 1, 1),
(40715, 55747, 0.1221, 1, 0, 1, 1),
(40715, 55754, 0.1627, 1, 0, 1, 1),
(40715, 55755, 0.1647, 1, 0, 1, 1),
(40715, 55756, 0.1058, 1, 0, 1, 1),
(40715, 55763, 0.1124, 1, 0, 1, 1),
(40715, 55764, 0.1492, 1, 0, 1, 1),
(40715, 55765, 0.1317, 1, 0, 1, 1),
(40715, 55772, 0.1395, 1, 0, 1, 1),
(40715, 55773, 0.1821, 1, 0, 1, 1),
(40715, 55774, 0.2092, 1, 0, 1, 1),
(40715, 56109, 1.1276, 1, 0, 1, 1),
(40715, 56110, 1.0811, 1, 0, 1, 1),
(40715, 56111, 1.0753, 1, 0, 1, 1),
(40715, 58256, 3.6, 1, 0, 1, 1),
(40715, 58260, 7.6297, 1, 0, 1, 1),
(40715, 62063, 0.3701, 1, 0, 1, 1),
(40715, 62064, 0.4379, 1, 0, 1, 1),
(40715, 62065, 0.4689, 1, 0, 1, 1),
(40715, 62066, 0.5367, 1, 0, 1, 1),
(40715, 62067, 0.4359, 1, 0, 1, 1),
(40715, 62068, 0.4088, 1, 0, 1, 1),
(40715, 62069, 0.465, 1, 0, 1, 1),
(40715, 62070, 0.4204, 1, 0, 1, 1),
(40715, 62071, 0.3584, 1, 0, 1, 1),
(40715, 62072, 0.3933, 1, 0, 1, 1),
(40715, 62073, 0.2015, 1, 0, 1, 1),
(40715, 62075, 0.2112, 1, 0, 1, 1),
(40715, 62076, 0.1686, 1, 0, 1, 1),
(40715, 62077, 0.1686, 1, 0, 1, 1),
(40715, 62079, 0.1813, 1, 0, 1, 1),
(40715, 62080, 0.1647, 1, 0, 1, 1),
(40715, 62082, 0.2286, 1, 0, 1, 1),
(40715, 62083, 0.2616, 1, 0, 1, 1),
(40715, 62084, 0.1937, 1, 0, 1, 1),
(40715, 62085, 0.1587, 1, 0, 1, 1),
(40715, 62086, 0.2092, 1, 0, 1, 1),
(40715, 62087, 0.2286, 1, 0, 1, 1),
(40715, 62088, 0.1918, 1, 0, 1, 1),
(40715, 62089, 0.1435, 1, 0, 1, 1),
(40715, 62090, 0.2674, 1, 0, 1, 1),
(40715, 62091, 0.1976, 1, 0, 1, 1),
(40715, 62092, 0.1724, 1, 0, 1, 1),
(40715, 62094, 0.1744, 1, 0, 1, 1),
(40715, 62095, 0.1608, 1, 0, 1, 1),
(40715, 62096, 0.1587, 1, 0, 1, 1),
(40715, 62097, 0.1705, 1, 0, 1, 1),
(40715, 62098, 0.1926, 1, 0, 1, 1),
(40715, 62099, 0.1666, 1, 0, 1, 1),
(40715, 62100, 0.1821, 1, 0, 1, 1),
(40715, 62101, 0.2209, 1, 0, 1, 1),
(40715, 62102, 0.1879, 1, 0, 1, 1),
(40715, 62103, 0.1782, 1, 0, 1, 1),
(40715, 62104, 0.2034, 1, 0, 1, 1),
(40715, 62105, 0.1453, 1, 0, 1, 1),
(40715, 62106, 0.1434, 1, 0, 1, 1),
(40715, 62107, 0.1608, 1, 0, 1, 1),
(40715, 62108, 0.1937, 1, 0, 1, 1),
(40715, 62109, 0.1259, 1, 0, 1, 1),
(40715, 62110, 0.1027, 1, 0, 1, 1),
(40715, 62111, 0.2189, 1, 0, 1, 1),
(40715, 62112, 0.1143, 1, 0, 1, 1),
(40715, 62113, 0.1337, 1, 0, 1, 1),
(40715, 62114, 0.1356, 1, 0, 1, 1),
(40715, 62115, 0.1531, 1, 0, 1, 1),
(40715, 62116, 0.217, 1, 0, 1, 1),
(40715, 62117, 0.1337, 1, 0, 1, 1),
(40715, 62118, 0.1802, 1, 0, 1, 1),
(40715, 62119, 0.1724, 1, 0, 1, 1),
(40715, 62120, 0.1317, 1, 0, 1, 1),
(40715, 62121, 0.1046, 1, 0, 1, 1),
(40715, 62122, 0.1356, 1, 0, 1, 1),
(40715, 62123, 0.2015, 1, 0, 1, 1),
(40715, 62124, 0.1182, 1, 0, 1, 1),
(40715, 62125, 0.124, 1, 0, 1, 1),
(40715, 62126, 0.1259, 1, 0, 1, 1),
(40715, 62127, 0.1395, 1, 0, 1, 1),
(40715, 62128, 0.1511, 1, 0, 1, 1),
(40715, 62129, 0.1666, 1, 0, 1, 1),
(40715, 62130, 0.124, 1, 0, 1, 1),
(40715, 62131, 0.1627, 1, 0, 1, 1),
(40715, 62132, 0.1066, 1, 0, 1, 1),
(40715, 62133, 0.1647, 1, 0, 1, 1),
(40715, 62134, 0.1356, 1, 0, 1, 1),
(40715, 62135, 0.1298, 1, 0, 1, 1),
(40715, 62136, 0.1569, 1, 0, 1, 1),
(40715, 66931, 0.0213, 1, 0, 1, 1),
(40715, 66940, 0.0058, 1, 0, 1, 1),
(40715, 66941, 0.0058, 1, 0, 1, 1),
(40715, 66942, 0.0116, 1, 0, 1, 1),
(40715, 66968, 0.0136, 1, 0, 1, 1),
(40715, 66969, 0.0155, 1, 0, 1, 1),
(40715, 66970, 0.0077, 1, 0, 1, 1),
(40715, 66971, 0.0116, 1, 0, 1, 1),
(40715, 66972, 0.0155, 1, 0, 1, 1),
(40715, 66973, 0.0097, 1, 0, 1, 1),
(40715, 66974, 0.0038, 1, 0, 1, 1),
(40715, 66975, 0.0077, 1, 0, 1, 1),
(40715, 66976, 0.0038, 1, 0, 1, 1),
(40715, 66989, 0.0058, 1, 0, 1, 1),
(40715, 66990, 0.0058, 1, 0, 1, 1),
(40715, 66991, 0.0097, 1, 0, 1, 1),
(40715, 66992, 0.0077, 1, 0, 1, 1),
(40715, 66993, 0.0155, 1, 0, 1, 1),
(40715, 66994, 0.0038, 1, 0, 1, 1),
(40715, 67057, 0.0038, 1, 0, 1, 1),
(40715, 67059, 0.0116, 1, 0, 1, 1),
(40715, 67061, 0.0194, 1, 0, 1, 1),
(40715, 67067, 0.0155, 1, 0, 1, 1),
(40715, 67069, 0.0097, 1, 0, 1, 1),
(40715, 67071, 0.0058, 1, 0, 1, 1),
(40715, 67119, 0.0058, 1, 0, 1, 1),
(40715, 67121, 0.0038, 1, 0, 1, 1),
(40715, 67122, 0.0058, 1, 0, 1, 1),
(40715, 67123, 0.0038, 1, 0, 1, 1),
(40715, 67124, 0.0077, 1, 0, 1, 1),
(40715, 67126, 0.0155, 1, 0, 1, 1),
(40715, 67129, 0.0039, 1, 0, 1, 1),
(40715, 67130, 0.0019, 1, 0, 1, 1),
(40715, 67132, 0.0058, 1, 0, 1, 1),
(40715, 67133, 0.0039, 1, 0, 1, 1),
(40715, 67134, 0.0039, 1, 0, 1, 1),
(40715, 67136, 0.0077, 1, 0, 1, 1),
(40715, 67137, 0.0019, 1, 0, 1, 1),
(40715, 67140, 0.0019, 1, 0, 1, 1),
(40715, 67142, 0.0039, 1, 0, 1, 1),
(40715, 67143, 0.0039, 1, 0, 1, 1),
(40715, 67146, 0.0039, 1, 0, 1, 1),
(40715, 67147, 0.0019, 1, 0, 1, 1),
(40715, 67149, 0.0039, 1, 0, 1, 1),
(40715, 67150, 0.0039, 1, 0, 1, 1),
(40715, 68197, 5.1, 1, 0, 1, 2),
(40715, 68198, 15.6197, 1, 0, 1, 1),
(40715, 68729, 0.3027, 1, 0, 1, 1),
(40715, 68783, 0.0024, 1, 0, 1, 1);

REPLACE INTO `creature_template` (`entry`, `difficulty_entry_1`, `difficulty_entry_2`, `difficulty_entry_3`, `KillCredit1`, `KillCredit2`, `modelid1`, `modelid2`, `modelid3`, `modelid4`, `name`, `subname`, `IconName`, `gossip_menu_id`, `minlevel`, `maxlevel`, `exp`, `faction_A`, `faction_H`, `npcflag`, `speed_walk`, `speed_run`, `scale`, `rank`, `mindmg`, `maxdmg`, `dmgschool`, `attackpower`, `dmg_multiplier`, `baseattacktime`, `rangeattacktime`, `unit_class`, `unit_flags`, `unit_flags2`, `dynamicflags`, `family`, `trainer_type`, `trainer_spell`, `trainer_class`, `trainer_race`, `minrangedmg`, `maxrangedmg`, `rangedattackpower`, `type`, `type_flags`, `lootid`, `pickpocketloot`, `skinloot`, `resistance1`, `resistance2`, `resistance3`, `resistance4`, `resistance5`, `resistance6`, `spell1`, `spell2`, `spell3`, `spell4`, `spell5`, `spell6`, `spell7`, `spell8`, `PetSpellDataId`, `VehicleId`, `mingold`, `maxgold`, `AIName`, `MovementType`, `InhabitType`, `HoverHeight`, `Health_mod`, `Mana_mod`, `Armor_mod`, `RacialLeader`, `questItem1`, `questItem2`, `questItem3`, `questItem4`, `questItem5`, `questItem6`, `movementId`, `RegenHealth`, `mechanic_immune_mask`, `flags_extra`, `ScriptName`, `WDBVerified`) VALUES (49300, 0, 0, 0, 0, 0, 37304, 0, 0, 0, 'Lifewarden Nymph (1)', '', '', 0, 85, 85, 3, 16, 16, 0, 1, 0.992063, 1, 1, 465, 697, 0, 174, 37.7, 2000, 2000, 2, 64, 33556480, 0, 0, 0, 0, 0, 0, 372, 558, 139, 7, 8, 40715, 0, 0, 0, 0, 0, 0, 0, 0, 89865, 75961, 75958, 75940, 0, 0, 0, 0, 0, 0, 12290, 12290, '', 0, 3, 1, 15, 7, 1, 0, 0, 0, 0, 0, 0, 0, 0, 1, 0, 0, '', 15595);

REPLACE INTO `creature_template` (`entry`, `difficulty_entry_1`, `difficulty_entry_2`, `difficulty_entry_3`, `KillCredit1`, `KillCredit2`, `modelid1`, `modelid2`, `modelid3`, `modelid4`, `name`, `subname`, `IconName`, `gossip_menu_id`, `minlevel`, `maxlevel`, `exp`, `faction_A`, `faction_H`, `npcflag`, `speed_walk`, `speed_run`, `scale`, `rank`, `mindmg`, `maxdmg`, `dmgschool`, `attackpower`, `dmg_multiplier`, `baseattacktime`, `rangeattacktime`, `unit_class`, `unit_flags`, `unit_flags2`, `dynamicflags`, `family`, `trainer_type`, `trainer_spell`, `trainer_class`, `trainer_race`, `minrangedmg`, `maxrangedmg`, `rangedattackpower`, `type`, `type_flags`, `lootid`, `pickpocketloot`, `skinloot`, `resistance1`, `resistance2`, `resistance3`, `resistance4`, `resistance5`, `resistance6`, `spell1`, `spell2`, `spell3`, `spell4`, `spell5`, `spell6`, `spell7`, `spell8`, `PetSpellDataId`, `VehicleId`, `mingold`, `maxgold`, `AIName`, `MovementType`, `InhabitType`, `HoverHeight`, `Health_mod`, `Mana_mod`, `Armor_mod`, `RacialLeader`, `questItem1`, `questItem2`, `questItem3`, `questItem4`, `questItem5`, `questItem6`, `movementId`, `RegenHealth`, `mechanic_immune_mask`, `flags_extra`, `ScriptName`, `WDBVerified`) VALUES (40668, 49299, 49299, 0, 0, 0, 30165, 0, 0, 0, 'Living Vine', '', '', 0, 85, 85, 3, 16, 16, 0, 1, 1, 1, 1, 500, 750, 0, 187, 35, 2000, 2000, 1, 64, 33589280, 0, 0, 0, 0, 0, 0, 400, 600, 150, 10, 72, 40668, 0, 0, 0, 0, 0, 0, 0, 0, 89864, 75153, 0, 0, 0, 0, 0, 0, 0, 771, 10800, 10800, '', 0, 3, 1, 4, 7, 1, 0, 0, 0, 0, 0, 0, 0, 401, 1, 0, 0, 'generic_creature', 15595);

DELETE FROM `creature_loot_template` WHERE (`entry`=40668);
INSERT INTO `creature_loot_template` VALUES 
(40668, 52329, 25.641, 1, 0, 1, 1),
(40668, 55359, 5.1282, 1, 0, 1, 1),
(40668, 55421, 2.5641, 1, 0, 1, 1),
(40668, 55439, 5.1282, 1, 0, 1, 1),
(40668, 55503, 7.6923, 1, 0, 1, 1),
(40668, 55628, 2.5641, 1, 0, 1, 1),
(40668, 55647, 2.5641, 1, 0, 1, 1),
(40668, 55675, 2.5641, 1, 0, 1, 1),
(40668, 55691, 2.5641, 1, 0, 1, 1),
(40668, 55701, 2.5641, 1, 0, 1, 1),
(40668, 55729, 2.5641, 1, 0, 1, 1),
(40668, 55764, 2.5641, 1, 0, 1, 1),
(40668, 56110, 10.2564, 1, 0, 1, 1),
(40668, 56111, 5.1282, 1, 0, 1, 1),
(40668, 62072, 5.1282, 1, 0, 1, 1),
(40668, 62077, 5.1282, 1, 0, 1, 1),
(40668, 62103, 7.6923, 1, 0, 1, 1),
(40668, 62104, 2.5641, 1, 0, 1, 1),
(40668, 62121, 2.5641, 1, 0, 1, 1),
(40668, 68729, 2.5641, 1, 0, 1, 1);

REPLACE INTO `creature_template` (`entry`, `difficulty_entry_1`, `difficulty_entry_2`, `difficulty_entry_3`, `KillCredit1`, `KillCredit2`, `modelid1`, `modelid2`, `modelid3`, `modelid4`, `name`, `subname`, `IconName`, `gossip_menu_id`, `minlevel`, `maxlevel`, `exp`, `faction_A`, `faction_H`, `npcflag`, `speed_walk`, `speed_run`, `scale`, `rank`, `mindmg`, `maxdmg`, `dmgschool`, `attackpower`, `dmg_multiplier`, `baseattacktime`, `rangeattacktime`, `unit_class`, `unit_flags`, `unit_flags2`, `dynamicflags`, `family`, `trainer_type`, `trainer_spell`, `trainer_class`, `trainer_race`, `minrangedmg`, `maxrangedmg`, `rangedattackpower`, `type`, `type_flags`, `lootid`, `pickpocketloot`, `skinloot`, `resistance1`, `resistance2`, `resistance3`, `resistance4`, `resistance5`, `resistance6`, `spell1`, `spell2`, `spell3`, `spell4`, `spell5`, `spell6`, `spell7`, `spell8`, `PetSpellDataId`, `VehicleId`, `mingold`, `maxgold`, `AIName`, `MovementType`, `InhabitType`, `HoverHeight`, `Health_mod`, `Mana_mod`, `Armor_mod`, `RacialLeader`, `questItem1`, `questItem2`, `questItem3`, `questItem4`, `questItem5`, `questItem6`, `movementId`, `RegenHealth`, `mechanic_immune_mask`, `flags_extra`, `ScriptName`, `WDBVerified`) VALUES (49299, 0, 0, 0, 0, 0, 30165, 0, 0, 0, 'Living Vine (1)', '', '', 0, 85, 85, 3, 16, 16, 0, 1, 1, 1, 1, 500, 750, 0, 187, 35, 2000, 2000, 1, 64, 33589280, 0, 0, 0, 0, 0, 0, 400, 600, 150, 10, 72, 40668, 0, 0, 0, 0, 0, 0, 0, 0, 89864, 75153, 0, 0, 0, 0, 0, 0, 0, 771, 10800, 10800, '', 0, 3, 1, 5, 7, 1, 0, 0, 0, 0, 0, 0, 0, 401, 1, 0, 0, '', 15595);

REPLACE INTO `creature_template` (`entry`, `difficulty_entry_1`, `difficulty_entry_2`, `difficulty_entry_3`, `KillCredit1`, `KillCredit2`, `modelid1`, `modelid2`, `modelid3`, `modelid4`, `name`, `subname`, `IconName`, `gossip_menu_id`, `minlevel`, `maxlevel`, `exp`, `faction_A`, `faction_H`, `npcflag`, `speed_walk`, `speed_run`, `scale`, `rank`, `mindmg`, `maxdmg`, `dmgschool`, `attackpower`, `dmg_multiplier`, `baseattacktime`, `rangeattacktime`, `unit_class`, `unit_flags`, `unit_flags2`, `dynamicflags`, `family`, `trainer_type`, `trainer_spell`, `trainer_class`, `trainer_race`, `minrangedmg`, `maxrangedmg`, `rangedattackpower`, `type`, `type_flags`, `lootid`, `pickpocketloot`, `skinloot`, `resistance1`, `resistance2`, `resistance3`, `resistance4`, `resistance5`, `resistance6`, `spell1`, `spell2`, `spell3`, `spell4`, `spell5`, `spell6`, `spell7`, `spell8`, `PetSpellDataId`, `VehicleId`, `mingold`, `maxgold`, `AIName`, `MovementType`, `InhabitType`, `HoverHeight`, `Health_mod`, `Mana_mod`, `Armor_mod`, `RacialLeader`, `questItem1`, `questItem2`, `questItem3`, `questItem4`, `questItem5`, `questItem6`, `movementId`, `RegenHealth`, `mechanic_immune_mask`, `flags_extra`, `ScriptName`, `WDBVerified`) VALUES (39731, 48715, 48715, 0, 0, 0, 32943, 0, 0, 0, 'Ammunae', 'Construct of Life', '', 0, 87, 87, 3, 16, 16, 0, 2, 1.42857, 1, 1, 442, 662, 0, 166, 114.4, 2000, 2000, 4, 0, 2048, 12, 0, 0, 0, 0, 0, 354, 530, 133, 7, 104, 39731, 0, 0, 0, 0, 0, 0, 0, 0, 89888, 75790, 76043, 0, 0, 0, 0, 0, 0, 758, 19997, 19997, '', 0, 3, 1, 20, 1, 1, 0, 0, 0, 0, 0, 0, 0, 151, 1, 617299967, 0, 'boss_ammunae', 15595);

DELETE FROM `creature_loot_template` WHERE (`entry`=39731);
INSERT INTO `creature_loot_template` VALUES 
(39731, 55997, 0, 1, 1, 1, 1),
(39731, 55998, 0, 1, 1, 1, 1),
(39731, 55999, 0, 1, 1, 1, 1),
(39731, 56000, 0, 1, 1, 1, 1),
(39731, 56001, 0, 1, 1, 1, 1);

REPLACE INTO `creature_template` (`entry`, `difficulty_entry_1`, `difficulty_entry_2`, `difficulty_entry_3`, `KillCredit1`, `KillCredit2`, `modelid1`, `modelid2`, `modelid3`, `modelid4`, `name`, `subname`, `IconName`, `gossip_menu_id`, `minlevel`, `maxlevel`, `exp`, `faction_A`, `faction_H`, `npcflag`, `speed_walk`, `speed_run`, `scale`, `rank`, `mindmg`, `maxdmg`, `dmgschool`, `attackpower`, `dmg_multiplier`, `baseattacktime`, `rangeattacktime`, `unit_class`, `unit_flags`, `unit_flags2`, `dynamicflags`, `family`, `trainer_type`, `trainer_spell`, `trainer_class`, `trainer_race`, `minrangedmg`, `maxrangedmg`, `rangedattackpower`, `type`, `type_flags`, `lootid`, `pickpocketloot`, `skinloot`, `resistance1`, `resistance2`, `resistance3`, `resistance4`, `resistance5`, `resistance6`, `spell1`, `spell2`, `spell3`, `spell4`, `spell5`, `spell6`, `spell7`, `spell8`, `PetSpellDataId`, `VehicleId`, `mingold`, `maxgold`, `AIName`, `MovementType`, `InhabitType`, `HoverHeight`, `Health_mod`, `Mana_mod`, `Armor_mod`, `RacialLeader`, `questItem1`, `questItem2`, `questItem3`, `questItem4`, `questItem5`, `questItem6`, `movementId`, `RegenHealth`, `mechanic_immune_mask`, `flags_extra`, `ScriptName`, `WDBVerified`) VALUES (48715, 0, 0, 0, 0, 0, 32943, 0, 0, 0, 'Ammunae (1)', 'Construct of Life', '', 0, 87, 87, 3, 16, 16, 0, 2, 1.42857, 1, 1, 442, 662, 0, 166, 125, 2000, 2000, 4, 0, 2048, 12, 0, 0, 0, 0, 0, 354, 530, 133, 7, 104, 48715, 0, 0, 0, 0, 0, 0, 0, 0, 89888, 75790, 76043, 0, 0, 0, 0, 0, 0, 758, 19997, 19997, '', 0, 3, 1, 35, 1, 1, 0, 0, 0, 0, 0, 0, 0, 151, 1, 617299967, 1, '', 15595);

DELETE FROM `creature_loot_template` WHERE (`entry`=48715);
INSERT INTO `creature_loot_template` VALUES 
(48715, 56417, 0, 1, 1, 1, 1),
(48715, 56418, 0, 1, 1, 1, 1),
(48715, 56419, 0, 1, 1, 1, 1),
(48715, 56420, 0, 1, 1, 1, 1),
(48715, 56421, 0, 1, 1, 1, 1);

REPLACE INTO `creature_template` (`entry`, `difficulty_entry_1`, `difficulty_entry_2`, `difficulty_entry_3`, `KillCredit1`, `KillCredit2`, `modelid1`, `modelid2`, `modelid3`, `modelid4`, `name`, `subname`, `IconName`, `gossip_menu_id`, `minlevel`, `maxlevel`, `exp`, `faction_A`, `faction_H`, `npcflag`, `speed_walk`, `speed_run`, `scale`, `rank`, `mindmg`, `maxdmg`, `dmgschool`, `attackpower`, `dmg_multiplier`, `baseattacktime`, `rangeattacktime`, `unit_class`, `unit_flags`, `unit_flags2`, `dynamicflags`, `family`, `trainer_type`, `trainer_spell`, `trainer_class`, `trainer_race`, `minrangedmg`, `maxrangedmg`, `rangedattackpower`, `type`, `type_flags`, `lootid`, `pickpocketloot`, `skinloot`, `resistance1`, `resistance2`, `resistance3`, `resistance4`, `resistance5`, `resistance6`, `spell1`, `spell2`, `spell3`, `spell4`, `spell5`, `spell6`, `spell7`, `spell8`, `PetSpellDataId`, `VehicleId`, `mingold`, `maxgold`, `AIName`, `MovementType`, `InhabitType`, `HoverHeight`, `Health_mod`, `Mana_mod`, `Armor_mod`, `RacialLeader`, `questItem1`, `questItem2`, `questItem3`, `questItem4`, `questItem5`, `questItem6`, `movementId`, `RegenHealth`, `mechanic_immune_mask`, `flags_extra`, `ScriptName`, `WDBVerified`) VALUES (39732, 48776, 48776, 0, 0, 0, 33055, 0, 0, 0, 'Setesh', 'Construct of Destruction', '', 0, 87, 87, 3, 16, 16, 0, 2.8, 1.42857, 1, 1, 495, 742, 0, 186, 102.1, 2000, 2000, 2, 0, 2048, 12, 0, 0, 0, 0, 0, 396, 594, 149, 7, 104, 39732, 0, 0, 0, 0, 0, 0, 0, 0, 89873, 77069, 0, 0, 0, 0, 0, 0, 0, 0, 20000, 20000, '', 0, 3, 1, 20, 7, 1, 0, 0, 0, 0, 0, 0, 0, 154, 1, 617299967, 0, 'boss_setesh', 15595);

DELETE FROM `creature_loot_template` WHERE (`entry`=39732);
INSERT INTO `creature_loot_template` VALUES 
(39732, 57861, 0, 1, 1, 1, 1),
(39732, 57862, 0, 1, 1, 1, 1),
(39732, 57863, 0, 1, 1, 1, 1),
(39732, 57864, 0, 1, 1, 1, 1),
(39732, 57865, 0, 1, 1, 1, 1),
(39732, 71635, 0.522, 1, 0, 1, 1);

REPLACE INTO `creature_template` (`entry`, `difficulty_entry_1`, `difficulty_entry_2`, `difficulty_entry_3`, `KillCredit1`, `KillCredit2`, `modelid1`, `modelid2`, `modelid3`, `modelid4`, `name`, `subname`, `IconName`, `gossip_menu_id`, `minlevel`, `maxlevel`, `exp`, `faction_A`, `faction_H`, `npcflag`, `speed_walk`, `speed_run`, `scale`, `rank`, `mindmg`, `maxdmg`, `dmgschool`, `attackpower`, `dmg_multiplier`, `baseattacktime`, `rangeattacktime`, `unit_class`, `unit_flags`, `unit_flags2`, `dynamicflags`, `family`, `trainer_type`, `trainer_spell`, `trainer_class`, `trainer_race`, `minrangedmg`, `maxrangedmg`, `rangedattackpower`, `type`, `type_flags`, `lootid`, `pickpocketloot`, `skinloot`, `resistance1`, `resistance2`, `resistance3`, `resistance4`, `resistance5`, `resistance6`, `spell1`, `spell2`, `spell3`, `spell4`, `spell5`, `spell6`, `spell7`, `spell8`, `PetSpellDataId`, `VehicleId`, `mingold`, `maxgold`, `AIName`, `MovementType`, `InhabitType`, `HoverHeight`, `Health_mod`, `Mana_mod`, `Armor_mod`, `RacialLeader`, `questItem1`, `questItem2`, `questItem3`, `questItem4`, `questItem5`, `questItem6`, `movementId`, `RegenHealth`, `mechanic_immune_mask`, `flags_extra`, `ScriptName`, `WDBVerified`) VALUES (48776, 0, 0, 0, 0, 0, 33055, 0, 0, 0, 'Setesh (1)', 'Construct of Destruction', '', 0, 87, 87, 3, 16, 16, 0, 2.8, 1.42857, 1, 1, 495, 742, 0, 186, 125, 2000, 2000, 2, 0, 2048, 12, 0, 0, 0, 0, 0, 396, 594, 149, 7, 104, 48776, 0, 0, 0, 0, 0, 0, 0, 0, 89873, 77069, 0, 0, 0, 0, 0, 0, 0, 0, 20000, 20000, '', 0, 3, 1, 45, 7, 1, 0, 0, 0, 0, 0, 0, 0, 154, 1, 617299967, 1, '', 15595);

DELETE FROM `creature_loot_template` WHERE (`entry`=48776);
INSERT INTO `creature_loot_template` VALUES 
(48776, 57871, 0, 1, 1, 1, 1),
(48776, 57872, 0, 1, 1, 1, 1),
(48776, 57873, 0, 1, 1, 1, 1),
(48776, 57874, 0, 1, 1, 1, 1),
(48776, 57875, 0, 1, 1, 1, 1);

REPLACE INTO `creature_template` (`entry`, `difficulty_entry_1`, `difficulty_entry_2`, `difficulty_entry_3`, `KillCredit1`, `KillCredit2`, `modelid1`, `modelid2`, `modelid3`, `modelid4`, `name`, `subname`, `IconName`, `gossip_menu_id`, `minlevel`, `maxlevel`, `exp`, `faction_A`, `faction_H`, `npcflag`, `speed_walk`, `speed_run`, `scale`, `rank`, `mindmg`, `maxdmg`, `dmgschool`, `attackpower`, `dmg_multiplier`, `baseattacktime`, `rangeattacktime`, `unit_class`, `unit_flags`, `unit_flags2`, `dynamicflags`, `family`, `trainer_type`, `trainer_spell`, `trainer_class`, `trainer_race`, `minrangedmg`, `maxrangedmg`, `rangedattackpower`, `type`, `type_flags`, `lootid`, `pickpocketloot`, `skinloot`, `resistance1`, `resistance2`, `resistance3`, `resistance4`, `resistance5`, `resistance6`, `spell1`, `spell2`, `spell3`, `spell4`, `spell5`, `spell6`, `spell7`, `spell8`, `PetSpellDataId`, `VehicleId`, `mingold`, `maxgold`, `AIName`, `MovementType`, `InhabitType`, `HoverHeight`, `Health_mod`, `Mana_mod`, `Armor_mod`, `RacialLeader`, `questItem1`, `questItem2`, `questItem3`, `questItem4`, `questItem5`, `questItem6`, `movementId`, `RegenHealth`, `mechanic_immune_mask`, `flags_extra`, `ScriptName`, `WDBVerified`) VALUES (41364, 49303, 49303, 0, 0, 0, 33850, 0, 0, 0, 'Void Lord', '', '', 0, 85, 85, 3, 16, 16, 0, 1, 0.992063, 1, 1, 500, 750, 0, 187, 35, 2000, 2000, 1, 0, 2048, 0, 0, 0, 0, 0, 0, 400, 600, 150, 4, 8, 0, 0, 0, 0, 0, 0, 0, 0, 0, 76146, 89846, 77475, 89847, 0, 0, 0, 0, 0, 0, 0, 0, '', 0, 3, 1, 8, 7, 1, 0, 52506, 0, 0, 0, 0, 0, 0, 1, 0, 0, 'generic_creature', 15595);

REPLACE INTO `creature_template` (`entry`, `difficulty_entry_1`, `difficulty_entry_2`, `difficulty_entry_3`, `KillCredit1`, `KillCredit2`, `modelid1`, `modelid2`, `modelid3`, `modelid4`, `name`, `subname`, `IconName`, `gossip_menu_id`, `minlevel`, `maxlevel`, `exp`, `faction_A`, `faction_H`, `npcflag`, `speed_walk`, `speed_run`, `scale`, `rank`, `mindmg`, `maxdmg`, `dmgschool`, `attackpower`, `dmg_multiplier`, `baseattacktime`, `rangeattacktime`, `unit_class`, `unit_flags`, `unit_flags2`, `dynamicflags`, `family`, `trainer_type`, `trainer_spell`, `trainer_class`, `trainer_race`, `minrangedmg`, `maxrangedmg`, `rangedattackpower`, `type`, `type_flags`, `lootid`, `pickpocketloot`, `skinloot`, `resistance1`, `resistance2`, `resistance3`, `resistance4`, `resistance5`, `resistance6`, `spell1`, `spell2`, `spell3`, `spell4`, `spell5`, `spell6`, `spell7`, `spell8`, `PetSpellDataId`, `VehicleId`, `mingold`, `maxgold`, `AIName`, `MovementType`, `InhabitType`, `HoverHeight`, `Health_mod`, `Mana_mod`, `Armor_mod`, `RacialLeader`, `questItem1`, `questItem2`, `questItem3`, `questItem4`, `questItem5`, `questItem6`, `movementId`, `RegenHealth`, `mechanic_immune_mask`, `flags_extra`, `ScriptName`, `WDBVerified`) VALUES (49303, 0, 0, 0, 0, 0, 33850, 0, 0, 0, 'Void Lord (1)', '', '', 0, 85, 85, 3, 16, 16, 0, 1, 0.992063, 1, 1, 500, 750, 0, 187, 35, 2000, 2000, 1, 0, 2048, 0, 0, 0, 0, 0, 0, 400, 600, 150, 4, 8, 0, 0, 0, 0, 0, 0, 0, 0, 0, 76146, 89846, 77475, 89847, 0, 0, 0, 0, 0, 0, 0, 0, '', 0, 3, 1, 15, 7, 1, 0, 52506, 0, 0, 0, 0, 0, 0, 1, 0, 0, '', 15595);

REPLACE INTO `creature_template` (`entry`, `difficulty_entry_1`, `difficulty_entry_2`, `difficulty_entry_3`, `KillCredit1`, `KillCredit2`, `modelid1`, `modelid2`, `modelid3`, `modelid4`, `name`, `subname`, `IconName`, `gossip_menu_id`, `minlevel`, `maxlevel`, `exp`, `faction_A`, `faction_H`, `npcflag`, `speed_walk`, `speed_run`, `scale`, `rank`, `mindmg`, `maxdmg`, `dmgschool`, `attackpower`, `dmg_multiplier`, `baseattacktime`, `rangeattacktime`, `unit_class`, `unit_flags`, `unit_flags2`, `dynamicflags`, `family`, `trainer_type`, `trainer_spell`, `trainer_class`, `trainer_race`, `minrangedmg`, `maxrangedmg`, `rangedattackpower`, `type`, `type_flags`, `lootid`, `pickpocketloot`, `skinloot`, `resistance1`, `resistance2`, `resistance3`, `resistance4`, `resistance5`, `resistance6`, `spell1`, `spell2`, `spell3`, `spell4`, `spell5`, `spell6`, `spell7`, `spell8`, `PetSpellDataId`, `VehicleId`, `mingold`, `maxgold`, `AIName`, `MovementType`, `InhabitType`, `HoverHeight`, `Health_mod`, `Mana_mod`, `Armor_mod`, `RacialLeader`, `questItem1`, `questItem2`, `questItem3`, `questItem4`, `questItem5`, `questItem6`, `movementId`, `RegenHealth`, `mechanic_immune_mask`, `flags_extra`, `ScriptName`, `WDBVerified`) VALUES (41212, 48890, 48890, 0, 0, 0, 19285, 0, 0, 0, 'Void Wurm', '', '', 0, 85, 85, 3, 16, 16, 0, 1, 1.14286, 0.1, 0, 550, 950, 0, 36, 7, 2000, 2000, 1, 64, 2048, 0, 0, 0, 0, 0, 0, 400, 600, 150, 1, 0, 0, 0, 0, 0, 0, 0, 0, 0, 0, 0, 0, 0, 0, 0, 0, 0, 0, 0, 0, 0, 0, '', 0, 3, 1, 0.2, 7, 1, 0, 0, 0, 0, 0, 0, 0, 0, 1, 0, 0, '', 15595);

REPLACE INTO `creature_template` (`entry`, `difficulty_entry_1`, `difficulty_entry_2`, `difficulty_entry_3`, `KillCredit1`, `KillCredit2`, `modelid1`, `modelid2`, `modelid3`, `modelid4`, `name`, `subname`, `IconName`, `gossip_menu_id`, `minlevel`, `maxlevel`, `exp`, `faction_A`, `faction_H`, `npcflag`, `speed_walk`, `speed_run`, `scale`, `rank`, `mindmg`, `maxdmg`, `dmgschool`, `attackpower`, `dmg_multiplier`, `baseattacktime`, `rangeattacktime`, `unit_class`, `unit_flags`, `unit_flags2`, `dynamicflags`, `family`, `trainer_type`, `trainer_spell`, `trainer_class`, `trainer_race`, `minrangedmg`, `maxrangedmg`, `rangedattackpower`, `type`, `type_flags`, `lootid`, `pickpocketloot`, `skinloot`, `resistance1`, `resistance2`, `resistance3`, `resistance4`, `resistance5`, `resistance6`, `spell1`, `spell2`, `spell3`, `spell4`, `spell5`, `spell6`, `spell7`, `spell8`, `PetSpellDataId`, `VehicleId`, `mingold`, `maxgold`, `AIName`, `MovementType`, `InhabitType`, `HoverHeight`, `Health_mod`, `Mana_mod`, `Armor_mod`, `RacialLeader`, `questItem1`, `questItem2`, `questItem3`, `questItem4`, `questItem5`, `questItem6`, `movementId`, `RegenHealth`, `mechanic_immune_mask`, `flags_extra`, `ScriptName`, `WDBVerified`) VALUES (48890, 0, 0, 0, 0, 0, 19285, 0, 0, 0, 'Void Wurm (1)', '', '', 0, 85, 85, 3, 16, 16, 0, 1, 1.14286, 0.1, 0, 550, 950, 0, 36, 7, 2000, 2000, 1, 64, 2048, 0, 0, 0, 0, 0, 0, 400, 600, 150, 1, 0, 0, 0, 0, 0, 0, 0, 0, 0, 0, 0, 0, 0, 0, 0, 0, 0, 0, 0, 0, 0, 0, '', 0, 3, 1, 0.5, 7, 1, 0, 0, 0, 0, 0, 0, 0, 0, 1, 0, 0, '', 15595);

REPLACE INTO `creature_template` (`entry`, `difficulty_entry_1`, `difficulty_entry_2`, `difficulty_entry_3`, `KillCredit1`, `KillCredit2`, `modelid1`, `modelid2`, `modelid3`, `modelid4`, `name`, `subname`, `IconName`, `gossip_menu_id`, `minlevel`, `maxlevel`, `exp`, `faction_A`, `faction_H`, `npcflag`, `speed_walk`, `speed_run`, `scale`, `rank`, `mindmg`, `maxdmg`, `dmgschool`, `attackpower`, `dmg_multiplier`, `baseattacktime`, `rangeattacktime`, `unit_class`, `unit_flags`, `unit_flags2`, `dynamicflags`, `family`, `trainer_type`, `trainer_spell`, `trainer_class`, `trainer_race`, `minrangedmg`, `maxrangedmg`, `rangedattackpower`, `type`, `type_flags`, `lootid`, `pickpocketloot`, `skinloot`, `resistance1`, `resistance2`, `resistance3`, `resistance4`, `resistance5`, `resistance6`, `spell1`, `spell2`, `spell3`, `spell4`, `spell5`, `spell6`, `spell7`, `spell8`, `PetSpellDataId`, `VehicleId`, `mingold`, `maxgold`, `AIName`, `MovementType`, `InhabitType`, `HoverHeight`, `Health_mod`, `Mana_mod`, `Armor_mod`, `RacialLeader`, `questItem1`, `questItem2`, `questItem3`, `questItem4`, `questItem5`, `questItem6`, `movementId`, `RegenHealth`, `mechanic_immune_mask`, `flags_extra`, `ScriptName`, `WDBVerified`) VALUES (49941, 0, 0, 0, 0, 0, 26353, 0, 0, 0, 'Brann Bronzebeard', '', '', 12547, 85, 85, 3, 35, 35, 3, 1, 1.14286, 1, 1, 500, 750, 0, 187, 35, 2000, 2000, 1, 32768, 34816, 0, 0, 0, 0, 0, 0, 400, 600, 150, 7, 4096, 0, 0, 0, 0, 0, 0, 0, 0, 0, 0, 0, 0, 0, 0, 0, 0, 0, 0, 0, 0, 0, '', 0, 3, 1, 1, 1, 1, 0, 0, 0, 0, 0, 0, 0, 0, 1, 0, 0, '', 15595);
